{"type":"FeatureCollection","features":[{"type":"Feature","geometry":{"type":"Polygon","coordinates":[[[-7.7916546,42.2646306],[-7.7927477,42.2509268],[-7.8103622,42.231758],[-7.8182495,42.2276358],[-7.8258028,42.2166126],[-7.837384,42.2135699],[-7.8425052,42.2163033],[-7.8493024,42.2331938],[-7.8562361,42.2345473],[-7.8596341,42.23163],[-7.8630655,42.2324566],[-7.8631216,42.2220117],[-7.8711249,42.2159147],[-7.8668411,42.2114437],[-7.8720527,42.2057747],[-7.8738055,42.1976524],[-7.8647776,42.1951914],[-7.864252,42.1911893],[-7.8606217,42.1932612],[-7.855637,42.1907809],[-7.8561622,42.1818453],[-7.8496156,42.1720005],[-7.8571115,42.1531836],[-7.8512768,42.1515674],[-7.821194,42.1542158],[-7.8134487,42.152444],[-7.8139193,42.1431868],[-7.8091147,42.1380587],[-7.8043347,42.1410685],[-7.7967476,42.1360837],[-7.7876242,42.1237078],[-7.7783374,42.1217999],[-7.7696756,42.1251412],[-7.7663555,42.1360025],[-7.7711844,42.1439138],[-7.7703244,42.1588499],[-7.7661256,42.1683433],[-7.7545749,42.1727941],[-7.7441728,42.2055661],[-7.749657,42.2061398],[-7.7589636,42.2116954],[-7.7598168,42.2167559],[-7.769121,42.2208083],[-7.7679099,42.2236937],[-7.773705,42.2378755],[-7.7708819,42.2386775],[-7.7772048,42.2487496],[-7.778818,42.2569383],[-7.7916546,42.2646306]]]},"properties":{"codmun":"32001","concello":"Allariz","iv_medio":52,"n_nucleos":16,"n_afectados":0,"poblacion":5384}},{"type":"Feature","geometry":{"type":"Polygon","coordinates":[[[-7.9429473,42.4295053],[-7.9517279,42.4294315],[-7.954061,42.4266565],[-7.9658568,42.423534],[-7.9732346,42.4229432],[-7.9768893,42.4267365],[-7.9820405,42.4251887],[-7.9752541,42.4177596],[-7.9806783,42.4124638],[-7.981247,42.4058488],[-7.9850819,42.4022785],[-7.984387,42.3982665],[-7.9933071,42.3883881],[-7.9923558,42.386503],[-7.9772702,42.3881584],[-7.9794195,42.3804949],[-7.9860313,42.3773528],[-7.9933392,42.3664734],[-7.9915312,42.3580714],[-7.9860094,42.3559445],[-7.9721991,42.3585985],[-7.9597814,42.3541411],[-7.9583025,42.3577074],[-7.9614956,42.3704883],[-7.9585095,42.3757315],[-7.9525275,42.3780975],[-7.9435462,42.3741376],[-7.940536,42.3807949],[-7.9336315,42.3875122],[-7.9149092,42.3973575],[-7.8930353,42.3955135],[-7.8840815,42.3983001],[-7.8709767,42.3947176],[-7.8734922,42.4016239],[-7.8853855,42.4130366],[-7.8944528,42.4179157],[-7.9094225,42.4158965],[-7.9083732,42.4124213],[-7.9180596,42.4126174],[-7.9116617,42.4229308],[-7.9120544,42.4284148],[-7.9148055,42.4306464],[-7.9216693,42.4313865],[-7.9357876,42.4225311],[-7.9417027,42.4251206],[-7.9429473,42.4295053]]]},"properties":{"codmun":"32002","concello":"Amoeiro","iv_medio":58,"n_nucleos":16,"n_afectados":1,"poblacion":1747}},{"type":"Feature","geometry":{"type":"Polygon","coordinates":[[[-8.1306907,42.2270839],[-8.1353485,42.2294088],[-8.1428697,42.2289448],[-8.1459743,42.2309208],[-8.1458727,42.2336893],[-8.156712,42.2382516],[-8.1598305,42.2451331],[-8.1550454,42.2493011],[-8.1540322,42.2541093],[-8.1609119,42.2586605],[-8.1606783,42.2639557],[-8.1512873,42.2760107],[-8.1426513,42.2801175],[-8.1325411,42.2810219],[-8.1309195,42.2716687],[-8.1121427,42.264488],[-8.1062981,42.2584651],[-8.1021028,42.248092],[-8.1094183,42.2263297],[-8.1167484,42.2312867],[-8.1189854,42.2271984],[-8.1168708,42.2263657],[-8.1205306,42.2238432],[-8.1259043,42.2233414],[-8.1306907,42.2270839]]]},"properties":{"codmun":"32003","concello":"A Arnoia","iv_medio":60,"n_nucleos":7,"n_afectados":0,"poblacion":643}},{"type":"Feature","geometry":{"type":"Polygon","coordinates":[[[-8.3394935,42.4528923],[-8.3358436,42.4480034],[-8.3391804,42.4413656],[-8.3382621,42.4334323],[-8.3302953,42.4206243],[-8.3171432,42.3828318],[-8.3147039,42.3809827],[-8.3172467,42.3753008],[-8.3245015,42.3692104],[-8.3174604,42.3562954],[-8.3205687,42.3524327],[-8.3250629,42.3520434],[-8.3247014,42.3450472],[-8.3112098,42.3437933],[-8.2914483,42.3269927],[-8.284805,42.3176582],[-8.2776848,42.317519],[-8.2729134,42.3144262],[-8.2487956,42.3156017],[-8.2241224,42.3272445],[-8.2165035,42.3467232],[-8.2206826,42.3510158],[-8.2155662,42.3620616],[-8.2172867,42.381627],[-8.2118972,42.3880938],[-8.2067545,42.4031196],[-8.210247,42.4037797],[-8.208822,42.4071036],[-8.2128429,42.409297],[-8.2091498,42.4101766],[-8.2139479,42.413973],[-8.2103333,42.4165326],[-8.217163,42.4180126],[-8.2183735,42.421118],[-8.2275704,42.4223264],[-8.2257009,42.425995],[-8.2408077,42.4234037],[-8.243925,42.4266817],[-8.2367109,42.4328463],[-8.2438665,42.4347058],[-8.2433135,42.437396],[-8.2456469,42.4387023],[-8.2507238,42.4373528],[-8.2551457,42.4400844],[-8.259125,42.4376777],[-8.2644921,42.4428322],[-8.2579916,42.4501085],[-8.2626396,42.4495795],[-8.2675524,42.4548088],[-8.271509,42.453717],[-8.2751391,42.4559712],[-8.2783222,42.4540687],[-8.287166,42.4565857],[-8.2908763,42.4537312],[-8.3025595,42.4602027],[-8.3099382,42.4581766],[-8.3154757,42.4607334],[-8.3193013,42.4590556],[-8.3189664,42.454966],[-8.3358935,42.4500176],[-8.3394935,42.4528923]]]},"properties":{"codmun":"32004","concello":"Avión","iv_medio":73,"n_nucleos":9,"n_afectados":5,"poblacion":1139}},{"type":"Feature","geometry":{"type":"Polygon","coordinates":[[[-7.8024353,41.8819708],[-7.7783616,41.8868777],[-7.7635052,41.8990044],[-7.7532309,41.8982243],[-7.7450174,41.89307],[-7.7333538,41.892277],[-7.7221245,41.9004458],[-7.6801193,41.9191711],[-7.6717975,41.9341237],[-7.6488503,41.9447181],[-7.6601904,41.9639302],[-7.6636053,41.965592],[-7.6588998,41.9774792],[-7.6554833,41.9797699],[-7.6554964,41.9845773],[-7.6596983,41.988242],[-7.6693426,41.9899111],[-7.6723851,41.9895979],[-7.6728421,41.9874364],[-7.6875503,41.9872316],[-7.7020049,41.9785179],[-7.7262128,41.9715523],[-7.7385384,41.9625527],[-7.7445129,41.961297],[-7.7569525,41.9500039],[-7.7652287,41.9463195],[-7.7697067,41.9468534],[-7.7766651,41.9412064],[-7.7918289,41.945615],[-7.7939817,41.9497116],[-7.8031527,41.9560259],[-7.8089987,41.9575723],[-7.8177221,41.9532892],[-7.8270206,41.9461],[-7.8376878,41.9307401],[-7.8279173,41.9199971],[-7.8206649,41.9176645],[-7.810143,41.9204118],[-7.8048732,41.9187873],[-7.8024353,41.8819708]]]},"properties":{"codmun":"32005","concello":"Baltar","iv_medio":63,"n_nucleos":5,"n_afectados":1,"poblacion":592}},{"type":"Feature","geometry":{"type":"Polygon","coordinates":[[[-7.9327923,42.0051861],[-7.9323084,42.0012074],[-7.9443473,41.99489],[-7.9455918,41.9921083],[-7.9430455,41.9893101],[-7.9519146,41.9770244],[-7.95609,41.9809133],[-7.9684179,41.9836473],[-7.9741675,41.9813989],[-7.9780078,41.9768023],[-7.976001,41.9742786],[-7.9825956,41.9675723],[-7.9952095,41.9664285],[-7.9938623,41.9623187],[-8.0004184,41.9607001],[-8.0020014,41.9648895],[-8.0074959,41.9680346],[-8.0171649,41.9685657],[-8.0225506,41.9739928],[-8.0225494,41.9822489],[-8.0197791,41.9847653],[-8.0054857,41.9816186],[-8.0015953,41.9849398],[-7.99411,41.9855096],[-7.987504,42.0013284],[-7.9947841,42.003658],[-8.0122898,42.0158126],[-8.0150576,42.0233621],[-8.0248493,42.0323772],[-8.0270224,42.0378728],[-8.034886,42.0410925],[-8.0404209,42.0492129],[-8.0453009,42.0521041],[-8.0528085,42.0523311],[-8.0643814,42.0603727],[-8.0530214,42.0664116],[-8.0400098,42.0691729],[-8.0283119,42.0778621],[-8.0125816,42.0829725],[-7.9995615,42.083695],[-7.9796426,42.0714995],[-7.9636311,42.0680894],[-7.9514987,42.0690458],[-7.9085809,42.0582455],[-7.8914926,42.0426269],[-7.8907054,42.0369434],[-7.8762846,42.0263763],[-7.8865254,42.0199295],[-7.888662,42.0145853],[-7.8965254,42.0140063],[-7.8997815,42.0167841],[-7.9053429,42.0124945],[-7.9099031,42.0160534],[-7.9223883,42.0113848],[-7.9272322,42.0056485],[-7.9310268,42.0071057],[-7.9327923,42.0051861]]]},"properties":{"codmun":"32006","concello":"Bande","iv_medio":67,"n_nucleos":3,"n_afectados":0,"poblacion":771}},{"type":"Feature","geometry":{"type":"Polygon","coordinates":[[[-7.6702179,42.1941815],[-7.6794164,42.1923494],[-7.6858274,42.1842541],[-7.6976802,42.1860998],[-7.7037865,42.1962305],[-7.7159392,42.2039776],[-7.7187259,42.2091928],[-7.721881,42.2096028],[-7.723414,42.2163462],[-7.7308388,42.2189386],[-7.7329545,42.2240641],[-7.7298452,42.2286493],[-7.7310226,42.2338587],[-7.734812,42.2360879],[-7.7359177,42.2422725],[-7.7469469,42.2442465],[-7.7504833,42.2419659],[-7.7633473,42.2423946],[-7.7576371,42.2523287],[-7.7477276,42.2481846],[-7.7418492,42.2486534],[-7.7246597,42.2619665],[-7.6777668,42.2666324],[-7.6546635,42.2506929],[-7.6358044,42.2470287],[-7.6235203,42.2376397],[-7.6175986,42.2279028],[-7.6122119,42.2272917],[-7.6174717,42.2117286],[-7.6229791,42.205717],[-7.6272594,42.1908863],[-7.644046,42.1876675],[-7.656597,42.1810352],[-7.6702179,42.1941815]]]},"properties":{"codmun":"32007","concello":"Baños de Molgas","iv_medio":67,"n_nucleos":8,"n_afectados":2,"poblacion":871}},{"type":"Feature","geometry":{"type":"Polygon","coordinates":[[[-7.9507989,42.2673713],[-7.9447968,42.2670367],[-7.9376644,42.2553527],[-7.9009774,42.2628184],[-7.9013062,42.2689264],[-7.8951488,42.2815874],[-7.8753939,42.299564],[-7.8718723,42.3186139],[-7.8852398,42.3258062],[-7.8872139,42.3403368],[-7.8962814,42.3446043],[-7.8991713,42.3432124],[-7.9118959,42.3469297],[-7.9239516,42.345767],[-7.9328822,42.340782],[-7.9233196,42.3361618],[-7.9207247,42.3302864],[-7.9231003,42.3285456],[-7.9221523,42.3213839],[-7.9176688,42.3177234],[-7.9126273,42.3171658],[-7.9012234,42.3099843],[-7.8939062,42.3094561],[-7.9245653,42.2861318],[-7.9396877,42.2801229],[-7.9507989,42.2673713]]]},"properties":{"codmun":"32008","concello":"Barbadás","iv_medio":44,"n_nucleos":15,"n_afectados":0,"poblacion":10690}},{"type":"Feature","geometry":{"type":"Polygon","coordinates":[[[-6.9715593,42.4935076],[-6.9698739,42.4907324],[-6.9719511,42.4812049],[-6.9799466,42.4737293],[-6.9811595,42.4691012],[-6.9728734,42.4679604],[-6.9641396,42.4608645],[-6.9612788,42.4481968],[-6.9652091,42.4442069],[-6.9615239,42.4421576],[-6.9603196,42.4382409],[-6.9480425,42.428739],[-6.9358814,42.4377192],[-6.9274029,42.4370198],[-6.9135099,42.4455655],[-6.9064537,42.43903],[-6.9085994,42.4385435],[-6.908734,42.4348295],[-6.9049865,42.4298317],[-6.9264013,42.4189854],[-6.9172254,42.4138361],[-6.9204948,42.4097732],[-6.9356793,42.4048471],[-6.9380108,42.3945471],[-6.9530205,42.3898337],[-6.9531568,42.3802126],[-6.9485367,42.3764553],[-6.9533246,42.3753446],[-6.9553798,42.3707535],[-6.9652377,42.3668648],[-6.9690243,42.3591341],[-6.9905142,42.3545513],[-7.0190774,42.3604223],[-7.0261913,42.3634498],[-7.0329792,42.3719898],[-7.0430942,42.3780349],[-7.036831,42.3987132],[-7.0330582,42.402772],[-7.0244772,42.4017687],[-7.0206922,42.4050798],[-7.018801,42.4167345],[-7.0098306,42.4285023],[-7.0159949,42.4393702],[-7.0086551,42.4529266],[-7.0083307,42.4630765],[-7.0024801,42.4777328],[-6.9986256,42.4964429],[-7.0017155,42.5048167],[-6.9967423,42.4991559],[-6.9806954,42.4934485],[-6.9715593,42.4935076]]]},"properties":{"codmun":"32009","concello":"O Barco de Valdeorras","iv_medio":45,"n_nucleos":9,"n_afectados":0,"poblacion":12993}},{"type":"Feature","geometry":{"type":"Polygon","coordinates":[[[-8.1433709,42.3424296],[-8.15186,42.327976],[-8.1440085,42.3261062],[-8.1416867,42.3201285],[-8.1323062,42.3197884],[-8.1218614,42.3157712],[-8.1197708,42.3197933],[-8.1218491,42.3359504],[-8.1289401,42.3374961],[-8.1320495,42.335448],[-8.1367856,42.3424826],[-8.1433709,42.3424296]]]},"properties":{"codmun":"32010","concello":"Beade","iv_medio":55,"n_nucleos":1,"n_afectados":0,"poblacion":316}},{"type":"Feature","geometry":{"type":"Polygon","coordinates":[[[-16.4042011,33.0395108],[-16.4103409,33.0418741],[-16.409299,33.0347129],[-16.4021786,33.0392223],[-16.4042011,33.0395108]],[[-16.2846989,33.1250622],[-16.2858663,33.12804],[-16.2865045,33.1244078],[-16.2846989,33.1250622]],[[-16.2894609,33.1039263],[-16.2912381,33.1019591],[-16.2874634,33.1021858],[-16.2894609,33.1039263]],[[-16.28014,33.0560422],[-16.2888643,33.0573909],[-16.2813986,33.0521483],[-16.2778055,33.05258],[-16.278028,33.0556021],[-16.28014,33.0560422]],[[-16.3841614,33.0199152],[-16.3830194,33.0185882],[-16.3884089,33.0108654],[-16.3923836,33.0102672],[-16.3943962,33.0059755],[-16.392369,33.0023838],[-16.3897693,33.0045048],[-16.3859464,33.0037716],[-16.3865143,32.9975396],[-16.3823689,32.9985111],[-16.3813352,32.9961744],[-16.3806948,33.0028879],[-16.3836227,33.0053872],[-16.3813607,33.0140691],[-16.3824875,33.0202692],[-16.3841614,33.0199152]],[[-16.3616405,33.0355653],[-16.3395236,33.0543904],[-16.3261433,33.0614064],[-16.3174816,33.0628473],[-16.315216,33.0595015],[-16.3171675,33.062986],[-16.3105832,33.0621798],[-16.3106961,33.0591927],[-16.3143742,33.0579196],[-16.3108041,33.0586095],[-16.3079577,33.0628489],[-16.2930768,33.0598229],[-16.2980838,33.0697412],[-16.2939988,33.075658],[-16.2892753,33.07597],[-16.2925948,33.0773109],[-16.2942876,33.0827874],[-16.2993992,33.0843149],[-16.2970849,33.0903444],[-16.2939517,33.0910435],[-16.2944934,33.0996123],[-16.3006907,33.0964646],[-16.3088776,33.0971098],[-16.3120817,33.1026569],[-16.318664,33.1028654],[-16.3223479,33.107321],[-16.3238745,33.1038509],[-16.3294279,33.1008963],[-16.3346441,33.1008663],[-16.332827,33.0997977],[-16.3354898,33.0999546],[-16.3348395,33.0977723],[-16.3394024,33.0991409],[-16.3386872,33.0967226],[-16.3424165,33.0976894],[-16.3495172,33.092174],[-16.3539221,33.0928365],[-16.3529335,33.0908769],[-16.3577722,33.0882357],[-16.3601471,33.0830705],[-16.3718088,33.0813125],[-16.369905,33.0773183],[-16.3774035,33.0743943],[-16.373569,33.0702576],[-16.3764822,33.0675549],[-16.3756636,33.0601402],[-16.3803449,33.0561516],[-16.3784336,33.0547849],[-16.3817205,33.0545393],[-16.3830359,33.0507103],[-16.386128,33.0497497],[-16.3895059,33.0449518],[-16.3883597,33.0413938],[-16.3952531,33.0429179],[-16.3978856,33.039917],[-16.3952429,33.0399998],[-16.3931296,33.0322998],[-16.3841037,33.0309666],[-16.3819994,33.0246496],[-16.3798076,33.0241194],[-16.3616405,33.0355653]]]},"properties":{"codmun":"32010","concello":"Porto Santo","iv_medio":55,"n_nucleos":1,"n_afectados":0,"poblacion":316}},{"type":"Feature","geometry":{"type":"Polygon","coordinates":[[[-8.2353948,42.5388592],[-8.2637333,42.5256826],[-8.2669421,42.5210064],[-8.2713678,42.5206673],[-8.2747625,42.5083931],[-8.2845695,42.5060854],[-8.288553,42.5031192],[-8.2913746,42.4960566],[-8.3027283,42.4902097],[-8.3123079,42.4954454],[-8.3228354,42.4949284],[-8.3342554,42.4911819],[-8.3404903,42.4924031],[-8.3420729,42.4844339],[-8.3526205,42.4807624],[-8.3663444,42.4873477],[-8.3479793,42.4688532],[-8.3421986,42.4659457],[-8.3396919,42.4530811],[-8.3358935,42.4500176],[-8.3189664,42.454966],[-8.3193013,42.4590556],[-8.3154757,42.4607334],[-8.3099382,42.4581766],[-8.3025595,42.4602027],[-8.2908763,42.4537312],[-8.287166,42.4565857],[-8.2783222,42.4540687],[-8.2751391,42.4559712],[-8.271509,42.453717],[-8.2675524,42.4548088],[-8.2626396,42.4495795],[-8.2579916,42.4501085],[-8.2635135,42.4449299],[-8.2639647,42.441182],[-8.259125,42.4376777],[-8.2551457,42.4400844],[-8.2507238,42.4373528],[-8.2456469,42.4387023],[-8.2413224,42.4340753],[-8.2432926,42.4351102],[-8.2389454,42.4370471],[-8.2332166,42.4483559],[-8.2346444,42.4536651],[-8.2267256,42.4606086],[-8.2307242,42.465107],[-8.2282407,42.4710454],[-8.2342415,42.4779549],[-8.2339143,42.4877198],[-8.2490228,42.504708],[-8.2447069,42.5149082],[-8.2381659,42.5206458],[-8.2370358,42.5282238],[-8.2314298,42.5317756],[-8.2353948,42.5388592]]]},"properties":{"codmun":"32011","concello":"Beariz","iv_medio":70,"n_nucleos":6,"n_afectados":0,"poblacion":688}},{"type":"Feature","geometry":{"type":"Polygon","coordinates":[[[-7.7936088,41.9965993],[-7.8090777,41.9879017],[-7.8149362,41.9659212],[-7.8136281,41.9600969],[-7.7991483,41.9539429],[-7.7918289,41.945615],[-7.7766651,41.9412064],[-7.7697067,41.9468534],[-7.7652287,41.9463195],[-7.7569525,41.9500039],[-7.7445129,41.961297],[-7.7385384,41.9625527],[-7.7262128,41.9715523],[-7.7020049,41.9785179],[-7.6993488,41.9948694],[-7.7106326,42.0025271],[-7.7110623,42.0078485],[-7.7197652,42.0156564],[-7.7398681,42.0163118],[-7.7565396,42.0119202],[-7.7636996,42.0125769],[-7.7676333,42.0015821],[-7.7662123,42.0001737],[-7.770305,41.9953485],[-7.7799653,41.9936402],[-7.7875711,41.9973651],[-7.7936088,41.9965993]]]},"properties":{"codmun":"32012","concello":"Os Blancos","iv_medio":64,"n_nucleos":6,"n_afectados":0,"poblacion":461}},{"type":"Feature","geometry":{"type":"Polygon","coordinates":[[[-8.2413224,42.4340753],[-8.2365517,42.4323944],[-8.243925,42.4266817],[-8.2408077,42.4234037],[-8.2257009,42.425995],[-8.2275704,42.4223264],[-8.2183735,42.421118],[-8.217163,42.4180126],[-8.2103333,42.4165326],[-8.2139479,42.413973],[-8.2091498,42.4101766],[-8.2128429,42.409297],[-8.208822,42.4071036],[-8.210247,42.4037797],[-8.2067545,42.4031196],[-8.2136603,42.3865099],[-8.2101562,42.3873089],[-8.2065841,42.3932964],[-8.2025892,42.3937484],[-8.2033522,42.3968016],[-8.199599,42.3978277],[-8.2016038,42.4013555],[-8.1931373,42.3990037],[-8.1817306,42.4039958],[-8.1746461,42.4016069],[-8.1722412,42.3973314],[-8.1458733,42.393939],[-8.1411152,42.390561],[-8.1379695,42.3953118],[-8.1389435,42.404694],[-8.1326035,42.4064913],[-8.1277392,42.4041978],[-8.1202455,42.4073426],[-8.117285,42.4051524],[-8.1149966,42.4124031],[-8.1232089,42.4120983],[-8.120714,42.4178549],[-8.1231143,42.4195749],[-8.1152086,42.4218645],[-8.1124424,42.430568],[-8.1039721,42.4365462],[-8.1001352,42.4422722],[-8.1049741,42.4461705],[-8.1037902,42.4502926],[-8.109515,42.4541602],[-8.1167363,42.453414],[-8.1254729,42.4584152],[-8.1391264,42.4785805],[-8.1522097,42.47322],[-8.1532815,42.4790055],[-8.1599282,42.4829189],[-8.1635868,42.4882003],[-8.1744579,42.4827121],[-8.1890757,42.4801947],[-8.1957167,42.4843043],[-8.2125952,42.4871818],[-8.2150408,42.4915716],[-8.2320999,42.4978859],[-8.230551,42.5100654],[-8.2258123,42.5117497],[-8.2368877,42.512503],[-8.2490228,42.504708],[-8.2339143,42.4877198],[-8.2342415,42.4779549],[-8.2282407,42.4710454],[-8.2307242,42.465107],[-8.2267256,42.4606086],[-8.2346444,42.4536651],[-8.2332166,42.4483559],[-8.2389454,42.4370471],[-8.2432926,42.4351102],[-8.2413224,42.4340753]]]},"properties":{"codmun":"32013","concello":"Boborás","iv_medio":68,"n_nucleos":12,"n_afectados":0,"poblacion":1358}},{"type":"Feature","geometry":{"type":"Polygon","coordinates":[[[-7.8939983,42.1122718],[-7.9112083,42.1102257],[-7.9142376,42.1068725],[-7.9211077,42.113924],[-7.933035,42.1192717],[-7.9309288,42.1225136],[-7.9338539,42.1254486],[-7.9353261,42.1345774],[-7.9240786,42.1461268],[-7.9277582,42.1498848],[-7.923487,42.1523734],[-7.9248405,42.1554663],[-7.9156557,42.1612271],[-7.9232395,42.1684998],[-7.9234266,42.1718409],[-7.9165515,42.1804104],[-7.9046271,42.180553],[-7.891818,42.1725301],[-7.875415,42.1753188],[-7.8620803,42.1682692],[-7.8580032,42.1611857],[-7.8571115,42.1531836],[-7.8769971,42.1229064],[-7.8909635,42.1123709],[-7.8939983,42.1122718]]]},"properties":{"codmun":"32014","concello":"A Bola","iv_medio":64,"n_nucleos":1,"n_afectados":0,"poblacion":130}},{"type":"Feature","geometry":{"type":"Polygon","coordinates":[[[-7.1366387,42.3354375],[-7.1331661,42.3326972],[-7.1181014,42.3350409],[-7.1174539,42.3394312],[-7.1133475,42.3417848],[-7.1125637,42.3468822],[-7.1149915,42.3504146],[-7.1053242,42.3562992],[-7.0669354,42.3626578],[-7.0568279,42.3572899],[-7.062994,42.3488055],[-7.0525337,42.3462139],[-7.0458455,42.3397874],[-7.0480008,42.3372531],[-7.0470343,42.3335416],[-7.0577477,42.3282281],[-7.0561097,42.3214431],[-7.0608165,42.3012691],[-7.0576599,42.2855698],[-7.0600134,42.2793636],[-7.0577698,42.2767148],[-7.0632096,42.2640241],[-7.0727962,42.2596677],[-7.0822006,42.266392],[-7.0835204,42.2626172],[-7.1037409,42.2525569],[-7.1060457,42.2451269],[-7.102007,42.2381674],[-7.1155339,42.2346926],[-7.1157896,42.2324774],[-7.1386939,42.2190369],[-7.1408675,42.2239286],[-7.1498338,42.2294927],[-7.1570372,42.2294114],[-7.1634228,42.2408307],[-7.1678951,42.2441526],[-7.1618117,42.2487422],[-7.1611117,42.2527293],[-7.1535309,42.2609293],[-7.1364321,42.2668915],[-7.1311725,42.271227],[-7.1308544,42.2760687],[-7.1377486,42.2805707],[-7.1348754,42.28405],[-7.1343567,42.2898744],[-7.1364078,42.2920723],[-7.1466858,42.291157],[-7.1502442,42.3040355],[-7.1460106,42.3074173],[-7.1361242,42.3083581],[-7.1333664,42.3156416],[-7.1544429,42.3126314],[-7.1662342,42.3069178],[-7.171722,42.3078062],[-7.166997,42.3134531],[-7.1747667,42.317591],[-7.1705757,42.3196845],[-7.1701406,42.3235833],[-7.166757,42.32628],[-7.1675892,42.3318225],[-7.1611419,42.333703],[-7.1542647,42.3312373],[-7.1366387,42.3354375]]]},"properties":{"codmun":"32015","concello":"O Bolo","iv_medio":77,"n_nucleos":4,"n_afectados":0,"poblacion":341}},{"type":"Feature","geometry":{"type":"Polygon","coordinates":[[[-7.9063431,41.9270958],[-7.8879606,41.926785],[-7.8846895,41.9243158],[-7.8837189,41.9183801],[-7.8874052,41.9073098],[-7.8847777,41.8809203],[-7.8882335,41.8660767],[-7.892212,41.8595109],[-7.8879222,41.8556056],[-7.8816327,41.8561095],[-7.8733541,41.8450742],[-7.8663175,41.8588767],[-7.8589986,41.8605508],[-7.8584371,41.8626434],[-7.8494533,41.8616713],[-7.8415185,41.8664751],[-7.8451878,41.8812791],[-7.8024353,41.8819708],[-7.8048732,41.9187873],[-7.810143,41.9204118],[-7.8206649,41.9176645],[-7.8279173,41.9199971],[-7.8376878,41.9307401],[-7.8270206,41.9461],[-7.8089987,41.9575723],[-7.8136281,41.9600969],[-7.8149362,41.9659212],[-7.8090777,41.9879017],[-7.8230695,41.991635],[-7.8214554,42.0001302],[-7.8272169,42.0057577],[-7.8397636,42.0064526],[-7.8470466,42.004758],[-7.849689,41.9996673],[-7.8554257,42.0027194],[-7.8823912,41.9908949],[-7.9097633,41.9843225],[-7.9047507,41.9759481],[-7.8951191,41.9671047],[-7.9027874,41.9645348],[-7.9104874,41.9501595],[-7.9082932,41.9286814],[-7.9063431,41.9270958]]]},"properties":{"codmun":"32016","concello":"Calvos de Randín","iv_medio":76,"n_nucleos":4,"n_afectados":1,"poblacion":286}},{"type":"Feature","geometry":{"type":"Polygon","coordinates":[[[-6.830963,42.2762714],[-6.8439469,42.2832373],[-6.85719,42.2835896],[-6.8685661,42.2929882],[-6.8773135,42.2942231],[-6.8834068,42.2978524],[-6.8847973,42.3113747],[-6.8996483,42.3121934],[-6.9131078,42.3210806],[-6.9413256,42.3301343],[-6.9733235,42.3549241],[-6.9747461,42.3572587],[-6.9690243,42.3591341],[-6.9652377,42.3668648],[-6.9553798,42.3707535],[-6.9533246,42.3753446],[-6.9485367,42.3764553],[-6.9531568,42.3802126],[-6.9530205,42.3898337],[-6.9380108,42.3945471],[-6.9356793,42.4048471],[-6.9204948,42.4097732],[-6.9172254,42.4138361],[-6.9264013,42.4189854],[-6.9226514,42.4223123],[-6.9049865,42.4298317],[-6.8848307,42.433309],[-6.8800771,42.4378194],[-6.8700193,42.4387182],[-6.8588298,42.4295337],[-6.8599877,42.4232547],[-6.8535157,42.4203753],[-6.8502499,42.4152718],[-6.8401248,42.4150268],[-6.8299028,42.4100968],[-6.8312848,42.4083538],[-6.8380654,42.4091621],[-6.8435127,42.4058458],[-6.8335724,42.3954551],[-6.8234797,42.3918939],[-6.8208043,42.3856442],[-6.8022671,42.386343],[-6.8018848,42.3836991],[-6.7959043,42.3820067],[-6.7786457,42.3809931],[-6.768948,42.3729838],[-6.7665424,42.3650491],[-6.7578407,42.3675592],[-6.7495711,42.36286],[-6.7339533,42.3591114],[-6.7390323,42.3448626],[-6.7405005,42.3286966],[-6.7345899,42.3189663],[-6.7376396,42.3197648],[-6.736155,42.3110636],[-6.7431668,42.3032888],[-6.7411458,42.2986635],[-6.7504694,42.2910468],[-6.7650346,42.2727399],[-6.7669968,42.2574577],[-6.7740976,42.2541714],[-6.7875648,42.2541769],[-6.7941515,42.2494478],[-6.8060259,42.247775],[-6.810107,42.2511421],[-6.8063433,42.2566699],[-6.8134729,42.2659504],[-6.8134673,42.2700746],[-6.830963,42.2762714]]]},"properties":{"codmun":"32017","concello":"Carballeda de Valdeorras","iv_medio":64,"n_nucleos":4,"n_afectados":2,"poblacion":923}},{"type":"Feature","geometry":{"type":"Polygon","coordinates":[[[-8.2155762,42.3630605],[-8.2206826,42.3510158],[-8.2165035,42.3467232],[-8.2241224,42.3272445],[-8.2487956,42.3156017],[-8.2619575,42.3153802],[-8.2456106,42.3097856],[-8.2238045,42.3099559],[-8.213632,42.2957818],[-8.1903273,42.3034682],[-8.1818142,42.3003793],[-8.1751881,42.2932341],[-8.1581306,42.2992085],[-8.1552838,42.3039913],[-8.1497265,42.3052951],[-8.1426328,42.3032261],[-8.1362381,42.3095512],[-8.1440085,42.3261062],[-8.15186,42.327976],[-8.1433709,42.3424296],[-8.1487281,42.3433858],[-8.1503534,42.347823],[-8.1582475,42.3499609],[-8.1635433,42.3479393],[-8.1741388,42.3522227],[-8.1766148,42.3547304],[-8.1744702,42.3572853],[-8.1854762,42.3699036],[-8.1935395,42.3716892],[-8.2000824,42.3776936],[-8.2048976,42.3749897],[-8.2124569,42.3636529],[-8.2155762,42.3630605]]]},"properties":{"codmun":"32018","concello":"Carballeda de Avia","iv_medio":67,"n_nucleos":5,"n_afectados":3,"poblacion":756}},{"type":"Feature","geometry":{"type":"Polygon","coordinates":[[[-8.1397981,42.3910884],[-8.1322796,42.3903368],[-8.120819,42.3818929],[-8.1146672,42.3889655],[-8.1070797,42.3878319],[-8.1038488,42.392735],[-8.0977988,42.3958588],[-8.0598057,42.4002295],[-8.0611293,42.4107763],[-8.0691079,42.4232249],[-8.0656959,42.4285258],[-8.0333663,42.4437733],[-8.0234001,42.441817],[-8.026401,42.4495356],[-8.0269525,42.4629346],[-8.0405662,42.4645408],[-8.0469074,42.4624734],[-8.0477026,42.4640728],[-8.0407105,42.4735913],[-8.0418219,42.475766],[-8.0318336,42.4825352],[-8.0353617,42.4905634],[-8.0321226,42.4933979],[-8.0374026,42.4958212],[-8.0384997,42.5055229],[-8.0502475,42.5116305],[-8.066672,42.4935551],[-8.0648049,42.4903248],[-8.0696248,42.486753],[-8.0771541,42.4718973],[-8.0782956,42.4666249],[-8.0756694,42.464977],[-8.0795573,42.4599878],[-8.080493,42.45278],[-8.0998006,42.4693946],[-8.109515,42.4541602],[-8.1037902,42.4502926],[-8.1049741,42.4461705],[-8.10178,42.4450155],[-8.1006577,42.4409255],[-8.1124424,42.430568],[-8.1152086,42.4218645],[-8.1231143,42.4195749],[-8.120714,42.4178549],[-8.1232089,42.4120983],[-8.1149966,42.4124031],[-8.1169662,42.4055628],[-8.1202455,42.4073426],[-8.1277392,42.4041978],[-8.1326035,42.4064913],[-8.1389435,42.404694],[-8.1379695,42.3953118],[-8.1397981,42.3910884]]]},"properties":{"codmun":"32019","concello":"O Carballiño","iv_medio":52,"n_nucleos":14,"n_afectados":0,"poblacion":13222}},{"type":"Feature","geometry":{"type":"Polygon","coordinates":[[[-7.9589663,42.229879],[-7.9477592,42.2276551],[-7.9437374,42.2188259],[-7.9352407,42.2150243],[-7.9388806,42.2112299],[-7.9382452,42.2038658],[-7.9425233,42.2028258],[-7.9503828,42.1933928],[-7.9548216,42.197045],[-7.955862,42.2025999],[-7.9594029,42.2015822],[-7.965834,42.2040672],[-7.9748387,42.1996966],[-7.9789717,42.1935929],[-8.0120731,42.1934441],[-8.020339,42.1982855],[-8.0283136,42.1994479],[-8.0333556,42.2051412],[-8.0320375,42.2085122],[-8.0380462,42.2103635],[-8.0439756,42.2086349],[-8.0459088,42.2100981],[-8.0445553,42.2127146],[-8.0510946,42.2140737],[-8.0574132,42.2100945],[-8.0575556,42.2147517],[-8.0650966,42.2148503],[-8.0676524,42.2225606],[-8.0783729,42.2237778],[-8.0795873,42.2257766],[-8.0771362,42.2293425],[-8.0794908,42.2304533],[-8.0936518,42.2242869],[-8.0993923,42.2289287],[-8.1047009,42.2294122],[-8.1094183,42.2263297],[-8.1021028,42.248092],[-8.1062981,42.2584651],[-8.1136996,42.2650036],[-8.1068366,42.2684162],[-8.0914515,42.2691291],[-8.0783142,42.2750338],[-8.0733762,42.2731733],[-8.0739281,42.2753635],[-8.0673348,42.2827771],[-8.0495109,42.2782175],[-8.0405505,42.2797201],[-8.0334084,42.2775767],[-8.0258442,42.2807813],[-8.015138,42.2752821],[-8.003445,42.2752],[-8.0022548,42.2777729],[-7.9968055,42.2685129],[-7.9888616,42.2660057],[-7.9807563,42.2706624],[-7.9663205,42.2726855],[-7.9447968,42.2670367],[-7.9522501,42.2642385],[-7.9636472,42.2519504],[-7.9607965,42.2471314],[-7.9600363,42.2362166],[-7.9629202,42.2323642],[-7.9589663,42.229879]]]},"properties":{"codmun":"32020","concello":"Cartelle","iv_medio":67,"n_nucleos":14,"n_afectados":0,"poblacion":1659}},{"type":"Feature","geometry":{"type":"Polygon","coordinates":[[[-7.3106374,42.0382749],[-7.3256665,42.037583],[-7.321817,42.0292736],[-7.3251305,42.0181366],[-7.3207223,42.0079754],[-7.3157705,42.0045604],[-7.3326073,42.0034387],[-7.3354617,42.0010347],[-7.3354973,41.9974768],[-7.3398556,41.9983743],[-7.3451863,41.9924637],[-7.3482962,41.9920486],[-7.3447337,41.9865293],[-7.3537703,41.9896708],[-7.3637134,41.9878789],[-7.3613771,41.983718],[-7.36426,41.9815824],[-7.363394,41.9768613],[-7.3868946,41.976081],[-7.3940953,41.9730589],[-7.3959892,41.9772541],[-7.4153097,41.98303],[-7.4322434,41.9771629],[-7.4424487,41.9772488],[-7.440343,41.9874288],[-7.4527237,41.9939713],[-7.4650703,42.0091214],[-7.4550279,42.0112231],[-7.4579517,42.0155663],[-7.4552966,42.0181726],[-7.4464295,42.0145123],[-7.4399996,42.0195769],[-7.4352938,42.0175442],[-7.4286308,42.0189635],[-7.4254739,42.0260095],[-7.3928676,42.0399959],[-7.3980054,42.0477492],[-7.3951623,42.0567812],[-7.3846601,42.0660256],[-7.3713833,42.0678296],[-7.369494,42.0700536],[-7.3739384,42.0802025],[-7.3853655,42.0883373],[-7.3915398,42.0973928],[-7.3822844,42.0932634],[-7.357299,42.0924158],[-7.350874,42.1004485],[-7.3535935,42.109079],[-7.3465272,42.1111302],[-7.333215,42.1118973],[-7.3166586,42.1045435],[-7.2955544,42.1026808],[-7.2944427,42.0878478],[-7.2831408,42.0806806],[-7.2756471,42.0701913],[-7.2677306,42.0667054],[-7.2678395,42.0544017],[-7.2745724,42.0377272],[-7.2840191,42.0386439],[-7.288632,42.033249],[-7.2944631,42.0337508],[-7.2971313,42.0315888],[-7.3013335,42.0331869],[-7.3016141,42.0355534],[-7.3106374,42.0382749]]]},"properties":{"codmun":"32021","concello":"Castrelo do Val","iv_medio":64,"n_nucleos":5,"n_afectados":1,"poblacion":730}},{"type":"Feature","geometry":{"type":"Polygon","coordinates":[[[-8.1325411,42.2810219],[-8.1161226,42.2915977],[-8.1162111,42.298814],[-8.0953751,42.3040476],[-8.0779076,42.3023577],[-8.0733587,42.3047563],[-8.0675314,42.3274589],[-8.0514952,42.3244771],[-8.0429646,42.3279416],[-8.0344724,42.3265872],[-8.0276067,42.3220456],[-8.0196774,42.3240865],[-8.018673,42.316505],[-8.0233228,42.3087924],[-8.0133207,42.2986146],[-8.0140647,42.2950278],[-8.0022548,42.2777729],[-8.003445,42.2752],[-8.015138,42.2752821],[-8.0258442,42.2807813],[-8.0334084,42.2775767],[-8.0405505,42.2797201],[-8.0495109,42.2782175],[-8.0673348,42.2827771],[-8.0739281,42.2753635],[-8.0733762,42.2731733],[-8.0783142,42.2750338],[-8.0914515,42.2691291],[-8.1068366,42.2684162],[-8.1136996,42.2650036],[-8.1309195,42.2716687],[-8.1325411,42.2810219]]]},"properties":{"codmun":"32022","concello":"Castrelo de Miño","iv_medio":62,"n_nucleos":6,"n_afectados":0,"poblacion":581}},{"type":"Feature","geometry":{"type":"Polygon","coordinates":[[[-7.3482489,42.4064824],[-7.3528147,42.3978587],[-7.3391084,42.3918111],[-7.3402466,42.3820799],[-7.3450457,42.3815826],[-7.3473625,42.3776769],[-7.3408041,42.3760802],[-7.34068,42.3731749],[-7.3465994,42.3673335],[-7.3590194,42.3650423],[-7.3628916,42.3618784],[-7.3568472,42.355761],[-7.35267,42.3438009],[-7.3688903,42.3377534],[-7.4029884,42.3318004],[-7.4201958,42.3222953],[-7.4298446,42.3106044],[-7.4374612,42.3085175],[-7.4436024,42.3118357],[-7.44493,42.3181047],[-7.4520322,42.3238358],[-7.4568438,42.3347484],[-7.4462501,42.3428317],[-7.4489852,42.3461771],[-7.4555381,42.3467975],[-7.4610579,42.3504337],[-7.455533,42.3699049],[-7.4589694,42.374534],[-7.4584054,42.3809666],[-7.4617415,42.3812597],[-7.4620996,42.3845951],[-7.4549746,42.3918507],[-7.4471931,42.3917393],[-7.4446654,42.3887109],[-7.4359855,42.3874835],[-7.4313888,42.3970525],[-7.4332715,42.4000017],[-7.444807,42.3978465],[-7.4489026,42.4071411],[-7.435352,42.4162028],[-7.4021049,42.429354],[-7.4033378,42.4309903],[-7.3992461,42.4355595],[-7.382147,42.4307236],[-7.37045,42.4220218],[-7.3713631,42.4202935],[-7.3664366,42.4154057],[-7.3482489,42.4064824]]]},"properties":{"codmun":"32023","concello":"O Castro de Caldelas","iv_medio":65,"n_nucleos":1,"n_afectados":0,"poblacion":665}},{"type":"Feature","geometry":{"type":"Polygon","coordinates":[[[-7.9352407,42.2150243],[-7.9388806,42.2112299],[-7.9382452,42.2038658],[-7.9425233,42.2028258],[-7.9503828,42.1933928],[-7.9548216,42.197045],[-7.955862,42.2025999],[-7.9594029,42.2015822],[-7.965834,42.2040672],[-7.9748387,42.1996966],[-7.9807874,42.1914342],[-7.9781865,42.1877661],[-7.9784812,42.1825855],[-7.9746342,42.1801509],[-7.9886321,42.1668473],[-7.9972155,42.1676522],[-8.0245665,42.1630786],[-8.0251695,42.1519154],[-8.0288861,42.1452339],[-8.0476879,42.1472333],[-8.0534345,42.153606],[-8.0541946,42.1440202],[-8.0626705,42.1356329],[-8.0609208,42.1193157],[-8.0415541,42.1152817],[-8.0301312,42.1228066],[-8.0098695,42.1198329],[-8.0056235,42.123953],[-8.0112772,42.1397941],[-7.9951969,42.146196],[-7.9878038,42.1261894],[-7.9818061,42.1226603],[-7.9804579,42.1179654],[-7.975227,42.1178777],[-7.9493816,42.1293068],[-7.9347338,42.1226107],[-7.933035,42.1192717],[-7.9309288,42.1225136],[-7.9339493,42.1257416],[-7.9350507,42.1353905],[-7.9240786,42.1461268],[-7.9277582,42.1498848],[-7.923487,42.1523734],[-7.9248405,42.1554663],[-7.9156557,42.1612271],[-7.9232395,42.1684998],[-7.9226735,42.1746103],[-7.9165515,42.1804104],[-7.9188177,42.1821587],[-7.9181971,42.1869481],[-7.9214687,42.1891662],[-7.9136003,42.2029011],[-7.8996782,42.2112319],[-7.9028982,42.214182],[-7.9172297,42.2179696],[-7.926251,42.2145204],[-7.9352407,42.2150243]]]},"properties":{"codmun":"32024","concello":"Celanova","iv_medio":56,"n_nucleos":8,"n_afectados":0,"poblacion":4188}},{"type":"Feature","geometry":{"type":"Polygon","coordinates":[[[-8.0418206,42.3278703],[-8.0514952,42.3244771],[-8.0675314,42.3274589],[-8.0733587,42.3047563],[-8.0779076,42.3023577],[-8.0879626,42.3028201],[-8.0884838,42.3043184],[-8.0799955,42.3059922],[-8.0753359,42.3175607],[-8.0794886,42.3205868],[-8.0829019,42.318649],[-8.0830016,42.3145354],[-8.0889689,42.3124142],[-8.0978764,42.3189259],[-8.0949468,42.3294998],[-8.0963057,42.331897],[-8.1042972,42.3283986],[-8.1206557,42.326947],[-8.1243513,42.341348],[-8.1198149,42.3509232],[-8.1207352,42.3567152],[-8.1122693,42.3588862],[-8.1075686,42.3658754],[-8.1064249,42.373768],[-8.1025869,42.375848],[-8.1001146,42.3811439],[-8.0937707,42.3758359],[-8.095576,42.3635026],[-8.0886996,42.3565345],[-8.0839784,42.3544398],[-8.0754008,42.358251],[-8.0625387,42.3574077],[-8.0650405,42.3394801],[-8.062533,42.3356119],[-8.0571089,42.3345554],[-8.0504375,42.3410893],[-8.0419163,42.3369728],[-8.0345907,42.3405096],[-8.0249396,42.3401689],[-8.0175291,42.3472195],[-8.0106248,42.343885],[-8.0057418,42.344594],[-8.0131298,42.3273357],[-8.0196774,42.3240865],[-8.0276067,42.3220456],[-8.0344724,42.3265872],[-8.0418206,42.3278703]]]},"properties":{"codmun":"32025","concello":"Cenlle","iv_medio":60,"n_nucleos":6,"n_afectados":0,"poblacion":697}},{"type":"Feature","geometry":{"type":"Polygon","coordinates":[[[-7.857365,42.4440847],[-7.850133,42.4388999],[-7.8586678,42.431713],[-7.8644402,42.4310805],[-7.8624943,42.4274539],[-7.8720025,42.4283007],[-7.8707808,42.4238331],[-7.8785113,42.4207306],[-7.8811713,42.4141529],[-7.8853855,42.4130366],[-7.8734922,42.4016239],[-7.8728229,42.3972228],[-7.8642091,42.3866867],[-7.8635294,42.379315],[-7.861152,42.3766791],[-7.8564993,42.3766517],[-7.8544,42.3722662],[-7.8495257,42.3743997],[-7.8425049,42.3701904],[-7.8339405,42.3743121],[-7.8315799,42.3783553],[-7.8207718,42.3764434],[-7.8077603,42.3800072],[-7.8000795,42.3899452],[-7.8019999,42.4006145],[-7.7971752,42.4091138],[-7.8039204,42.4204851],[-7.8146086,42.4262838],[-7.8152444,42.4320372],[-7.8210936,42.4403078],[-7.8387599,42.4387963],[-7.8451966,42.4401444],[-7.8462138,42.444972],[-7.857365,42.4440847]]]},"properties":{"codmun":"32026","concello":"Coles","iv_medio":57,"n_nucleos":17,"n_afectados":0,"poblacion":2056}},{"type":"Feature","geometry":{"type":"Polygon","coordinates":[[[-8.1618435,42.244115],[-8.1726718,42.2351901],[-8.1717484,42.2311627],[-8.1623446,42.2272662],[-8.1646059,42.2214383],[-8.183109,42.2169551],[-8.1902995,42.2129289],[-8.192196,42.2085935],[-8.1803796,42.2103988],[-8.174777,42.2037923],[-8.1775437,42.1929178],[-8.1745505,42.1838524],[-8.1615301,42.1809386],[-8.1460832,42.1833002],[-8.1407372,42.1800745],[-8.1334966,42.1795984],[-8.1267983,42.183725],[-8.1164461,42.1988181],[-8.1168402,42.2243414],[-8.1259043,42.2233414],[-8.1287323,42.227293],[-8.1428697,42.2289448],[-8.1459743,42.2309208],[-8.1458727,42.2336893],[-8.156712,42.2382516],[-8.1598305,42.2451331],[-8.1618435,42.244115]]]},"properties":{"codmun":"32027","concello":"Cortegada","iv_medio":61,"n_nucleos":3,"n_afectados":0,"poblacion":612}},{"type":"Feature","geometry":{"type":"Polygon","coordinates":[[[-7.7041425,41.9073398],[-7.6973065,41.9072073],[-7.6878191,41.9021847],[-7.6778977,41.8931362],[-7.668221,41.8933086],[-7.6654065,41.8877975],[-7.6538714,41.8811985],[-7.6254244,41.8799011],[-7.6184104,41.8850896],[-7.6075947,41.8794817],[-7.587267,41.8794543],[-7.5833231,41.8826308],[-7.5864376,41.8837216],[-7.5884677,41.8883403],[-7.5894261,41.900691],[-7.5921702,41.9036604],[-7.590333,41.906273],[-7.5936307,41.9095623],[-7.5968642,41.9087663],[-7.6198397,41.9176292],[-7.6101399,41.9288873],[-7.597125,41.9340112],[-7.5967527,41.9496115],[-7.5992912,41.9567216],[-7.5825055,41.9551164],[-7.5579586,41.9422749],[-7.5390727,41.9427816],[-7.5399215,41.9481052],[-7.5267635,41.956108],[-7.5380579,41.9727863],[-7.5325648,41.9773256],[-7.5347228,41.9801844],[-7.5289421,41.9903712],[-7.5316674,41.9966201],[-7.5369686,41.9997056],[-7.543166,42.0136589],[-7.5417696,42.0165954],[-7.5353126,42.0152756],[-7.5296699,42.0206491],[-7.5200283,42.0181847],[-7.505535,42.0223933],[-7.5074822,42.0268726],[-7.5128601,42.0288037],[-7.5150756,42.0336505],[-7.5203883,42.0368623],[-7.5202856,42.04307],[-7.528845,42.0443615],[-7.5301632,42.0532051],[-7.5252783,42.0606192],[-7.5282517,42.0669123],[-7.5465672,42.0737948],[-7.550312,42.071242],[-7.5568142,42.0717578],[-7.5574021,42.0663052],[-7.5548588,42.0609952],[-7.5577871,42.0571781],[-7.5561048,42.0463416],[-7.5589566,42.0402857],[-7.5707676,42.0331972],[-7.5871515,42.0294449],[-7.595734,42.0235366],[-7.5940674,42.0195158],[-7.5844182,42.0174804],[-7.576741,42.009441],[-7.5773215,42.0020618],[-7.5806872,41.9969932],[-7.5857083,41.9948115],[-7.5938059,41.9981426],[-7.6033868,41.9909151],[-7.6055511,41.9796096],[-7.6344323,41.9833337],[-7.6294647,41.9586215],[-7.6488503,41.9447181],[-7.6717975,41.9341237],[-7.6801193,41.9191711],[-7.7041425,41.9073398]]]},"properties":{"codmun":"32028","concello":"Cualedro","iv_medio":68,"n_nucleos":11,"n_afectados":9,"poblacion":1297}},{"type":"Feature","geometry":{"type":"Polygon","coordinates":[[[-7.35267,42.3438009],[-7.3688903,42.3377534],[-7.4029884,42.3318004],[-7.4201958,42.3222953],[-7.4332925,42.3082289],[-7.4324768,42.3031824],[-7.4279466,42.2994682],[-7.4329128,42.2979974],[-7.4371109,42.2931979],[-7.4375422,42.2734627],[-7.4348851,42.2730885],[-7.4392644,42.2669222],[-7.4379771,42.2649913],[-7.4434565,42.2431157],[-7.4628121,42.2419754],[-7.4700114,42.2373727],[-7.4647255,42.2299528],[-7.4493534,42.2174059],[-7.4428422,42.2064402],[-7.4448294,42.2049044],[-7.4400514,42.1989403],[-7.4387979,42.1953964],[-7.4409736,42.1939615],[-7.4380938,42.1877705],[-7.4197872,42.1797721],[-7.4144025,42.1843197],[-7.403453,42.1861549],[-7.3884853,42.192384],[-7.3774306,42.1727733],[-7.3697956,42.172624],[-7.3728283,42.1846455],[-7.3676044,42.1852591],[-7.3679943,42.1872251],[-7.3599758,42.1845324],[-7.3606948,42.1807324],[-7.3556576,42.1837063],[-7.3562676,42.1888784],[-7.3499199,42.1914697],[-7.3224402,42.1817868],[-7.3162133,42.1730177],[-7.3144522,42.1809265],[-7.3183331,42.1820948],[-7.3237928,42.1900734],[-7.316193,42.1935025],[-7.3068653,42.1932595],[-7.3057891,42.2009353],[-7.302122,42.2018565],[-7.2961767,42.200261],[-7.2804037,42.1888855],[-7.2723522,42.1903207],[-7.265103,42.1880338],[-7.2674025,42.1955655],[-7.2799558,42.2136002],[-7.3052947,42.2233918],[-7.3103455,42.2308461],[-7.3038105,42.2350259],[-7.3126868,42.2488289],[-7.3104384,42.2576155],[-7.3154757,42.2575476],[-7.3157578,42.2627412],[-7.3119192,42.2699],[-7.3160415,42.2833855],[-7.3271308,42.2861362],[-7.3285962,42.2972456],[-7.3496336,42.3050917],[-7.3626109,42.3070018],[-7.3535207,42.3187018],[-7.3445701,42.3203295],[-7.3395254,42.3297049],[-7.3283184,42.3350269],[-7.3367692,42.3416674],[-7.35267,42.3438009]]]},"properties":{"codmun":"32029","concello":"Chandrexa de Queixa","iv_medio":71,"n_nucleos":1,"n_afectados":0,"poblacion":118}},{"type":"Feature","geometry":{"type":"Polygon","coordinates":[[[-8.093139,42.0117631],[-8.1150304,42.0048635],[-8.1278764,42.0055601],[-8.1407603,41.9886782],[-8.1630193,41.9826918],[-8.1628337,41.9756378],[-8.1695077,41.9630391],[-8.1736463,41.9624221],[-8.1762462,41.9588819],[-8.1749676,41.9549525],[-8.1801319,41.9536827],[-8.1978863,41.9395342],[-8.2043621,41.9269762],[-8.2102795,41.9235824],[-8.2167676,41.913582],[-8.2168217,41.9052785],[-8.2142607,41.9006691],[-8.2031497,41.8985226],[-8.1901412,41.905271],[-8.1721353,41.9073461],[-8.1433226,41.900658],[-8.1420238,41.8966469],[-8.1269769,41.8963942],[-8.1165172,41.8991038],[-8.1122899,41.8959704],[-8.0926676,41.909377],[-8.0818846,41.9227666],[-8.0745624,41.9233164],[-8.073241,41.9256527],[-8.077032,41.9298153],[-8.0887872,41.9366221],[-8.0910134,41.9436717],[-8.0879892,41.9497573],[-8.0890558,41.966609],[-8.0994233,41.9678764],[-8.1030884,41.9743304],[-8.0993683,41.9975084],[-8.0982797,42.0001948],[-8.0935656,42.0008639],[-8.0971331,42.0023076],[-8.093139,42.0117631]]]},"properties":{"codmun":"32030","concello":"Entrimo","iv_medio":64,"n_nucleos":6,"n_afectados":2,"poblacion":793}},{"type":"Feature","geometry":{"type":"Polygon","coordinates":[[[-7.7529498,42.3139102],[-7.745389,42.3239458],[-7.7400064,42.3233586],[-7.7268704,42.3308437],[-7.7277082,42.3327898],[-7.7219511,42.3429133],[-7.7279968,42.362489],[-7.7179173,42.3636968],[-7.714355,42.3662832],[-7.7036843,42.3589715],[-7.6790073,42.3521505],[-7.6616517,42.3664362],[-7.6540888,42.3671477],[-7.6425435,42.3602086],[-7.6558998,42.3349693],[-7.6666434,42.3230701],[-7.6692469,42.3148158],[-7.6834197,42.30752],[-7.6919009,42.3067404],[-7.7068239,42.3004553],[-7.7109497,42.3048683],[-7.7232839,42.3050171],[-7.742532,42.3091997],[-7.7452945,42.3048086],[-7.7464264,42.3064723],[-7.7518388,42.3052213],[-7.7529498,42.3139102]]]},"properties":{"codmun":"32031","concello":"Esgos","iv_medio":63,"n_nucleos":4,"n_afectados":0,"poblacion":679}},{"type":"Feature","geometry":{"type":"Polygon","coordinates":[[[-7.6636022,41.9673658],[-7.6609069,41.9691142],[-7.6586633,41.9778759],[-7.6554833,41.9797699],[-7.6576931,41.9872251],[-7.6693426,41.9899111],[-7.6723851,41.9895979],[-7.6728421,41.9874364],[-7.6851073,41.9878178],[-7.7010656,41.979853],[-7.6993488,41.9948694],[-7.7106326,42.0025271],[-7.7110623,42.0078485],[-7.7197652,42.0156564],[-7.7398681,42.0163118],[-7.7565396,42.0119202],[-7.7636996,42.0125769],[-7.7676333,42.0015821],[-7.7662123,42.0001737],[-7.770305,41.9953485],[-7.7799653,41.9936402],[-7.7875711,41.9973651],[-7.7936088,41.9965993],[-7.7864556,42.0141671],[-7.7877809,42.0171819],[-7.797468,42.0132292],[-7.7987918,42.0154156],[-7.797031,42.0167228],[-7.8035829,42.0256316],[-7.8031725,42.0619506],[-7.7573605,42.0623235],[-7.7518812,42.0724278],[-7.7227633,42.0916844],[-7.6835504,42.1246362],[-7.6482953,42.103339],[-7.6326242,42.1067922],[-7.6225276,42.0645863],[-7.6254983,42.0602436],[-7.6316048,42.0603119],[-7.6549162,42.0681362],[-7.6585607,42.0632882],[-7.6832016,42.0521901],[-7.6751637,42.0375006],[-7.675435,42.0339602],[-7.6577543,42.0268655],[-7.6572798,42.0079952],[-7.652368,42.0028917],[-7.6549226,41.9935773],[-7.6425341,41.9971503],[-7.6369144,41.9935694],[-7.6294647,41.9586215],[-7.6491652,41.9453986],[-7.6636022,41.9673658]]]},"properties":{"codmun":"32032","concello":"Xinzo de Limia","iv_medio":51,"n_nucleos":20,"n_afectados":2,"poblacion":9272}},{"type":"Feature","geometry":{"type":"Polygon","coordinates":[[[-8.1094183,42.2263297],[-8.117831,42.2307431],[-8.1189854,42.2271984],[-8.1167789,42.2265769],[-8.1174033,42.2188785],[-8.1152896,42.2164073],[-8.1164461,42.1988181],[-8.1267983,42.183725],[-8.1145741,42.1660685],[-8.1179641,42.1524575],[-8.1095877,42.1506081],[-8.1060422,42.1466971],[-8.0869407,42.1543993],[-8.0771954,42.1627908],[-8.0689243,42.164832],[-8.0688177,42.1668264],[-8.0764123,42.1752135],[-8.07596,42.1846686],[-8.0803664,42.1911531],[-8.0742697,42.2002734],[-8.0823881,42.1986887],[-8.0850973,42.2037719],[-8.0830907,42.2134581],[-8.073224,42.2227099],[-8.0792247,42.2247303],[-8.0771362,42.2293425],[-8.0810934,42.2303462],[-8.0940721,42.2242412],[-8.0993923,42.2289287],[-8.1047009,42.2294122],[-8.1094183,42.2263297]]]},"properties":{"codmun":"32033","concello":"Gomesende","iv_medio":66,"n_nucleos":1,"n_afectados":0,"poblacion":52}},{"type":"Feature","geometry":{"type":"Polygon","coordinates":[[[-7.2685677,42.067476],[-7.2678395,42.0544017],[-7.274771,42.0352887],[-7.2642481,42.0188343],[-7.2526118,42.0118385],[-7.2405864,42.0102043],[-7.2358967,42.0070373],[-7.2288756,41.990558],[-7.2350875,41.9855924],[-7.2346874,41.9804748],[-7.2229942,41.9784753],[-7.215335,41.9832774],[-7.2075045,41.9833041],[-7.2052698,41.985286],[-7.1969203,41.9816483],[-7.1927826,41.9756139],[-7.1849246,41.9724672],[-7.1782132,41.9800907],[-7.1649069,41.979625],[-7.1583978,41.9762129],[-7.1519336,41.9866084],[-7.1414588,41.9907578],[-7.1189959,41.9865873],[-7.1152229,41.983986],[-7.1050275,41.992793],[-7.0797593,42.0030869],[-7.0782416,42.0114429],[-7.0830661,42.0249306],[-7.0777635,42.0294415],[-7.0735175,42.043306],[-7.0596896,42.0623007],[-7.0580537,42.0760542],[-7.0871114,42.0860604],[-7.1040935,42.0740538],[-7.1111047,42.0720196],[-7.1284367,42.077258],[-7.164657,42.0997269],[-7.1651279,42.0982421],[-7.1695876,42.1017175],[-7.1898093,42.1056527],[-7.1923534,42.1038939],[-7.2034304,42.1099438],[-7.2136201,42.1025912],[-7.2099855,42.0970072],[-7.2199909,42.0947481],[-7.2167236,42.0905105],[-7.22189,42.0873038],[-7.2201841,42.079272],[-7.2294388,42.0761303],[-7.2301906,42.0718076],[-7.2332827,42.0696044],[-7.2455785,42.0660699],[-7.2685677,42.067476]]]},"properties":{"codmun":"32034","concello":"A Gudiña","iv_medio":61,"n_nucleos":4,"n_afectados":0,"poblacion":1002}},{"type":"Feature","geometry":{"type":"Polygon","coordinates":[[[-8.0593779,42.5486874],[-8.0648226,42.5523174],[-8.0775518,42.553274],[-8.0904957,42.5577577],[-8.095462,42.5537012],[-8.1114904,42.5558303],[-8.1298168,42.5524163],[-8.13565,42.554351],[-8.1468354,42.5486712],[-8.1616819,42.5574184],[-8.165863,42.5651249],[-8.1738597,42.5719742],[-8.18647,42.5651276],[-8.1883298,42.5621533],[-8.1843139,42.556907],[-8.199345,42.5518397],[-8.217575,42.5338664],[-8.2264054,42.5385055],[-8.2353948,42.5388592],[-8.2314298,42.5317756],[-8.2370358,42.5282238],[-8.2381659,42.5206458],[-8.2447069,42.5149082],[-8.2490228,42.504708],[-8.2385928,42.50976],[-8.2374014,42.5123894],[-8.2258123,42.5117497],[-8.230551,42.5100654],[-8.2320999,42.4978859],[-8.2150408,42.4915716],[-8.2125952,42.4871818],[-8.1957167,42.4843043],[-8.1890757,42.4801947],[-8.1744579,42.4827121],[-8.1635868,42.4882003],[-8.1599282,42.4829189],[-8.1532815,42.4790055],[-8.1522097,42.47322],[-8.1391264,42.4785805],[-8.1254729,42.4584152],[-8.1167363,42.453414],[-8.109515,42.4541602],[-8.0998006,42.4693946],[-8.080493,42.45278],[-8.0795573,42.4599878],[-8.0756694,42.464977],[-8.0782956,42.4666249],[-8.0771541,42.4718973],[-8.0696248,42.486753],[-8.0648049,42.4903248],[-8.066672,42.4935551],[-8.0503859,42.510481],[-8.0565847,42.5156626],[-8.0662663,42.5187539],[-8.06798,42.528641],[-8.0593779,42.5486874]]]},"properties":{"codmun":"32035","concello":"O Irixo","iv_medio":72,"n_nucleos":4,"n_afectados":1,"poblacion":291}},{"type":"Feature","geometry":{"type":"Polygon","coordinates":[[[-7.7615116,42.1701212],[-7.7545749,42.1727941],[-7.7441728,42.2055661],[-7.749657,42.2061398],[-7.7589636,42.2116954],[-7.7598168,42.2167559],[-7.769121,42.2208083],[-7.7679099,42.2236937],[-7.773705,42.2378755],[-7.7633473,42.2423946],[-7.7504833,42.2419659],[-7.7469469,42.2442465],[-7.7359177,42.2422725],[-7.734812,42.2360879],[-7.7310226,42.2338587],[-7.7298452,42.2286493],[-7.7329545,42.2240641],[-7.7308388,42.2189386],[-7.723414,42.2163462],[-7.721881,42.2096028],[-7.7187259,42.2091928],[-7.7159392,42.2039776],[-7.7037865,42.1962305],[-7.6976802,42.1860998],[-7.6858274,42.1842541],[-7.6794164,42.1923494],[-7.670294,42.1942436],[-7.6561261,42.180064],[-7.6650568,42.1573447],[-7.665314,42.1473583],[-7.6769119,42.1343343],[-7.6847527,42.1315827],[-7.6835504,42.1246362],[-7.6862621,42.1227065],[-7.7013466,42.1362956],[-7.7079707,42.1362305],[-7.7088826,42.1411809],[-7.7118227,42.141024],[-7.7143216,42.1442073],[-7.7417138,42.1479559],[-7.7475022,42.1573947],[-7.7501933,42.1584265],[-7.7540775,42.1542318],[-7.7689276,42.1597454],[-7.7661256,42.1683433],[-7.7615116,42.1701212]]]},"properties":{"codmun":"32036","concello":"Xunqueira de Ambía","iv_medio":63,"n_nucleos":5,"n_afectados":0,"poblacion":665}},{"type":"Feature","geometry":{"type":"Polygon","coordinates":[[[-7.6123696,42.3019688],[-7.6313002,42.2915264],[-7.6532565,42.2911223],[-7.6617803,42.2980047],[-7.6703343,42.31361],[-7.6666434,42.3230701],[-7.6558998,42.3349693],[-7.6447688,42.3536808],[-7.6425435,42.3602086],[-7.645455,42.3633046],[-7.6335324,42.3545596],[-7.6107659,42.3501673],[-7.61275,42.3484217],[-7.6111613,42.3403195],[-7.6139157,42.3371653],[-7.6102867,42.3335121],[-7.6091583,42.3184226],[-7.6054176,42.3172047],[-7.6058718,42.3069854],[-7.6123696,42.3019688]]]},"properties":{"codmun":"32037","concello":"Xunqueira de Espadanedo","iv_medio":63,"n_nucleos":3,"n_afectados":0,"poblacion":453}},{"type":"Feature","geometry":{"type":"Polygon","coordinates":[[[-7.1553191,42.383371],[-7.1450767,42.3766743],[-7.1446413,42.3672989],[-7.1381255,42.3614569],[-7.1391682,42.354234],[-7.1338404,42.3446392],[-7.1366387,42.3354375],[-7.1542647,42.3312373],[-7.1621128,42.3335412],[-7.1675892,42.3318225],[-7.1671592,42.3297365],[-7.176971,42.33097],[-7.1782546,42.32737],[-7.198122,42.3328565],[-7.193945,42.3446226],[-7.1957368,42.3525705],[-7.1905158,42.3640437],[-7.1823165,42.3656312],[-7.1857093,42.3713688],[-7.1821223,42.3760469],[-7.1718534,42.3792309],[-7.1677175,42.3925094],[-7.163661,42.38793],[-7.1637864,42.3845039],[-7.1553191,42.383371]]]},"properties":{"codmun":"32038","concello":"Larouco","iv_medio":67,"n_nucleos":2,"n_afectados":1,"poblacion":409}},{"type":"Feature","geometry":{"type":"Polygon","coordinates":[[[-7.3904595,42.0974422],[-7.3858994,42.0888931],[-7.3739384,42.0802025],[-7.369494,42.0700536],[-7.3713833,42.0678296],[-7.3846601,42.0660256],[-7.3951623,42.0567812],[-7.3980054,42.0477492],[-7.392618,42.0402306],[-7.4013594,42.0347629],[-7.4160689,42.0310904],[-7.4254739,42.0260095],[-7.4286308,42.0189635],[-7.4352938,42.0175442],[-7.4399996,42.0195769],[-7.4464295,42.0145123],[-7.4552966,42.0181726],[-7.4579517,42.0155663],[-7.4550279,42.0112231],[-7.4650703,42.0091214],[-7.4790116,42.0159513],[-7.4892333,42.0184504],[-7.4986005,42.0163632],[-7.504435,42.0201586],[-7.5074822,42.0268726],[-7.5128601,42.0288037],[-7.5150756,42.0336505],[-7.5203883,42.0368623],[-7.5202856,42.04307],[-7.528845,42.0443615],[-7.5301632,42.0532051],[-7.5252783,42.0606192],[-7.5282517,42.0669123],[-7.5465672,42.0737948],[-7.550312,42.071242],[-7.5568142,42.0717578],[-7.553268,42.0812987],[-7.5530865,42.0951266],[-7.5639898,42.127745],[-7.563692,42.1328529],[-7.5615237,42.1405475],[-7.5500128,42.1303451],[-7.54312,42.1291873],[-7.5392651,42.1258557],[-7.5211027,42.1287983],[-7.5086837,42.1261187],[-7.5054043,42.1322263],[-7.500933,42.1329694],[-7.4954125,42.1392188],[-7.4820192,42.1455333],[-7.4797224,42.1630275],[-7.4686213,42.1677831],[-7.464176,42.1724047],[-7.4621024,42.1795352],[-7.4668825,42.1862096],[-7.4571816,42.204046],[-7.4395464,42.1879393],[-7.4333355,42.1870725],[-7.4197872,42.1797721],[-7.4144025,42.1843197],[-7.403453,42.1861549],[-7.3884853,42.192384],[-7.3774306,42.1727733],[-7.3821848,42.1688732],[-7.3859621,42.1610212],[-7.3796539,42.1536183],[-7.3751145,42.1425459],[-7.3767637,42.1317322],[-7.3701438,42.1248359],[-7.3688339,42.1167013],[-7.3535935,42.109079],[-7.350874,42.1004485],[-7.357299,42.0924158],[-7.3822844,42.0932634],[-7.3904595,42.0974422]]]},"properties":{"codmun":"32039","concello":"Laza","iv_medio":70,"n_nucleos":7,"n_afectados":0,"poblacion":795}},{"type":"Feature","geometry":{"type":"Polygon","coordinates":[[[-8.1068073,42.369424],[-8.1122693,42.3588862],[-8.1207352,42.3567152],[-8.1198149,42.3509232],[-8.1243513,42.341348],[-8.1218491,42.3359504],[-8.1289401,42.3374961],[-8.1313963,42.3353243],[-8.1367856,42.3424826],[-8.1487281,42.3433858],[-8.1503534,42.347823],[-8.1582475,42.3499609],[-8.1635433,42.3479393],[-8.1741388,42.3522227],[-8.1766148,42.3547304],[-8.1744702,42.3572853],[-8.1854762,42.3699036],[-8.1935395,42.3716892],[-8.2000824,42.3776936],[-8.2048976,42.3749897],[-8.2124569,42.3636529],[-8.2155762,42.3630605],[-8.2172867,42.381627],[-8.2065841,42.3932964],[-8.2025892,42.3937484],[-8.2033522,42.3968016],[-8.199599,42.3978277],[-8.2016038,42.4013555],[-8.1931373,42.3990037],[-8.1817306,42.4039958],[-8.1746461,42.4016069],[-8.1716298,42.397134],[-8.1458733,42.393939],[-8.1396458,42.3896728],[-8.1337624,42.3909454],[-8.1260528,42.3871051],[-8.1218646,42.3819091],[-8.1146672,42.3889655],[-8.1063545,42.3878271],[-8.0997931,42.380474],[-8.1064249,42.373768],[-8.1068073,42.369424]]]},"properties":{"codmun":"32040","concello":"Leiro","iv_medio":68,"n_nucleos":8,"n_afectados":0,"poblacion":1188}},{"type":"Feature","geometry":{"type":"Polygon","coordinates":[[[-8.0643814,42.0603727],[-8.0717234,42.0647203],[-8.0812741,42.0582916],[-8.083525,42.0536541],[-8.0871997,42.053541],[-8.0844552,42.0473336],[-8.0827652,42.0282451],[-8.0860348,42.0164922],[-8.093139,42.0117631],[-8.0971331,42.0023076],[-8.0933834,42.0005479],[-8.0894996,41.9842627],[-8.0820824,41.9738693],[-8.0740132,41.9685911],[-8.0582385,41.9608978],[-8.0483663,41.960226],[-8.0506516,41.9497804],[-8.0577133,41.947272],[-8.0556122,41.9422149],[-8.042059,41.9472689],[-8.0389209,41.9434185],[-8.0323069,41.9442675],[-8.0272401,41.9488387],[-8.0162352,41.9483038],[-8.0164488,41.9510225],[-8.0112803,41.9541659],[-8.0014205,41.9554794],[-7.9998166,41.9574851],[-8.0020014,41.9648895],[-8.0085347,41.9683583],[-8.0171649,41.9685657],[-8.0225506,41.9739928],[-8.0225494,41.9822489],[-8.0197791,41.9847653],[-8.0054857,41.9816186],[-8.0015953,41.9849398],[-7.99411,41.9855096],[-7.987504,42.0013284],[-7.9947841,42.003658],[-8.0122898,42.0158126],[-8.0150576,42.0233621],[-8.0248493,42.0323772],[-8.0270224,42.0378728],[-8.034886,42.0410925],[-8.0404209,42.0492129],[-8.0453009,42.0521041],[-8.0528085,42.0523311],[-8.0643814,42.0603727]]]},"properties":{"codmun":"32041","concello":"Lobeira","iv_medio":76,"n_nucleos":2,"n_afectados":0,"poblacion":162}},{"type":"Feature","geometry":{"type":"Polygon","coordinates":[[[-8.2142607,41.9006691],[-8.2149579,41.8978647],[-8.2054879,41.8936538],[-8.2012919,41.8881108],[-8.1979601,41.8795152],[-8.2007388,41.878196],[-8.2000178,41.8736997],[-8.1925206,41.8766186],[-8.1828773,41.8750091],[-8.1717214,41.8790917],[-8.1693036,41.8765277],[-8.1663848,41.8623601],[-8.1617724,41.8609751],[-8.1650131,41.8181132],[-8.1543332,41.8179825],[-8.1309028,41.8088605],[-8.1243947,41.8086243],[-8.1166494,41.8126587],[-8.1045474,41.8117878],[-8.0939171,41.8080354],[-8.0904196,41.8123889],[-8.0839276,41.810651],[-8.0655028,41.8174395],[-8.0576572,41.8157174],[-8.0534275,41.8206312],[-8.0508384,41.8194158],[-8.0413348,41.8251893],[-8.038677,41.8299592],[-8.0193637,41.832072],[-8.0140579,41.8289924],[-8.0059762,41.8470605],[-7.9957208,41.8525126],[-7.9956,41.8579915],[-7.9893947,41.8595118],[-7.9876925,41.8692157],[-7.980195,41.8723699],[-7.9924444,41.8849521],[-7.9940451,41.8912566],[-8.0168413,41.900758],[-8.0192657,41.9047753],[-8.0172806,41.9186373],[-8.018847,41.9200091],[-8.0272902,41.9214485],[-8.0335034,41.9190599],[-8.0324476,41.9145327],[-8.0371626,41.9119576],[-8.0391912,41.9184227],[-8.0448329,41.9246837],[-8.049009,41.9224559],[-8.0543399,41.9313231],[-8.0490321,41.9390659],[-8.0578079,41.9439006],[-8.0577133,41.947272],[-8.0506516,41.9497804],[-8.0483663,41.960226],[-8.0582385,41.9608978],[-8.0820824,41.9738693],[-8.0894996,41.9842627],[-8.0935656,42.0008639],[-8.0982797,42.0001948],[-8.0993683,41.9975084],[-8.1030884,41.9743304],[-8.0994233,41.9678764],[-8.0890558,41.966609],[-8.0879892,41.9497573],[-8.0910134,41.9436717],[-8.0887872,41.9366221],[-8.077032,41.9298153],[-8.073241,41.9256527],[-8.0745624,41.9233164],[-8.0818846,41.9227666],[-8.0926676,41.909377],[-8.1122899,41.8959704],[-8.1165172,41.8991038],[-8.1269769,41.8963942],[-8.1420238,41.8966469],[-8.1433226,41.900658],[-8.1721353,41.9073461],[-8.1901412,41.905271],[-8.2031497,41.8985226],[-8.2142607,41.9006691]]]},"properties":{"codmun":"32042","concello":"Lobios","iv_medio":67,"n_nucleos":6,"n_afectados":1,"poblacion":1068}},{"type":"Feature","geometry":{"type":"Polygon","coordinates":[[[-7.6703343,42.31361],[-7.7068239,42.3004553],[-7.6995645,42.2984128],[-7.6964209,42.2930048],[-7.6913774,42.2917171],[-7.6950481,42.2825451],[-7.705062,42.2768398],[-7.705832,42.2748094],[-7.7015026,42.2746272],[-7.7045757,42.2647862],[-7.6754632,42.2658082],[-7.6546635,42.2506929],[-7.6358044,42.2470287],[-7.6235203,42.2376397],[-7.6175986,42.2279028],[-7.6122119,42.2272917],[-7.5835618,42.2110838],[-7.5719423,42.2118546],[-7.5723315,42.2093631],[-7.5539147,42.2004995],[-7.536885,42.1979074],[-7.5241144,42.1991512],[-7.5183411,42.1968132],[-7.5072632,42.2039757],[-7.5052335,42.2111865],[-7.4996708,42.2113063],[-7.5082912,42.2224828],[-7.5098389,42.2363685],[-7.5294564,42.2404468],[-7.5303087,42.2457432],[-7.5563728,42.258322],[-7.5566501,42.2680438],[-7.5590196,42.2719831],[-7.5736214,42.2724086],[-7.5742055,42.2814611],[-7.5810706,42.2966906],[-7.5732641,42.3127952],[-7.5897749,42.3113057],[-7.5939991,42.3165023],[-7.6197279,42.2962798],[-7.6313002,42.2915264],[-7.6532565,42.2911223],[-7.6617803,42.2980047],[-7.6703343,42.31361]]]},"properties":{"codmun":"32043","concello":"Maceda","iv_medio":58,"n_nucleos":6,"n_afectados":0,"poblacion":2141}},{"type":"Feature","geometry":{"type":"Polygon","coordinates":[[[-7.3038105,42.2350259],[-7.3126868,42.2488289],[-7.3104384,42.2576155],[-7.3059965,42.2616232],[-7.2939682,42.2645962],[-7.2882515,42.263775],[-7.2834111,42.2669366],[-7.2673232,42.2828803],[-7.266812,42.2911019],[-7.2619893,42.2985208],[-7.2574464,42.2984198],[-7.2536227,42.3061072],[-7.2439552,42.3124177],[-7.2382303,42.3115314],[-7.2214738,42.3192728],[-7.2142674,42.3178276],[-7.2154453,42.319477],[-7.2117115,42.3218834],[-7.2117847,42.3273372],[-7.2037764,42.3254539],[-7.198122,42.3328565],[-7.1782546,42.32737],[-7.176971,42.33097],[-7.1671592,42.3297365],[-7.1666405,42.326551],[-7.1701406,42.3235833],[-7.1705757,42.3196845],[-7.1747667,42.317591],[-7.166997,42.3134531],[-7.171722,42.3078062],[-7.1662342,42.3069178],[-7.1544429,42.3126314],[-7.1333664,42.3156416],[-7.1361242,42.3083581],[-7.1460106,42.3074173],[-7.1502442,42.3040355],[-7.1466858,42.291157],[-7.1364078,42.2920723],[-7.1343567,42.2898744],[-7.1348754,42.28405],[-7.1377486,42.2805707],[-7.1308544,42.2760687],[-7.1311725,42.271227],[-7.1364321,42.2668915],[-7.1513403,42.2624168],[-7.157675,42.2574096],[-7.1621216,42.2483869],[-7.1732252,42.2454081],[-7.1877287,42.237324],[-7.1904429,42.231291],[-7.2161507,42.2236301],[-7.2445728,42.2269109],[-7.2630641,42.217805],[-7.2799558,42.2136002],[-7.3052947,42.2233918],[-7.3103455,42.2308461],[-7.3038105,42.2350259]]]},"properties":{"codmun":"32044","concello":"Manzaneda","iv_medio":68,"n_nucleos":4,"n_afectados":0,"poblacion":359}},{"type":"Feature","geometry":{"type":"Polygon","coordinates":[[[-8.0031787,42.3958352],[-8.0259319,42.3922345],[-8.0330576,42.3861231],[-8.0527004,42.3914778],[-8.0598057,42.4002295],[-8.0611293,42.4107763],[-8.0691079,42.4232249],[-8.0656959,42.4285258],[-8.0333663,42.4437733],[-8.0234001,42.441817],[-7.9964339,42.4540993],[-7.9817697,42.4499407],[-7.9795411,42.4526418],[-7.9799725,42.4461387],[-7.9727115,42.4436369],[-7.9734002,42.4353061],[-7.9755327,42.4347632],[-7.9768893,42.4267365],[-7.9820405,42.4251887],[-7.9752541,42.4177596],[-7.9806783,42.4124638],[-7.981247,42.4058488],[-7.9850819,42.4022785],[-7.9840858,42.3987568],[-7.9897562,42.3923064],[-7.9921354,42.390456],[-8.0031787,42.3958352]]]},"properties":{"codmun":"32045","concello":"Maside","iv_medio":56,"n_nucleos":12,"n_afectados":1,"poblacion":1829}},{"type":"Feature","geometry":{"type":"Polygon","coordinates":[[[-8.2619575,42.3153802],[-8.2615598,42.3089086],[-8.2664737,42.2987704],[-8.2673808,42.2872772],[-8.272903,42.2824133],[-8.2679672,42.2719457],[-8.2685975,42.2635262],[-8.264581,42.252863],[-8.2504656,42.2453107],[-8.2416662,42.2449852],[-8.2331108,42.2335655],[-8.2121194,42.2358027],[-8.2034482,42.2445161],[-8.183655,42.2433985],[-8.1856388,42.2625384],[-8.1887626,42.2670691],[-8.1862461,42.2715496],[-8.1742855,42.2656815],[-8.1686185,42.2691518],[-8.1635318,42.2763137],[-8.1613395,42.2751523],[-8.159368,42.277726],[-8.1638396,42.2905872],[-8.1764423,42.2938886],[-8.1818142,42.3003793],[-8.1903273,42.3034682],[-8.213632,42.2957818],[-8.2238045,42.3099559],[-8.2456106,42.3097856],[-8.2619575,42.3153802]]]},"properties":{"codmun":"32046","concello":"Melón","iv_medio":71,"n_nucleos":7,"n_afectados":2,"poblacion":787}},{"type":"Feature","geometry":{"type":"Polygon","coordinates":[[[-7.879097,42.1754143],[-7.891818,42.1725301],[-7.9046271,42.180553],[-7.9106755,42.1795644],[-7.9188177,42.1821587],[-7.9175765,42.1856603],[-7.9214687,42.1891662],[-7.9136003,42.2029011],[-7.8996782,42.2112319],[-7.9028982,42.214182],[-7.9172297,42.2179696],[-7.926251,42.2145204],[-7.9397439,42.2160814],[-7.9437374,42.2188259],[-7.9477592,42.2276551],[-7.9629202,42.2323642],[-7.9600363,42.2362166],[-7.9607965,42.2471314],[-7.9636472,42.2519504],[-7.9522501,42.2642385],[-7.9447968,42.2670367],[-7.9376644,42.2553527],[-7.9110612,42.259541],[-7.9044868,42.2443376],[-7.8904791,42.2396343],[-7.8785714,42.249704],[-7.8720376,42.2494421],[-7.8629062,42.2439245],[-7.8616064,42.228134],[-7.8643508,42.2198785],[-7.8711249,42.2159147],[-7.8668411,42.2114437],[-7.8720527,42.2057747],[-7.8738055,42.1976524],[-7.8647776,42.1951914],[-7.864252,42.1911893],[-7.8606217,42.1932612],[-7.855637,42.1907809],[-7.8561622,42.1818453],[-7.8496156,42.1720005],[-7.8571115,42.1531836],[-7.8580032,42.1611857],[-7.8620803,42.1682692],[-7.8694385,42.1732923],[-7.879097,42.1754143]]]},"properties":{"codmun":"32047","concello":"A Merca","iv_medio":61,"n_nucleos":11,"n_afectados":0,"poblacion":1401}},{"type":"Feature","geometry":{"type":"Polygon","coordinates":[[[-7.1152229,41.983986],[-7.0875102,41.9734771],[-7.0806778,41.9574524],[-7.0734424,41.9500022],[-7.0537425,41.9490797],[-7.0430594,41.9550431],[-7.0364139,41.9510821],[-7.0062384,41.9505655],[-6.9999064,41.961802],[-6.983544,41.9718481],[-6.9911751,41.9840196],[-6.9911077,41.9883441],[-6.987062,41.9969941],[-6.979513,42.0002099],[-6.9763098,42.0090464],[-6.9704869,42.0140297],[-6.9664495,42.0238493],[-6.9610983,42.0279063],[-6.9646926,42.0337183],[-6.973101,42.0391064],[-6.9747916,42.0551566],[-6.9946872,42.0514392],[-7.0118319,42.0524159],[-7.0220559,42.0608727],[-7.031006,42.0632955],[-7.0340431,42.0715536],[-7.0588346,42.0765488],[-7.0596896,42.0623007],[-7.0735175,42.043306],[-7.0777635,42.0294415],[-7.0830661,42.0249306],[-7.0782416,42.0114429],[-7.0797593,42.0030869],[-7.1050275,41.992793],[-7.1152229,41.983986]]]},"properties":{"codmun":"32048","concello":"A Mezquita","iv_medio":65,"n_nucleos":7,"n_afectados":0,"poblacion":902}},{"type":"Feature","geometry":{"type":"Polygon","coordinates":[[[-7.6107659,42.3501673],[-7.61275,42.3484217],[-7.6111613,42.3403195],[-7.6139157,42.3371653],[-7.6102867,42.3335121],[-7.6091583,42.3184226],[-7.6054176,42.3172047],[-7.6058718,42.3069854],[-7.5939991,42.3165023],[-7.5897749,42.3113057],[-7.5730787,42.3125777],[-7.5810706,42.2966906],[-7.5742055,42.2814611],[-7.5736214,42.2724086],[-7.5590196,42.2719831],[-7.5566501,42.2680438],[-7.5563728,42.258322],[-7.5303087,42.2457432],[-7.5294564,42.2404468],[-7.5098389,42.2363685],[-7.5082912,42.2224828],[-7.4996708,42.2113063],[-7.4842285,42.2030977],[-7.4834884,42.1957256],[-7.4644737,42.1898139],[-7.4571816,42.204046],[-7.449282,42.1983028],[-7.4459124,42.1923922],[-7.4380938,42.1877705],[-7.4409736,42.1939615],[-7.4387979,42.1953964],[-7.4400514,42.1989403],[-7.4448294,42.2049044],[-7.4428422,42.2064402],[-7.4493534,42.2174059],[-7.4647255,42.2299528],[-7.4705448,42.2384245],[-7.4628121,42.2419754],[-7.4434565,42.2431157],[-7.4379771,42.2649913],[-7.4392644,42.2669222],[-7.4348851,42.2730885],[-7.4375422,42.2734627],[-7.4371109,42.2931979],[-7.4329128,42.2979974],[-7.4279466,42.2994682],[-7.4333102,42.3062384],[-7.4298446,42.3106044],[-7.4374612,42.3085175],[-7.4436024,42.3118357],[-7.44493,42.3181047],[-7.4520322,42.3238358],[-7.4568438,42.3347484],[-7.4462501,42.3428317],[-7.4489852,42.3461771],[-7.4657385,42.3491677],[-7.472718,42.345886],[-7.4780176,42.3289156],[-7.4935745,42.3282516],[-7.4991204,42.3299605],[-7.5004374,42.3422797],[-7.510124,42.3468773],[-7.5115083,42.3387554],[-7.5187912,42.3355598],[-7.5237254,42.3363372],[-7.5394137,42.3282158],[-7.5423541,42.3299539],[-7.5458303,42.3254941],[-7.5524506,42.3256],[-7.5620181,42.3171427],[-7.5712442,42.3186298],[-7.5721502,42.3285419],[-7.5797179,42.3344967],[-7.5967656,42.338792],[-7.6107659,42.3501673]]]},"properties":{"codmun":"32049","concello":"Montederramo","iv_medio":67,"n_nucleos":1,"n_afectados":0,"poblacion":135}},{"type":"Feature","geometry":{"type":"Polygon","coordinates":[[[-7.5858733,41.8818712],[-7.584037,41.8771439],[-7.5757982,41.8791679],[-7.5583258,41.8776044],[-7.5471506,41.8812357],[-7.5291721,41.8817136],[-7.5166058,41.8946889],[-7.5154154,41.9029203],[-7.5196138,41.9024666],[-7.5163464,41.9126887],[-7.5069974,41.9168654],[-7.4958698,41.9151417],[-7.491795,41.918912],[-7.4816412,41.9150868],[-7.4619378,41.9184578],[-7.461542,41.9217686],[-7.4743321,41.9430952],[-7.4723715,41.9504018],[-7.4578263,41.9524903],[-7.4450466,41.9424259],[-7.4447379,41.962172],[-7.4470518,41.9688579],[-7.4408131,41.9796223],[-7.440343,41.9874288],[-7.4527237,41.9939713],[-7.4650703,42.0091214],[-7.4790116,42.0159513],[-7.4892333,42.0184504],[-7.4986005,42.0163632],[-7.5055374,42.021916],[-7.5200283,42.0181847],[-7.5296699,42.0206491],[-7.5353126,42.0152756],[-7.5417696,42.0165954],[-7.5433939,42.0126234],[-7.5392862,42.0083474],[-7.5369686,41.9997056],[-7.5309073,41.9956057],[-7.5284193,41.9884471],[-7.5347228,41.9801844],[-7.5325648,41.9773256],[-7.5380579,41.9727863],[-7.5267635,41.956108],[-7.5399215,41.9481052],[-7.5390727,41.9427816],[-7.5579586,41.9422749],[-7.5825055,41.9551164],[-7.5992912,41.9567216],[-7.5967527,41.9496115],[-7.597125,41.9340112],[-7.6101399,41.9288873],[-7.6198397,41.9176292],[-7.5968642,41.9087663],[-7.5936307,41.9095623],[-7.590333,41.906273],[-7.5921702,41.9036604],[-7.5894261,41.900691],[-7.5884677,41.8883403],[-7.5864376,41.8837216],[-7.5833482,41.8829809],[-7.5858733,41.8818712]]]},"properties":{"codmun":"32050","concello":"Monterrei","iv_medio":66,"n_nucleos":15,"n_afectados":11,"poblacion":2410}},{"type":"Feature","geometry":{"type":"Polygon","coordinates":[[[-7.980195,41.8723699],[-7.9714954,41.8763689],[-7.9692187,41.8743854],[-7.9581473,41.8754724],[-7.9488425,41.8710097],[-7.9441262,41.871571],[-7.9284888,41.877843],[-7.9212523,41.8777912],[-7.9196918,41.8801933],[-7.9213046,41.8818142],[-7.9100881,41.9073451],[-7.9097496,41.9224584],[-7.9057809,41.9273665],[-7.9082932,41.9286814],[-7.9104874,41.9501595],[-7.9027874,41.9645348],[-7.8951191,41.9671047],[-7.9047507,41.9759481],[-7.9097633,41.9843225],[-7.9029472,41.9871716],[-7.8996391,41.9935885],[-7.9026321,42.0028419],[-7.916091,42.0028411],[-7.9313914,42.006982],[-7.9323084,42.0012074],[-7.9443473,41.99489],[-7.9455918,41.9921083],[-7.9430455,41.9893101],[-7.9519146,41.9770244],[-7.95609,41.9809133],[-7.9684179,41.9836473],[-7.9741675,41.9813989],[-7.9780078,41.9768023],[-7.976001,41.9742786],[-7.9825956,41.9675723],[-7.9956502,41.9662022],[-7.9938623,41.9623187],[-8.0006822,41.9605265],[-8.0014205,41.9554794],[-8.0112803,41.9541659],[-8.0164488,41.9510225],[-8.0162352,41.9483038],[-8.0272401,41.9488387],[-8.0316396,41.9445219],[-8.0383313,41.9432824],[-8.0402739,41.9469604],[-8.0441063,41.9470798],[-8.0556122,41.9422149],[-8.0490321,41.9390659],[-8.0543399,41.9313231],[-8.049009,41.9224559],[-8.0448329,41.9246837],[-8.0391912,41.9184227],[-8.0371626,41.9119576],[-8.0324476,41.9145327],[-8.0335034,41.9190599],[-8.0272902,41.9214485],[-8.018847,41.9200091],[-8.0172806,41.9186373],[-8.0192657,41.9047753],[-8.0168413,41.900758],[-7.9940451,41.8912566],[-7.9924444,41.8849521],[-7.980195,41.8723699]]]},"properties":{"codmun":"32051","concello":"Muíños","iv_medio":66,"n_nucleos":10,"n_afectados":3,"poblacion":921}},{"type":"Feature","geometry":{"type":"Polygon","coordinates":[[[-7.6335324,42.3545596],[-7.6540888,42.3671477],[-7.6650643,42.3648115],[-7.6790073,42.3521505],[-7.7036843,42.3589715],[-7.714355,42.3662832],[-7.7179173,42.3636968],[-7.7279968,42.362489],[-7.7519143,42.3650814],[-7.7785516,42.3583807],[-7.7846071,42.3709663],[-7.789656,42.3728528],[-7.7940953,42.3783659],[-7.7793645,42.391767],[-7.7697496,42.3924654],[-7.7634936,42.3890888],[-7.764032,42.3957108],[-7.7671291,42.3995165],[-7.7727412,42.3974725],[-7.7805819,42.3988287],[-7.7825532,42.4036621],[-7.7935791,42.4094938],[-7.7865102,42.4102792],[-7.7778265,42.4180218],[-7.7693589,42.4207611],[-7.7536492,42.432021],[-7.7492824,42.4383967],[-7.730659,42.4538441],[-7.7137382,42.452589],[-7.7049478,42.4439926],[-7.7014794,42.4325839],[-7.6978732,42.4295449],[-7.6819167,42.4225463],[-7.6621449,42.4230298],[-7.6569318,42.4151661],[-7.6474366,42.4139407],[-7.6308671,42.4065726],[-7.6287854,42.3964559],[-7.6165391,42.3835266],[-7.6203358,42.37735],[-7.6189067,42.3754179],[-7.6265572,42.3675008],[-7.6269977,42.3581373],[-7.6335324,42.3545596]]]},"properties":{"codmun":"32052","concello":"Nogueira de Ramuín","iv_medio":63,"n_nucleos":7,"n_afectados":0,"poblacion":1226}},{"type":"Feature","geometry":{"type":"Polygon","coordinates":[[[-7.584037,41.8771439],[-7.5893445,41.8711165],[-7.6018521,41.8665446],[-7.5993929,41.8646798],[-7.6001446,41.8604299],[-7.6072114,41.8526207],[-7.6060967,41.8487167],[-7.6115476,41.8467068],[-7.6139012,41.8296949],[-7.5987799,41.8331251],[-7.5739119,41.82972],[-7.521053,41.8419665],[-7.5056421,41.8507795],[-7.5133117,41.8621168],[-7.5113611,41.8653205],[-7.5022254,41.869384],[-7.4912922,41.8712445],[-7.4852722,41.861291],[-7.4524993,41.8650817],[-7.4548605,41.8677442],[-7.4482306,41.8697575],[-7.4597168,41.8729577],[-7.4558316,41.8778899],[-7.4484724,41.881039],[-7.4495666,41.8900184],[-7.4434067,41.8958849],[-7.4462753,41.8972773],[-7.4481095,41.9032027],[-7.4451435,41.9028405],[-7.4463167,41.9072339],[-7.4546801,41.9068641],[-7.4646365,41.9175694],[-7.4816412,41.9150868],[-7.491795,41.918912],[-7.4958698,41.9151417],[-7.5069974,41.9168654],[-7.5163464,41.9126887],[-7.5196138,41.9024666],[-7.5154154,41.9029203],[-7.5166058,41.8946889],[-7.5291721,41.8817136],[-7.5471506,41.8812357],[-7.5583258,41.8776044],[-7.5757982,41.8791679],[-7.584037,41.8771439]],[[-7.4244035,41.8562473],[-7.4456165,41.8577837],[-7.4488427,41.8528206],[-7.4475506,41.8448823],[-7.4437506,41.8393707],[-7.4272004,41.8330741],[-7.4295215,41.8400852],[-7.4323682,41.8419467],[-7.4292687,41.8439663],[-7.4244035,41.8562473]]]},"properties":{"codmun":"32053","concello":"Oímbra","iv_medio":60,"n_nucleos":11,"n_afectados":8,"poblacion":1681}},{"type":"Feature","geometry":{"type":"Polygon","coordinates":[[[-7.9933392,42.3664734],[-7.9971054,42.3605469],[-8.0011152,42.3599845],[-8.0034539,42.3446671],[-7.9800856,42.3379985],[-7.9524767,42.3346194],[-7.9248946,42.3454863],[-7.9118959,42.3469297],[-7.891723,42.3429828],[-7.8872139,42.3403368],[-7.8851774,42.3356758],[-7.8852398,42.3258062],[-7.8821924,42.3252487],[-7.8832374,42.3232174],[-7.8767011,42.3225705],[-7.8708655,42.317079],[-7.8658829,42.3174351],[-7.8647183,42.3124068],[-7.8624274,42.3129003],[-7.8629088,42.3023191],[-7.8669818,42.2983646],[-7.86687,42.2942459],[-7.8606602,42.2895131],[-7.8474509,42.2905597],[-7.8319651,42.2960855],[-7.8227059,42.296161],[-7.8277193,42.3019278],[-7.8293798,42.3148944],[-7.8137378,42.3106918],[-7.805945,42.3138014],[-7.8133125,42.3233863],[-7.8139459,42.3310394],[-7.8207192,42.3309163],[-7.820342,42.3448512],[-7.8280671,42.3454077],[-7.8267999,42.3662309],[-7.8307213,42.368443],[-7.8311702,42.3736549],[-7.8425049,42.3701904],[-7.8495257,42.3743997],[-7.8544,42.3722662],[-7.8564993,42.3766517],[-7.861152,42.3766791],[-7.8635294,42.379315],[-7.8644587,42.3872433],[-7.8709767,42.3947176],[-7.8764704,42.3971124],[-7.8840815,42.3983001],[-7.8930353,42.3955135],[-7.9149092,42.3973575],[-7.9273981,42.3922735],[-7.940536,42.3807949],[-7.9435462,42.3741376],[-7.9525275,42.3780975],[-7.9585095,42.3757315],[-7.9614956,42.3704883],[-7.9583025,42.3577074],[-7.9597814,42.3541411],[-7.9721991,42.3585985],[-7.9860094,42.3559445],[-7.9915312,42.3580714],[-7.9933392,42.3664734]]]},"properties":{"codmun":"32054","concello":"Ourense","iv_medio":50,"n_nucleos":38,"n_afectados":9,"poblacion":104162}},{"type":"Feature","geometry":{"type":"Polygon","coordinates":[[[-7.7068239,42.3004553],[-7.7109497,42.3048683],[-7.7232839,42.3050171],[-7.742532,42.3091997],[-7.7452945,42.3048086],[-7.7464264,42.3064723],[-7.7518388,42.3052213],[-7.7487848,42.2976862],[-7.7541925,42.2968674],[-7.7623627,42.289271],[-7.7790944,42.2961272],[-7.7935156,42.2961542],[-7.7937526,42.2845726],[-7.7954064,42.2817867],[-7.7983973,42.2818954],[-7.7960109,42.277935],[-7.7901722,42.2779995],[-7.7916546,42.2646306],[-7.778818,42.2569383],[-7.7772048,42.2487496],[-7.7708819,42.2386775],[-7.7633473,42.2423946],[-7.7576371,42.2523287],[-7.7477276,42.2481846],[-7.7418492,42.2486534],[-7.7246597,42.2619665],[-7.7045757,42.2647862],[-7.7015026,42.2746272],[-7.705832,42.2748094],[-7.705062,42.2768398],[-7.6950481,42.2825451],[-7.6913774,42.2917171],[-7.6964209,42.2930048],[-7.6995645,42.2984128],[-7.7068239,42.3004553]]]},"properties":{"codmun":"32055","concello":"Paderne de Allariz","iv_medio":60,"n_nucleos":6,"n_afectados":1,"poblacion":594}},{"type":"Feature","geometry":{"type":"Polygon","coordinates":[[[-8.1663326,42.1727453],[-8.1743083,42.1711154],[-8.1760447,42.1643748],[-8.1816612,42.1577375],[-8.1987535,42.1543112],[-8.1915209,42.1427551],[-8.1880053,42.1435497],[-8.1908478,42.1401627],[-8.1876679,42.1374641],[-8.1885971,42.133696],[-8.1931186,42.1301336],[-8.1932943,42.1261741],[-8.1918717,42.1145029],[-8.1887837,42.1112106],[-8.1858857,42.0982172],[-8.187918,42.0923856],[-8.1849418,42.083752],[-8.185406,42.0763892],[-8.1880877,42.0738643],[-8.1820468,42.0650225],[-8.1703799,42.0673075],[-8.1596254,42.0757713],[-8.1496451,42.0793164],[-8.1379706,42.0757917],[-8.1187008,42.0823066],[-8.1147506,42.1058758],[-8.1218489,42.11683],[-8.1063718,42.1366711],[-8.1070576,42.1391793],[-8.1093044,42.1367382],[-8.1116757,42.1377937],[-8.1128097,42.1415063],[-8.1110113,42.1436573],[-8.1167814,42.1470996],[-8.1200618,42.1462236],[-8.1196554,42.149879],[-8.1240997,42.1514266],[-8.1248102,42.1533304],[-8.121366,42.1551772],[-8.123387,42.1562301],[-8.122669,42.1608177],[-8.1320415,42.1579128],[-8.1390757,42.1502056],[-8.145756,42.1578279],[-8.1545007,42.1552554],[-8.1584208,42.1568883],[-8.1600245,42.1638022],[-8.1572341,42.1686185],[-8.1663326,42.1727453]]]},"properties":{"codmun":"32056","concello":"Padrenda","iv_medio":65,"n_nucleos":10,"n_afectados":1,"poblacion":903}},{"type":"Feature","geometry":{"type":"Polygon","coordinates":[[[-7.498854,42.3686957],[-7.5055329,42.3531086],[-7.5088768,42.3528508],[-7.5071838,42.3485094],[-7.510932,42.3454499],[-7.5107513,42.3391994],[-7.5308257,42.3336523],[-7.5394137,42.3282158],[-7.5423541,42.3299539],[-7.5458303,42.3254941],[-7.5524506,42.3256],[-7.5620181,42.3171427],[-7.5712442,42.3186298],[-7.5721502,42.3285419],[-7.5797179,42.3344967],[-7.5967656,42.338792],[-7.6107659,42.3501673],[-7.6335324,42.3545596],[-7.6269977,42.3581373],[-7.6265572,42.3675008],[-7.6189067,42.3754179],[-7.6203358,42.37735],[-7.6166511,42.3842244],[-7.602159,42.3893191],[-7.595165,42.3968211],[-7.5761212,42.4048685],[-7.5656641,42.4010637],[-7.554418,42.3903746],[-7.5419649,42.3844412],[-7.5296093,42.3837066],[-7.5011362,42.3887111],[-7.4951267,42.3788904],[-7.498854,42.3686957]]]},"properties":{"codmun":"32057","concello":"Parada de Sil","iv_medio":71,"n_nucleos":1,"n_afectados":0,"poblacion":95}},{"type":"Feature","geometry":{"type":"Polygon","coordinates":[[[-7.7994262,42.301445],[-7.8049527,42.3050829],[-7.8064953,42.3152909],[-7.8150706,42.327976],[-7.8139459,42.3310394],[-7.8207192,42.3309163],[-7.820342,42.3448512],[-7.8280671,42.3454077],[-7.8267999,42.3662309],[-7.8307213,42.368443],[-7.8311702,42.3736549],[-7.8339405,42.3743121],[-7.8315799,42.3783553],[-7.8207718,42.3764434],[-7.8069946,42.3806336],[-7.8000795,42.3899452],[-7.8020879,42.4000166],[-7.7993118,42.4077229],[-7.7935791,42.4094938],[-7.7825532,42.4036621],[-7.7805819,42.3988287],[-7.7727412,42.3974725],[-7.7671291,42.3995165],[-7.764032,42.3957108],[-7.7634936,42.3890888],[-7.7697496,42.3924654],[-7.7793645,42.391767],[-7.7940953,42.3783659],[-7.789656,42.3728528],[-7.7846071,42.3709663],[-7.7785516,42.3583807],[-7.7519143,42.3650814],[-7.7279968,42.362489],[-7.7219511,42.3429133],[-7.7296634,42.3279642],[-7.7400064,42.3233586],[-7.745389,42.3239458],[-7.75218,42.3161822],[-7.7515619,42.3012263],[-7.7487848,42.2976862],[-7.7541925,42.2968674],[-7.7623627,42.289271],[-7.7790944,42.2961272],[-7.7935156,42.2961542],[-7.7994262,42.301445]]]},"properties":{"codmun":"32058","concello":"O Pereiro de Aguiar","iv_medio":50,"n_nucleos":33,"n_afectados":3,"poblacion":6020}},{"type":"Feature","geometry":{"type":"Polygon","coordinates":[[[-7.7367418,42.4483436],[-7.7492824,42.4383967],[-7.7536492,42.432021],[-7.7693589,42.4207611],[-7.7778265,42.4180218],[-7.7865102,42.4102792],[-7.7971752,42.4091138],[-7.8039204,42.4204851],[-7.8146086,42.4262838],[-7.8152444,42.4320372],[-7.8210936,42.4403078],[-7.8451966,42.4401444],[-7.8462138,42.444972],[-7.857365,42.4440847],[-7.8617436,42.4466266],[-7.8618666,42.4497814],[-7.8595131,42.4702376],[-7.8468035,42.4825082],[-7.8420846,42.4905139],[-7.8282927,42.493393],[-7.8239666,42.4906135],[-7.8187919,42.49166],[-7.8106731,42.4877974],[-7.8068402,42.4811252],[-7.7997987,42.4800255],[-7.7848259,42.486073],[-7.7810985,42.4909466],[-7.7734338,42.4946071],[-7.7650265,42.4939584],[-7.7613568,42.4885742],[-7.7527118,42.4868631],[-7.7483103,42.4799874],[-7.7529328,42.475987],[-7.7640886,42.478908],[-7.7735963,42.4769449],[-7.7816684,42.472115],[-7.7883521,42.4734829],[-7.7909202,42.4709625],[-7.788899,42.4659963],[-7.7812802,42.4681428],[-7.7756546,42.4603829],[-7.7658041,42.4568415],[-7.7641361,42.4582524],[-7.7602634,42.4535249],[-7.7527287,42.4510297],[-7.7391736,42.4566337],[-7.7310951,42.4548394],[-7.7367418,42.4483436]]]},"properties":{"codmun":"32059","concello":"A Peroxa","iv_medio":65,"n_nucleos":3,"n_afectados":0,"poblacion":559}},{"type":"Feature","geometry":{"type":"Polygon","coordinates":[[[-7.0930058,42.3882815],[-7.1073602,42.3817346],[-7.1171131,42.3869397],[-7.1227021,42.3858561],[-7.1261679,42.3885135],[-7.1389662,42.3836574],[-7.1553191,42.383371],[-7.1450767,42.3766743],[-7.1446413,42.3672989],[-7.1381255,42.3614569],[-7.1391682,42.354234],[-7.1338404,42.3446392],[-7.1366387,42.3354375],[-7.1331661,42.3326972],[-7.1181014,42.3350409],[-7.1174539,42.3394312],[-7.1133475,42.3417848],[-7.1125637,42.3468822],[-7.1149915,42.3504146],[-7.1028021,42.357092],[-7.0669354,42.3626578],[-7.0487818,42.3539371],[-7.0261913,42.3634498],[-7.0329792,42.3719898],[-7.0430942,42.3780349],[-7.0562226,42.3761226],[-7.0719169,42.3839194],[-7.0930058,42.3882815]]]},"properties":{"codmun":"32060","concello":"Petín","iv_medio":52,"n_nucleos":2,"n_afectados":1,"poblacion":673}},{"type":"Feature","geometry":{"type":"Polygon","coordinates":[[[-7.9492497,42.5708679],[-7.9732422,42.5663961],[-7.986337,42.5712992],[-7.980575,42.5596846],[-7.9960168,42.5592266],[-7.9945087,42.5671701],[-7.9892883,42.5722598],[-7.9924865,42.5724982],[-8.0006592,42.566559],[-8.00245,42.5586571],[-8.0097307,42.5542328],[-8.0134084,42.5448256],[-8.0186293,42.5422196],[-8.0314285,42.5455911],[-8.034798,42.5506913],[-8.041344,42.5509339],[-8.048435,42.5549062],[-8.0593779,42.5486874],[-8.0655215,42.538107],[-8.06798,42.528641],[-8.0662663,42.5187539],[-8.0384997,42.5055229],[-8.0374026,42.4958212],[-8.0321226,42.4933979],[-8.0353617,42.4905634],[-8.031871,42.4837579],[-8.0307793,42.486975],[-8.028261,42.4871218],[-8.0052676,42.4738344],[-8.0007819,42.4772088],[-7.9894296,42.478509],[-7.9900216,42.4801608],[-7.9787371,42.4890556],[-7.9679634,42.5019845],[-7.9720828,42.5075853],[-7.9817334,42.5123417],[-7.9877746,42.5079819],[-7.9893879,42.5106664],[-7.9845096,42.5157228],[-7.9774038,42.5339394],[-7.9674698,42.5420511],[-7.9740994,42.5451929],[-7.9743422,42.5493146],[-7.967671,42.553314],[-7.9657624,42.5607074],[-7.9490855,42.5666436],[-7.9492497,42.5708679]]]},"properties":{"codmun":"32061","concello":"Piñor","iv_medio":62,"n_nucleos":5,"n_afectados":0,"poblacion":363}},{"type":"Feature","geometry":{"type":"Polygon","coordinates":[[[-7.8762846,42.0263763],[-7.8865254,42.0199295],[-7.888662,42.0145853],[-7.8965254,42.0140063],[-7.8997815,42.0167841],[-7.9053429,42.0124945],[-7.9099031,42.0160534],[-7.9223883,42.0113848],[-7.9266161,42.0059541],[-7.9007637,42.0014634],[-7.8996391,41.9935885],[-7.9029472,41.9871716],[-7.8823912,41.9908949],[-7.8554257,42.0027194],[-7.849689,41.9996673],[-7.8470466,42.004758],[-7.8397636,42.0064526],[-7.8272169,42.0057577],[-7.8214554,42.0001302],[-7.8230695,41.991635],[-7.8090777,41.9879017],[-7.7936088,41.9965993],[-7.7864505,42.0124927],[-7.7877809,42.0171819],[-7.797468,42.0132292],[-7.7987918,42.0154156],[-7.797031,42.0167228],[-7.8035829,42.0256316],[-7.8031725,42.0619506],[-7.8130143,42.0591695],[-7.8327477,42.0473001],[-7.8520497,42.0439629],[-7.8762846,42.0263763]]]},"properties":{"codmun":"32062","concello":"Porqueira","iv_medio":68,"n_nucleos":6,"n_afectados":2,"poblacion":463}},{"type":"Feature","geometry":{"type":"Polygon","coordinates":[[[-7.2032049,42.3260122],[-7.2171611,42.3357059],[-7.2245024,42.3506613],[-7.2330985,42.3595773],[-7.229054,42.3639309],[-7.2277152,42.3712368],[-7.2304067,42.3760735],[-7.2259244,42.3828494],[-7.217838,42.3847576],[-7.2330021,42.3917159],[-7.2478081,42.3899067],[-7.255871,42.3999256],[-7.2546983,42.3865444],[-7.2593567,42.3825174],[-7.268246,42.3805385],[-7.2666138,42.3787889],[-7.2731216,42.3718477],[-7.2796831,42.3703979],[-7.2855841,42.3615961],[-7.2855866,42.3547548],[-7.2893882,42.348628],[-7.3204485,42.3363899],[-7.3273373,42.3366282],[-7.3331986,42.3317047],[-7.3380113,42.3309778],[-7.3442946,42.3205561],[-7.3535207,42.3187018],[-7.3626109,42.3070018],[-7.3496336,42.3050917],[-7.3285962,42.2972456],[-7.3271308,42.2861362],[-7.3160415,42.2833855],[-7.3119192,42.2699],[-7.3157578,42.2627412],[-7.3154757,42.2575476],[-7.3104384,42.2576155],[-7.3059965,42.2616232],[-7.2939682,42.2645962],[-7.2882515,42.263775],[-7.2834111,42.2669366],[-7.2673232,42.2828803],[-7.266812,42.2911019],[-7.2619893,42.2985208],[-7.2570441,42.2987499],[-7.2536227,42.3061072],[-7.2486558,42.3096232],[-7.2437542,42.3124886],[-7.2365487,42.3121429],[-7.2254757,42.3185219],[-7.2142674,42.3178276],[-7.2154453,42.319477],[-7.2117115,42.3218834],[-7.2114548,42.3274844],[-7.2032049,42.3260122]]]},"properties":{"codmun":"32063","concello":"A Pobra de Trives","iv_medio":63,"n_nucleos":6,"n_afectados":0,"poblacion":1498}},{"type":"Feature","geometry":{"type":"Polygon","coordinates":[[[-8.1615301,42.1809386],[-8.1663326,42.1727453],[-8.1572341,42.1686185],[-8.1600245,42.1638022],[-8.156511,42.1554259],[-8.145756,42.1578279],[-8.1390757,42.1502056],[-8.1286749,42.1595223],[-8.122669,42.1608177],[-8.1230192,42.1579661],[-8.1177924,42.1557242],[-8.1148154,42.1602148],[-8.1145741,42.1660685],[-8.1267983,42.183725],[-8.1365559,42.179263],[-8.1460832,42.1833002],[-8.1615301,42.1809386]]]},"properties":{"codmun":"32064","concello":"Pontedeva","iv_medio":60,"n_nucleos":3,"n_afectados":1,"poblacion":373}},{"type":"Feature","geometry":{"type":"Polygon","coordinates":[[[-8.0366473,42.3386095],[-8.0345907,42.3405096],[-8.0245133,42.3402956],[-8.0175291,42.3472195],[-8.0106248,42.343885],[-8.0034539,42.3446671],[-8.0011152,42.3599845],[-7.9971054,42.3605469],[-7.9860313,42.3773528],[-7.9794195,42.3804949],[-7.9772702,42.3881584],[-7.9923558,42.386503],[-7.9921354,42.390456],[-8.0041278,42.3963149],[-8.0099239,42.3934502],[-8.0259319,42.3922345],[-8.0330576,42.3861231],[-8.025639,42.3647253],[-8.0295062,42.363745],[-8.030869,42.348605],[-8.0366473,42.3386095]]]},"properties":{"codmun":"32065","concello":"Punxín","iv_medio":65,"n_nucleos":4,"n_afectados":1,"poblacion":361}},{"type":"Feature","geometry":{"type":"Polygon","coordinates":[[[-8.1187008,42.0823066],[-8.1037437,42.0751372],[-8.0940321,42.0863361],[-8.0941139,42.0906719],[-8.0806672,42.1014791],[-8.0750916,42.112035],[-8.0609208,42.1193157],[-8.0626705,42.1356329],[-8.0541946,42.1440202],[-8.0534345,42.153606],[-8.0658167,42.1594148],[-8.0689243,42.164832],[-8.0771954,42.1627908],[-8.0869407,42.1543993],[-8.1060422,42.1466971],[-8.1095877,42.1506081],[-8.1179641,42.1524575],[-8.1177924,42.1557242],[-8.1230192,42.1579661],[-8.121366,42.1551772],[-8.1248038,42.1529526],[-8.1196554,42.149879],[-8.1202783,42.146358],[-8.1167814,42.1470996],[-8.1110113,42.1436573],[-8.1128097,42.1415063],[-8.1107401,42.1371422],[-8.1070576,42.1391793],[-8.1062987,42.1375656],[-8.1218489,42.11683],[-8.1147506,42.1058758],[-8.1187008,42.0823066]]]},"properties":{"codmun":"32066","concello":"Quintela de Leirado","iv_medio":68,"n_nucleos":2,"n_afectados":1,"poblacion":195}},{"type":"Feature","geometry":{"type":"Polygon","coordinates":[[[-7.8171027,42.153229],[-7.8512768,42.1515674],[-7.8571115,42.1531836],[-7.8769971,42.1229064],[-7.8909635,42.1123709],[-7.8840838,42.0985475],[-7.89298,42.082682],[-7.8951365,42.0739646],[-7.91583,42.0613738],[-7.9038815,42.0551157],[-7.8914926,42.0426269],[-7.8907054,42.0369434],[-7.8762846,42.0263763],[-7.8520497,42.0439629],[-7.8327477,42.0473001],[-7.8130143,42.0591695],[-7.8031725,42.0619506],[-7.8120779,42.0683472],[-7.8246392,42.0899219],[-7.821321,42.1161083],[-7.8092409,42.134299],[-7.8091147,42.1380587],[-7.8139193,42.1431868],[-7.8134487,42.152444],[-7.8171027,42.153229]]]},"properties":{"codmun":"32067","concello":"Rairiz de Veiga","iv_medio":66,"n_nucleos":7,"n_afectados":0,"poblacion":654}},{"type":"Feature","geometry":{"type":"Polygon","coordinates":[[[-8.073224,42.2227099],[-8.0830907,42.2134581],[-8.0851056,42.2080929],[-8.0823881,42.1986887],[-8.0742697,42.2002734],[-8.0803664,42.1911531],[-8.07596,42.1846686],[-8.0764123,42.1752135],[-8.0688177,42.1668264],[-8.0658167,42.1594148],[-8.0534345,42.153606],[-8.0476879,42.1472333],[-8.0288861,42.1452339],[-8.0251695,42.1519154],[-8.0245665,42.1630786],[-7.9972155,42.1676522],[-7.9886321,42.1668473],[-7.9746342,42.1801509],[-7.9784812,42.1825855],[-7.9797098,42.1935878],[-8.0120731,42.1934441],[-8.020339,42.1982855],[-8.0283136,42.1994479],[-8.0333556,42.2051412],[-8.0310243,42.2081066],[-8.0380462,42.2103635],[-8.0439756,42.2086349],[-8.0459088,42.2100981],[-8.0445553,42.2127146],[-8.0510946,42.2140737],[-8.0574132,42.2100945],[-8.0575556,42.2147517],[-8.0643023,42.2143092],[-8.0673013,42.222261],[-8.073224,42.2227099]]]},"properties":{"codmun":"32068","concello":"Ramirás","iv_medio":66,"n_nucleos":5,"n_afectados":0,"poblacion":480}},{"type":"Feature","geometry":{"type":"Polygon","coordinates":[[[-8.183655,42.2433985],[-8.1592844,42.2454188],[-8.1550454,42.2493011],[-8.1540322,42.2541093],[-8.1609119,42.2586605],[-8.1609402,42.2633047],[-8.1512873,42.2760107],[-8.1426513,42.2801175],[-8.1297683,42.2821096],[-8.1161226,42.2915977],[-8.1162111,42.298814],[-8.0807097,42.3052222],[-8.0753359,42.3175607],[-8.0794886,42.3205868],[-8.0829019,42.318649],[-8.0830016,42.3145354],[-8.0889689,42.3124142],[-8.0978764,42.3189259],[-8.0949468,42.3294998],[-8.0963057,42.331897],[-8.1042972,42.3283986],[-8.1206557,42.326947],[-8.1197708,42.3197933],[-8.1218614,42.3157712],[-8.1323062,42.3197884],[-8.1416867,42.3201285],[-8.1362381,42.3095512],[-8.1426328,42.3032261],[-8.1497265,42.3052951],[-8.1552838,42.3039913],[-8.1581306,42.2992085],[-8.1751881,42.2932341],[-8.1638396,42.2905872],[-8.159368,42.277726],[-8.1613395,42.2751523],[-8.1635318,42.2763137],[-8.1686185,42.2691518],[-8.1742855,42.2656815],[-8.1862461,42.2715496],[-8.1887626,42.2670691],[-8.1856388,42.2625384],[-8.183655,42.2433985]]]},"properties":{"codmun":"32069","concello":"Ribadavia","iv_medio":52,"n_nucleos":9,"n_afectados":0,"poblacion":4717}},{"type":"Feature","geometry":{"type":"Polygon","coordinates":[[[-7.2644145,42.3813916],[-7.268246,42.3805385],[-7.2666138,42.3787889],[-7.2731216,42.3718477],[-7.2807766,42.3690486],[-7.2856085,42.3615258],[-7.2855866,42.3547548],[-7.2917033,42.346732],[-7.3283184,42.3350269],[-7.3367692,42.3416674],[-7.35267,42.3438009],[-7.3568472,42.355761],[-7.3628916,42.3618784],[-7.3590194,42.3650423],[-7.3465994,42.3673335],[-7.34068,42.3731749],[-7.3408041,42.3760802],[-7.3473625,42.3776769],[-7.3450457,42.3815826],[-7.3402466,42.3820799],[-7.3409708,42.3862392],[-7.3385747,42.3898865],[-7.3470842,42.3959998],[-7.3524898,42.3966691],[-7.3482489,42.4064824],[-7.3608114,42.4113885],[-7.3713631,42.4202935],[-7.3586218,42.4265893],[-7.346044,42.4262485],[-7.3482066,42.4290475],[-7.3442363,42.4296305],[-7.3178699,42.4263933],[-7.3044901,42.428873],[-7.2967289,42.4234383],[-7.2908256,42.414584],[-7.2754508,42.4119638],[-7.2694264,42.4149249],[-7.2648683,42.407559],[-7.2602727,42.4057224],[-7.255871,42.3999256],[-7.2546983,42.3865444],[-7.2644145,42.3813916]]]},"properties":{"codmun":"32070","concello":"San Xoán de Río","iv_medio":74,"n_nucleos":1,"n_afectados":0,"poblacion":105}},{"type":"Feature","geometry":{"type":"Polygon","coordinates":[[[-7.1822686,41.9117895],[-7.1734835,41.9192609],[-7.1787636,41.9210311],[-7.1756101,41.9228337],[-7.1800022,41.9316631],[-7.1838509,41.9330145],[-7.1852311,41.9353683],[-7.1833104,41.9377044],[-7.1894674,41.9414629],[-7.1837767,41.9447091],[-7.1874613,41.9474679],[-7.1821552,41.9518395],[-7.1833375,41.9567501],[-7.1877699,41.9567535],[-7.1853514,41.95988],[-7.186906,41.9663299],[-7.1849246,41.9724672],[-7.1927826,41.9756139],[-7.1969203,41.9816483],[-7.2052698,41.985286],[-7.2075045,41.9833041],[-7.215335,41.9832774],[-7.2229942,41.9784753],[-7.2346874,41.9804748],[-7.2350875,41.9855924],[-7.2288756,41.990558],[-7.2358967,42.0070373],[-7.2405864,42.0102043],[-7.2526118,42.0118385],[-7.2642481,42.0188343],[-7.2745724,42.0377272],[-7.2840191,42.0386439],[-7.288632,42.033249],[-7.2944631,42.0337508],[-7.2971313,42.0315888],[-7.3013335,42.0331869],[-7.3016141,42.0355534],[-7.3123687,42.0386606],[-7.3256665,42.037583],[-7.321817,42.0292736],[-7.3251305,42.0181366],[-7.3207223,42.0079754],[-7.3151714,42.0053393],[-7.3326073,42.0034387],[-7.3354617,42.0010347],[-7.3354973,41.9974768],[-7.3398556,41.9983743],[-7.3451482,41.9927893],[-7.3410217,41.9807544],[-7.3421062,41.9778951],[-7.3374057,41.9696364],[-7.3515981,41.9597792],[-7.3553255,41.9541181],[-7.3483836,41.9405697],[-7.3415592,41.9356241],[-7.3288129,41.9329549],[-7.3243254,41.9265154],[-7.2766442,41.9222719],[-7.2729983,41.9231012],[-7.2773849,41.928295],[-7.269752,41.9295521],[-7.2694321,41.9330666],[-7.2577252,41.9370767],[-7.2563662,41.9394863],[-7.2408528,41.9428707],[-7.2394805,41.9492694],[-7.2352552,41.9515776],[-7.2313839,41.9488573],[-7.2217167,41.9476742],[-7.2209218,41.9458666],[-7.2241142,41.9445334],[-7.2159262,41.9403509],[-7.2188112,41.9376515],[-7.2104066,41.9393112],[-7.1977547,41.9308522],[-7.2004639,41.9291412],[-7.1941982,41.9273717],[-7.1898258,41.9206344],[-7.190417,41.9175154],[-7.1822686,41.9117895]]]},"properties":{"codmun":"32071","concello":"O Riós","iv_medio":67,"n_nucleos":8,"n_afectados":0,"poblacion":721}},{"type":"Feature","geometry":{"type":"Polygon","coordinates":[[[-7.0896288,42.4291597],[-7.0894814,42.4183188],[-7.0851986,42.4103862],[-7.0870775,42.4080771],[-7.0843996,42.4012495],[-7.0963653,42.3858432],[-7.1073602,42.3817346],[-7.1171131,42.3869397],[-7.1227021,42.3858561],[-7.1261679,42.3885135],[-7.1395685,42.3835816],[-7.1639629,42.3847856],[-7.163661,42.38793],[-7.1677175,42.3925094],[-7.164369,42.4019234],[-7.1662008,42.4044498],[-7.1468759,42.421827],[-7.1509989,42.4244508],[-7.1519812,42.4290162],[-7.1480825,42.4371531],[-7.1373508,42.4417914],[-7.1308679,42.4409992],[-7.1299719,42.4465405],[-7.1211616,42.4518388],[-7.1189197,42.441763],[-7.1145618,42.442415],[-7.1081773,42.4392228],[-7.1017786,42.4411991],[-7.0942913,42.4399095],[-7.0891602,42.4361583],[-7.0896288,42.4291597]]]},"properties":{"codmun":"32072","concello":"A Rúa","iv_medio":49,"n_nucleos":2,"n_afectados":0,"poblacion":4179}},{"type":"Feature","geometry":{"type":"Polygon","coordinates":[[[-6.8365771,42.412539],[-6.8401248,42.4150268],[-6.8502499,42.4152718],[-6.8535157,42.4203753],[-6.8599877,42.4232547],[-6.8588298,42.4295337],[-6.8700193,42.4387182],[-6.8800771,42.4378194],[-6.8848307,42.433309],[-6.9049865,42.4298317],[-6.908734,42.4348295],[-6.9085994,42.4385435],[-6.9064537,42.43903],[-6.9135099,42.4455655],[-6.9274029,42.4370198],[-6.9358814,42.4377192],[-6.9480425,42.428739],[-6.9546581,42.433625],[-6.9652091,42.4442069],[-6.9612788,42.4481968],[-6.9648304,42.4618081],[-6.9728734,42.4679604],[-6.9811595,42.4691012],[-6.9799466,42.4737293],[-6.9719511,42.4812049],[-6.9698959,42.4916257],[-6.9735527,42.493999],[-6.9655403,42.5127481],[-6.9592201,42.5180813],[-6.9321956,42.520544],[-6.9211891,42.5162215],[-6.9147927,42.5104709],[-6.9165387,42.5084212],[-6.9063172,42.5078522],[-6.8767812,42.4991955],[-6.8600644,42.4887576],[-6.848811,42.4869758],[-6.8410225,42.4889213],[-6.8370819,42.4956986],[-6.8330825,42.492177],[-6.8288121,42.4933735],[-6.8232458,42.4912816],[-6.8254727,42.4857056],[-6.8180765,42.4813155],[-6.8147418,42.4738902],[-6.8083154,42.4686118],[-6.8114517,42.4611779],[-6.8227684,42.4529126],[-6.8200574,42.4395328],[-6.8217811,42.4332983],[-6.8142729,42.4273539],[-6.8248067,42.4258948],[-6.820961,42.4214131],[-6.8289178,42.416771],[-6.8299028,42.4100968],[-6.8365771,42.412539]]]},"properties":{"codmun":"32073","concello":"Rubiá","iv_medio":67,"n_nucleos":6,"n_afectados":1,"poblacion":1117}},{"type":"Feature","geometry":{"type":"Polygon","coordinates":[[[-8.1070797,42.3878319],[-8.094634,42.377499],[-8.0931456,42.3744143],[-8.095576,42.3635026],[-8.0886996,42.3565345],[-8.0839784,42.3544398],[-8.0754008,42.358251],[-8.0625387,42.3574077],[-8.0650405,42.3394801],[-8.0625985,42.3382378],[-8.0632104,42.335888],[-8.0571089,42.3345554],[-8.0504375,42.3410893],[-8.0426967,42.3370194],[-8.0366473,42.3386095],[-8.030869,42.348605],[-8.0295062,42.363745],[-8.025639,42.3647253],[-8.0330576,42.3861231],[-8.0527004,42.3914778],[-8.0598057,42.4002295],[-8.0977988,42.3958588],[-8.1038488,42.392735],[-8.1070797,42.3878319]]]},"properties":{"codmun":"32074","concello":"San Amaro","iv_medio":64,"n_nucleos":3,"n_afectados":0,"poblacion":370}},{"type":"Feature","geometry":{"type":"Polygon","coordinates":[[[-7.9110612,42.259541],[-7.9023136,42.2427201],[-7.8904791,42.2396343],[-7.8785714,42.249704],[-7.8720376,42.2494421],[-7.8629062,42.2439245],[-7.8576847,42.2444073],[-7.8529568,42.2491096],[-7.8526662,42.2650396],[-7.8474253,42.2731217],[-7.8174194,42.2663218],[-7.8034022,42.2761304],[-7.7960109,42.277935],[-7.7983973,42.2818954],[-7.7954064,42.2817867],[-7.7937526,42.2845726],[-7.7935156,42.2961542],[-7.8049527,42.3050829],[-7.805945,42.3138014],[-7.8137378,42.3106918],[-7.8293798,42.3148944],[-7.8277193,42.3019278],[-7.8227059,42.296161],[-7.8319651,42.2960855],[-7.8474509,42.2905597],[-7.8606602,42.2895131],[-7.86687,42.2942459],[-7.8669818,42.2983646],[-7.8629088,42.3023191],[-7.8622404,42.3125212],[-7.8647183,42.3124068],[-7.8658829,42.3174351],[-7.8718723,42.3186139],[-7.8753939,42.299564],[-7.8951488,42.2815874],[-7.9013062,42.2689264],[-7.9009774,42.2628184],[-7.9110612,42.259541]]]},"properties":{"codmun":"32075","concello":"San Cibrao das Viñas","iv_medio":44,"n_nucleos":27,"n_afectados":1,"poblacion":5543}},{"type":"Feature","geometry":{"type":"Polygon","coordinates":[[[-7.9252523,42.485138],[-7.9210911,42.4824137],[-7.9140142,42.4570054],[-7.935168,42.4489548],[-7.9396317,42.4420368],[-7.9443064,42.4410778],[-7.937858,42.4360274],[-7.937636,42.4336691],[-7.9435784,42.4319629],[-7.9429473,42.4295053],[-7.9517279,42.4294315],[-7.954061,42.4266565],[-7.9658568,42.423534],[-7.9732346,42.4229432],[-7.9768893,42.4267365],[-7.9727115,42.4436369],[-7.9799725,42.4461387],[-7.9795411,42.4526418],[-7.9817697,42.4499407],[-7.9964339,42.4540993],[-8.0234001,42.441817],[-8.026401,42.4495356],[-8.0269525,42.4629346],[-8.0405662,42.4645408],[-8.0469074,42.4624734],[-8.0477026,42.4640728],[-8.0407105,42.4735913],[-8.0418219,42.475766],[-8.0319873,42.4821773],[-8.0307793,42.486975],[-8.0224631,42.4847479],[-8.0188804,42.4805659],[-8.0061309,42.4739656],[-7.99593,42.4785913],[-7.9894296,42.478509],[-7.9900216,42.4801608],[-7.9787371,42.4890556],[-7.9679634,42.5019845],[-7.9720828,42.5075853],[-7.9817334,42.5123417],[-7.9877746,42.5079819],[-7.9893879,42.5106664],[-7.9845096,42.5157228],[-7.9774038,42.5339394],[-7.9674698,42.5420511],[-7.9740994,42.5451929],[-7.9743422,42.5493146],[-7.967671,42.553314],[-7.9657624,42.5607074],[-7.9490855,42.5666436],[-7.9492497,42.5708679],[-7.9307491,42.5785999],[-7.9280026,42.5785293],[-7.911557,42.5560725],[-7.8900422,42.5501978],[-7.8885191,42.5414669],[-7.8887327,42.5381267],[-7.8941325,42.5393001],[-7.9010161,42.5362592],[-7.9002372,42.531602],[-7.9027585,42.528982],[-7.9074768,42.5309403],[-7.9119889,42.5273253],[-7.9240056,42.5250436],[-7.9016013,42.521361],[-7.9026851,42.5145352],[-7.9107253,42.5124705],[-7.9131653,42.5086744],[-7.9146949,42.4997947],[-7.9283359,42.4975058],[-7.9323805,42.4944864],[-7.9252523,42.485138]],[[-7.986337,42.5712992],[-7.9892883,42.5722598],[-7.9937701,42.5681387],[-7.9960168,42.5592266],[-7.980575,42.5596846],[-7.986337,42.5712992]]]},"properties":{"codmun":"32076","concello":"San Cristovo de Cea","iv_medio":66,"n_nucleos":6,"n_afectados":2,"poblacion":864}},{"type":"Feature","geometry":{"type":"Polygon","coordinates":[[[-7.6862621,42.1227065],[-7.7013466,42.1362956],[-7.7079707,42.1362305],[-7.7088826,42.1411809],[-7.7118227,42.141024],[-7.7143216,42.1442073],[-7.7417138,42.1479559],[-7.7475022,42.1573947],[-7.7501933,42.1584265],[-7.7540775,42.1542318],[-7.7689276,42.1597454],[-7.7711844,42.1439138],[-7.7663555,42.1360025],[-7.7696756,42.1251412],[-7.7783374,42.1217999],[-7.7905299,42.1261522],[-7.7947675,42.1236519],[-7.7923194,42.1026055],[-7.7888708,42.0974378],[-7.7834557,42.094558],[-7.7859994,42.0825942],[-7.7808475,42.0759668],[-7.7823285,42.062724],[-7.7573605,42.0623235],[-7.7518812,42.0724278],[-7.7227633,42.0916844],[-7.6862621,42.1227065]]]},"properties":{"codmun":"32077","concello":"Sandiás","iv_medio":61,"n_nucleos":6,"n_afectados":0,"poblacion":720}},{"type":"Feature","geometry":{"type":"Polygon","coordinates":[[[-7.6708328,42.1394983],[-7.6847527,42.1315827],[-7.6835504,42.1246362],[-7.6482953,42.103339],[-7.6326242,42.1067922],[-7.6246893,42.0690548],[-7.5948938,42.0617458],[-7.5946642,42.0530485],[-7.5589566,42.0402857],[-7.5561048,42.0463416],[-7.5578483,42.0568516],[-7.5548588,42.0609952],[-7.5576052,42.0676207],[-7.553268,42.0812987],[-7.5530865,42.0951266],[-7.5639898,42.127745],[-7.5615237,42.1405475],[-7.5655498,42.1495887],[-7.5865474,42.1560153],[-7.5927205,42.1520313],[-7.6003055,42.1535095],[-7.6259913,42.1494942],[-7.6533557,42.1398769],[-7.6585997,42.1425898],[-7.6708328,42.1394983]]]},"properties":{"codmun":"32078","concello":"Sarreaus","iv_medio":68,"n_nucleos":7,"n_afectados":0,"poblacion":773}},{"type":"Feature","geometry":{"type":"Polygon","coordinates":[[[-7.8629062,42.2439245],[-7.8630655,42.2324566],[-7.8596341,42.23163],[-7.8562361,42.2345473],[-7.8493024,42.2331938],[-7.8425052,42.2163033],[-7.837384,42.2135699],[-7.8258028,42.2166126],[-7.8182495,42.2276358],[-7.8103622,42.231758],[-7.7927477,42.2509268],[-7.7901722,42.2779995],[-7.8034022,42.2761304],[-7.8174194,42.2663218],[-7.8474253,42.2731217],[-7.8526662,42.2650396],[-7.8529568,42.2491096],[-7.8576847,42.2444073],[-7.8629062,42.2439245]]]},"properties":{"codmun":"32079","concello":"Taboadela","iv_medio":57,"n_nucleos":7,"n_afectados":2,"poblacion":711}},{"type":"Feature","geometry":{"type":"Polygon","coordinates":[[[-7.4467925,42.3999842],[-7.444807,42.3978465],[-7.4382935,42.3978112],[-7.4332715,42.4000017],[-7.4316227,42.3948555],[-7.4359855,42.3874835],[-7.4446654,42.3887109],[-7.4471931,42.3917393],[-7.4549746,42.3918507],[-7.4620996,42.3845951],[-7.4617415,42.3812597],[-7.4584054,42.3809666],[-7.4589694,42.374534],[-7.455594,42.371109],[-7.4601059,42.3491879],[-7.472718,42.345886],[-7.4780176,42.3289156],[-7.4991204,42.3299605],[-7.5004374,42.3422797],[-7.510124,42.3468773],[-7.507263,42.3480966],[-7.5088768,42.3528508],[-7.5055329,42.3531086],[-7.5003128,42.3631191],[-7.5007459,42.3673067],[-7.4962409,42.3735141],[-7.4958301,42.3814287],[-7.5011362,42.3887111],[-7.4641569,42.4075823],[-7.4489026,42.4071411],[-7.4467925,42.3999842]]]},"properties":{"codmun":"32080","concello":"A Teixeira","iv_medio":73,"n_nucleos":1,"n_afectados":0,"poblacion":61}},{"type":"Feature","geometry":{"type":"Polygon","coordinates":[[[-8.0034539,42.3446671],[-8.0068257,42.3432681],[-8.0131298,42.3273357],[-8.0207563,42.3225536],[-8.018673,42.316505],[-8.0233228,42.3087924],[-8.0133207,42.2986146],[-8.0140647,42.2950278],[-8.0109278,42.2926355],[-8.0074701,42.2836038],[-7.9956074,42.2680791],[-7.9888615,42.2660057],[-7.9807563,42.2706624],[-7.9663205,42.2726855],[-7.9507989,42.2673713],[-7.9396877,42.2801229],[-7.9245653,42.2861318],[-7.8941159,42.3087401],[-7.9049611,42.3114087],[-7.9221523,42.3213839],[-7.9231003,42.3285456],[-7.9207247,42.3302864],[-7.9233196,42.3361618],[-7.9328822,42.340782],[-7.9549535,42.3343367],[-7.9654031,42.3373945],[-7.9800833,42.337998],[-8.0034539,42.3446671]]]},"properties":{"codmun":"32081","concello":"Toén","iv_medio":60,"n_nucleos":12,"n_afectados":1,"poblacion":2099}},{"type":"Feature","geometry":{"type":"Polygon","coordinates":[[[-7.6359842,41.9905653],[-7.6415856,41.9970537],[-7.6549226,41.9935773],[-7.652368,42.0028917],[-7.6572798,42.0079952],[-7.6577543,42.0268655],[-7.675435,42.0339602],[-7.6751637,42.0375006],[-7.6832016,42.0521901],[-7.6585607,42.0632882],[-7.6549162,42.0681362],[-7.6316048,42.0603119],[-7.6254983,42.0602436],[-7.6225276,42.0645863],[-7.6246893,42.0690548],[-7.5948938,42.0617458],[-7.5946642,42.0530485],[-7.5589566,42.0402857],[-7.5707676,42.0331972],[-7.5871515,42.0294449],[-7.595734,42.0235366],[-7.5940674,42.0195158],[-7.5844182,42.0174804],[-7.576741,42.009441],[-7.5773215,42.0020618],[-7.5813188,41.9965448],[-7.5857083,41.9948115],[-7.5938059,41.9981426],[-7.6030933,41.991197],[-7.6055511,41.9796096],[-7.6344323,41.9833337],[-7.6359842,41.9905653]]]},"properties":{"codmun":"32082","concello":"Trasmiras","iv_medio":63,"n_nucleos":8,"n_afectados":2,"poblacion":1009}},{"type":"Feature","geometry":{"type":"Polygon","coordinates":[[[-6.9533226,42.1757284],[-6.9570147,42.1779308],[-6.9610556,42.1856645],[-6.97447,42.1870096],[-6.982841,42.1997931],[-6.9896282,42.2048784],[-7.0030528,42.2047791],[-7.0041389,42.202229],[-7.0195608,42.1977359],[-7.0354342,42.2049213],[-7.0514732,42.2170959],[-7.07405,42.2294771],[-7.0973885,42.2392602],[-7.102007,42.2381674],[-7.1060457,42.2451269],[-7.1037409,42.2525569],[-7.0835204,42.2626172],[-7.0822006,42.266392],[-7.0727962,42.2596677],[-7.0632096,42.2640241],[-7.0587783,42.2720329],[-7.0577698,42.2767148],[-7.0600134,42.2793636],[-7.0576599,42.2855698],[-7.0608165,42.3012691],[-7.0561097,42.3214431],[-7.0577477,42.3282281],[-7.0470343,42.3335416],[-7.0480008,42.3372531],[-7.0458374,42.3394726],[-7.0525337,42.3462139],[-7.062994,42.3488055],[-7.0568279,42.3572899],[-7.0487818,42.3539371],[-7.0261913,42.3634498],[-6.9976057,42.3547721],[-6.9747461,42.3572587],[-6.9697556,42.3503207],[-6.9485981,42.33697],[-6.9441694,42.331558],[-6.9131078,42.3210806],[-6.8996483,42.3121934],[-6.8847973,42.3113747],[-6.8834068,42.2978524],[-6.8735949,42.2929173],[-6.8685661,42.2929882],[-6.8593521,42.284511],[-6.8439469,42.2832373],[-6.8300624,42.2752385],[-6.8164691,42.2726039],[-6.8063433,42.2566699],[-6.810107,42.2511421],[-6.8089503,42.2492446],[-6.8060259,42.247775],[-6.7941515,42.2494478],[-6.7929559,42.2466599],[-6.7958827,42.2423219],[-6.8031754,42.2386672],[-6.7909913,42.218334],[-6.7871405,42.215724],[-6.7967084,42.20905],[-6.8023374,42.2184621],[-6.82974,42.2260943],[-6.8435991,42.2283041],[-6.856747,42.2271418],[-6.8698661,42.2237458],[-6.8868917,42.214354],[-6.8932835,42.2072035],[-6.8888007,42.2018542],[-6.901078,42.1896229],[-6.9147726,42.189426],[-6.9383153,42.1774353],[-6.9435134,42.172259],[-6.9533226,42.1757284]]]},"properties":{"codmun":"32083","concello":"A Veiga","iv_medio":59,"n_nucleos":1,"n_afectados":0,"poblacion":291}},{"type":"Feature","geometry":{"type":"Polygon","coordinates":[[[-8.1037437,42.0751372],[-8.0966008,42.0722575],[-8.0871997,42.053541],[-8.083525,42.0536541],[-8.0812741,42.0582916],[-8.0717234,42.0647203],[-8.0643814,42.0603727],[-8.0530214,42.0664116],[-8.0400098,42.0691729],[-8.0283119,42.0778621],[-8.0066146,42.0839359],[-7.9995615,42.083695],[-7.9796426,42.0714995],[-7.9636311,42.0680894],[-7.9514987,42.0690458],[-7.9252572,42.0615718],[-7.91583,42.0613738],[-7.8951365,42.0739646],[-7.89298,42.082682],[-7.8840838,42.0985475],[-7.8909635,42.1123709],[-7.9112083,42.1102257],[-7.9142376,42.1068725],[-7.9211077,42.113924],[-7.9493816,42.1293068],[-7.975227,42.1178777],[-7.9804579,42.1179654],[-7.9818061,42.1226603],[-7.9878038,42.1261894],[-7.9951969,42.146196],[-8.0112772,42.1397941],[-8.0056235,42.123953],[-8.0098695,42.1198329],[-8.0301312,42.1228066],[-8.0415541,42.1152817],[-8.0609208,42.1193157],[-8.0750916,42.112035],[-8.0806672,42.1014791],[-8.0941139,42.0906719],[-8.0940321,42.0863361],[-8.1037437,42.0751372]]]},"properties":{"codmun":"32084","concello":"Verea","iv_medio":68,"n_nucleos":5,"n_afectados":2,"poblacion":329}},{"type":"Feature","geometry":{"type":"Polygon","coordinates":[[[-7.4524993,41.8650817],[-7.4456165,41.8577837],[-7.424397,41.8562468],[-7.4292687,41.8439663],[-7.4323682,41.8419467],[-7.4295215,41.8400852],[-7.4257078,41.8294191],[-7.4309154,41.8228979],[-7.424713,41.8164665],[-7.4295264,41.8124143],[-7.4278996,41.8073642],[-7.4208057,41.8115646],[-7.416726,41.8113837],[-7.4027384,41.8218437],[-7.4026166,41.8254565],[-7.3975884,41.8263732],[-7.3948549,41.8332356],[-7.3916384,41.8349829],[-7.3904101,41.8423475],[-7.3862561,41.8412543],[-7.3639133,41.8528383],[-7.3670261,41.8621655],[-7.3527698,41.8749982],[-7.3634921,41.8771207],[-7.3713196,41.8701865],[-7.3897029,41.8689617],[-7.3979095,41.8833866],[-7.3909249,41.8930995],[-7.3918076,41.8964782],[-7.3943017,41.899453],[-7.4020447,41.9011097],[-7.4077866,41.9071287],[-7.3940537,41.9288153],[-7.3893741,41.9316057],[-7.3866659,41.9420369],[-7.365086,41.9578525],[-7.363616,41.9668764],[-7.3605805,41.9687118],[-7.363394,41.9768613],[-7.3868946,41.976081],[-7.3940953,41.9730589],[-7.3959892,41.9772541],[-7.4153097,41.98303],[-7.4322434,41.9771629],[-7.4424487,41.9772488],[-7.4470518,41.9688579],[-7.4447379,41.962172],[-7.4450466,41.9424259],[-7.4578263,41.9524903],[-7.4723715,41.9504018],[-7.4743321,41.9430952],[-7.461542,41.9217686],[-7.4619378,41.9184578],[-7.4646365,41.9175694],[-7.4546801,41.9068641],[-7.4463167,41.9072339],[-7.4451435,41.9028405],[-7.4481095,41.9032027],[-7.4462753,41.8972773],[-7.4434067,41.8958849],[-7.4495666,41.8900184],[-7.4484724,41.881039],[-7.4558316,41.8778899],[-7.4597168,41.8729577],[-7.4482306,41.8697575],[-7.4548605,41.8677442],[-7.4524993,41.8650817]]]},"properties":{"codmun":"32085","concello":"Verín","iv_medio":50,"n_nucleos":18,"n_afectados":4,"poblacion":13921}},{"type":"Feature","geometry":{"type":"Polygon","coordinates":[[[-7.0588346,42.0765488],[-7.0871114,42.0860604],[-7.1040935,42.0740538],[-7.1111047,42.0720196],[-7.1284367,42.077258],[-7.1479676,42.0907701],[-7.1552033,42.0921646],[-7.1695876,42.1017175],[-7.1898093,42.1056527],[-7.1923534,42.1038939],[-7.2034304,42.1099438],[-7.2080565,42.1091346],[-7.2109598,42.1122514],[-7.201412,42.1176354],[-7.1991804,42.121562],[-7.1966273,42.1211784],[-7.1948091,42.1313656],[-7.1877395,42.1325698],[-7.1854177,42.1391827],[-7.1809502,42.1428035],[-7.1684895,42.1630668],[-7.1630087,42.1667778],[-7.1566291,42.1782017],[-7.1640107,42.1805538],[-7.1624821,42.1823471],[-7.1661342,42.1852307],[-7.1671043,42.1948208],[-7.2126655,42.2022207],[-7.2036369,42.2055869],[-7.1975298,42.2051717],[-7.1796213,42.219342],[-7.181452,42.2261453],[-7.1904429,42.231291],[-7.1877287,42.237324],[-7.1672314,42.2464398],[-7.1667907,42.2415546],[-7.1634228,42.2408307],[-7.1570372,42.2294114],[-7.1498338,42.2294927],[-7.1408675,42.2239286],[-7.1386939,42.2190369],[-7.1157896,42.2324774],[-7.1155339,42.2346926],[-7.0973885,42.2392602],[-7.07405,42.2294771],[-7.0514732,42.2170959],[-7.0354342,42.2049213],[-7.0195608,42.1977359],[-7.0041389,42.202229],[-7.0030528,42.2047791],[-6.9896282,42.2048784],[-6.982841,42.1997931],[-6.97447,42.1870096],[-6.9610556,42.1856645],[-6.9570147,42.1779308],[-6.9417062,42.1700612],[-6.941699,42.1617684],[-6.9466224,42.1455891],[-6.9445523,42.1416805],[-6.9564214,42.1294574],[-6.9744103,42.1244586],[-6.9864287,42.124194],[-6.9898157,42.1213118],[-6.9892419,42.1079423],[-6.9923312,42.1053405],[-6.9903378,42.1011328],[-6.9929219,42.0989628],[-6.997167,42.1012909],[-7.0027036,42.0966675],[-7.0003915,42.0897069],[-7.0030755,42.0879833],[-7.0026903,42.0841699],[-7.0124794,42.0850971],[-7.017715,42.0811048],[-7.0200391,42.0831253],[-7.0332441,42.0745802],[-7.0340431,42.0715536],[-7.0588346,42.0765488]]]},"properties":{"codmun":"32086","concello":"Viana do Bolo","iv_medio":66,"n_nucleos":7,"n_afectados":1,"poblacion":1867}},{"type":"Feature","geometry":{"type":"Polygon","coordinates":[[[-7.8442933,42.4854945],[-7.8595131,42.4702376],[-7.8611461,42.4594634],[-7.8617436,42.4466266],[-7.850133,42.4388999],[-7.8586678,42.431713],[-7.8644402,42.4310805],[-7.8624943,42.4274539],[-7.8720025,42.4283007],[-7.8707808,42.4238331],[-7.8785113,42.4207306],[-7.8811713,42.4141529],[-7.8873281,42.4133317],[-7.897049,42.4186418],[-7.9094225,42.4158965],[-7.9083732,42.4124213],[-7.9180596,42.4126174],[-7.9116617,42.4229308],[-7.9120544,42.4284148],[-7.9148055,42.4306464],[-7.9216693,42.4313865],[-7.9357876,42.4225311],[-7.9417027,42.4251206],[-7.9435784,42.4319629],[-7.937636,42.4336691],[-7.937858,42.4360274],[-7.9443064,42.4410778],[-7.9396317,42.4420368],[-7.935168,42.4489548],[-7.9140142,42.4570054],[-7.9210911,42.4824137],[-7.932604,42.4940806],[-7.9283359,42.4975058],[-7.914924,42.4996138],[-7.9131792,42.5083857],[-7.8968177,42.5056486],[-7.8896982,42.51077],[-7.8754137,42.510948],[-7.8795564,42.5063327],[-7.8778904,42.502622],[-7.8614971,42.5041131],[-7.8428479,42.4967658],[-7.8420846,42.4905139],[-7.8442933,42.4854945]]]},"properties":{"codmun":"32087","concello":"Vilamarín","iv_medio":60,"n_nucleos":8,"n_afectados":1,"poblacion":868}},{"type":"Feature","geometry":{"type":"Polygon","coordinates":[[[-7.0129968,42.4331635],[-7.0098306,42.4285023],[-7.018801,42.4167345],[-7.0206922,42.4050798],[-7.0244772,42.4017687],[-7.0330582,42.402772],[-7.036831,42.3987132],[-7.0430942,42.3780349],[-7.0562226,42.3761226],[-7.0719169,42.3839194],[-7.0930058,42.3882815],[-7.0843996,42.4012495],[-7.0870775,42.4080771],[-7.0851986,42.4103862],[-7.0894814,42.4183188],[-7.0891602,42.4361583],[-7.0989612,42.441057],[-7.1081773,42.4392228],[-7.1145618,42.442415],[-7.1189197,42.441763],[-7.1211616,42.4518388],[-7.1123062,42.4573436],[-7.100065,42.4583734],[-7.1002746,42.4678598],[-7.093264,42.4723163],[-7.0843126,42.4901752],[-7.0761875,42.4967497],[-7.0770689,42.5080004],[-7.0421813,42.5070143],[-7.0324284,42.503897],[-7.028685,42.4978647],[-7.0009565,42.5056986],[-7.0019671,42.5034213],[-6.9986256,42.4964429],[-7.0024801,42.4777328],[-7.0083307,42.4630765],[-7.0086551,42.4529266],[-7.0159949,42.4393702],[-7.0129968,42.4331635]]]},"properties":{"codmun":"32088","concello":"Vilamartín de Valdeorras","iv_medio":60,"n_nucleos":6,"n_afectados":0,"poblacion":1566}},{"type":"Feature","geometry":{"type":"Polygon","coordinates":[[[-7.5737648,42.1508564],[-7.5865474,42.1560153],[-7.5927205,42.1520313],[-7.6003055,42.1535095],[-7.6259913,42.1494942],[-7.6533557,42.1398769],[-7.6585997,42.1425898],[-7.6708328,42.1394983],[-7.665314,42.1473583],[-7.6650568,42.1573447],[-7.6565551,42.1766792],[-7.656597,42.1810352],[-7.644046,42.1876675],[-7.6272594,42.1908863],[-7.6229791,42.205717],[-7.6174717,42.2117286],[-7.6122119,42.2272917],[-7.5835618,42.2110838],[-7.5719423,42.2118546],[-7.5723315,42.2093631],[-7.5582066,42.2020843],[-7.5448662,42.1989413],[-7.5241144,42.1991512],[-7.5183411,42.1968132],[-7.5072632,42.2039757],[-7.5052335,42.2111865],[-7.4996708,42.2113063],[-7.4856505,42.2043655],[-7.48419,42.1962293],[-7.4786376,42.1927102],[-7.4644737,42.1898139],[-7.4668825,42.1862096],[-7.4621024,42.1795352],[-7.4640728,42.1726245],[-7.4686213,42.1677831],[-7.4797224,42.1630275],[-7.4820192,42.1455333],[-7.4954125,42.1392188],[-7.500933,42.1329694],[-7.5054043,42.1322263],[-7.5086837,42.1261187],[-7.5211027,42.1287983],[-7.5392651,42.1258557],[-7.54312,42.1291873],[-7.5500128,42.1303451],[-7.5615237,42.1405475],[-7.5655498,42.1495887],[-7.5737648,42.1508564]]]},"properties":{"codmun":"32089","concello":"Vilar de Barrio","iv_medio":67,"n_nucleos":5,"n_afectados":1,"poblacion":900}},{"type":"Feature","geometry":{"type":"Polygon","coordinates":[[[-7.7905299,42.1261522],[-7.7967476,42.1360837],[-7.8043347,42.1410685],[-7.8091147,42.1380587],[-7.8092409,42.134299],[-7.821321,42.1161083],[-7.8246392,42.0899219],[-7.8120779,42.0683472],[-7.8031725,42.0619506],[-7.7823285,42.062724],[-7.7806768,42.0675918],[-7.7808475,42.0759668],[-7.7859994,42.0825942],[-7.7834557,42.094558],[-7.7888708,42.0974378],[-7.7923194,42.1026055],[-7.7943682,42.1119643],[-7.7947675,42.1236519],[-7.7905299,42.1261522]]]},"properties":{"codmun":"32090","concello":"Vilar de Santos","iv_medio":59,"n_nucleos":4,"n_afectados":0,"poblacion":611}},{"type":"Feature","geometry":{"type":"Polygon","coordinates":[[[-7.3639133,41.8528383],[-7.3564436,41.8405299],[-7.3349057,41.8451483],[-7.3153151,41.8425454],[-7.3009872,41.8515755],[-7.2838384,41.8522155],[-7.2578163,41.8659265],[-7.2450555,41.8688056],[-7.2314823,41.8674962],[-7.2083421,41.8800101],[-7.1967378,41.8799794],[-7.1851886,41.8964459],[-7.1821475,41.9116592],[-7.190417,41.9175154],[-7.1898258,41.9206344],[-7.1941982,41.9273717],[-7.2004639,41.9291412],[-7.1977547,41.9308522],[-7.2104066,41.9393112],[-7.2188112,41.9376515],[-7.2159262,41.9403509],[-7.2241142,41.9445334],[-7.2209218,41.9458666],[-7.2217167,41.9476742],[-7.2358646,41.9516722],[-7.2394805,41.9492694],[-7.2408528,41.9428707],[-7.2563662,41.9394863],[-7.2577252,41.9370767],[-7.2694321,41.9330666],[-7.269752,41.9295521],[-7.2773849,41.928295],[-7.2729983,41.9231012],[-7.3243254,41.9265154],[-7.3288129,41.9329549],[-7.3415592,41.9356241],[-7.3483836,41.9405697],[-7.3531717,41.9490677],[-7.3553255,41.9541181],[-7.3520216,41.9592679],[-7.3374057,41.9696364],[-7.3421062,41.9778951],[-7.3410217,41.9807544],[-7.3451863,41.9924637],[-7.3482962,41.9920486],[-7.3447337,41.9865293],[-7.3587246,41.9899416],[-7.3637134,41.9878789],[-7.3613771,41.983718],[-7.36426,41.9815824],[-7.3641939,41.9756783],[-7.3605805,41.9687118],[-7.363616,41.9668764],[-7.365086,41.9578525],[-7.3866659,41.9420369],[-7.3893741,41.9316057],[-7.3940537,41.9288153],[-7.4077866,41.9071287],[-7.4020447,41.9011097],[-7.3943017,41.899453],[-7.3918076,41.8964782],[-7.3909249,41.8930995],[-7.3979095,41.8833866],[-7.3897029,41.8689617],[-7.3713196,41.8701865],[-7.3634921,41.8771207],[-7.3527698,41.8749982],[-7.3670261,41.8621655],[-7.3639133,41.8528383]]]},"properties":{"codmun":"32091","concello":"Vilardevós","iv_medio":72,"n_nucleos":12,"n_afectados":8,"poblacion":1200}},{"type":"Feature","geometry":{"type":"Polygon","coordinates":[[[-7.1904429,42.231291],[-7.2161507,42.2236301],[-7.2445728,42.2269109],[-7.2630641,42.217805],[-7.2799558,42.2136002],[-7.2645011,42.1886235],[-7.2723522,42.1903207],[-7.2804037,42.1888855],[-7.2969839,42.2007349],[-7.3057891,42.2009353],[-7.3068653,42.1932595],[-7.316193,42.1935025],[-7.3237928,42.1900734],[-7.3183331,42.1820948],[-7.3144522,42.1809265],[-7.3162133,42.1730177],[-7.3224402,42.1817868],[-7.3499199,42.1914697],[-7.3562676,42.1888784],[-7.3556576,42.1837063],[-7.3606948,42.1807324],[-7.3599758,42.1845324],[-7.3679943,42.1872251],[-7.3676044,42.1852591],[-7.3728283,42.1846455],[-7.3697956,42.172624],[-7.3725695,42.1740578],[-7.380639,42.170499],[-7.3859621,42.1610212],[-7.3796539,42.1536183],[-7.3751145,42.1425459],[-7.3767637,42.1317322],[-7.3701438,42.1248359],[-7.3688339,42.1167013],[-7.3556709,42.1093962],[-7.333215,42.1118973],[-7.3166586,42.1045435],[-7.2955544,42.1026808],[-7.2944427,42.0878478],[-7.2831408,42.0806806],[-7.2756471,42.0701913],[-7.2685677,42.067476],[-7.2455785,42.0660699],[-7.2332827,42.0696044],[-7.2301906,42.0718076],[-7.2294388,42.0761303],[-7.2201841,42.079272],[-7.22189,42.0873038],[-7.2167236,42.0905105],[-7.2199909,42.0947481],[-7.2099855,42.0970072],[-7.2136201,42.1025912],[-7.2040039,42.1087432],[-7.2080565,42.1091346],[-7.2115296,42.1131942],[-7.201412,42.1176354],[-7.1991804,42.121562],[-7.1966273,42.1211784],[-7.1948091,42.1313656],[-7.1877395,42.1325698],[-7.1854177,42.1391827],[-7.1809502,42.1428035],[-7.1684895,42.1630668],[-7.1630087,42.1667778],[-7.1566291,42.1782017],[-7.1640107,42.1805538],[-7.1624821,42.1823471],[-7.1661342,42.1852307],[-7.1671043,42.1948208],[-7.2126655,42.2022207],[-7.2036369,42.2055869],[-7.1975298,42.2051717],[-7.1796213,42.219342],[-7.181452,42.2261453],[-7.1904429,42.231291]]]},"properties":{"codmun":"32092","concello":"Vilariño de Conso","iv_medio":67,"n_nucleos":3,"n_afectados":0,"poblacion":250}}]}
