{"type":"FeatureCollection","metadata":{"descripcion":"Núcleos activos (>=50 hab) de Ourense con IV y afectación histórica, para el mapa a escala (clustering). Vulnerabilidad; sin evacuación.","n":683},"features":[{"type":"Feature","geometry":{"type":"Point","coordinates":[-7.833182,42.36296]},"properties":{"id":"ou-2854846","nombre":"Regoufe","concello":"Ourense","iv":56,"poblacion":96,"peligro_biofisico":60,"score_social":34,"capacidad_respuesta":19,"confianza":0.9,"afectado_hist":true,"n_afectaciones":2}},{"type":"Feature","geometry":{"type":"Point","coordinates":[-7.801553,42.190169]},"properties":{"id":"ou-2852159","nombre":"Allariz","concello":"Allariz","iv":41,"poblacion":4157,"peligro_biofisico":44,"score_social":21,"capacidad_respuesta":34,"confianza":0.9,"afectado_hist":false,"n_afectaciones":0}},{"type":"Feature","geometry":{"type":"Point","coordinates":[-7.95783,42.152001]},"properties":{"id":"ou-2853317","nombre":"Celanova","concello":"Celanova","iv":49,"poblacion":3706,"peligro_biofisico":52,"score_social":41,"capacidad_respuesta":46,"confianza":0.9,"afectado_hist":false,"n_afectaciones":0}},{"type":"Feature","geometry":{"type":"Point","coordinates":[-7.629108,42.317959]},"properties":{"id":"ou-2854039","nombre":"Xunqueira de Espadanedo","concello":"Xunqueira de Espadanedo","iv":61,"poblacion":273,"peligro_biofisico":57,"score_social":57,"capacidad_respuesta":27,"confianza":0.9,"afectado_hist":false,"n_afectaciones":0}},{"type":"Feature","geometry":{"type":"Point","coordinates":[-8.125178,42.36953]},"properties":{"id":"ou-2854102","nombre":"Leiro","concello":"Leiro","iv":63,"poblacion":541,"peligro_biofisico":57,"score_social":67,"capacidad_respuesta":34,"confianza":0.9,"afectado_hist":false,"n_afectaciones":0}},{"type":"Feature","geometry":{"type":"Point","coordinates":[-8.025508,42.41167]},"properties":{"id":"ou-2854369","nombre":"Maside","concello":"Maside","iv":54,"poblacion":747,"peligro_biofisico":52,"score_social":42,"capacidad_respuesta":25,"confianza":0.9,"afectado_hist":false,"n_afectaciones":0}},{"type":"Feature","geometry":{"type":"Point","coordinates":[-8.216184,42.25725]},"properties":{"id":"ou-2854396","nombre":"Melón","concello":"Melón","iv":70,"poblacion":267,"peligro_biofisico":60,"score_social":72,"capacidad_respuesta":15,"confianza":0.9,"afectado_hist":false,"n_afectaciones":0}},{"type":"Feature","geometry":{"type":"Point","coordinates":[-7.181942,42.165919]},"properties":{"id":"ou-2856617","nombre":"Vilariño","concello":"Vilariño de Conso","iv":66,"poblacion":140,"peligro_biofisico":66,"score_social":55,"capacidad_respuesta":17,"confianza":0.9,"afectado_hist":false,"n_afectaciones":0}},{"type":"Feature","geometry":{"type":"Point","coordinates":[-7.794326,42.087414]},"properties":{"id":"ou-2856553","nombre":"Vilar de Santos","concello":"Vilar de Santos","iv":56,"poblacion":339,"peligro_biofisico":44,"score_social":54,"capacidad_respuesta":21,"confianza":0.9,"afectado_hist":false,"n_afectaciones":0}},{"type":"Feature","geometry":{"type":"Point","coordinates":[-7.610481,42.161122]},"properties":{"id":"ou-2856539","nombre":"Vilar de Barrio","concello":"Vilar de Barrio","iv":66,"poblacion":226,"peligro_biofisico":53,"score_social":73,"capacidad_respuesta":23,"confianza":0.9,"afectado_hist":true,"n_afectaciones":1}},{"type":"Feature","geometry":{"type":"Point","coordinates":[-7.804333,42.096642]},"properties":{"id":"ou-2856543","nombre":"Castelaus","concello":"Vilar de Santos","iv":58,"poblacion":103,"peligro_biofisico":50,"score_social":57,"capacidad_respuesta":27,"confianza":0.9,"afectado_hist":false,"n_afectaciones":0}},{"type":"Feature","geometry":{"type":"Point","coordinates":[-7.809756,42.071644]},"properties":{"id":"ou-2856552","nombre":"As Casas da Veiga","concello":"Vilar de Santos","iv":61,"poblacion":73,"peligro_biofisico":45,"score_social":58,"capacidad_respuesta":10,"confianza":0.9,"afectado_hist":false,"n_afectaciones":0}},{"type":"Feature","geometry":{"type":"Point","coordinates":[-7.02634,42.431188]},"properties":{"id":"ou-2856507","nombre":"A Portela","concello":"Vilamartín de Valdeorras","iv":65,"poblacion":116,"peligro_biofisico":57,"score_social":59,"capacidad_respuesta":15,"confianza":0.9,"afectado_hist":false,"n_afectaciones":0}},{"type":"Feature","geometry":{"type":"Point","coordinates":[-7.07564,42.402163]},"properties":{"id":"ou-2856511","nombre":"Valencia do Sil","concello":"Vilamartín de Valdeorras","iv":64,"poblacion":78,"peligro_biofisico":61,"score_social":60,"capacidad_respuesta":25,"confianza":0.9,"afectado_hist":false,"n_afectaciones":0}},{"type":"Feature","geometry":{"type":"Point","coordinates":[-7.311419,41.906034]},"properties":{"id":"ou-2856586","nombre":"Vilardevós","concello":"Vilardevós","iv":69,"poblacion":245,"peligro_biofisico":54,"score_social":76,"capacidad_respuesta":15,"confianza":0.9,"afectado_hist":false,"n_afectaciones":0}},{"type":"Feature","geometry":{"type":"Point","coordinates":[-7.124037,42.169102]},"properties":{"id":"ou-2856384","nombre":"San Cibrao","concello":"Viana do Bolo","iv":63,"poblacion":57,"peligro_biofisico":53,"score_social":64,"capacidad_respuesta":23,"confianza":0.9,"afectado_hist":false,"n_afectaciones":0}},{"type":"Feature","geometry":{"type":"Point","coordinates":[-7.089421,42.179117]},"properties":{"id":"ou-2856371","nombre":"Punxeiro","concello":"Viana do Bolo","iv":68,"poblacion":75,"peligro_biofisico":61,"score_social":63,"capacidad_respuesta":15,"confianza":0.9,"afectado_hist":false,"n_afectaciones":0}},{"type":"Feature","geometry":{"type":"Point","coordinates":[-7.255584,41.916061]},"properties":{"id":"ou-2856561","nombre":"Lamasdeite","concello":"Vilardevós","iv":73,"poblacion":55,"peligro_biofisico":59,"score_social":80,"capacidad_respuesta":16,"confianza":0.9,"afectado_hist":false,"n_afectaciones":0}},{"type":"Feature","geometry":{"type":"Point","coordinates":[-7.285543,41.8771]},"properties":{"id":"ou-2856580","nombre":"Terroso","concello":"Vilardevós","iv":72,"poblacion":146,"peligro_biofisico":56,"score_social":77,"capacidad_respuesta":11,"confianza":0.9,"afectado_hist":true,"n_afectaciones":1}},{"type":"Feature","geometry":{"type":"Point","coordinates":[-7.098084,42.162903]},"properties":{"id":"ou-2856364","nombre":"Pinza","concello":"Viana do Bolo","iv":68,"poblacion":53,"peligro_biofisico":57,"score_social":64,"capacidad_respuesta":10,"confianza":0.9,"afectado_hist":false,"n_afectaciones":0}},{"type":"Feature","geometry":{"type":"Point","coordinates":[-7.437283,41.938411]},"properties":{"id":"ou-2856324","nombre":"Verín","concello":"Verín","iv":36,"poblacion":10214,"peligro_biofisico":35,"score_social":23,"capacidad_respuesta":44,"confianza":0.9,"afectado_hist":false,"n_afectaciones":0}},{"type":"Feature","geometry":{"type":"Point","coordinates":[-7.432731,41.882912]},"properties":{"id":"ou-2856307","nombre":"Mourazos","concello":"Verín","iv":52,"poblacion":129,"peligro_biofisico":48,"score_social":35,"capacidad_respuesta":17,"confianza":0.9,"afectado_hist":false,"n_afectaciones":0}},{"type":"Feature","geometry":{"type":"Point","coordinates":[-7.427836,41.91572]},"properties":{"id":"ou-2856299","nombre":"Cabreiroá","concello":"Verín","iv":50,"poblacion":141,"peligro_biofisico":49,"score_social":35,"capacidad_respuesta":28,"confianza":0.9,"afectado_hist":false,"n_afectaciones":0}},{"type":"Feature","geometry":{"type":"Point","coordinates":[-7.423272,41.951665]},"properties":{"id":"ou-2856315","nombre":"A Rasela","concello":"Verín","iv":51,"poblacion":329,"peligro_biofisico":48,"score_social":33,"capacidad_respuesta":20,"confianza":0.9,"afectado_hist":false,"n_afectaciones":0}},{"type":"Feature","geometry":{"type":"Point","coordinates":[-7.42009,41.814367]},"properties":{"id":"ou-2856301","nombre":"Feces de Abaixo","concello":"Verín","iv":50,"poblacion":321,"peligro_biofisico":46,"score_social":33,"capacidad_respuesta":20,"confianza":0.9,"afectado_hist":false,"n_afectaciones":0}},{"type":"Feature","geometry":{"type":"Point","coordinates":[-7.381017,41.853891]},"properties":{"id":"ou-2856303","nombre":"Feces de Cima","concello":"Verín","iv":55,"poblacion":53,"peligro_biofisico":58,"score_social":37,"capacidad_respuesta":25,"confianza":0.9,"afectado_hist":true,"n_afectaciones":1}},{"type":"Feature","geometry":{"type":"Point","coordinates":[-7.951136,42.099122]},"properties":{"id":"ou-2856291","nombre":"Carballo","concello":"Verea","iv":63,"poblacion":83,"peligro_biofisico":52,"score_social":73,"capacidad_respuesta":32,"confianza":0.9,"afectado_hist":false,"n_afectaciones":0}},{"type":"Feature","geometry":{"type":"Point","coordinates":[-8.057807,42.094972]},"properties":{"id":"ou-2856251","nombre":"Bangueses de Abaixo","concello":"Verea","iv":71,"poblacion":60,"peligro_biofisico":60,"score_social":74,"capacidad_respuesta":15,"confianza":0.9,"afectado_hist":true,"n_afectaciones":1}},{"type":"Feature","geometry":{"type":"Point","coordinates":[-8.049487,42.099447]},"properties":{"id":"ou-2856252","nombre":"Bangueses de Arriba","concello":"Verea","iv":70,"poblacion":55,"peligro_biofisico":58,"score_social":74,"capacidad_respuesta":17,"confianza":0.9,"afectado_hist":true,"n_afectaciones":1}},{"type":"Feature","geometry":{"type":"Point","coordinates":[-7.026103,42.250069]},"properties":{"id":"ou-2856240","nombre":"A Veiga","concello":"A Veiga","iv":59,"poblacion":291,"peligro_biofisico":40,"score_social":62,"capacidad_respuesta":16,"confianza":0.9,"afectado_hist":false,"n_afectaciones":0}},{"type":"Feature","geometry":{"type":"Point","coordinates":[-7.603011,42.087405]},"properties":{"id":"ou-2856050","nombre":"Sarreaus","concello":"Sarreaus","iv":65,"poblacion":155,"peligro_biofisico":45,"score_social":81,"capacidad_respuesta":26,"confianza":0.9,"afectado_hist":false,"n_afectaciones":0}},{"type":"Feature","geometry":{"type":"Point","coordinates":[-7.573831,42.060941]},"properties":{"id":"ou-2856041","nombre":"Nocelo da Pena","concello":"Sarreaus","iv":71,"poblacion":138,"peligro_biofisico":51,"score_social":81,"capacidad_respuesta":13,"confianza":0.9,"afectado_hist":false,"n_afectaciones":0}},{"type":"Feature","geometry":{"type":"Point","coordinates":[-7.843925,42.270978]},"properties":{"id":"ou-2856054","nombre":"Pasadán","concello":"Taboadela","iv":56,"poblacion":58,"peligro_biofisico":55,"score_social":51,"capacidad_respuesta":36,"confianza":0.9,"afectado_hist":false,"n_afectaciones":0}},{"type":"Feature","geometry":{"type":"Point","coordinates":[-7.757488,42.109563]},"properties":{"id":"ou-2856019","nombre":"Sandiás","concello":"Sandiás","iv":60,"poblacion":165,"peligro_biofisico":48,"score_social":57,"capacidad_respuesta":15,"confianza":0.9,"afectado_hist":false,"n_afectaciones":0}},{"type":"Feature","geometry":{"type":"Point","coordinates":[-7.931571,42.455657]},"properties":{"id":"ou-2855996","nombre":"Faramontaos","concello":"San Cristovo de Cea","iv":68,"poblacion":70,"peligro_biofisico":54,"score_social":70,"capacidad_respuesta":11,"confianza":0.9,"afectado_hist":false,"n_afectaciones":0}},{"type":"Feature","geometry":{"type":"Point","coordinates":[-7.945007,42.546081]},"properties":{"id":"ou-2855962","nombre":"A Casanova","concello":"San Cristovo de Cea","iv":69,"poblacion":60,"peligro_biofisico":65,"score_social":70,"capacidad_respuesta":28,"confianza":0.9,"afectado_hist":true,"n_afectaciones":1}},{"type":"Feature","geometry":{"type":"Point","coordinates":[-7.985128,42.474783]},"properties":{"id":"ou-2855914","nombre":"Cea","concello":"San Cristovo de Cea","iv":61,"poblacion":561,"peligro_biofisico":51,"score_social":64,"capacidad_respuesta":26,"confianza":0.9,"afectado_hist":false,"n_afectaciones":0}},{"type":"Feature","geometry":{"type":"Point","coordinates":[-7.888474,42.261876]},"properties":{"id":"ou-2855904","nombre":"Soutopenedo","concello":"San Cibrao das Viñas","iv":48,"poblacion":202,"peligro_biofisico":55,"score_social":24,"capacidad_respuesta":31,"confianza":0.9,"afectado_hist":false,"n_afectaciones":0}},{"type":"Feature","geometry":{"type":"Point","coordinates":[-7.897939,42.263474]},"properties":{"id":"ou-2855898","nombre":"Pazos","concello":"San Cibrao das Viñas","iv":47,"poblacion":110,"peligro_biofisico":51,"score_social":25,"capacidad_respuesta":28,"confianza":0.9,"afectado_hist":false,"n_afectaciones":0}},{"type":"Feature","geometry":{"type":"Point","coordinates":[-7.876735,42.258553]},"properties":{"id":"ou-2855899","nombre":"Penedo","concello":"San Cibrao das Viñas","iv":50,"poblacion":87,"peligro_biofisico":53,"score_social":26,"capacidad_respuesta":22,"confianza":0.9,"afectado_hist":false,"n_afectaciones":0}},{"type":"Feature","geometry":{"type":"Point","coordinates":[-7.888358,42.464853]},"properties":{"id":"ou-2856487","nombre":"Vilamarín","concello":"Vilamarín","iv":58,"poblacion":235,"peligro_biofisico":54,"score_social":50,"capacidad_respuesta":24,"confianza":0.9,"afectado_hist":false,"n_afectaciones":0}},{"type":"Feature","geometry":{"type":"Point","coordinates":[-7.825169,42.241254]},"properties":{"id":"ou-2856082","nombre":"Taboadela","concello":"Taboadela","iv":57,"poblacion":167,"peligro_biofisico":55,"score_social":48,"capacidad_respuesta":28,"confianza":0.9,"afectado_hist":false,"n_afectaciones":0}},{"type":"Feature","geometry":{"type":"Point","coordinates":[-7.866695,42.309072]},"properties":{"id":"ou-2855892","nombre":"O Piñeiral","concello":"San Cibrao das Viñas","iv":36,"poblacion":923,"peligro_biofisico":46,"score_social":20,"capacidad_respuesta":57,"confianza":0.9,"afectado_hist":false,"n_afectaciones":0}},{"type":"Feature","geometry":{"type":"Point","coordinates":[-7.994041,42.292329]},"properties":{"id":"ou-2856160","nombre":"Xestosa","concello":"Toén","iv":62,"poblacion":88,"peligro_biofisico":55,"score_social":49,"capacidad_respuesta":9,"confianza":0.9,"afectado_hist":false,"n_afectaciones":0}},{"type":"Feature","geometry":{"type":"Point","coordinates":[-7.873804,42.313186]},"properties":{"id":"ou-2855894","nombre":"A Farixa","concello":"San Cibrao das Viñas","iv":37,"poblacion":65,"peligro_biofisico":46,"score_social":27,"capacidad_respuesta":65,"confianza":0.9,"afectado_hist":false,"n_afectaciones":0}},{"type":"Feature","geometry":{"type":"Point","coordinates":[-7.6511,42.042597]},"properties":{"id":"ou-2856162","nombre":"Abavides","concello":"Trasmiras","iv":62,"poblacion":163,"peligro_biofisico":46,"score_social":67,"capacidad_respuesta":20,"confianza":0.9,"afectado_hist":false,"n_afectaciones":0}},{"type":"Feature","geometry":{"type":"Point","coordinates":[-7.824889,42.295716]},"properties":{"id":"ou-2855879","nombre":"Muíños","concello":"San Cibrao das Viñas","iv":40,"poblacion":57,"peligro_biofisico":43,"score_social":27,"capacidad_respuesta":47,"confianza":0.9,"afectado_hist":false,"n_afectaciones":0}},{"type":"Feature","geometry":{"type":"Point","coordinates":[-8.072316,42.374296]},"properties":{"id":"ou-2855798","nombre":"San Amaro","concello":"San Amaro","iv":63,"poblacion":192,"peligro_biofisico":53,"score_social":64,"capacidad_respuesta":23,"confianza":0.9,"afectado_hist":false,"n_afectaciones":0}},{"type":"Feature","geometry":{"type":"Point","coordinates":[-7.611138,42.020776]},"properties":{"id":"ou-2856176","nombre":"Trasmiras","concello":"Trasmiras","iv":62,"poblacion":261,"peligro_biofisico":46,"score_social":66,"capacidad_respuesta":18,"confianza":0.9,"afectado_hist":false,"n_afectaciones":0}},{"type":"Feature","geometry":{"type":"Point","coordinates":[-7.810588,42.2773]},"properties":{"id":"ou-2855886","nombre":"Santa Cruz da Rabeda","concello":"San Cibrao das Viñas","iv":45,"poblacion":140,"peligro_biofisico":47,"score_social":25,"capacidad_respuesta":32,"confianza":0.9,"afectado_hist":false,"n_afectaciones":0}},{"type":"Feature","geometry":{"type":"Point","coordinates":[-7.624295,41.990213]},"properties":{"id":"ou-2856184","nombre":"Vilar de Lebres","concello":"Trasmiras","iv":66,"poblacion":63,"peligro_biofisico":50,"score_social":70,"capacidad_respuesta":13,"confianza":0.9,"afectado_hist":true,"n_afectaciones":1}},{"type":"Feature","geometry":{"type":"Point","coordinates":[-7.798374,42.265091]},"properties":{"id":"ou-2856063","nombre":"Pereiras","concello":"Taboadela","iv":60,"poblacion":147,"peligro_biofisico":53,"score_social":49,"capacidad_respuesta":14,"confianza":0.9,"afectado_hist":true,"n_afectaciones":1}},{"type":"Feature","geometry":{"type":"Point","coordinates":[-7.831719,42.268161]},"properties":{"id":"ou-2856058","nombre":"Veredo","concello":"Taboadela","iv":56,"poblacion":102,"peligro_biofisico":51,"score_social":50,"capacidad_respuesta":28,"confianza":0.9,"afectado_hist":false,"n_afectaciones":0}},{"type":"Feature","geometry":{"type":"Point","coordinates":[-7.829763,42.255717]},"properties":{"id":"ou-2856090","nombre":"Espiñeiro","concello":"Taboadela","iv":53,"poblacion":114,"peligro_biofisico":50,"score_social":49,"capacidad_respuesta":35,"confianza":0.9,"afectado_hist":true,"n_afectaciones":1}},{"type":"Feature","geometry":{"type":"Point","coordinates":[-6.946385,42.447494]},"properties":{"id":"ou-2855781","nombre":"Rubiá","concello":"Rubiá","iv":61,"poblacion":774,"peligro_biofisico":54,"score_social":53,"capacidad_respuesta":18,"confianza":0.9,"afectado_hist":false,"n_afectaciones":0}},{"type":"Feature","geometry":{"type":"Point","coordinates":[-7.092485,42.406485]},"properties":{"id":"ou-2855754","nombre":"Somoza","concello":"A Rúa","iv":56,"poblacion":60,"peligro_biofisico":60,"score_social":45,"capacidad_respuesta":36,"confianza":0.9,"afectado_hist":false,"n_afectaciones":0}},{"type":"Feature","geometry":{"type":"Point","coordinates":[-6.93309,42.503637]},"properties":{"id":"ou-2855765","nombre":"Oulego","concello":"Rubiá","iv":72,"poblacion":70,"peligro_biofisico":71,"score_social":59,"capacidad_respuesta":10,"confianza":0.9,"afectado_hist":false,"n_afectaciones":0}},{"type":"Feature","geometry":{"type":"Point","coordinates":[-7.114129,42.395137]},"properties":{"id":"ou-2855753","nombre":"A Rúa de Valdeorras","concello":"A Rúa","iv":42,"poblacion":4119,"peligro_biofisico":33,"score_social":34,"capacidad_respuesta":32,"confianza":0.9,"afectado_hist":false,"n_afectaciones":0}},{"type":"Feature","geometry":{"type":"Point","coordinates":[-7.282548,41.974198]},"properties":{"id":"ou-2855729","nombre":"Riós","concello":"O Riós","iv":64,"poblacion":197,"peligro_biofisico":54,"score_social":68,"capacidad_respuesta":27,"confianza":0.9,"afectado_hist":false,"n_afectaciones":0}},{"type":"Feature","geometry":{"type":"Point","coordinates":[-7.297871,41.983903]},"properties":{"id":"ou-2855726","nombre":"As Ferreiras","concello":"O Riós","iv":65,"poblacion":74,"peligro_biofisico":55,"score_social":71,"capacidad_respuesta":28,"confianza":0.9,"afectado_hist":false,"n_afectaciones":0}},{"type":"Feature","geometry":{"type":"Point","coordinates":[-7.298503,42.371168]},"properties":{"id":"ou-2855684","nombre":"O Campo","concello":"San Xoán de Río","iv":74,"poblacion":105,"peligro_biofisico":56,"score_social":84,"capacidad_respuesta":13,"confianza":0.9,"afectado_hist":false,"n_afectaciones":0}},{"type":"Feature","geometry":{"type":"Point","coordinates":[-8.143527,42.287582]},"properties":{"id":"ou-2855625","nombre":"Ribadavia","concello":"Ribadavia","iv":52,"poblacion":3156,"peligro_biofisico":59,"score_social":31,"capacidad_respuesta":28,"confianza":0.9,"afectado_hist":false,"n_afectaciones":0}},{"type":"Feature","geometry":{"type":"Point","coordinates":[-8.109225,42.320737]},"properties":{"id":"ou-2855618","nombre":"Santo André","concello":"Ribadavia","iv":54,"poblacion":130,"peligro_biofisico":54,"score_social":39,"capacidad_respuesta":27,"confianza":0.9,"afectado_hist":false,"n_afectaciones":0}},{"type":"Feature","geometry":{"type":"Point","coordinates":[-8.132897,42.309128]},"properties":{"id":"ou-2855621","nombre":"San Cristovo","concello":"Ribadavia","iv":50,"poblacion":331,"peligro_biofisico":50,"score_social":37,"capacidad_respuesta":31,"confianza":0.9,"afectado_hist":false,"n_afectaciones":0}},{"type":"Feature","geometry":{"type":"Point","coordinates":[-8.15075,42.292289]},"properties":{"id":"ou-2855623","nombre":"A Franqueirán","concello":"Ribadavia","iv":56,"poblacion":115,"peligro_biofisico":61,"score_social":40,"capacidad_respuesta":29,"confianza":0.9,"afectado_hist":false,"n_afectaciones":0}},{"type":"Feature","geometry":{"type":"Point","coordinates":[-8.108326,42.305758]},"properties":{"id":"ou-2855636","nombre":"Ventosela","concello":"Ribadavia","iv":46,"poblacion":75,"peligro_biofisico":29,"score_social":41,"capacidad_respuesta":19,"confianza":0.9,"afectado_hist":false,"n_afectaciones":0}},{"type":"Feature","geometry":{"type":"Point","coordinates":[-7.831646,42.081756]},"properties":{"id":"ou-2855510","nombre":"Rairiz de Veiga","concello":"Rairiz de Veiga","iv":62,"poblacion":174,"peligro_biofisico":48,"score_social":67,"capacidad_respuesta":21,"confianza":0.9,"afectado_hist":false,"n_afectaciones":0}},{"type":"Feature","geometry":{"type":"Point","coordinates":[-7.829221,42.074247]},"properties":{"id":"ou-2855513","nombre":"Santa Baia","concello":"Rairiz de Veiga","iv":64,"poblacion":79,"peligro_biofisico":49,"score_social":69,"capacidad_respuesta":18,"confianza":0.9,"afectado_hist":false,"n_afectaciones":0}},{"type":"Feature","geometry":{"type":"Point","coordinates":[-7.877324,42.045806]},"properties":{"id":"ou-2855478","nombre":"Congostro","concello":"Rairiz de Veiga","iv":70,"poblacion":66,"peligro_biofisico":55,"score_social":70,"capacidad_respuesta":6,"confianza":0.9,"afectado_hist":false,"n_afectaciones":0}},{"type":"Feature","geometry":{"type":"Point","coordinates":[-8.100719,42.139204]},"properties":{"id":"ou-2855459","nombre":"Quintela","concello":"Quintela de Leirado","iv":66,"poblacion":138,"peligro_biofisico":58,"score_social":66,"capacidad_respuesta":20,"confianza":0.9,"afectado_hist":false,"n_afectaciones":0}},{"type":"Feature","geometry":{"type":"Point","coordinates":[-7.848492,42.126181]},"properties":{"id":"ou-2855486","nombre":"Nigueiroá","concello":"Rairiz de Veiga","iv":65,"poblacion":62,"peligro_biofisico":53,"score_social":70,"capacidad_respuesta":23,"confianza":0.9,"afectado_hist":false,"n_afectaciones":0}},{"type":"Feature","geometry":{"type":"Point","coordinates":[-8.133548,42.165094]},"properties":{"id":"ou-2855395","nombre":"Aldea de Deva","concello":"Pontedeva","iv":62,"poblacion":161,"peligro_biofisico":58,"score_social":54,"capacidad_respuesta":21,"confianza":0.9,"afectado_hist":false,"n_afectaciones":0}},{"type":"Feature","geometry":{"type":"Point","coordinates":[-8.015259,42.387945]},"properties":{"id":"ou-2855436","nombre":"Vilamoure","concello":"Punxín","iv":63,"poblacion":94,"peligro_biofisico":54,"score_social":61,"capacidad_respuesta":19,"confianza":0.9,"afectado_hist":false,"n_afectaciones":0}},{"type":"Feature","geometry":{"type":"Point","coordinates":[-7.251922,42.340694]},"properties":{"id":"ou-2855376","nombre":"A Pobra de Trives","concello":"A Pobra de Trives","iv":56,"poblacion":1201,"peligro_biofisico":53,"score_social":50,"capacidad_respuesta":31,"confianza":0.9,"afectado_hist":false,"n_afectaciones":0}},{"type":"Feature","geometry":{"type":"Point","coordinates":[-7.240418,42.342896]},"properties":{"id":"ou-2855374","nombre":"Piñeiro","concello":"A Pobra de Trives","iv":63,"poblacion":51,"peligro_biofisico":62,"score_social":59,"capacidad_respuesta":28,"confianza":0.9,"afectado_hist":false,"n_afectaciones":0}},{"type":"Feature","geometry":{"type":"Point","coordinates":[-7.255982,42.317505]},"properties":{"id":"ou-2855360","nombre":"A Encomenda","concello":"A Pobra de Trives","iv":65,"poblacion":72,"peligro_biofisico":56,"score_social":58,"capacidad_respuesta":11,"confianza":0.9,"afectado_hist":false,"n_afectaciones":0}},{"type":"Feature","geometry":{"type":"Point","coordinates":[-7.847331,42.018744]},"properties":{"id":"ou-2855330","nombre":"Forxa","concello":"Porqueira","iv":65,"poblacion":138,"peligro_biofisico":49,"score_social":75,"capacidad_respuesta":25,"confianza":0.9,"afectado_hist":false,"n_afectaciones":0}},{"type":"Feature","geometry":{"type":"Point","coordinates":[-7.837144,42.015302]},"properties":{"id":"ou-2855327","nombre":"Xocín","concello":"Porqueira","iv":69,"poblacion":60,"peligro_biofisico":57,"score_social":77,"capacidad_respuesta":24,"confianza":0.9,"afectado_hist":false,"n_afectaciones":0}},{"type":"Feature","geometry":{"type":"Point","coordinates":[-7.332929,42.31492]},"properties":{"id":"ou-2855357","nombre":"Cova","concello":"A Pobra de Trives","iv":65,"poblacion":56,"peligro_biofisico":58,"score_social":59,"capacidad_respuesta":14,"confianza":0.9,"afectado_hist":false,"n_afectaciones":0}},{"type":"Feature","geometry":{"type":"Point","coordinates":[-7.811754,42.374604]},"properties":{"id":"ou-2855095","nombre":"Vilariño","concello":"O Pereiro de Aguiar","iv":55,"poblacion":330,"peligro_biofisico":60,"score_social":28,"capacidad_respuesta":17,"confianza":0.9,"afectado_hist":false,"n_afectaciones":0}},{"type":"Feature","geometry":{"type":"Point","coordinates":[-7.74727,42.35901]},"properties":{"id":"ou-2855093","nombre":"Vilar","concello":"O Pereiro de Aguiar","iv":49,"poblacion":84,"peligro_biofisico":53,"score_social":32,"capacidad_respuesta":35,"confianza":0.9,"afectado_hist":false,"n_afectaciones":0}},{"type":"Feature","geometry":{"type":"Point","coordinates":[-7.739965,42.349729]},"properties":{"id":"ou-2855088","nombre":"Outeiro","concello":"O Pereiro de Aguiar","iv":54,"poblacion":58,"peligro_biofisico":57,"score_social":33,"capacidad_respuesta":23,"confianza":0.9,"afectado_hist":false,"n_afectaciones":0}},{"type":"Feature","geometry":{"type":"Point","coordinates":[-7.79858,42.367818]},"properties":{"id":"ou-2855079","nombre":"Parada","concello":"O Pereiro de Aguiar","iv":55,"poblacion":63,"peligro_biofisico":58,"score_social":32,"capacidad_respuesta":17,"confianza":0.9,"afectado_hist":false,"n_afectaciones":0}},{"type":"Feature","geometry":{"type":"Point","coordinates":[-7.868444,42.387318]},"properties":{"id":"ou-2854855","nombre":"Sartédigos","concello":"Ourense","iv":55,"poblacion":58,"peligro_biofisico":56,"score_social":35,"capacidad_respuesta":19,"confianza":0.9,"afectado_hist":false,"n_afectaciones":0}},{"type":"Feature","geometry":{"type":"Point","coordinates":[-7.88815,42.351093]},"properties":{"id":"ou-2854821","nombre":"A Estrada de Reza","concello":"Ourense","iv":45,"poblacion":107,"peligro_biofisico":49,"score_social":34,"capacidad_respuesta":46,"confianza":0.9,"afectado_hist":false,"n_afectaciones":0}},{"type":"Feature","geometry":{"type":"Point","coordinates":[-7.934826,42.343915]},"properties":{"id":"ou-2854835","nombre":"Barrio","concello":"Ourense","iv":60,"poblacion":66,"peligro_biofisico":64,"score_social":35,"capacidad_respuesta":11,"confianza":0.9,"afectado_hist":false,"n_afectaciones":0}},{"type":"Feature","geometry":{"type":"Point","coordinates":[-7.846758,42.318176]},"properties":{"id":"ou-2854819","nombre":"Rairo","concello":"Ourense","iv":42,"poblacion":475,"peligro_biofisico":49,"score_social":30,"capacidad_respuesta":54,"confianza":0.9,"afectado_hist":false,"n_afectaciones":0}},{"type":"Feature","geometry":{"type":"Point","coordinates":[-8.008059,42.354469]},"properties":{"id":"ou-2855402","nombre":"Barbantes","concello":"Punxín","iv":65,"poblacion":93,"peligro_biofisico":60,"score_social":61,"capacidad_respuesta":23,"confianza":0.9,"afectado_hist":false,"n_afectaciones":0}},{"type":"Feature","geometry":{"type":"Point","coordinates":[-7.863837,42.335531]},"properties":{"id":"ou-2854761","nombre":"Ourense","concello":"Ourense","iv":18,"poblacion":98897,"peligro_biofisico":26,"score_social":21,"capacidad_respuesta":100,"confianza":0.9,"afectado_hist":false,"n_afectaciones":0}},{"type":"Feature","geometry":{"type":"Point","coordinates":[-7.465786,41.903696]},"properties":{"id":"ou-2854753","nombre":"O Rosal","concello":"Oímbra","iv":57,"poblacion":203,"peligro_biofisico":46,"score_social":53,"capacidad_respuesta":20,"confianza":0.9,"afectado_hist":false,"n_afectaciones":0}},{"type":"Feature","geometry":{"type":"Point","coordinates":[-7.440316,41.848024]},"properties":{"id":"ou-2854755","nombre":"Rabal","concello":"Oímbra","iv":55,"poblacion":130,"peligro_biofisico":45,"score_social":55,"capacidad_respuesta":30,"confianza":0.9,"afectado_hist":false,"n_afectaciones":0}},{"type":"Feature","geometry":{"type":"Point","coordinates":[-7.826118,42.340295]},"properties":{"id":"ou-2854790","nombre":"Ceboliño","concello":"Ourense","iv":50,"poblacion":112,"peligro_biofisico":61,"score_social":34,"capacidad_respuesta":45,"confianza":0.9,"afectado_hist":false,"n_afectaciones":0}},{"type":"Feature","geometry":{"type":"Point","coordinates":[-7.476576,41.884946]},"properties":{"id":"ou-2854752","nombre":"Oímbra","concello":"Oímbra","iv":61,"poblacion":392,"peligro_biofisico":55,"score_social":52,"capacidad_respuesta":16,"confianza":0.9,"afectado_hist":true,"n_afectaciones":1}},{"type":"Feature","geometry":{"type":"Point","coordinates":[-7.727476,42.411774]},"properties":{"id":"ou-2854740","nombre":"Luíntra","concello":"Nogueira de Ramuín","iv":60,"poblacion":477,"peligro_biofisico":55,"score_social":52,"capacidad_respuesta":20,"confianza":0.9,"afectado_hist":false,"n_afectaciones":0}},{"type":"Feature","geometry":{"type":"Point","coordinates":[-7.504719,41.900289]},"properties":{"id":"ou-2854747","nombre":"As Chás","concello":"Oímbra","iv":62,"poblacion":90,"peligro_biofisico":54,"score_social":56,"capacidad_respuesta":17,"confianza":0.9,"afectado_hist":true,"n_afectaciones":2}},{"type":"Feature","geometry":{"type":"Point","coordinates":[-7.50575,41.878763]},"properties":{"id":"ou-2854749","nombre":"As Casas dos Montes","concello":"Oímbra","iv":60,"poblacion":115,"peligro_biofisico":55,"score_social":55,"capacidad_respuesta":24,"confianza":0.9,"afectado_hist":true,"n_afectaciones":1}},{"type":"Feature","geometry":{"type":"Point","coordinates":[-8.006939,42.499524]},"properties":{"id":"ou-2855257","nombre":"Piñor","concello":"Piñor","iv":60,"poblacion":97,"peligro_biofisico":53,"score_social":58,"capacidad_respuesta":26,"confianza":0.9,"afectado_hist":false,"n_afectaciones":0}},{"type":"Feature","geometry":{"type":"Point","coordinates":[-7.699818,42.371121]},"properties":{"id":"ou-2854699","nombre":"Loña do Monte","concello":"Nogueira de Ramuín","iv":62,"poblacion":103,"peligro_biofisico":50,"score_social":56,"capacidad_respuesta":9,"confianza":0.9,"afectado_hist":false,"n_afectaciones":0}},{"type":"Feature","geometry":{"type":"Point","coordinates":[-7.124488,42.382627]},"properties":{"id":"ou-2855249","nombre":"Petín","concello":"Petín","iv":44,"poblacion":597,"peligro_biofisico":28,"score_social":43,"capacidad_respuesta":28,"confianza":0.9,"afectado_hist":false,"n_afectaciones":0}},{"type":"Feature","geometry":{"type":"Point","coordinates":[-7.771716,42.375224]},"properties":{"id":"ou-2854672","nombre":"San Miguel do Campo","concello":"Nogueira de Ramuín","iv":61,"poblacion":219,"peligro_biofisico":54,"score_social":54,"capacidad_respuesta":17,"confianza":0.9,"afectado_hist":false,"n_afectaciones":0}},{"type":"Feature","geometry":{"type":"Point","coordinates":[-7.863535,42.017966]},"properties":{"id":"ou-2855319","nombre":"San Lourenzo","concello":"Porqueira","iv":67,"poblacion":80,"peligro_biofisico":50,"score_social":76,"capacidad_respuesta":20,"confianza":0.9,"afectado_hist":false,"n_afectaciones":0}},{"type":"Feature","geometry":{"type":"Point","coordinates":[-7.887598,42.004938]},"properties":{"id":"ou-2855322","nombre":"Paradela de Abeleda","concello":"Porqueira","iv":73,"poblacion":67,"peligro_biofisico":60,"score_social":77,"capacidad_respuesta":13,"confianza":0.9,"afectado_hist":true,"n_afectaciones":2}},{"type":"Feature","geometry":{"type":"Point","coordinates":[-7.922384,41.909098]},"properties":{"id":"ou-2854656","nombre":"Guntumil","concello":"Muíños","iv":67,"poblacion":90,"peligro_biofisico":53,"score_social":68,"capacidad_respuesta":13,"confianza":0.9,"afectado_hist":false,"n_afectaciones":0}},{"type":"Feature","geometry":{"type":"Point","coordinates":[-7.989931,41.933135]},"properties":{"id":"ou-2854653","nombre":"Prado","concello":"Muíños","iv":68,"poblacion":60,"peligro_biofisico":55,"score_social":69,"capacidad_respuesta":14,"confianza":0.9,"afectado_hist":true,"n_afectaciones":1}},{"type":"Feature","geometry":{"type":"Point","coordinates":[-7.971773,41.957836]},"properties":{"id":"ou-2854642","nombre":"Mugueimes","concello":"Muíños","iv":62,"poblacion":231,"peligro_biofisico":57,"score_social":65,"capacidad_respuesta":35,"confianza":0.9,"afectado_hist":false,"n_afectaciones":0}},{"type":"Feature","geometry":{"type":"Point","coordinates":[-7.954324,41.967908]},"properties":{"id":"ou-2854621","nombre":"Barxés","concello":"Muíños","iv":66,"poblacion":169,"peligro_biofisico":55,"score_social":66,"capacidad_respuesta":16,"confianza":0.9,"afectado_hist":false,"n_afectaciones":0}},{"type":"Feature","geometry":{"type":"Point","coordinates":[-7.964927,41.961186]},"properties":{"id":"ou-2854617","nombre":"A Abelleira","concello":"Muíños","iv":65,"poblacion":52,"peligro_biofisico":56,"score_social":69,"capacidad_respuesta":28,"confianza":0.9,"afectado_hist":false,"n_afectaciones":0}},{"type":"Feature","geometry":{"type":"Point","coordinates":[-7.988353,42.495735]},"properties":{"id":"ou-2855264","nombre":"Freás da Canda","concello":"Piñor","iv":62,"poblacion":85,"peligro_biofisico":54,"score_social":58,"capacidad_respuesta":19,"confianza":0.9,"afectado_hist":false,"n_afectaciones":0}},{"type":"Feature","geometry":{"type":"Point","coordinates":[-7.799997,42.346552]},"properties":{"id":"ou-2855074","nombre":"O Pereiro de Aguiar","concello":"O Pereiro de Aguiar","iv":48,"poblacion":304,"peligro_biofisico":57,"score_social":28,"capacidad_respuesta":38,"confianza":0.9,"afectado_hist":false,"n_afectaciones":0}},{"type":"Feature","geometry":{"type":"Point","coordinates":[-7.790776,42.347816]},"properties":{"id":"ou-2855073","nombre":"Cortiñas","concello":"O Pereiro de Aguiar","iv":49,"poblacion":355,"peligro_biofisico":52,"score_social":28,"capacidad_respuesta":26,"confianza":0.9,"afectado_hist":false,"n_afectaciones":0}},{"type":"Feature","geometry":{"type":"Point","coordinates":[-7.816144,42.34584]},"properties":{"id":"ou-2855072","nombre":"Castadón","concello":"O Pereiro de Aguiar","iv":50,"poblacion":98,"peligro_biofisico":59,"score_social":31,"capacidad_respuesta":39,"confianza":0.9,"afectado_hist":false,"n_afectaciones":0}},{"type":"Feature","geometry":{"type":"Point","coordinates":[-7.774733,42.328941]},"properties":{"id":"ou-2855070","nombre":"Santa Marta","concello":"O Pereiro de Aguiar","iv":49,"poblacion":141,"peligro_biofisico":53,"score_social":30,"capacidad_respuesta":29,"confianza":0.9,"afectado_hist":false,"n_afectaciones":0}},{"type":"Feature","geometry":{"type":"Point","coordinates":[-7.793557,42.313853]},"properties":{"id":"ou-2855067","nombre":"Pedraio","concello":"O Pereiro de Aguiar","iv":47,"poblacion":88,"peligro_biofisico":50,"score_social":31,"capacidad_respuesta":36,"confianza":0.9,"afectado_hist":false,"n_afectaciones":0}},{"type":"Feature","geometry":{"type":"Point","coordinates":[-7.760738,42.322705]},"properties":{"id":"ou-2855062","nombre":"Cimadevila","concello":"O Pereiro de Aguiar","iv":50,"poblacion":89,"peligro_biofisico":55,"score_social":31,"capacidad_respuesta":31,"confianza":0.9,"afectado_hist":false,"n_afectaciones":0}},{"type":"Feature","geometry":{"type":"Point","coordinates":[-7.779228,42.314982]},"properties":{"id":"ou-2855057","nombre":"A Venda","concello":"O Pereiro de Aguiar","iv":48,"poblacion":117,"peligro_biofisico":52,"score_social":31,"capacidad_respuesta":35,"confianza":0.9,"afectado_hist":false,"n_afectaciones":0}},{"type":"Feature","geometry":{"type":"Point","coordinates":[-7.76839,42.316376]},"properties":{"id":"ou-2855056","nombre":"Santabaia","concello":"O Pereiro de Aguiar","iv":49,"poblacion":76,"peligro_biofisico":52,"score_social":32,"capacidad_respuesta":31,"confianza":0.9,"afectado_hist":false,"n_afectaciones":0}},{"type":"Feature","geometry":{"type":"Point","coordinates":[-7.787946,42.322043]},"properties":{"id":"ou-2855050","nombre":"A Derrasa","concello":"O Pereiro de Aguiar","iv":49,"poblacion":271,"peligro_biofisico":51,"score_social":28,"capacidad_respuesta":26,"confianza":0.9,"afectado_hist":false,"n_afectaciones":0}},{"type":"Feature","geometry":{"type":"Point","coordinates":[-7.796441,42.393454]},"properties":{"id":"ou-2855044","nombre":"Frieira","concello":"O Pereiro de Aguiar","iv":51,"poblacion":56,"peligro_biofisico":56,"score_social":33,"capacidad_respuesta":31,"confianza":0.9,"afectado_hist":false,"n_afectaciones":0}},{"type":"Feature","geometry":{"type":"Point","coordinates":[-7.792685,42.399307]},"properties":{"id":"ou-2855041","nombre":"O Condado","concello":"O Pereiro de Aguiar","iv":53,"poblacion":100,"peligro_biofisico":55,"score_social":31,"capacidad_respuesta":18,"confianza":0.9,"afectado_hist":false,"n_afectaciones":0}},{"type":"Feature","geometry":{"type":"Point","coordinates":[-7.734248,42.332919]},"properties":{"id":"ou-2855031","nombre":"Ordelles","concello":"O Pereiro de Aguiar","iv":53,"poblacion":83,"peligro_biofisico":56,"score_social":32,"capacidad_respuesta":22,"confianza":0.9,"afectado_hist":false,"n_afectaciones":0}},{"type":"Feature","geometry":{"type":"Point","coordinates":[-7.805945,42.338446]},"properties":{"id":"ou-2855033","nombre":"Cachamuíña","concello":"O Pereiro de Aguiar","iv":46,"poblacion":207,"peligro_biofisico":54,"score_social":29,"capacidad_respuesta":43,"confianza":0.9,"afectado_hist":false,"n_afectaciones":0}},{"type":"Feature","geometry":{"type":"Point","coordinates":[-7.744043,42.327577]},"properties":{"id":"ou-2855030","nombre":"Chaodarcas","concello":"O Pereiro de Aguiar","iv":54,"poblacion":84,"peligro_biofisico":54,"score_social":32,"capacidad_respuesta":17,"confianza":0.9,"afectado_hist":false,"n_afectaciones":0}},{"type":"Feature","geometry":{"type":"Point","coordinates":[-7.767847,42.350311]},"properties":{"id":"ou-2855024","nombre":"Cebreiros","concello":"O Pereiro de Aguiar","iv":50,"poblacion":127,"peligro_biofisico":54,"score_social":30,"capacidad_respuesta":28,"confianza":0.9,"afectado_hist":false,"n_afectaciones":0}},{"type":"Feature","geometry":{"type":"Point","coordinates":[-7.763785,42.299906]},"properties":{"id":"ou-2855020","nombre":"Reboredo","concello":"O Pereiro de Aguiar","iv":51,"poblacion":91,"peligro_biofisico":53,"score_social":31,"capacidad_respuesta":23,"confianza":0.9,"afectado_hist":false,"n_afectaciones":0}},{"type":"Feature","geometry":{"type":"Point","coordinates":[-7.571421,42.383279]},"properties":{"id":"ou-2854998","nombre":"Parada de Sil","concello":"Parada de Sil","iv":71,"poblacion":95,"peligro_biofisico":56,"score_social":77,"capacidad_respuesta":15,"confianza":0.9,"afectado_hist":false,"n_afectaciones":0}},{"type":"Feature","geometry":{"type":"Point","coordinates":[-7.794303,42.440496]},"properties":{"id":"ou-2855181","nombre":"A Peroxa","concello":"A Peroxa","iv":59,"poblacion":401,"peligro_biofisico":57,"score_social":59,"capacidad_respuesta":38,"confianza":0.9,"afectado_hist":false,"n_afectaciones":0}},{"type":"Feature","geometry":{"type":"Point","coordinates":[-7.775629,42.358411]},"properties":{"id":"ou-2855027","nombre":"Urbanización Tapada de Bouzas","concello":"O Pereiro de Aguiar","iv":49,"poblacion":489,"peligro_biofisico":53,"score_social":27,"capacidad_respuesta":26,"confianza":0.9,"afectado_hist":false,"n_afectaciones":0}},{"type":"Feature","geometry":{"type":"Point","coordinates":[-7.045363,42.013696]},"properties":{"id":"ou-2854484","nombre":"A Mezquita","concello":"A Mezquita","iv":62,"poblacion":340,"peligro_biofisico":50,"score_social":61,"capacidad_respuesta":16,"confianza":0.9,"afectado_hist":false,"n_afectaciones":0}},{"type":"Feature","geometry":{"type":"Point","coordinates":[-7.903715,42.200961]},"properties":{"id":"ou-2854430","nombre":"Faramontaos","concello":"A Merca","iv":67,"poblacion":52,"peligro_biofisico":58,"score_social":60,"capacidad_respuesta":9,"confianza":0.9,"afectado_hist":false,"n_afectaciones":0}},{"type":"Feature","geometry":{"type":"Point","coordinates":[-8.158473,42.138639]},"properties":{"id":"ou-2854938","nombre":"San Roque de Crespos","concello":"Padrenda","iv":65,"poblacion":145,"peligro_biofisico":56,"score_social":62,"capacidad_respuesta":16,"confianza":0.9,"afectado_hist":false,"n_afectaciones":0}},{"type":"Feature","geometry":{"type":"Point","coordinates":[-7.761399,42.259559]},"properties":{"id":"ou-2854901","nombre":"Golpellás","concello":"Paderne de Allariz","iv":58,"poblacion":68,"peligro_biofisico":53,"score_social":56,"capacidad_respuesta":31,"confianza":0.9,"afectado_hist":false,"n_afectaciones":0}},{"type":"Feature","geometry":{"type":"Point","coordinates":[-8.14903,42.149617]},"properties":{"id":"ou-2854936","nombre":"Morgade","concello":"Padrenda","iv":68,"poblacion":55,"peligro_biofisico":59,"score_social":65,"capacidad_respuesta":14,"confianza":0.9,"afectado_hist":false,"n_afectaciones":0}},{"type":"Feature","geometry":{"type":"Point","coordinates":[-7.064309,42.415488]},"properties":{"id":"ou-2856513","nombre":"Vilamartín","concello":"Vilamartín de Valdeorras","iv":59,"poblacion":648,"peligro_biofisico":53,"score_social":55,"capacidad_respuesta":25,"confianza":0.9,"afectado_hist":false,"n_afectaciones":0}},{"type":"Feature","geometry":{"type":"Point","coordinates":[-7.881696,42.374275]},"properties":{"id":"ou-2854858","nombre":"Vilar de Astrés","concello":"Ourense","iv":56,"poblacion":118,"peligro_biofisico":59,"score_social":33,"capacidad_respuesta":18,"confianza":0.9,"afectado_hist":true,"n_afectaciones":1}},{"type":"Feature","geometry":{"type":"Point","coordinates":[-7.63579,42.163938]},"properties":{"id":"ou-2856519","nombre":"Bóveda","concello":"Vilar de Barrio","iv":68,"poblacion":96,"peligro_biofisico":52,"score_social":75,"capacidad_respuesta":15,"confianza":0.9,"afectado_hist":false,"n_afectaciones":0}},{"type":"Feature","geometry":{"type":"Point","coordinates":[-7.777192,42.276252]},"properties":{"id":"ou-2854886","nombre":"Figueiredo","concello":"Paderne de Allariz","iv":61,"poblacion":141,"peligro_biofisico":53,"score_social":54,"capacidad_respuesta":16,"confianza":0.9,"afectado_hist":false,"n_afectaciones":0}},{"type":"Feature","geometry":{"type":"Point","coordinates":[-7.644591,42.165051]},"properties":{"id":"ou-2856520","nombre":"Vilar de Gomareite","concello":"Vilar de Barrio","iv":67,"poblacion":102,"peligro_biofisico":48,"score_social":75,"capacidad_respuesta":15,"confianza":0.9,"afectado_hist":false,"n_afectaciones":0}},{"type":"Feature","geometry":{"type":"Point","coordinates":[-7.650776,42.269964]},"properties":{"id":"ou-2854242","nombre":"Maceda","concello":"Maceda","iv":54,"poblacion":1772,"peligro_biofisico":52,"score_social":41,"capacidad_respuesta":26,"confianza":0.9,"afectado_hist":false,"n_afectaciones":0}},{"type":"Feature","geometry":{"type":"Point","coordinates":[-7.951613,42.314168]},"properties":{"id":"ou-2856155","nombre":"Toén","concello":"Toén","iv":59,"poblacion":252,"peligro_biofisico":55,"score_social":47,"capacidad_respuesta":18,"confianza":0.9,"afectado_hist":false,"n_afectaciones":0}},{"type":"Feature","geometry":{"type":"Point","coordinates":[-7.945616,42.305115]},"properties":{"id":"ou-2856153","nombre":"A Gradeira","concello":"Toén","iv":60,"poblacion":80,"peligro_biofisico":55,"score_social":50,"capacidad_respuesta":20,"confianza":0.9,"afectado_hist":false,"n_afectaciones":0}},{"type":"Feature","geometry":{"type":"Point","coordinates":[-7.646028,42.262245]},"properties":{"id":"ou-2854236","nombre":"Vixueses","concello":"Maceda","iv":54,"poblacion":56,"peligro_biofisico":50,"score_social":50,"capacidad_respuesta":36,"confianza":0.9,"afectado_hist":false,"n_afectaciones":0}},{"type":"Feature","geometry":{"type":"Point","coordinates":[-7.933238,42.325807]},"properties":{"id":"ou-2856142","nombre":"Mugares","concello":"Toén","iv":59,"poblacion":232,"peligro_biofisico":56,"score_social":47,"capacidad_respuesta":18,"confianza":0.9,"afectado_hist":false,"n_afectaciones":0}},{"type":"Feature","geometry":{"type":"Point","coordinates":[-7.937598,42.311155]},"properties":{"id":"ou-2856151","nombre":"O Fondón","concello":"Toén","iv":55,"poblacion":90,"peligro_biofisico":54,"score_social":49,"capacidad_respuesta":34,"confianza":0.9,"afectado_hist":false,"n_afectaciones":0}},{"type":"Feature","geometry":{"type":"Point","coordinates":[-7.472469,42.391224]},"properties":{"id":"ou-2856117","nombre":"A Teixeira","concello":"A Teixeira","iv":73,"poblacion":61,"peligro_biofisico":69,"score_social":73,"capacidad_respuesta":20,"confianza":0.9,"afectado_hist":false,"n_afectaciones":0}},{"type":"Feature","geometry":{"type":"Point","coordinates":[-7.997634,42.339037]},"properties":{"id":"ou-2856133","nombre":"Feá","concello":"Toén","iv":57,"poblacion":61,"peligro_biofisico":48,"score_social":50,"capacidad_respuesta":19,"confianza":0.9,"afectado_hist":false,"n_afectaciones":0}},{"type":"Feature","geometry":{"type":"Point","coordinates":[-7.901454,42.307576]},"properties":{"id":"ou-2856136","nombre":"As Airas","concello":"Toén","iv":61,"poblacion":144,"peligro_biofisico":59,"score_social":48,"capacidad_respuesta":18,"confianza":0.9,"afectado_hist":false,"n_afectaciones":0}},{"type":"Feature","geometry":{"type":"Point","coordinates":[-8.083315,41.90448]},"properties":{"id":"ou-2854183","nombre":"Lobios","concello":"Lobios","iv":61,"poblacion":525,"peligro_biofisico":56,"score_social":59,"capacidad_respuesta":29,"confianza":0.9,"afectado_hist":false,"n_afectaciones":0}},{"type":"Feature","geometry":{"type":"Point","coordinates":[-8.111192,41.858583]},"properties":{"id":"ou-2854196","nombre":"Torneiros","concello":"Lobios","iv":72,"poblacion":62,"peligro_biofisico":68,"score_social":65,"capacidad_respuesta":10,"confianza":0.9,"afectado_hist":true,"n_afectaciones":1}},{"type":"Feature","geometry":{"type":"Point","coordinates":[-8.043447,41.977421]},"properties":{"id":"ou-2854136","nombre":"Facós","concello":"Lobeira","iv":76,"poblacion":54,"peligro_biofisico":62,"score_social":87,"capacidad_respuesta":17,"confianza":0.9,"afectado_hist":false,"n_afectaciones":0}},{"type":"Feature","geometry":{"type":"Point","coordinates":[-7.460451,42.061273]},"properties":{"id":"ou-2854068","nombre":"Laza","concello":"Laza","iv":64,"poblacion":326,"peligro_biofisico":54,"score_social":71,"capacidad_respuesta":29,"confianza":0.9,"afectado_hist":false,"n_afectaciones":0}},{"type":"Feature","geometry":{"type":"Point","coordinates":[-7.49451,42.075964]},"properties":{"id":"ou-2854060","nombre":"Soutelo Verde","concello":"Laza","iv":69,"poblacion":54,"peligro_biofisico":59,"score_social":75,"capacidad_respuesta":22,"confianza":0.9,"afectado_hist":false,"n_afectaciones":0}},{"type":"Feature","geometry":{"type":"Point","coordinates":[-7.436291,42.037175]},"properties":{"id":"ou-2854071","nombre":"Matamá","concello":"Laza","iv":73,"poblacion":144,"peligro_biofisico":64,"score_social":73,"capacidad_respuesta":12,"confianza":0.9,"afectado_hist":false,"n_afectaciones":0}},{"type":"Feature","geometry":{"type":"Point","coordinates":[-7.454059,42.027541]},"properties":{"id":"ou-2854074","nombre":"Retorta","concello":"Laza","iv":74,"poblacion":79,"peligro_biofisico":63,"score_social":74,"capacidad_respuesta":10,"confianza":0.9,"afectado_hist":false,"n_afectaciones":0}},{"type":"Feature","geometry":{"type":"Point","coordinates":[-8.132893,42.375744]},"properties":{"id":"ou-2854096","nombre":"Lebosende","concello":"Leiro","iv":69,"poblacion":80,"peligro_biofisico":61,"score_social":72,"capacidad_respuesta":22,"confianza":0.9,"afectado_hist":false,"n_afectaciones":0}},{"type":"Feature","geometry":{"type":"Point","coordinates":[-7.163276,42.346737]},"properties":{"id":"ou-2854044","nombre":"Larouco","concello":"Larouco","iv":65,"poblacion":350,"peligro_biofisico":53,"score_social":64,"capacidad_respuesta":14,"confianza":0.9,"afectado_hist":false,"n_afectaciones":0}},{"type":"Feature","geometry":{"type":"Point","coordinates":[-7.735275,42.204111]},"properties":{"id":"ou-2854009","nombre":"Xunqueira de Ambía","concello":"Xunqueira de Ambía","iv":62,"poblacion":313,"peligro_biofisico":56,"score_social":62,"capacidad_respuesta":29,"confianza":0.9,"afectado_hist":false,"n_afectaciones":0}},{"type":"Feature","geometry":{"type":"Point","coordinates":[-7.654562,42.307979]},"properties":{"id":"ou-2854022","nombre":"Niñodaguia","concello":"Xunqueira de Espadanedo","iv":62,"poblacion":119,"peligro_biofisico":55,"score_social":59,"capacidad_respuesta":22,"confianza":0.9,"afectado_hist":false,"n_afectaciones":0}},{"type":"Feature","geometry":{"type":"Point","coordinates":[-7.674404,42.18379]},"properties":{"id":"ou-2854017","nombre":"Busteliño","concello":"Xunqueira de Ambía","iv":66,"poblacion":110,"peligro_biofisico":52,"score_social":65,"capacidad_respuesta":10,"confianza":0.9,"afectado_hist":false,"n_afectaciones":0}},{"type":"Feature","geometry":{"type":"Point","coordinates":[-8.191763,42.284059]},"properties":{"id":"ou-2854413","nombre":"Quins","concello":"Melón","iv":67,"poblacion":185,"peligro_biofisico":57,"score_social":73,"capacidad_respuesta":24,"confianza":0.9,"afectado_hist":false,"n_afectaciones":0}},{"type":"Feature","geometry":{"type":"Point","coordinates":[-8.005656,42.398065]},"properties":{"id":"ou-2854327","nombre":"Listanco","concello":"Maside","iv":58,"poblacion":58,"peligro_biofisico":54,"score_social":49,"capacidad_respuesta":25,"confianza":0.9,"afectado_hist":true,"n_afectaciones":1}},{"type":"Feature","geometry":{"type":"Point","coordinates":[-8.04985,42.402803]},"properties":{"id":"ou-2854350","nombre":"Bouzas","concello":"Maside","iv":59,"poblacion":53,"peligro_biofisico":52,"score_social":49,"capacidad_respuesta":17,"confianza":0.9,"afectado_hist":false,"n_afectaciones":0}},{"type":"Feature","geometry":{"type":"Point","coordinates":[-8.025934,42.430355]},"properties":{"id":"ou-2854342","nombre":"Mundín","concello":"Maside","iv":56,"poblacion":80,"peligro_biofisico":53,"score_social":48,"capacidad_respuesta":27,"confianza":0.9,"afectado_hist":false,"n_afectaciones":0}},{"type":"Feature","geometry":{"type":"Point","coordinates":[-8.168768,42.498328]},"properties":{"id":"ou-2853959","nombre":"Parada","concello":"O Irixo","iv":74,"poblacion":72,"peligro_biofisico":59,"score_social":81,"capacidad_respuesta":10,"confianza":0.9,"afectado_hist":true,"n_afectaciones":1}},{"type":"Feature","geometry":{"type":"Point","coordinates":[-7.139,42.060635]},"properties":{"id":"ou-2853845","nombre":"A Gudiña","concello":"A Gudiña","iv":55,"poblacion":709,"peligro_biofisico":48,"score_social":47,"capacidad_respuesta":23,"confianza":0.9,"afectado_hist":false,"n_afectaciones":0}},{"type":"Feature","geometry":{"type":"Point","coordinates":[-7.908477,42.219156]},"properties":{"id":"ou-2854437","nombre":"A Merca","concello":"A Merca","iv":59,"poblacion":193,"peligro_biofisico":54,"score_social":56,"capacidad_respuesta":30,"confianza":0.9,"afectado_hist":false,"n_afectaciones":0}},{"type":"Feature","geometry":{"type":"Point","coordinates":[-8.093224,42.201465]},"properties":{"id":"ou-2853811","nombre":"Os Chaos","concello":"Gomesende","iv":66,"poblacion":52,"peligro_biofisico":52,"score_social":77,"capacidad_respuesta":28,"confianza":0.9,"afectado_hist":false,"n_afectaciones":0}},{"type":"Feature","geometry":{"type":"Point","coordinates":[-7.099946,42.052407]},"properties":{"id":"ou-2853840","nombre":"O Canizo","concello":"A Gudiña","iv":60,"poblacion":131,"peligro_biofisico":45,"score_social":52,"capacidad_respuesta":3,"confianza":0.9,"afectado_hist":false,"n_afectaciones":0}},{"type":"Feature","geometry":{"type":"Point","coordinates":[-7.697097,42.025493]},"properties":{"id":"ou-2853737","nombre":"San Pedro","concello":"Xinzo de Limia","iv":52,"poblacion":75,"peligro_biofisico":43,"score_social":38,"capacidad_respuesta":14,"confianza":0.9,"afectado_hist":false,"n_afectaciones":0}},{"type":"Feature","geometry":{"type":"Point","coordinates":[-7.741701,42.313277]},"properties":{"id":"ou-2853708","nombre":"Folgoso","concello":"Esgos","iv":62,"poblacion":112,"peligro_biofisico":53,"score_social":61,"capacidad_respuesta":22,"confianza":0.9,"afectado_hist":false,"n_afectaciones":0}},{"type":"Feature","geometry":{"type":"Point","coordinates":[-7.734115,42.316594]},"properties":{"id":"ou-2853712","nombre":"Vilar de Ordelles-O Pinto","concello":"Esgos","iv":60,"poblacion":239,"peligro_biofisico":52,"score_social":59,"capacidad_respuesta":26,"confianza":0.9,"afectado_hist":false,"n_afectaciones":0}},{"type":"Feature","geometry":{"type":"Point","coordinates":[-7.235291,42.303284]},"properties":{"id":"ou-2854288","nombre":"San Martiño","concello":"Manzaneda","iv":66,"poblacion":66,"peligro_biofisico":57,"score_social":67,"capacidad_respuesta":22,"confianza":0.9,"afectado_hist":false,"n_afectaciones":0}},{"type":"Feature","geometry":{"type":"Point","coordinates":[-7.234143,42.309703]},"properties":{"id":"ou-2854283","nombre":"Manzaneda","concello":"Manzaneda","iv":63,"poblacion":174,"peligro_biofisico":58,"score_social":64,"capacidad_respuesta":31,"confianza":0.9,"afectado_hist":false,"n_afectaciones":0}},{"type":"Feature","geometry":{"type":"Point","coordinates":[-7.696415,42.325338]},"properties":{"id":"ou-2853680","nombre":"Esgos","concello":"Esgos","iv":64,"poblacion":273,"peligro_biofisico":58,"score_social":58,"capacidad_respuesta":18,"confianza":0.9,"afectado_hist":false,"n_afectaciones":0}},{"type":"Feature","geometry":{"type":"Point","coordinates":[-8.118728,41.932731]},"properties":{"id":"ou-2853650","nombre":"A Terrachá","concello":"Entrimo","iv":63,"poblacion":395,"peligro_biofisico":57,"score_social":58,"capacidad_respuesta":21,"confianza":0.9,"afectado_hist":false,"n_afectaciones":0}},{"type":"Feature","geometry":{"type":"Point","coordinates":[-8.128242,41.941529]},"properties":{"id":"ou-2853649","nombre":"Ferreiros","concello":"Entrimo","iv":60,"poblacion":67,"peligro_biofisico":59,"score_social":63,"capacidad_respuesta":43,"confianza":0.9,"afectado_hist":false,"n_afectaciones":0}},{"type":"Feature","geometry":{"type":"Point","coordinates":[-7.638951,41.899727]},"properties":{"id":"ou-2853576","nombre":"A Xironda","concello":"Cualedro","iv":64,"poblacion":299,"peligro_biofisico":47,"score_social":70,"capacidad_respuesta":18,"confianza":0.9,"afectado_hist":false,"n_afectaciones":0}},{"type":"Feature","geometry":{"type":"Point","coordinates":[-7.645125,41.924479]},"properties":{"id":"ou-2853577","nombre":"A Pedrosa","concello":"Cualedro","iv":65,"poblacion":72,"peligro_biofisico":46,"score_social":73,"capacidad_respuesta":14,"confianza":0.9,"afectado_hist":true,"n_afectaciones":1}},{"type":"Feature","geometry":{"type":"Point","coordinates":[-7.621125,41.953088]},"properties":{"id":"ou-2853579","nombre":"Lucenza","concello":"Cualedro","iv":69,"poblacion":79,"peligro_biofisico":54,"score_social":73,"capacidad_respuesta":11,"confianza":0.9,"afectado_hist":true,"n_afectaciones":1}},{"type":"Feature","geometry":{"type":"Point","coordinates":[-7.594054,41.988136]},"properties":{"id":"ou-2853574","nombre":"Cualedro","concello":"Cualedro","iv":66,"poblacion":262,"peligro_biofisico":52,"score_social":70,"capacidad_respuesta":18,"confianza":0.9,"afectado_hist":true,"n_afectaciones":1}},{"type":"Feature","geometry":{"type":"Point","coordinates":[-8.171867,42.206581]},"properties":{"id":"ou-2853530","nombre":"Cortegada","concello":"Cortegada","iv":60,"poblacion":467,"peligro_biofisico":58,"score_social":51,"capacidad_respuesta":24,"confianza":0.9,"afectado_hist":false,"n_afectaciones":0}},{"type":"Feature","geometry":{"type":"Point","coordinates":[-8.154798,42.191644]},"properties":{"id":"ou-2853519","nombre":"O Casal","concello":"Cortegada","iv":63,"poblacion":75,"peligro_biofisico":58,"score_social":56,"capacidad_respuesta":21,"confianza":0.9,"afectado_hist":false,"n_afectaciones":0}},{"type":"Feature","geometry":{"type":"Point","coordinates":[-7.868851,42.235101]},"properties":{"id":"ou-2854449","nombre":"A Mezquita","concello":"A Merca","iv":63,"poblacion":139,"peligro_biofisico":53,"score_social":57,"capacidad_respuesta":14,"confianza":0.9,"afectado_hist":false,"n_afectaciones":0}},{"type":"Feature","geometry":{"type":"Point","coordinates":[-7.920275,42.238533]},"properties":{"id":"ou-2854460","nombre":"Parderrubias","concello":"A Merca","iv":61,"poblacion":153,"peligro_biofisico":55,"score_social":57,"capacidad_respuesta":23,"confianza":0.9,"afectado_hist":false,"n_afectaciones":0}},{"type":"Feature","geometry":{"type":"Point","coordinates":[-7.724675,42.063622]},"properties":{"id":"ou-2853765","nombre":"Xinzo de Limia","concello":"Xinzo de Limia","iv":35,"poblacion":7212,"peligro_biofisico":29,"score_social":25,"capacidad_respuesta":41,"confianza":0.9,"afectado_hist":false,"n_afectaciones":0}},{"type":"Feature","geometry":{"type":"Point","coordinates":[-7.84851,42.398682]},"properties":{"id":"ou-2853463","nombre":"Soutullo de Arriba","concello":"Coles","iv":58,"poblacion":58,"peligro_biofisico":53,"score_social":49,"capacidad_respuesta":21,"confianza":0.9,"afectado_hist":false,"n_afectaciones":0}},{"type":"Feature","geometry":{"type":"Point","coordinates":[-7.872521,42.41086]},"properties":{"id":"ou-2853445","nombre":"Cambeo","concello":"Coles","iv":58,"poblacion":330,"peligro_biofisico":51,"score_social":45,"capacidad_respuesta":14,"confianza":0.9,"afectado_hist":false,"n_afectaciones":0}},{"type":"Feature","geometry":{"type":"Point","coordinates":[-7.835853,42.401916]},"properties":{"id":"ou-2853449","nombre":"Meriz","concello":"Coles","iv":56,"poblacion":75,"peligro_biofisico":52,"score_social":49,"capacidad_respuesta":28,"confianza":0.9,"afectado_hist":false,"n_afectaciones":0}},{"type":"Feature","geometry":{"type":"Point","coordinates":[-8.072217,42.324348]},"properties":{"id":"ou-2853419","nombre":"Trasariz","concello":"Cenlle","iv":58,"poblacion":75,"peligro_biofisico":43,"score_social":56,"capacidad_respuesta":14,"confianza":0.9,"afectado_hist":false,"n_afectaciones":0}},{"type":"Feature","geometry":{"type":"Point","coordinates":[-7.823544,42.432794]},"properties":{"id":"ou-2853443","nombre":"A Barra","concello":"Coles","iv":58,"poblacion":164,"peligro_biofisico":57,"score_social":46,"capacidad_respuesta":23,"confianza":0.9,"afectado_hist":false,"n_afectaciones":0}},{"type":"Feature","geometry":{"type":"Point","coordinates":[-7.4154,42.374519]},"properties":{"id":"ou-2853171","nombre":"O Castro de Caldelas","concello":"O Castro de Caldelas","iv":65,"poblacion":665,"peligro_biofisico":65,"score_social":57,"capacidad_respuesta":25,"confianza":0.9,"afectado_hist":false,"n_afectaciones":0}},{"type":"Feature","geometry":{"type":"Point","coordinates":[-8.082837,42.298055]},"properties":{"id":"ou-2853138","nombre":"Santo Estevo","concello":"Castrelo de Miño","iv":61,"poblacion":67,"peligro_biofisico":39,"score_social":69,"capacidad_respuesta":17,"confianza":0.9,"afectado_hist":false,"n_afectaciones":0}},{"type":"Feature","geometry":{"type":"Point","coordinates":[-8.096141,42.295837]},"properties":{"id":"ou-2853098","nombre":"Barral","concello":"Castrelo de Miño","iv":50,"poblacion":126,"peligro_biofisico":14,"score_social":67,"capacidad_respuesta":17,"confianza":0.9,"afectado_hist":false,"n_afectaciones":0}},{"type":"Feature","geometry":{"type":"Point","coordinates":[-8.031896,42.317843]},"properties":{"id":"ou-2853095","nombre":"Freás","concello":"Castrelo de Miño","iv":65,"poblacion":70,"peligro_biofisico":52,"score_social":69,"capacidad_respuesta":21,"confianza":0.9,"afectado_hist":false,"n_afectaciones":0}},{"type":"Feature","geometry":{"type":"Point","coordinates":[-7.421367,41.987972]},"properties":{"id":"ou-2853073","nombre":"Castrelo do Val","concello":"Castrelo do Val","iv":58,"poblacion":332,"peligro_biofisico":44,"score_social":62,"capacidad_respuesta":26,"confianza":0.9,"afectado_hist":false,"n_afectaciones":0}},{"type":"Feature","geometry":{"type":"Point","coordinates":[-7.99365,42.249043]},"properties":{"id":"ou-2853049","nombre":"Xinzo das Teixugueiras","concello":"Cartelle","iv":69,"poblacion":119,"peligro_biofisico":55,"score_social":69,"capacidad_respuesta":9,"confianza":0.9,"afectado_hist":false,"n_afectaciones":0}},{"type":"Feature","geometry":{"type":"Point","coordinates":[-8.019505,42.225004]},"properties":{"id":"ou-2853042","nombre":"Outomuro","concello":"Cartelle","iv":64,"poblacion":271,"peligro_biofisico":54,"score_social":67,"capacidad_respuesta":25,"confianza":0.9,"afectado_hist":false,"n_afectaciones":0}},{"type":"Feature","geometry":{"type":"Point","coordinates":[-8.029311,42.21293]},"properties":{"id":"ou-2853041","nombre":"Nogueiró","concello":"Cartelle","iv":69,"poblacion":158,"peligro_biofisico":58,"score_social":68,"capacidad_respuesta":13,"confianza":0.9,"afectado_hist":false,"n_afectaciones":0}},{"type":"Feature","geometry":{"type":"Point","coordinates":[-7.949125,42.217891]},"properties":{"id":"ou-2853037","nombre":"As Marabillas","concello":"Cartelle","iv":66,"poblacion":92,"peligro_biofisico":55,"score_social":70,"capacidad_respuesta":23,"confianza":0.9,"afectado_hist":false,"n_afectaciones":0}},{"type":"Feature","geometry":{"type":"Point","coordinates":[-7.332977,42.067189]},"properties":{"id":"ou-2853070","nombre":"Campobecerros","concello":"Castrelo do Val","iv":65,"poblacion":82,"peligro_biofisico":56,"score_social":66,"capacidad_respuesta":24,"confianza":0.9,"afectado_hist":false,"n_afectaciones":0}},{"type":"Feature","geometry":{"type":"Point","coordinates":[-7.39499,41.990456]},"properties":{"id":"ou-2853075","nombre":"Gondulfes","concello":"Castrelo do Val","iv":67,"poblacion":91,"peligro_biofisico":59,"score_social":66,"capacidad_respuesta":19,"confianza":0.9,"afectado_hist":true,"n_afectaciones":1}},{"type":"Feature","geometry":{"type":"Point","coordinates":[-7.840896,42.433444]},"properties":{"id":"ou-2853513","nombre":"Vilar da Barra","concello":"Coles","iv":56,"poblacion":71,"peligro_biofisico":55,"score_social":49,"capacidad_respuesta":34,"confianza":0.9,"afectado_hist":false,"n_afectaciones":0}},{"type":"Feature","geometry":{"type":"Point","coordinates":[-7.839749,42.411669]},"properties":{"id":"ou-2853490","nombre":"Vilarchao","concello":"Coles","iv":56,"poblacion":163,"peligro_biofisico":52,"score_social":46,"capacidad_respuesta":25,"confianza":0.9,"afectado_hist":false,"n_afectaciones":0}},{"type":"Feature","geometry":{"type":"Point","coordinates":[-7.83489,42.420071]},"properties":{"id":"ou-2853486","nombre":"Mira de Cima","concello":"Coles","iv":56,"poblacion":65,"peligro_biofisico":55,"score_social":49,"capacidad_respuesta":32,"confianza":0.9,"afectado_hist":false,"n_afectaciones":0}},{"type":"Feature","geometry":{"type":"Point","coordinates":[-8.070722,42.249613]},"properties":{"id":"ou-2853020","nombre":"Cartelle","concello":"Cartelle","iv":64,"poblacion":154,"peligro_biofisico":54,"score_social":68,"capacidad_respuesta":25,"confianza":0.9,"afectado_hist":false,"n_afectaciones":0}},{"type":"Feature","geometry":{"type":"Point","coordinates":[-8.076569,42.267136]},"properties":{"id":"ou-2853017","nombre":"A Armada","concello":"Cartelle","iv":65,"poblacion":64,"peligro_biofisico":53,"score_social":71,"capacidad_respuesta":25,"confianza":0.9,"afectado_hist":false,"n_afectaciones":0}},{"type":"Feature","geometry":{"type":"Point","coordinates":[-8.001984,42.204896]},"properties":{"id":"ou-2853015","nombre":"Santa Baia de Anfeoz","concello":"Cartelle","iv":66,"poblacion":90,"peligro_biofisico":55,"score_social":70,"capacidad_respuesta":22,"confianza":0.9,"afectado_hist":false,"n_afectaciones":0}},{"type":"Feature","geometry":{"type":"Point","coordinates":[-8.072386,42.421932]},"properties":{"id":"ou-2852995","nombre":"Señorín","concello":"O Carballiño","iv":45,"poblacion":345,"peligro_biofisico":52,"score_social":36,"capacidad_respuesta":54,"confianza":0.9,"afectado_hist":false,"n_afectaciones":0}},{"type":"Feature","geometry":{"type":"Point","coordinates":[-8.07606,42.416407]},"properties":{"id":"ou-2852996","nombre":"O Torrón","concello":"O Carballiño","iv":50,"poblacion":72,"peligro_biofisico":54,"score_social":40,"capacidad_respuesta":42,"confianza":0.9,"afectado_hist":false,"n_afectaciones":0}},{"type":"Feature","geometry":{"type":"Point","coordinates":[-7.807048,42.393924]},"properties":{"id":"ou-2853469","nombre":"Belesar","concello":"Coles","iv":56,"poblacion":73,"peligro_biofisico":55,"score_social":49,"capacidad_respuesta":34,"confianza":0.9,"afectado_hist":false,"n_afectaciones":0}},{"type":"Feature","geometry":{"type":"Point","coordinates":[-8.079735,42.406468]},"properties":{"id":"ou-2852959","nombre":"Partovia","concello":"O Carballiño","iv":55,"poblacion":76,"peligro_biofisico":55,"score_social":40,"capacidad_respuesta":25,"confianza":0.9,"afectado_hist":false,"n_afectaciones":0}},{"type":"Feature","geometry":{"type":"Point","coordinates":[-8.065053,42.456663]},"properties":{"id":"ou-2852969","nombre":"Pol","concello":"O Carballiño","iv":55,"poblacion":71,"peligro_biofisico":54,"score_social":40,"capacidad_respuesta":22,"confianza":0.9,"afectado_hist":false,"n_afectaciones":0}},{"type":"Feature","geometry":{"type":"Point","coordinates":[-8.077541,42.429725]},"properties":{"id":"ou-2852921","nombre":"O Carballiño","concello":"O Carballiño","iv":39,"poblacion":11684,"peligro_biofisico":46,"score_social":27,"capacidad_respuesta":57,"confianza":0.9,"afectado_hist":false,"n_afectaciones":0}},{"type":"Feature","geometry":{"type":"Point","coordinates":[-8.204375,42.307431]},"properties":{"id":"ou-2852905","nombre":"Vilar de Condes","concello":"Carballeda de Avia","iv":68,"poblacion":107,"peligro_biofisico":57,"score_social":67,"capacidad_respuesta":12,"confianza":0.9,"afectado_hist":true,"n_afectaciones":1}},{"type":"Feature","geometry":{"type":"Point","coordinates":[-8.164192,42.319976]},"properties":{"id":"ou-2852889","nombre":"Carballeda de Avia","concello":"Carballeda de Avia","iv":66,"poblacion":316,"peligro_biofisico":59,"score_social":64,"capacidad_respuesta":19,"confianza":0.9,"afectado_hist":false,"n_afectaciones":0}},{"type":"Feature","geometry":{"type":"Point","coordinates":[-7.875634,41.905048]},"properties":{"id":"ou-2852828","nombre":"Randín","concello":"Calvos de Randín","iv":74,"poblacion":65,"peligro_biofisico":53,"score_social":89,"capacidad_respuesta":14,"confianza":0.9,"afectado_hist":false,"n_afectaciones":0}},{"type":"Feature","geometry":{"type":"Point","coordinates":[-6.88549,42.388655]},"properties":{"id":"ou-2852877","nombre":"Viladequinta","concello":"Carballeda de Valdeorras","iv":66,"poblacion":84,"peligro_biofisico":66,"score_social":52,"capacidad_respuesta":15,"confianza":0.9,"afectado_hist":false,"n_afectaciones":0}},{"type":"Feature","geometry":{"type":"Point","coordinates":[-7.896541,41.947167]},"properties":{"id":"ou-2852814","nombre":"Calvos","concello":"Calvos de Randín","iv":75,"poblacion":100,"peligro_biofisico":55,"score_social":88,"capacidad_respuesta":10,"confianza":0.9,"afectado_hist":false,"n_afectaciones":0}},{"type":"Feature","geometry":{"type":"Point","coordinates":[-7.118948,42.321257]},"properties":{"id":"ou-2852790","nombre":"Lentellais","concello":"O Bolo","iv":74,"poblacion":63,"peligro_biofisico":63,"score_social":84,"capacidad_respuesta":23,"confianza":0.9,"afectado_hist":false,"n_afectaciones":0}},{"type":"Feature","geometry":{"type":"Point","coordinates":[-7.09942,42.307188]},"properties":{"id":"ou-2852769","nombre":"O Bolo","concello":"O Bolo","iv":75,"poblacion":142,"peligro_biofisico":62,"score_social":81,"capacidad_respuesta":14,"confianza":0.9,"afectado_hist":false,"n_afectaciones":0}},{"type":"Feature","geometry":{"type":"Point","coordinates":[-8.14326,42.431568]},"properties":{"id":"ou-2852661","nombre":"Boborás","concello":"Boborás","iv":63,"poblacion":124,"peligro_biofisico":52,"score_social":68,"capacidad_respuesta":25,"confianza":0.9,"afectado_hist":false,"n_afectaciones":0}},{"type":"Feature","geometry":{"type":"Point","coordinates":[-8.210135,42.442247]},"properties":{"id":"ou-2852645","nombre":"Feás","concello":"Boborás","iv":66,"poblacion":220,"peligro_biofisico":57,"score_social":67,"capacidad_respuesta":22,"confianza":0.9,"afectado_hist":false,"n_afectaciones":0}},{"type":"Feature","geometry":{"type":"Point","coordinates":[-8.136281,42.438062]},"properties":{"id":"ou-2852660","nombre":"A Almuzara","concello":"Boborás","iv":66,"poblacion":50,"peligro_biofisico":53,"score_social":71,"capacidad_respuesta":19,"confianza":0.9,"afectado_hist":false,"n_afectaciones":0}},{"type":"Feature","geometry":{"type":"Point","coordinates":[-8.190807,42.429527]},"properties":{"id":"ou-2852647","nombre":"Vilachá","concello":"Boborás","iv":70,"poblacion":78,"peligro_biofisico":55,"score_social":70,"capacidad_respuesta":8,"confianza":0.9,"afectado_hist":false,"n_afectaciones":0}},{"type":"Feature","geometry":{"type":"Point","coordinates":[-8.16811,42.470864]},"properties":{"id":"ou-2852649","nombre":"Xendive","concello":"Boborás","iv":69,"poblacion":79,"peligro_biofisico":59,"score_social":70,"capacidad_respuesta":16,"confianza":0.9,"afectado_hist":false,"n_afectaciones":0}},{"type":"Feature","geometry":{"type":"Point","coordinates":[-7.71084,41.988751]},"properties":{"id":"ou-2852603","nombre":"Nocedo","concello":"Os Blancos","iv":66,"poblacion":98,"peligro_biofisico":55,"score_social":69,"capacidad_respuesta":19,"confianza":0.9,"afectado_hist":false,"n_afectaciones":0}},{"type":"Feature","geometry":{"type":"Point","coordinates":[-7.735753,42.001033]},"properties":{"id":"ou-2852596","nombre":"Vilar de Covelas","concello":"Os Blancos","iv":59,"poblacion":62,"peligro_biofisico":39,"score_social":70,"capacidad_respuesta":23,"confianza":0.9,"afectado_hist":false,"n_afectaciones":0}},{"type":"Feature","geometry":{"type":"Point","coordinates":[-8.273015,42.467056]},"properties":{"id":"ou-2852562","nombre":"Beariz","concello":"Beariz","iv":66,"poblacion":294,"peligro_biofisico":57,"score_social":70,"capacidad_respuesta":25,"confianza":0.9,"afectado_hist":false,"n_afectaciones":0}},{"type":"Feature","geometry":{"type":"Point","coordinates":[-8.123278,42.32556]},"properties":{"id":"ou-2852557","nombre":"Beade","concello":"Beade","iv":55,"poblacion":316,"peligro_biofisico":51,"score_social":54,"capacidad_respuesta":39,"confianza":0.9,"afectado_hist":false,"n_afectaciones":0}},{"type":"Feature","geometry":{"type":"Point","coordinates":[-6.991738,42.377934]},"properties":{"id":"ou-2852546","nombre":"Santigoso","concello":"O Barco de Valdeorras","iv":55,"poblacion":84,"peligro_biofisico":65,"score_social":26,"capacidad_respuesta":20,"confianza":0.9,"afectado_hist":false,"n_afectaciones":0}},{"type":"Feature","geometry":{"type":"Point","coordinates":[-6.978591,42.433963]},"properties":{"id":"ou-2852551","nombre":"Vilanova","concello":"O Barco de Valdeorras","iv":51,"poblacion":231,"peligro_biofisico":55,"score_social":24,"capacidad_respuesta":19,"confianza":0.9,"afectado_hist":false,"n_afectaciones":0}},{"type":"Feature","geometry":{"type":"Point","coordinates":[-6.97884,42.410763]},"properties":{"id":"ou-2852555","nombre":"Viloira","concello":"O Barco de Valdeorras","iv":41,"poblacion":773,"peligro_biofisico":52,"score_social":20,"capacidad_respuesta":46,"confianza":0.9,"afectado_hist":false,"n_afectaciones":0}},{"type":"Feature","geometry":{"type":"Point","coordinates":[-7.75231,41.997163]},"properties":{"id":"ou-2852588","nombre":"Os Blancos","concello":"Os Blancos","iv":64,"poblacion":91,"peligro_biofisico":50,"score_social":69,"capacidad_respuesta":20,"confianza":0.9,"afectado_hist":false,"n_afectaciones":0}},{"type":"Feature","geometry":{"type":"Point","coordinates":[-8.291633,42.466037]},"properties":{"id":"ou-2852563","nombre":"A Bouza","concello":"Beariz","iv":71,"poblacion":63,"peligro_biofisico":58,"score_social":74,"capacidad_respuesta":13,"confianza":0.9,"afectado_hist":false,"n_afectaciones":0}},{"type":"Feature","geometry":{"type":"Point","coordinates":[-6.984649,42.416447]},"properties":{"id":"ou-2852515","nombre":"O Barco","concello":"O Barco de Valdeorras","iv":31,"poblacion":11101,"peligro_biofisico":39,"score_social":13,"capacidad_respuesta":57,"confianza":0.9,"afectado_hist":false,"n_afectaciones":0}},{"type":"Feature","geometry":{"type":"Point","coordinates":[-7.895536,42.320943]},"properties":{"id":"ou-2852496","nombre":"A Parada","concello":"Barbadás","iv":40,"poblacion":325,"peligro_biofisico":55,"score_social":17,"capacidad_respuesta":51,"confianza":0.9,"afectado_hist":false,"n_afectaciones":0}},{"type":"Feature","geometry":{"type":"Point","coordinates":[-6.992432,42.428283]},"properties":{"id":"ou-2852518","nombre":"O Castro","concello":"O Barco de Valdeorras","iv":47,"poblacion":67,"peligro_biofisico":54,"score_social":27,"capacidad_respuesta":38,"confianza":0.9,"afectado_hist":false,"n_afectaciones":0}},{"type":"Feature","geometry":{"type":"Point","coordinates":[-7.88747,42.299054]},"properties":{"id":"ou-2852482","nombre":"Barbadás","concello":"Barbadás","iv":46,"poblacion":234,"peligro_biofisico":57,"score_social":18,"capacidad_respuesta":33,"confianza":0.9,"afectado_hist":false,"n_afectaciones":0}},{"type":"Feature","geometry":{"type":"Point","coordinates":[-7.64502,42.224915]},"properties":{"id":"ou-2852478","nombre":"Os Milagres do Medo","concello":"Baños de Molgas","iv":68,"poblacion":72,"peligro_biofisico":54,"score_social":69,"capacidad_respuesta":12,"confianza":0.9,"afectado_hist":false,"n_afectaciones":0}},{"type":"Feature","geometry":{"type":"Point","coordinates":[-8.280432,42.368074]},"properties":{"id":"ou-2852339","nombre":"Oroso","concello":"Avión","iv":76,"poblacion":57,"peligro_biofisico":62,"score_social":79,"capacidad_respuesta":6,"confianza":0.9,"afectado_hist":true,"n_afectaciones":1}},{"type":"Feature","geometry":{"type":"Point","coordinates":[-8.153809,42.258119]},"properties":{"id":"ou-2852298","nombre":"Vila Termal","concello":"A Arnoia","iv":53,"poblacion":200,"peligro_biofisico":50,"score_social":59,"capacidad_respuesta":50,"confianza":0.9,"afectado_hist":false,"n_afectaciones":0}},{"type":"Feature","geometry":{"type":"Point","coordinates":[-8.135751,42.253066]},"properties":{"id":"ou-2852285","nombre":"Outeiro Cruz","concello":"A Arnoia","iv":62,"poblacion":80,"peligro_biofisico":61,"score_social":61,"capacidad_respuesta":35,"confianza":0.9,"afectado_hist":false,"n_afectaciones":0}},{"type":"Feature","geometry":{"type":"Point","coordinates":[-7.971907,42.368387]},"properties":{"id":"ou-2852277","nombre":"Trasalba","concello":"Amoeiro","iv":60,"poblacion":60,"peligro_biofisico":55,"score_social":48,"capacidad_respuesta":14,"confianza":0.9,"afectado_hist":false,"n_afectaciones":0}},{"type":"Feature","geometry":{"type":"Point","coordinates":[-8.146936,42.257433]},"properties":{"id":"ou-2852281","nombre":"Os Chaos","concello":"A Arnoia","iv":59,"poblacion":50,"peligro_biofisico":52,"score_social":62,"capacidad_respuesta":33,"confianza":0.9,"afectado_hist":false,"n_afectaciones":0}},{"type":"Feature","geometry":{"type":"Point","coordinates":[-8.136553,42.238716]},"properties":{"id":"ou-2852297","nombre":"Remuíño","concello":"A Arnoia","iv":67,"poblacion":79,"peligro_biofisico":64,"score_social":61,"capacidad_respuesta":21,"confianza":0.9,"afectado_hist":false,"n_afectaciones":0}},{"type":"Feature","geometry":{"type":"Point","coordinates":[-8.144093,42.258852]},"properties":{"id":"ou-2852282","nombre":"A Laxa","concello":"A Arnoia","iv":61,"poblacion":73,"peligro_biofisico":56,"score_social":61,"capacidad_respuesta":31,"confianza":0.9,"afectado_hist":false,"n_afectaciones":0}},{"type":"Feature","geometry":{"type":"Point","coordinates":[-7.947326,42.414761]},"properties":{"id":"ou-2852241","nombre":"Amoeiro","concello":"Amoeiro","iv":54,"poblacion":410,"peligro_biofisico":52,"score_social":43,"capacidad_respuesta":28,"confianza":0.9,"afectado_hist":false,"n_afectaciones":0}},{"type":"Feature","geometry":{"type":"Point","coordinates":[-7.947445,42.419925]},"properties":{"id":"ou-2852252","nombre":"Cornoces","concello":"Amoeiro","iv":58,"poblacion":96,"peligro_biofisico":53,"score_social":47,"capacidad_respuesta":19,"confianza":0.9,"afectado_hist":false,"n_afectaciones":0}},{"type":"Feature","geometry":{"type":"Point","coordinates":[-7.941277,42.383403]},"properties":{"id":"ou-2852258","nombre":"Figueiras","concello":"Amoeiro","iv":57,"poblacion":71,"peligro_biofisico":51,"score_social":47,"capacidad_respuesta":18,"confianza":0.9,"afectado_hist":false,"n_afectaciones":0}},{"type":"Feature","geometry":{"type":"Point","coordinates":[-7.807983,42.179505]},"properties":{"id":"ou-2852166","nombre":"Os Xugueiros","concello":"Allariz","iv":54,"poblacion":56,"peligro_biofisico":58,"score_social":33,"capacidad_respuesta":24,"confianza":0.9,"afectado_hist":false,"n_afectaciones":0}},{"type":"Feature","geometry":{"type":"Point","coordinates":[-7.678649,42.216682]},"properties":{"id":"ou-2852464","nombre":"Presqueira","concello":"Baños de Molgas","iv":67,"poblacion":75,"peligro_biofisico":53,"score_social":69,"capacidad_respuesta":14,"confianza":0.9,"afectado_hist":false,"n_afectaciones":0}},{"type":"Feature","geometry":{"type":"Point","coordinates":[-7.668392,42.244728]},"properties":{"id":"ou-2852439","nombre":"Baños de Molgas","concello":"Baños de Molgas","iv":64,"poblacion":336,"peligro_biofisico":55,"score_social":65,"capacidad_respuesta":22,"confianza":0.9,"afectado_hist":false,"n_afectaciones":0}},{"type":"Feature","geometry":{"type":"Point","coordinates":[-7.677194,42.257474]},"properties":{"id":"ou-2852425","nombre":"Almoite","concello":"Baños de Molgas","iv":66,"poblacion":117,"peligro_biofisico":55,"score_social":68,"capacidad_respuesta":19,"confianza":0.9,"afectado_hist":false,"n_afectaciones":0}},{"type":"Feature","geometry":{"type":"Point","coordinates":[-7.975272,42.031621]},"properties":{"id":"ou-2852366","nombre":"Bande","concello":"Bande","iv":62,"poblacion":661,"peligro_biofisico":56,"score_social":71,"capacidad_respuesta":41,"confianza":0.9,"afectado_hist":false,"n_afectaciones":0}},{"type":"Feature","geometry":{"type":"Point","coordinates":[-7.714344,41.953755]},"properties":{"id":"ou-2852350","nombre":"Baltar","concello":"Baltar","iv":59,"poblacion":221,"peligro_biofisico":45,"score_social":60,"capacidad_respuesta":21,"confianza":0.9,"afectado_hist":false,"n_afectaciones":0}},{"type":"Feature","geometry":{"type":"Point","coordinates":[-7.823384,42.211685]},"properties":{"id":"ou-2852196","nombre":"Gundiás","concello":"Allariz","iv":52,"poblacion":98,"peligro_biofisico":52,"score_social":31,"capacidad_respuesta":20,"confianza":0.9,"afectado_hist":false,"n_afectaciones":0}},{"type":"Feature","geometry":{"type":"Point","coordinates":[-7.678771,41.953776]},"properties":{"id":"ou-2852356","nombre":"Niñodaguia","concello":"Baltar","iv":64,"poblacion":56,"peligro_biofisico":49,"score_social":64,"capacidad_respuesta":13,"confianza":0.9,"afectado_hist":true,"n_afectaciones":1}},{"type":"Feature","geometry":{"type":"Point","coordinates":[-7.711903,41.963352]},"properties":{"id":"ou-2852357","nombre":"Texós","concello":"Baltar","iv":61,"poblacion":67,"peligro_biofisico":45,"score_social":63,"capacidad_respuesta":15,"confianza":0.9,"afectado_hist":false,"n_afectaciones":0}},{"type":"Feature","geometry":{"type":"Point","coordinates":[-7.881173,42.347125]},"properties":{"id":"ou-2854861","nombre":"A Granxa","concello":"Ourense","iv":40,"poblacion":97,"peligro_biofisico":43,"score_social":34,"capacidad_respuesta":57,"confianza":0.9,"afectado_hist":false,"n_afectaciones":0}},{"type":"Feature","geometry":{"type":"Point","coordinates":[-8.251709,42.375489]},"properties":{"id":"ou-2852314","nombre":"Avión","concello":"Avión","iv":69,"poblacion":278,"peligro_biofisico":57,"score_social":74,"capacidad_respuesta":20,"confianza":0.9,"afectado_hist":false,"n_afectaciones":0}},{"type":"Feature","geometry":{"type":"Point","coordinates":[-8.256594,42.38347]},"properties":{"id":"ou-2852315","nombre":"San Vicenzo","concello":"Avión","iv":72,"poblacion":56,"peligro_biofisico":61,"score_social":79,"capacidad_respuesta":20,"confianza":0.9,"afectado_hist":true,"n_afectaciones":1}},{"type":"Feature","geometry":{"type":"Point","coordinates":[-8.240747,42.356859]},"properties":{"id":"ou-2852323","nombre":"Barroso","concello":"Avión","iv":73,"poblacion":104,"peligro_biofisico":58,"score_social":77,"capacidad_respuesta":7,"confianza":0.9,"afectado_hist":false,"n_afectaciones":0}},{"type":"Feature","geometry":{"type":"Point","coordinates":[-7.460779,41.988892]},"properties":{"id":"ou-2854612","nombre":"Vences","concello":"Monterrei","iv":64,"poblacion":226,"peligro_biofisico":52,"score_social":67,"capacidad_respuesta":21,"confianza":0.9,"afectado_hist":false,"n_afectaciones":0}},{"type":"Feature","geometry":{"type":"Point","coordinates":[-7.527048,41.930564]},"properties":{"id":"ou-2854614","nombre":"A Salgueira","concello":"Monterrei","iv":68,"poblacion":67,"peligro_biofisico":53,"score_social":70,"capacidad_respuesta":12,"confianza":0.9,"afectado_hist":true,"n_afectaciones":1}},{"type":"Feature","geometry":{"type":"Point","coordinates":[-7.50239,42.275219]},"properties":{"id":"ou-2854587","nombre":"Montederramo","concello":"Montederramo","iv":67,"poblacion":135,"peligro_biofisico":57,"score_social":64,"capacidad_respuesta":11,"confianza":0.9,"afectado_hist":false,"n_afectaciones":0}},{"type":"Feature","geometry":{"type":"Point","coordinates":[-7.527011,41.96993]},"properties":{"id":"ou-2854599","nombre":"Guimarei","concello":"Monterrei","iv":70,"poblacion":131,"peligro_biofisico":57,"score_social":68,"capacidad_respuesta":7,"confianza":0.9,"afectado_hist":true,"n_afectaciones":1}},{"type":"Feature","geometry":{"type":"Point","coordinates":[-8.113085,42.521668]},"properties":{"id":"ou-2853866","nombre":"A Esfarrapa","concello":"O Irixo","iv":69,"poblacion":63,"peligro_biofisico":54,"score_social":81,"capacidad_respuesta":22,"confianza":0.9,"afectado_hist":false,"n_afectaciones":0}},{"type":"Feature","geometry":{"type":"Point","coordinates":[-8.014526,42.249323]},"properties":{"id":"ou-2853061","nombre":"A Seara","concello":"Cartelle","iv":67,"poblacion":128,"peligro_biofisico":55,"score_social":69,"capacidad_respuesta":16,"confianza":0.9,"afectado_hist":false,"n_afectaciones":0}},{"type":"Feature","geometry":{"type":"Point","coordinates":[-8.025853,42.271992]},"properties":{"id":"ou-2853056","nombre":"San Tomé","concello":"Cartelle","iv":67,"poblacion":96,"peligro_biofisico":54,"score_social":69,"capacidad_respuesta":17,"confianza":0.9,"afectado_hist":false,"n_afectaciones":0}},{"type":"Feature","geometry":{"type":"Point","coordinates":[-8.088491,42.235814]},"properties":{"id":"ou-2853053","nombre":"Sande","concello":"Cartelle","iv":70,"poblacion":76,"peligro_biofisico":59,"score_social":70,"capacidad_respuesta":12,"confianza":0.9,"afectado_hist":false,"n_afectaciones":0}},{"type":"Feature","geometry":{"type":"Point","coordinates":[-7.974172,42.240572]},"properties":{"id":"ou-2853048","nombre":"Sabucedo","concello":"Cartelle","iv":68,"poblacion":96,"peligro_biofisico":54,"score_social":69,"capacidad_respuesta":11,"confianza":0.9,"afectado_hist":false,"n_afectaciones":0}},{"type":"Feature","geometry":{"type":"Point","coordinates":[-7.976181,42.214084]},"properties":{"id":"ou-2853035","nombre":"Espiñoso","concello":"Cartelle","iv":65,"poblacion":125,"peligro_biofisico":54,"score_social":69,"capacidad_respuesta":25,"confianza":0.9,"afectado_hist":false,"n_afectaciones":0}},{"type":"Feature","geometry":{"type":"Point","coordinates":[-7.993345,42.237286]},"properties":{"id":"ou-2853032","nombre":"A Lagoa","concello":"Cartelle","iv":68,"poblacion":56,"peligro_biofisico":53,"score_social":71,"capacidad_respuesta":11,"confianza":0.9,"afectado_hist":false,"n_afectaciones":0}},{"type":"Feature","geometry":{"type":"Point","coordinates":[-7.819509,42.351973]},"properties":{"id":"ou-2855084","nombre":"Tibiás","concello":"O Pereiro de Aguiar","iv":48,"poblacion":192,"peligro_biofisico":60,"score_social":29,"capacidad_respuesta":46,"confianza":0.9,"afectado_hist":true,"n_afectaciones":2}},{"type":"Feature","geometry":{"type":"Point","coordinates":[-7.790455,42.36101]},"properties":{"id":"ou-2855081","nombre":"San Benito da Veiga","concello":"O Pereiro de Aguiar","iv":52,"poblacion":104,"peligro_biofisico":53,"score_social":31,"capacidad_respuesta":20,"confianza":0.9,"afectado_hist":false,"n_afectaciones":0}},{"type":"Feature","geometry":{"type":"Point","coordinates":[-7.818022,42.360323]},"properties":{"id":"ou-2855080","nombre":"Sabadelle","concello":"O Pereiro de Aguiar","iv":55,"poblacion":268,"peligro_biofisico":60,"score_social":28,"capacidad_respuesta":15,"confianza":0.9,"afectado_hist":true,"n_afectaciones":2}},{"type":"Feature","geometry":{"type":"Point","coordinates":[-7.806824,42.348378]},"properties":{"id":"ou-2855075","nombre":"San Salvador","concello":"O Pereiro de Aguiar","iv":51,"poblacion":54,"peligro_biofisico":59,"score_social":33,"capacidad_respuesta":35,"confianza":0.9,"afectado_hist":true,"n_afectaciones":1}},{"type":"Feature","geometry":{"type":"Point","coordinates":[-7.799711,42.318146]},"properties":{"id":"ou-2855068","nombre":"O Penedo","concello":"O Pereiro de Aguiar","iv":44,"poblacion":309,"peligro_biofisico":47,"score_social":28,"capacidad_respuesta":37,"confianza":0.9,"afectado_hist":false,"n_afectaciones":0}},{"type":"Feature","geometry":{"type":"Point","coordinates":[-7.769366,42.310893]},"properties":{"id":"ou-2855052","nombre":"San Xoán de Moreiras","concello":"O Pereiro de Aguiar","iv":54,"poblacion":50,"peligro_biofisico":55,"score_social":33,"capacidad_respuesta":17,"confianza":0.9,"afectado_hist":false,"n_afectaciones":0}},{"type":"Feature","geometry":{"type":"Point","coordinates":[-7.751293,42.357433]},"properties":{"id":"ou-2855025","nombre":"Loñoá","concello":"O Pereiro de Aguiar","iv":48,"poblacion":288,"peligro_biofisico":53,"score_social":28,"capacidad_respuesta":33,"confianza":0.9,"afectado_hist":false,"n_afectaciones":0}},{"type":"Feature","geometry":{"type":"Point","coordinates":[-7.445466,42.004422]},"properties":{"id":"ou-2853078","nombre":"Nocedo do Val","concello":"Castrelo do Val","iv":64,"poblacion":154,"peligro_biofisico":55,"score_social":64,"capacidad_respuesta":22,"confianza":0.9,"afectado_hist":false,"n_afectaciones":0}},{"type":"Feature","geometry":{"type":"Point","coordinates":[-7.711009,42.361733]},"properties":{"id":"ou-2853688","nombre":"Gomariz","concello":"Esgos","iv":64,"poblacion":55,"peligro_biofisico":50,"score_social":63,"capacidad_respuesta":11,"confianza":0.9,"afectado_hist":false,"n_afectaciones":0}},{"type":"Feature","geometry":{"type":"Point","coordinates":[-7.794105,42.043826]},"properties":{"id":"ou-2853726","nombre":"San Vitoiro","concello":"Xinzo de Limia","iv":51,"poblacion":69,"peligro_biofisico":40,"score_social":38,"capacidad_respuesta":14,"confianza":0.9,"afectado_hist":false,"n_afectaciones":0}},{"type":"Feature","geometry":{"type":"Point","coordinates":[-7.972993,41.931285]},"properties":{"id":"ou-2854637","nombre":"Xermeade","concello":"Muíños","iv":67,"poblacion":78,"peligro_biofisico":57,"score_social":68,"capacidad_respuesta":18,"confianza":0.9,"afectado_hist":true,"n_afectaciones":1}},{"type":"Feature","geometry":{"type":"Point","coordinates":[-7.915994,42.374464]},"properties":{"id":"ou-2854784","nombre":"O Castro de Beiro","concello":"Ourense","iv":56,"poblacion":140,"peligro_biofisico":58,"score_social":33,"capacidad_respuesta":16,"confianza":0.9,"afectado_hist":false,"n_afectaciones":0}},{"type":"Feature","geometry":{"type":"Point","coordinates":[-7.832905,42.363516]},"properties":{"id":"ou-2854844","nombre":"Velle","concello":"Ourense","iv":56,"poblacion":325,"peligro_biofisico":60,"score_social":31,"capacidad_respuesta":17,"confianza":0.9,"afectado_hist":true,"n_afectaciones":2}},{"type":"Feature","geometry":{"type":"Point","coordinates":[-7.779414,42.287923]},"properties":{"id":"ou-2854925","nombre":"Solbeira","concello":"Paderne de Allariz","iv":60,"poblacion":187,"peligro_biofisico":53,"score_social":53,"capacidad_respuesta":20,"confianza":0.9,"afectado_hist":false,"n_afectaciones":0}},{"type":"Feature","geometry":{"type":"Point","coordinates":[-8.062133,42.384231]},"properties":{"id":"ou-2855812","nombre":"O Cruceiro","concello":"San Amaro","iv":62,"poblacion":126,"peligro_biofisico":52,"score_social":65,"capacidad_respuesta":25,"confianza":0.9,"afectado_hist":false,"n_afectaciones":0}},{"type":"Feature","geometry":{"type":"Point","coordinates":[-7.974338,42.477658]},"properties":{"id":"ou-2855922","nombre":"A Agrela","concello":"San Cristovo de Cea","iv":63,"poblacion":55,"peligro_biofisico":52,"score_social":70,"capacidad_respuesta":29,"confianza":0.9,"afectado_hist":false,"n_afectaciones":0}},{"type":"Feature","geometry":{"type":"Point","coordinates":[-7.448857,41.920652]},"properties":{"id":"ou-2856313","nombre":"Queizás","concello":"Verín","iv":48,"poblacion":414,"peligro_biofisico":46,"score_social":32,"capacidad_respuesta":25,"confianza":0.9,"afectado_hist":false,"n_afectaciones":0}},{"type":"Feature","geometry":{"type":"Point","coordinates":[-7.442682,41.954909]},"properties":{"id":"ou-2856322","nombre":"Vilela","concello":"Verín","iv":50,"poblacion":328,"peligro_biofisico":51,"score_social":33,"capacidad_respuesta":28,"confianza":0.9,"afectado_hist":false,"n_afectaciones":0}},{"type":"Feature","geometry":{"type":"Point","coordinates":[-7.921477,42.445715]},"properties":{"id":"ou-2856464","nombre":"Sobreira","concello":"Vilamarín","iv":60,"poblacion":111,"peligro_biofisico":52,"score_social":52,"capacidad_respuesta":17,"confianza":0.9,"afectado_hist":false,"n_afectaciones":0}},{"type":"Feature","geometry":{"type":"Point","coordinates":[-7.592872,42.176011]},"properties":{"id":"ou-2856524","nombre":"Porto","concello":"Vilar de Barrio","iv":70,"poblacion":90,"peligro_biofisico":57,"score_social":75,"capacidad_respuesta":16,"confianza":0.9,"afectado_hist":false,"n_afectaciones":0}},{"type":"Feature","geometry":{"type":"Point","coordinates":[-8.187167,42.330503]},"properties":{"id":"ou-2852899","nombre":"Muimenta","concello":"Carballeda de Avia","iv":68,"poblacion":67,"peligro_biofisico":58,"score_social":68,"capacidad_respuesta":18,"confianza":0.9,"afectado_hist":true,"n_afectaciones":1}},{"type":"Feature","geometry":{"type":"Point","coordinates":[-7.433594,41.849889]},"properties":{"id":"ou-4020789","nombre":"O Terron","concello":"Oímbra","iv":58,"poblacion":54,"peligro_biofisico":46,"score_social":57,"capacidad_respuesta":23,"confianza":0.9,"afectado_hist":true,"n_afectaciones":1}},{"type":"Feature","geometry":{"type":"Point","coordinates":[-7.778434,42.303146]},"properties":{"id":"ou-2855021","nombre":"San Miguel","concello":"O Pereiro de Aguiar","iv":52,"poblacion":398,"peligro_biofisico":55,"score_social":27,"capacidad_respuesta":19,"confianza":0.9,"afectado_hist":false,"n_afectaciones":0}},{"type":"Feature","geometry":{"type":"Point","coordinates":[-7.801272,42.305574]},"properties":{"id":"ou-2855064","nombre":"A Medorra","concello":"O Pereiro de Aguiar","iv":45,"poblacion":152,"peligro_biofisico":48,"score_social":30,"capacidad_respuesta":37,"confianza":0.9,"afectado_hist":false,"n_afectaciones":0}},{"type":"Feature","geometry":{"type":"Point","coordinates":[-7.768676,42.333363]},"properties":{"id":"ou-4020978","nombre":"A Veiga de Abaixo","concello":"O Pereiro de Aguiar","iv":51,"poblacion":320,"peligro_biofisico":53,"score_social":28,"capacidad_respuesta":19,"confianza":0.9,"afectado_hist":false,"n_afectaciones":0}},{"type":"Feature","geometry":{"type":"Point","coordinates":[-7.809851,42.101328]},"properties":{"id":"ou-2856550","nombre":"Parada","concello":"Vilar de Santos","iv":59,"poblacion":96,"peligro_biofisico":48,"score_social":58,"capacidad_respuesta":23,"confianza":0.9,"afectado_hist":false,"n_afectaciones":0}},{"type":"Feature","geometry":{"type":"Point","coordinates":[-7.979194,42.394756]},"properties":{"id":"ou-4000567","nombre":"O Burguete","concello":"Amoeiro","iv":60,"poblacion":61,"peligro_biofisico":61,"score_social":48,"capacidad_respuesta":26,"confianza":0.9,"afectado_hist":false,"n_afectaciones":0}},{"type":"Feature","geometry":{"type":"Point","coordinates":[-7.797679,41.976713]},"properties":{"id":"ou-2852584","nombre":"Fonte Arcada","concello":"Os Blancos","iv":69,"poblacion":63,"peligro_biofisico":55,"score_social":70,"capacidad_respuesta":10,"confianza":0.9,"afectado_hist":false,"n_afectaciones":0}},{"type":"Feature","geometry":{"type":"Point","coordinates":[-6.903856,42.388473]},"properties":{"id":"ou-2852863","nombre":"Robledo","concello":"Carballeda de Valdeorras","iv":66,"poblacion":98,"peligro_biofisico":69,"score_social":51,"capacidad_respuesta":16,"confianza":0.9,"afectado_hist":false,"n_afectaciones":0}},{"type":"Feature","geometry":{"type":"Point","coordinates":[-8.207475,41.908102]},"properties":{"id":"ou-2853659","nombre":"Olelas","concello":"Entrimo","iv":71,"poblacion":52,"peligro_biofisico":65,"score_social":63,"capacidad_respuesta":9,"confianza":0.9,"afectado_hist":false,"n_afectaciones":0}},{"type":"Feature","geometry":{"type":"Point","coordinates":[-7.459218,42.064595]},"properties":{"id":"ou-2854067","nombre":"Cimadevila","concello":"Laza","iv":66,"poblacion":71,"peligro_biofisico":54,"score_social":75,"capacidad_respuesta":28,"confianza":0.9,"afectado_hist":false,"n_afectaciones":0}},{"type":"Feature","geometry":{"type":"Point","coordinates":[-7.467148,42.016639]},"properties":{"id":"ou-2854073","nombre":"Arcucelos","concello":"Laza","iv":72,"poblacion":54,"peligro_biofisico":62,"score_social":75,"capacidad_respuesta":15,"confianza":0.9,"afectado_hist":false,"n_afectaciones":0}},{"type":"Feature","geometry":{"type":"Point","coordinates":[-8.065544,41.952041]},"properties":{"id":"ou-2854177","nombre":"Grou","concello":"Lobios","iv":64,"poblacion":199,"peligro_biofisico":60,"score_social":62,"capacidad_respuesta":28,"confianza":0.9,"afectado_hist":false,"n_afectaciones":0}},{"type":"Feature","geometry":{"type":"Point","coordinates":[-7.634172,42.38491]},"properties":{"id":"ou-2854689","nombre":"Cerreda","concello":"Nogueira de Ramuín","iv":68,"poblacion":88,"peligro_biofisico":64,"score_social":57,"capacidad_respuesta":10,"confianza":0.9,"afectado_hist":false,"n_afectaciones":0}},{"type":"Feature","geometry":{"type":"Point","coordinates":[-7.949615,42.358966]},"properties":{"id":"ou-2854810","nombre":"O Outeiro-Anaigo-A Lama","concello":"Ourense","iv":56,"poblacion":52,"peligro_biofisico":54,"score_social":36,"capacidad_respuesta":12,"confianza":0.9,"afectado_hist":false,"n_afectaciones":0}},{"type":"Feature","geometry":{"type":"Point","coordinates":[-8.160967,42.113514]},"properties":{"id":"ou-2854946","nombre":"Monte Redondo","concello":"Padrenda","iv":68,"poblacion":65,"peligro_biofisico":58,"score_social":64,"capacidad_respuesta":11,"confianza":0.9,"afectado_hist":true,"n_afectaciones":1}},{"type":"Feature","geometry":{"type":"Point","coordinates":[-8.077234,42.108236]},"properties":{"id":"ou-2855438","nombre":"Xacebáns","concello":"Quintela de Leirado","iv":70,"poblacion":57,"peligro_biofisico":60,"score_social":68,"capacidad_respuesta":10,"confianza":0.9,"afectado_hist":true,"n_afectaciones":1}},{"type":"Feature","geometry":{"type":"Point","coordinates":[-7.879943,42.285701]},"properties":{"id":"ou-2855897","nombre":"Outeiro Calvo","concello":"San Cibrao das Viñas","iv":51,"poblacion":107,"peligro_biofisico":59,"score_social":25,"capacidad_respuesta":25,"confianza":0.9,"afectado_hist":false,"n_afectaciones":0}},{"type":"Feature","geometry":{"type":"Point","coordinates":[-7.584881,41.964539]},"properties":{"id":"ou-2853572","nombre":"Carzoá","concello":"Cualedro","iv":68,"poblacion":56,"peligro_biofisico":50,"score_social":74,"capacidad_respuesta":10,"confianza":0.9,"afectado_hist":true,"n_afectaciones":4}},{"type":"Feature","geometry":{"type":"Point","coordinates":[-7.575297,42.250822]},"properties":{"id":"ou-2854260","nombre":"Xinzo da Costa","concello":"Maceda","iv":62,"poblacion":63,"peligro_biofisico":55,"score_social":50,"capacidad_respuesta":12,"confianza":0.9,"afectado_hist":false,"n_afectaciones":0}},{"type":"Feature","geometry":{"type":"Point","coordinates":[-7.809321,42.28168]},"properties":{"id":"ou-2855885","nombre":"A Mioteira","concello":"San Cibrao das Viñas","iv":42,"poblacion":56,"peligro_biofisico":44,"score_social":27,"capacidad_respuesta":41,"confianza":0.9,"afectado_hist":false,"n_afectaciones":0}},{"type":"Feature","geometry":{"type":"Point","coordinates":[-7.973027,42.395449]},"properties":{"id":"ou-2852261","nombre":"Parada de Amoeiro","concello":"Amoeiro","iv":60,"poblacion":98,"peligro_biofisico":58,"score_social":46,"capacidad_respuesta":18,"confianza":0.9,"afectado_hist":false,"n_afectaciones":0}},{"type":"Feature","geometry":{"type":"Point","coordinates":[-7.929898,42.416649]},"properties":{"id":"ou-2852269","nombre":"Rouzós","concello":"Amoeiro","iv":56,"poblacion":58,"peligro_biofisico":53,"score_social":48,"capacidad_respuesta":27,"confianza":0.9,"afectado_hist":true,"n_afectaciones":1}},{"type":"Feature","geometry":{"type":"Point","coordinates":[-8.299691,42.367326]},"properties":{"id":"ou-2852304","nombre":"Rodeiro","concello":"Avión","iv":77,"poblacion":56,"peligro_biofisico":66,"score_social":79,"capacidad_respuesta":7,"confianza":0.9,"afectado_hist":false,"n_afectaciones":0}},{"type":"Feature","geometry":{"type":"Point","coordinates":[-8.261181,42.403085]},"properties":{"id":"ou-2852309","nombre":"Amiudal","concello":"Avión","iv":73,"poblacion":110,"peligro_biofisico":62,"score_social":77,"capacidad_respuesta":16,"confianza":0.9,"afectado_hist":true,"n_afectaciones":1}},{"type":"Feature","geometry":{"type":"Point","coordinates":[-7.659894,42.225791]},"properties":{"id":"ou-2852479","nombre":"Vide","concello":"Baños de Molgas","iv":67,"poblacion":80,"peligro_biofisico":55,"score_social":69,"capacidad_respuesta":18,"confianza":0.9,"afectado_hist":false,"n_afectaciones":0}},{"type":"Feature","geometry":{"type":"Point","coordinates":[-7.010985,42.418799]},"properties":{"id":"ou-2852538","nombre":"A Proba","concello":"O Barco de Valdeorras","iv":45,"poblacion":135,"peligro_biofisico":43,"score_social":25,"capacidad_respuesta":22,"confianza":0.9,"afectado_hist":false,"n_afectaciones":0}},{"type":"Feature","geometry":{"type":"Point","coordinates":[-7.775455,41.986274]},"properties":{"id":"ou-2852585","nombre":"Loureses","concello":"Os Blancos","iv":63,"poblacion":60,"peligro_biofisico":49,"score_social":70,"capacidad_respuesta":23,"confianza":0.9,"afectado_hist":false,"n_afectaciones":0}},{"type":"Feature","geometry":{"type":"Point","coordinates":[-8.111669,42.445322]},"properties":{"id":"ou-2852625","nombre":"Astureses","concello":"Boborás","iv":68,"poblacion":69,"peligro_biofisico":54,"score_social":70,"capacidad_respuesta":13,"confianza":0.9,"afectado_hist":false,"n_afectaciones":0}},{"type":"Feature","geometry":{"type":"Point","coordinates":[-8.149152,42.450535]},"properties":{"id":"ou-2852629","nombre":"Brués","concello":"Boborás","iv":69,"poblacion":201,"peligro_biofisico":57,"score_social":67,"capacidad_respuesta":11,"confianza":0.9,"afectado_hist":false,"n_afectaciones":0}},{"type":"Feature","geometry":{"type":"Point","coordinates":[-8.158432,42.421011]},"properties":{"id":"ou-2852632","nombre":"Cameixa","concello":"Boborás","iv":66,"poblacion":162,"peligro_biofisico":57,"score_social":68,"capacidad_respuesta":21,"confianza":0.9,"afectado_hist":false,"n_afectaciones":0}},{"type":"Feature","geometry":{"type":"Point","coordinates":[-8.130001,42.415836]},"properties":{"id":"ou-2852675","nombre":"Moldes","concello":"Boborás","iv":66,"poblacion":74,"peligro_biofisico":55,"score_social":70,"capacidad_respuesta":22,"confianza":0.9,"afectado_hist":false,"n_afectaciones":0}},{"type":"Feature","geometry":{"type":"Point","coordinates":[-8.241358,42.503497]},"properties":{"id":"ou-2852689","nombre":"O Regueiro","concello":"Boborás","iv":71,"poblacion":107,"peligro_biofisico":62,"score_social":69,"capacidad_respuesta":11,"confianza":0.9,"afectado_hist":false,"n_afectaciones":0}},{"type":"Feature","geometry":{"type":"Point","coordinates":[-8.117838,42.395905]},"properties":{"id":"ou-2852916","nombre":"Banga","concello":"O Carballiño","iv":60,"poblacion":52,"peligro_biofisico":62,"score_social":41,"capacidad_respuesta":16,"confianza":0.9,"afectado_hist":false,"n_afectaciones":0}},{"type":"Feature","geometry":{"type":"Point","coordinates":[-8.075882,42.458221]},"properties":{"id":"ou-2852953","nombre":"Paciños","concello":"O Carballiño","iv":56,"poblacion":59,"peligro_biofisico":53,"score_social":41,"capacidad_respuesta":17,"confianza":0.9,"afectado_hist":false,"n_afectaciones":0}},{"type":"Feature","geometry":{"type":"Point","coordinates":[-8.074043,42.409057]},"properties":{"id":"ou-2852956","nombre":"As Caldas","concello":"O Carballiño","iv":55,"poblacion":50,"peligro_biofisico":55,"score_social":41,"capacidad_respuesta":26,"confianza":0.9,"afectado_hist":false,"n_afectaciones":0}},{"type":"Feature","geometry":{"type":"Point","coordinates":[-7.417028,42.007604]},"properties":{"id":"ou-2853081","nombre":"Pepín","concello":"Castrelo do Val","iv":65,"poblacion":71,"peligro_biofisico":55,"score_social":66,"capacidad_respuesta":20,"confianza":0.9,"afectado_hist":false,"n_afectaciones":0}},{"type":"Feature","geometry":{"type":"Point","coordinates":[-8.048579,42.320035]},"properties":{"id":"ou-2853141","nombre":"Vide","concello":"Castrelo de Miño","iv":64,"poblacion":80,"peligro_biofisico":49,"score_social":69,"capacidad_respuesta":20,"confianza":0.9,"afectado_hist":false,"n_afectaciones":0}},{"type":"Feature","geometry":{"type":"Point","coordinates":[-7.974194,42.171185]},"properties":{"id":"ou-2853308","nombre":"A Gandarela","concello":"Celanova","iv":60,"poblacion":52,"peligro_biofisico":57,"score_social":52,"capacidad_respuesta":24,"confianza":0.9,"afectado_hist":false,"n_afectaciones":0}},{"type":"Feature","geometry":{"type":"Point","coordinates":[-7.961319,42.163653]},"properties":{"id":"ou-2853381","nombre":"Santa María","concello":"Celanova","iv":57,"poblacion":52,"peligro_biofisico":58,"score_social":52,"capacidad_respuesta":38,"confianza":0.9,"afectado_hist":false,"n_afectaciones":0}},{"type":"Feature","geometry":{"type":"Point","coordinates":[-7.958646,42.186292]},"properties":{"id":"ou-2853385","nombre":"Gueral","concello":"Celanova","iv":59,"poblacion":52,"peligro_biofisico":56,"score_social":52,"capacidad_respuesta":27,"confianza":0.9,"afectado_hist":false,"n_afectaciones":0}},{"type":"Feature","geometry":{"type":"Point","coordinates":[-7.854305,42.374657]},"properties":{"id":"ou-2853458","nombre":"Seara Vella","concello":"Coles","iv":56,"poblacion":52,"peligro_biofisico":59,"score_social":50,"capacidad_respuesta":39,"confianza":0.9,"afectado_hist":false,"n_afectaciones":0}},{"type":"Feature","geometry":{"type":"Point","coordinates":[-7.809745,42.403299]},"properties":{"id":"ou-2853475","nombre":"Miegodevila","concello":"Coles","iv":58,"poblacion":63,"peligro_biofisico":54,"score_social":49,"capacidad_respuesta":22,"confianza":0.9,"afectado_hist":false,"n_afectaciones":0}},{"type":"Feature","geometry":{"type":"Point","coordinates":[-7.817323,42.414368]},"properties":{"id":"ou-2853484","nombre":"Ferreiros","concello":"Coles","iv":58,"poblacion":94,"peligro_biofisico":57,"score_social":48,"capacidad_respuesta":26,"confianza":0.9,"afectado_hist":false,"n_afectaciones":0}},{"type":"Feature","geometry":{"type":"Point","coordinates":[-7.798843,42.410185]},"properties":{"id":"ou-2853493","nombre":"Barra de Miño","concello":"Coles","iv":58,"poblacion":53,"peligro_biofisico":58,"score_social":49,"capacidad_respuesta":30,"confianza":0.9,"afectado_hist":false,"n_afectaciones":0}},{"type":"Feature","geometry":{"type":"Point","coordinates":[-7.565584,41.99489]},"properties":{"id":"ou-2853586","nombre":"Pena Verde","concello":"Cualedro","iv":69,"poblacion":79,"peligro_biofisico":54,"score_social":73,"capacidad_respuesta":13,"confianza":0.9,"afectado_hist":true,"n_afectaciones":1}},{"type":"Feature","geometry":{"type":"Point","coordinates":[-7.541136,41.993821]},"properties":{"id":"ou-2853587","nombre":"Rebordondo","concello":"Cualedro","iv":72,"poblacion":70,"peligro_biofisico":56,"score_social":73,"capacidad_respuesta":5,"confianza":0.9,"afectado_hist":true,"n_afectaciones":1}},{"type":"Feature","geometry":{"type":"Point","coordinates":[-7.597694,41.893942]},"properties":{"id":"ou-2853589","nombre":"San Millao","concello":"Cualedro","iv":68,"poblacion":75,"peligro_biofisico":52,"score_social":73,"capacidad_respuesta":13,"confianza":0.9,"afectado_hist":true,"n_afectaciones":2}},{"type":"Feature","geometry":{"type":"Point","coordinates":[-8.108215,41.924131]},"properties":{"id":"ou-2853648","nombre":"O Casal","concello":"Entrimo","iv":61,"poblacion":57,"peligro_biofisico":55,"score_social":63,"capacidad_respuesta":32,"confianza":0.9,"afectado_hist":false,"n_afectaciones":0}},{"type":"Feature","geometry":{"type":"Point","coordinates":[-8.101544,41.918589]},"properties":{"id":"ou-2853654","nombre":"Galez","concello":"Entrimo","iv":62,"poblacion":108,"peligro_biofisico":56,"score_social":61,"capacidad_respuesta":26,"confianza":0.9,"afectado_hist":true,"n_afectaciones":1}},{"type":"Feature","geometry":{"type":"Point","coordinates":[-7.740084,42.179029]},"properties":{"id":"ou-2854002","nombre":"Cerdeira","concello":"Xunqueira de Ambía","iv":66,"poblacion":67,"peligro_biofisico":54,"score_social":66,"capacidad_respuesta":16,"confianza":0.9,"afectado_hist":false,"n_afectaciones":0}},{"type":"Feature","geometry":{"type":"Point","coordinates":[-8.063197,41.917675]},"properties":{"id":"ou-2854199","nombre":"Ganceiros","concello":"Lobios","iv":68,"poblacion":97,"peligro_biofisico":60,"score_social":64,"capacidad_respuesta":14,"confianza":0.9,"afectado_hist":false,"n_afectaciones":0}},{"type":"Feature","geometry":{"type":"Point","coordinates":[-8.013375,42.439529]},"properties":{"id":"ou-2854339","nombre":"Garabás","concello":"Maside","iv":58,"poblacion":54,"peligro_biofisico":51,"score_social":49,"capacidad_respuesta":20,"confianza":0.9,"afectado_hist":false,"n_afectaciones":0}},{"type":"Feature","geometry":{"type":"Point","coordinates":[-7.858203,42.175268]},"properties":{"id":"ou-2854418","nombre":"Corvillón","concello":"A Merca","iv":63,"poblacion":56,"peligro_biofisico":54,"score_social":60,"capacidad_respuesta":20,"confianza":0.9,"afectado_hist":false,"n_afectaciones":0}},{"type":"Feature","geometry":{"type":"Point","coordinates":[-7.877625,42.182932]},"properties":{"id":"ou-2854471","nombre":"Zarracós","concello":"A Merca","iv":62,"poblacion":57,"peligro_biofisico":55,"score_social":60,"capacidad_respuesta":24,"confianza":0.9,"afectado_hist":false,"n_afectaciones":0}},{"type":"Feature","geometry":{"type":"Point","coordinates":[-7.045485,41.973529]},"properties":{"id":"ou-2854478","nombre":"Chaguazoso","concello":"A Mezquita","iv":65,"poblacion":110,"peligro_biofisico":53,"score_social":64,"capacidad_respuesta":13,"confianza":0.9,"afectado_hist":false,"n_afectaciones":0}},{"type":"Feature","geometry":{"type":"Point","coordinates":[-7.457431,41.975118]},"properties":{"id":"ou-2854592","nombre":"Estevesiños","concello":"Monterrei","iv":67,"poblacion":93,"peligro_biofisico":55,"score_social":69,"capacidad_respuesta":17,"confianza":0.9,"afectado_hist":false,"n_afectaciones":0}},{"type":"Feature","geometry":{"type":"Point","coordinates":[-7.453591,41.962743]},"properties":{"id":"ou-2854593","nombre":"Mixós","concello":"Monterrei","iv":66,"poblacion":78,"peligro_biofisico":59,"score_social":70,"capacidad_respuesta":27,"confianza":0.9,"afectado_hist":true,"n_afectaciones":1}},{"type":"Feature","geometry":{"type":"Point","coordinates":[-7.530162,41.943251]},"properties":{"id":"ou-2854595","nombre":"A Caridade","concello":"Monterrei","iv":70,"poblacion":51,"peligro_biofisico":57,"score_social":71,"capacidad_respuesta":10,"confianza":0.9,"afectado_hist":true,"n_afectaciones":2}},{"type":"Feature","geometry":{"type":"Point","coordinates":[-7.545065,41.902383]},"properties":{"id":"ou-2854604","nombre":"Medeiros","concello":"Monterrei","iv":64,"poblacion":287,"peligro_biofisico":48,"score_social":66,"capacidad_respuesta":12,"confianza":0.9,"afectado_hist":true,"n_afectaciones":1}},{"type":"Feature","geometry":{"type":"Point","coordinates":[-7.991859,41.955645]},"properties":{"id":"ou-2854645","nombre":"O Rañadoiro","concello":"Muíños","iv":64,"poblacion":58,"peligro_biofisico":47,"score_social":69,"capacidad_respuesta":15,"confianza":0.9,"afectado_hist":false,"n_afectaciones":0}},{"type":"Feature","geometry":{"type":"Point","coordinates":[-8.039214,41.935456]},"properties":{"id":"ou-2854647","nombre":"Parada de Ventosa","concello":"Muíños","iv":67,"poblacion":58,"peligro_biofisico":61,"score_social":69,"capacidad_respuesta":27,"confianza":0.9,"afectado_hist":false,"n_afectaciones":0}},{"type":"Feature","geometry":{"type":"Point","coordinates":[-7.955563,41.947229]},"properties":{"id":"ou-2854650","nombre":"Porqueirós","concello":"Muíños","iv":69,"poblacion":65,"peligro_biofisico":57,"score_social":68,"capacidad_respuesta":12,"confianza":0.9,"afectado_hist":false,"n_afectaciones":0}},{"type":"Feature","geometry":{"type":"Point","coordinates":[-7.983499,42.348025]},"properties":{"id":"ou-2854769","nombre":"A Granxa","concello":"Ourense","iv":52,"poblacion":82,"peligro_biofisico":56,"score_social":34,"capacidad_respuesta":30,"confianza":0.9,"afectado_hist":true,"n_afectaciones":1}},{"type":"Feature","geometry":{"type":"Point","coordinates":[-7.823239,42.342088]},"properties":{"id":"ou-2854791","nombre":"O Mesón","concello":"Ourense","iv":52,"poblacion":68,"peligro_biofisico":60,"score_social":35,"capacidad_respuesta":38,"confianza":0.9,"afectado_hist":false,"n_afectaciones":0}},{"type":"Feature","geometry":{"type":"Point","coordinates":[-7.854808,42.365277]},"properties":{"id":"ou-2854796","nombre":"A Granxa","concello":"Ourense","iv":45,"poblacion":104,"peligro_biofisico":50,"score_social":34,"capacidad_respuesta":49,"confianza":0.9,"afectado_hist":false,"n_afectaciones":0}},{"type":"Feature","geometry":{"type":"Point","coordinates":[-7.884919,42.34925]},"properties":{"id":"ou-2854825","nombre":"A Granxa","concello":"Ourense","iv":43,"poblacion":73,"peligro_biofisico":46,"score_social":35,"capacidad_respuesta":51,"confianza":0.9,"afectado_hist":false,"n_afectaciones":0}},{"type":"Feature","geometry":{"type":"Point","coordinates":[-7.832341,42.304876]},"properties":{"id":"ou-2854828","nombre":"As Curuxeiras","concello":"Ourense","iv":53,"poblacion":124,"peligro_biofisico":56,"score_social":33,"capacidad_respuesta":25,"confianza":0.9,"afectado_hist":false,"n_afectaciones":0}},{"type":"Feature","geometry":{"type":"Point","coordinates":[-7.748226,42.256304]},"properties":{"id":"ou-2854876","nombre":"Cantoña","concello":"Paderne de Allariz","iv":63,"poblacion":70,"peligro_biofisico":57,"score_social":56,"capacidad_respuesta":16,"confianza":0.9,"afectado_hist":true,"n_afectaciones":2}},{"type":"Feature","geometry":{"type":"Point","coordinates":[-7.770348,42.256349]},"properties":{"id":"ou-2854884","nombre":"Penelas","concello":"Paderne de Allariz","iv":60,"poblacion":52,"peligro_biofisico":52,"score_social":57,"capacidad_respuesta":23,"confianza":0.9,"afectado_hist":false,"n_afectaciones":0}},{"type":"Feature","geometry":{"type":"Point","coordinates":[-7.768748,42.284562]},"properties":{"id":"ou-2854921","nombre":"Siabal","concello":"Paderne de Allariz","iv":58,"poblacion":76,"peligro_biofisico":52,"score_social":56,"capacidad_respuesta":30,"confianza":0.9,"afectado_hist":false,"n_afectaciones":0}},{"type":"Feature","geometry":{"type":"Point","coordinates":[-8.165063,42.133318]},"properties":{"id":"ou-2854937","nombre":"San Amaro","concello":"Padrenda","iv":64,"poblacion":57,"peligro_biofisico":58,"score_social":65,"capacidad_respuesta":26,"confianza":0.9,"afectado_hist":false,"n_afectaciones":0}},{"type":"Feature","geometry":{"type":"Point","coordinates":[-8.187121,42.146919]},"properties":{"id":"ou-2854942","nombre":"A Notaria","concello":"Padrenda","iv":60,"poblacion":155,"peligro_biofisico":60,"score_social":62,"capacidad_respuesta":44,"confianza":0.9,"afectado_hist":false,"n_afectaciones":0}},{"type":"Feature","geometry":{"type":"Point","coordinates":[-8.132733,42.146157]},"properties":{"id":"ou-2854965","nombre":"Grixó","concello":"Padrenda","iv":69,"poblacion":74,"peligro_biofisico":61,"score_social":64,"capacidad_respuesta":10,"confianza":0.9,"afectado_hist":false,"n_afectaciones":0}},{"type":"Feature","geometry":{"type":"Point","coordinates":[-7.993509,42.489113]},"properties":{"id":"ou-2855262","nombre":"Cotelas","concello":"Piñor","iv":62,"poblacion":68,"peligro_biofisico":54,"score_social":59,"capacidad_respuesta":20,"confianza":0.9,"afectado_hist":false,"n_afectaciones":0}},{"type":"Feature","geometry":{"type":"Point","coordinates":[-8.011614,42.518538]},"properties":{"id":"ou-2855277","nombre":"O Reino","concello":"Piñor","iv":64,"poblacion":61,"peligro_biofisico":56,"score_social":59,"capacidad_respuesta":18,"confianza":0.9,"afectado_hist":false,"n_afectaciones":0}},{"type":"Feature","geometry":{"type":"Point","coordinates":[-7.823764,42.040878]},"properties":{"id":"ou-2855345","nombre":"O Toxal","concello":"Porqueira","iv":65,"poblacion":65,"peligro_biofisico":41,"score_social":77,"capacidad_respuesta":15,"confianza":0.9,"afectado_hist":false,"n_afectaciones":0}},{"type":"Feature","geometry":{"type":"Point","coordinates":[-7.28566,42.329384]},"properties":{"id":"ou-2855383","nombre":"San Lourenzo","concello":"A Pobra de Trives","iv":63,"poblacion":65,"peligro_biofisico":55,"score_social":58,"capacidad_respuesta":19,"confianza":0.9,"afectado_hist":false,"n_afectaciones":0}},{"type":"Feature","geometry":{"type":"Point","coordinates":[-7.864271,42.104411]},"properties":{"id":"ou-2855494","nombre":"Lampaza","concello":"Rairiz de Veiga","iv":68,"poblacion":52,"peligro_biofisico":53,"score_social":71,"capacidad_respuesta":14,"confianza":0.9,"afectado_hist":false,"n_afectaciones":0}},{"type":"Feature","geometry":{"type":"Point","coordinates":[-7.828893,42.069517]},"properties":{"id":"ou-2855511","nombre":"A Saínza de Abaixo","concello":"Rairiz de Veiga","iv":66,"poblacion":97,"peligro_biofisico":50,"score_social":69,"capacidad_respuesta":14,"confianza":0.9,"afectado_hist":false,"n_afectaciones":0}},{"type":"Feature","geometry":{"type":"Point","coordinates":[-7.839984,42.108471]},"properties":{"id":"ou-2855516","nombre":"Sabariz","concello":"Rairiz de Veiga","iv":67,"poblacion":124,"peligro_biofisico":53,"score_social":68,"capacidad_respuesta":14,"confianza":0.9,"afectado_hist":false,"n_afectaciones":0}},{"type":"Feature","geometry":{"type":"Point","coordinates":[-8.022866,42.186634]},"properties":{"id":"ou-2855534","nombre":"O Picouto","concello":"Ramirás","iv":66,"poblacion":134,"peligro_biofisico":54,"score_social":69,"capacidad_respuesta":18,"confianza":0.9,"afectado_hist":false,"n_afectaciones":0}},{"type":"Feature","geometry":{"type":"Point","coordinates":[-8.169458,42.259506]},"properties":{"id":"ou-2855639","nombre":"Prexigueiro","concello":"Ribadavia","iv":60,"poblacion":100,"peligro_biofisico":61,"score_social":40,"capacidad_respuesta":13,"confianza":0.9,"afectado_hist":false,"n_afectaciones":0}},{"type":"Feature","geometry":{"type":"Point","coordinates":[-7.255793,41.992168]},"properties":{"id":"ou-2855718","nombre":"O Navallo","concello":"O Riós","iv":72,"poblacion":71,"peligro_biofisico":60,"score_social":71,"capacidad_respuesta":7,"confianza":0.9,"afectado_hist":false,"n_afectaciones":0}},{"type":"Feature","geometry":{"type":"Point","coordinates":[-7.295859,41.975136]},"properties":{"id":"ou-2855730","nombre":"Romariz","concello":"O Riós","iv":66,"poblacion":72,"peligro_biofisico":53,"score_social":71,"capacidad_respuesta":19,"confianza":0.9,"afectado_hist":false,"n_afectaciones":0}},{"type":"Feature","geometry":{"type":"Point","coordinates":[-7.2805,41.987247]},"properties":{"id":"ou-2855731","nombre":"As Vendas da Barreira","concello":"O Riós","iv":67,"poblacion":82,"peligro_biofisico":57,"score_social":70,"capacidad_respuesta":20,"confianza":0.9,"afectado_hist":false,"n_afectaciones":0}},{"type":"Feature","geometry":{"type":"Point","coordinates":[-7.318937,41.979501]},"properties":{"id":"ou-2855748","nombre":"San Cristovo","concello":"O Riós","iv":69,"poblacion":98,"peligro_biofisico":55,"score_social":70,"capacidad_respuesta":11,"confianza":0.9,"afectado_hist":false,"n_afectaciones":0}},{"type":"Feature","geometry":{"type":"Point","coordinates":[-6.863369,42.480854]},"properties":{"id":"ou-2855761","nombre":"Biobra","concello":"Rubiá","iv":69,"poblacion":56,"peligro_biofisico":64,"score_social":60,"capacidad_respuesta":11,"confianza":0.9,"afectado_hist":false,"n_afectaciones":0}},{"type":"Feature","geometry":{"type":"Point","coordinates":[-6.905143,42.485069]},"properties":{"id":"ou-2855777","nombre":"O Robledo da Lastra","concello":"Rubiá","iv":68,"poblacion":57,"peligro_biofisico":64,"score_social":60,"capacidad_respuesta":13,"confianza":0.9,"afectado_hist":true,"n_afectaciones":1}},{"type":"Feature","geometry":{"type":"Point","coordinates":[-7.833091,42.275289]},"properties":{"id":"ou-2855866","nombre":"Castroverde","concello":"San Cibrao das Viñas","iv":44,"poblacion":95,"peligro_biofisico":49,"score_social":26,"capacidad_respuesta":37,"confianza":0.9,"afectado_hist":false,"n_afectaciones":0}},{"type":"Feature","geometry":{"type":"Point","coordinates":[-7.839049,42.291969]},"properties":{"id":"ou-2855867","nombre":"O Cumial","concello":"San Cibrao das Viñas","iv":41,"poblacion":167,"peligro_biofisico":46,"score_social":24,"capacidad_respuesta":43,"confianza":0.9,"afectado_hist":false,"n_afectaciones":0}},{"type":"Feature","geometry":{"type":"Point","coordinates":[-7.810206,42.297799]},"properties":{"id":"ou-2855876","nombre":"Pazos de San Clodio","concello":"San Cibrao das Viñas","iv":35,"poblacion":122,"peligro_biofisico":35,"score_social":25,"capacidad_respuesta":51,"confianza":0.9,"afectado_hist":false,"n_afectaciones":0}},{"type":"Feature","geometry":{"type":"Point","coordinates":[-7.827506,42.270359]},"properties":{"id":"ou-2855881","nombre":"Calvos","concello":"San Cibrao das Viñas","iv":46,"poblacion":102,"peligro_biofisico":51,"score_social":26,"capacidad_respuesta":34,"confianza":0.9,"afectado_hist":true,"n_afectaciones":1}},{"type":"Feature","geometry":{"type":"Point","coordinates":[-7.653971,42.113021]},"properties":{"id":"ou-2856031","nombre":"Folgoso","concello":"Sarreaus","iv":69,"poblacion":84,"peligro_biofisico":52,"score_social":82,"capacidad_respuesta":24,"confianza":0.9,"afectado_hist":false,"n_afectaciones":0}},{"type":"Feature","geometry":{"type":"Point","coordinates":[-7.623366,42.093268]},"properties":{"id":"ou-2856046","nombre":"Perrelos","concello":"Sarreaus","iv":68,"poblacion":78,"peligro_biofisico":49,"score_social":83,"capacidad_respuesta":23,"confianza":0.9,"afectado_hist":false,"n_afectaciones":0}},{"type":"Feature","geometry":{"type":"Point","coordinates":[-7.861994,42.239621]},"properties":{"id":"ou-2856074","nombre":"A Telleira","concello":"Taboadela","iv":58,"poblacion":53,"peligro_biofisico":52,"score_social":52,"capacidad_respuesta":23,"confianza":0.9,"afectado_hist":false,"n_afectaciones":0}},{"type":"Feature","geometry":{"type":"Point","coordinates":[-7.922445,42.106588]},"properties":{"id":"ou-2856275","nombre":"Sabucedo","concello":"Verea","iv":70,"poblacion":69,"peligro_biofisico":55,"score_social":73,"capacidad_respuesta":9,"confianza":0.9,"afectado_hist":false,"n_afectaciones":0}},{"type":"Feature","geometry":{"type":"Point","coordinates":[-7.417175,41.973732]},"properties":{"id":"ou-2856328","nombre":"Vilamaior","concello":"Verín","iv":48,"poblacion":80,"peligro_biofisico":47,"score_social":36,"capacidad_respuesta":32,"confianza":0.9,"afectado_hist":false,"n_afectaciones":0}},{"type":"Feature","geometry":{"type":"Point","coordinates":[-7.909103,42.419128]},"properties":{"id":"ou-2856468","nombre":"Tamallancos","concello":"Vilamarín","iv":60,"poblacion":203,"peligro_biofisico":54,"score_social":50,"capacidad_respuesta":16,"confianza":0.9,"afectado_hist":false,"n_afectaciones":0}},{"type":"Feature","geometry":{"type":"Point","coordinates":[-7.912123,42.452114]},"properties":{"id":"ou-2856472","nombre":"Borulfe","concello":"Vilamarín","iv":59,"poblacion":55,"peligro_biofisico":53,"score_social":54,"capacidad_respuesta":23,"confianza":0.9,"afectado_hist":false,"n_afectaciones":0}},{"type":"Feature","geometry":{"type":"Point","coordinates":[-7.474748,42.053029]},"properties":{"id":"ou-2854069","nombre":"Souteliño","concello":"Laza","iv":73,"poblacion":67,"peligro_biofisico":59,"score_social":75,"capacidad_respuesta":6,"confianza":0.9,"afectado_hist":false,"n_afectaciones":0}},{"type":"Feature","geometry":{"type":"Point","coordinates":[-8.116123,42.376897]},"properties":{"id":"ou-2854084","nombre":"Gomariz","concello":"Leiro","iv":62,"poblacion":98,"peligro_biofisico":58,"score_social":71,"capacidad_respuesta":46,"confianza":0.9,"afectado_hist":false,"n_afectaciones":0}},{"type":"Feature","geometry":{"type":"Point","coordinates":[-8.052711,42.353015]},"properties":{"id":"ou-2855802","nombre":"Eiras","concello":"San Amaro","iv":66,"poblacion":52,"peligro_biofisico":55,"score_social":68,"capacidad_respuesta":20,"confianza":0.9,"afectado_hist":false,"n_afectaciones":0}},{"type":"Feature","geometry":{"type":"Point","coordinates":[-7.786272,42.180895]},"properties":{"id":"ou-2852154","nombre":"Nanín","concello":"Allariz","iv":53,"poblacion":73,"peligro_biofisico":57,"score_social":32,"capacidad_respuesta":23,"confianza":0.9,"afectado_hist":false,"n_afectaciones":0}},{"type":"Feature","geometry":{"type":"Point","coordinates":[-7.778241,42.191489]},"properties":{"id":"ou-2852156","nombre":"Vilaboa","concello":"Allariz","iv":51,"poblacion":78,"peligro_biofisico":55,"score_social":32,"capacidad_respuesta":27,"confianza":0.9,"afectado_hist":false,"n_afectaciones":0}},{"type":"Feature","geometry":{"type":"Point","coordinates":[-7.812835,42.205959]},"properties":{"id":"ou-2852161","nombre":"O Mato","concello":"Allariz","iv":51,"poblacion":67,"peligro_biofisico":53,"score_social":33,"capacidad_respuesta":26,"confianza":0.9,"afectado_hist":false,"n_afectaciones":0}},{"type":"Feature","geometry":{"type":"Point","coordinates":[-7.8192,42.198983]},"properties":{"id":"ou-2852162","nombre":"Outeiro de Orraca","concello":"Allariz","iv":52,"poblacion":224,"peligro_biofisico":52,"score_social":29,"capacidad_respuesta":15,"confianza":0.9,"afectado_hist":false,"n_afectaciones":0}},{"type":"Feature","geometry":{"type":"Point","coordinates":[-7.794749,42.182781]},"properties":{"id":"ou-2852164","nombre":"Roimelo","concello":"Allariz","iv":52,"poblacion":66,"peligro_biofisico":53,"score_social":33,"capacidad_respuesta":23,"confianza":0.9,"afectado_hist":false,"n_afectaciones":0}},{"type":"Feature","geometry":{"type":"Point","coordinates":[-7.778739,42.207792]},"properties":{"id":"ou-2852175","nombre":"Vilar de Flores","concello":"Allariz","iv":55,"poblacion":57,"peligro_biofisico":53,"score_social":33,"capacidad_respuesta":10,"confianza":0.9,"afectado_hist":false,"n_afectaciones":0}},{"type":"Feature","geometry":{"type":"Point","coordinates":[-7.800033,42.217482]},"properties":{"id":"ou-2852178","nombre":"A Coira","concello":"Allariz","iv":55,"poblacion":50,"peligro_biofisico":54,"score_social":33,"capacidad_respuesta":14,"confianza":0.9,"afectado_hist":false,"n_afectaciones":0}},{"type":"Feature","geometry":{"type":"Point","coordinates":[-7.79836,42.20717]},"properties":{"id":"ou-2852182","nombre":"Roiriz","concello":"Allariz","iv":53,"poblacion":50,"peligro_biofisico":52,"score_social":33,"capacidad_respuesta":19,"confianza":0.9,"afectado_hist":false,"n_afectaciones":0}},{"type":"Feature","geometry":{"type":"Point","coordinates":[-7.852318,42.224711]},"properties":{"id":"ou-2852185","nombre":"San Vitoiro","concello":"Allariz","iv":52,"poblacion":121,"peligro_biofisico":55,"score_social":31,"capacidad_respuesta":23,"confianza":0.9,"afectado_hist":false,"n_afectaciones":0}},{"type":"Feature","geometry":{"type":"Point","coordinates":[-7.822962,42.175402]},"properties":{"id":"ou-2852188","nombre":"Amiadoso","concello":"Allariz","iv":56,"poblacion":75,"peligro_biofisico":56,"score_social":32,"capacidad_respuesta":11,"confianza":0.9,"afectado_hist":false,"n_afectaciones":0}},{"type":"Feature","geometry":{"type":"Point","coordinates":[-7.841025,42.204825]},"properties":{"id":"ou-2852197","nombre":"Queiroás da Igrexa","concello":"Allariz","iv":50,"poblacion":82,"peligro_biofisico":51,"score_social":32,"capacidad_respuesta":27,"confianza":0.9,"afectado_hist":false,"n_afectaciones":0}},{"type":"Feature","geometry":{"type":"Point","coordinates":[-7.943881,42.404806]},"properties":{"id":"ou-2852238","nombre":"Abruciños","concello":"Amoeiro","iv":56,"poblacion":70,"peligro_biofisico":53,"score_social":47,"capacidad_respuesta":28,"confianza":0.9,"afectado_hist":false,"n_afectaciones":0}},{"type":"Feature","geometry":{"type":"Point","coordinates":[-7.966506,42.400635]},"properties":{"id":"ou-2852242","nombre":"Os Casares","concello":"Amoeiro","iv":57,"poblacion":62,"peligro_biofisico":55,"score_social":48,"capacidad_respuesta":28,"confianza":0.9,"afectado_hist":false,"n_afectaciones":0}},{"type":"Feature","geometry":{"type":"Point","coordinates":[-7.96105,42.404245]},"properties":{"id":"ou-2852246","nombre":"Outeiro","concello":"Amoeiro","iv":59,"poblacion":81,"peligro_biofisico":54,"score_social":47,"capacidad_respuesta":18,"confianza":0.9,"afectado_hist":false,"n_afectaciones":0}},{"type":"Feature","geometry":{"type":"Point","coordinates":[-7.891423,42.40658]},"properties":{"id":"ou-2852248","nombre":"Bóveda","concello":"Amoeiro","iv":56,"poblacion":231,"peligro_biofisico":52,"score_social":44,"capacidad_respuesta":20,"confianza":0.9,"afectado_hist":false,"n_afectaciones":0}},{"type":"Feature","geometry":{"type":"Point","coordinates":[-7.946762,42.391288]},"properties":{"id":"ou-2852259","nombre":"Fontefría","concello":"Amoeiro","iv":59,"poblacion":85,"peligro_biofisico":55,"score_social":47,"capacidad_respuesta":19,"confianza":0.9,"afectado_hist":false,"n_afectaciones":0}},{"type":"Feature","geometry":{"type":"Point","coordinates":[-7.92448,42.425679]},"properties":{"id":"ou-2852266","nombre":"Loureiro","concello":"Amoeiro","iv":56,"poblacion":116,"peligro_biofisico":52,"score_social":46,"capacidad_respuesta":25,"confianza":0.9,"afectado_hist":false,"n_afectaciones":0}},{"type":"Feature","geometry":{"type":"Point","coordinates":[-7.979554,42.370628]},"properties":{"id":"ou-2852273","nombre":"A Bergueira","concello":"Amoeiro","iv":60,"poblacion":96,"peligro_biofisico":58,"score_social":47,"capacidad_respuesta":20,"confianza":0.9,"afectado_hist":false,"n_afectaciones":0}},{"type":"Feature","geometry":{"type":"Point","coordinates":[-8.139053,42.256475]},"properties":{"id":"ou-2852287","nombre":"A Paixón","concello":"A Arnoia","iv":62,"poblacion":68,"peligro_biofisico":60,"score_social":62,"capacidad_respuesta":36,"confianza":0.9,"afectado_hist":false,"n_afectaciones":0}},{"type":"Feature","geometry":{"type":"Point","coordinates":[-8.152329,42.268084]},"properties":{"id":"ou-2852293","nombre":"A Reza","concello":"A Arnoia","iv":57,"poblacion":93,"peligro_biofisico":51,"score_social":61,"capacidad_respuesta":39,"confianza":0.9,"afectado_hist":false,"n_afectaciones":0}},{"type":"Feature","geometry":{"type":"Point","coordinates":[-8.280458,42.390389]},"properties":{"id":"ou-2852300","nombre":"Abelenda","concello":"Avión","iv":72,"poblacion":211,"peligro_biofisico":59,"score_social":75,"capacidad_respuesta":11,"confianza":0.9,"afectado_hist":true,"n_afectaciones":1}},{"type":"Feature","geometry":{"type":"Point","coordinates":[-8.234994,42.380487]},"properties":{"id":"ou-2852316","nombre":"Beresmo","concello":"Avión","iv":72,"poblacion":189,"peligro_biofisico":62,"score_social":75,"capacidad_respuesta":17,"confianza":0.9,"afectado_hist":true,"n_afectaciones":1}},{"type":"Feature","geometry":{"type":"Point","coordinates":[-8.271224,42.446007]},"properties":{"id":"ou-2852320","nombre":"Liñares","concello":"Avión","iv":74,"poblacion":78,"peligro_biofisico":59,"score_social":78,"capacidad_respuesta":7,"confianza":0.9,"afectado_hist":false,"n_afectaciones":0}},{"type":"Feature","geometry":{"type":"Point","coordinates":[-7.795325,41.909637]},"properties":{"id":"ou-2852348","nombre":"San Paio","concello":"Baltar","iv":67,"poblacion":84,"peligro_biofisico":55,"score_social":63,"capacidad_respuesta":10,"confianza":0.9,"afectado_hist":false,"n_afectaciones":0}},{"type":"Feature","geometry":{"type":"Point","coordinates":[-7.966945,42.036113]},"properties":{"id":"ou-2852369","nombre":"Martiñán","concello":"Bande","iv":68,"poblacion":53,"peligro_biofisico":57,"score_social":78,"capacidad_respuesta":28,"confianza":0.9,"afectado_hist":false,"n_afectaciones":0}},{"type":"Feature","geometry":{"type":"Point","coordinates":[-7.66247,42.217807]},"properties":{"id":"ou-2852476","nombre":"Froufe","concello":"Baños de Molgas","iv":66,"poblacion":71,"peligro_biofisico":53,"score_social":69,"capacidad_respuesta":19,"confianza":0.9,"afectado_hist":false,"n_afectaciones":0}},{"type":"Feature","geometry":{"type":"Point","coordinates":[-7.656513,42.199772]},"properties":{"id":"ou-2852477","nombre":"Meamán","concello":"Baños de Molgas","iv":69,"poblacion":66,"peligro_biofisico":54,"score_social":70,"capacidad_respuesta":10,"confianza":0.9,"afectado_hist":true,"n_afectaciones":1}},{"type":"Feature","geometry":{"type":"Point","coordinates":[-7.888063,42.294404]},"properties":{"id":"ou-2852483","nombre":"Cimadevila","concello":"Barbadás","iv":48,"poblacion":102,"peligro_biofisico":58,"score_social":20,"capacidad_respuesta":29,"confianza":0.9,"afectado_hist":false,"n_afectaciones":0}},{"type":"Feature","geometry":{"type":"Point","coordinates":[-7.902073,42.281192]},"properties":{"id":"ou-2852489","nombre":"Bentraces","concello":"Barbadás","iv":46,"poblacion":303,"peligro_biofisico":55,"score_social":17,"capacidad_respuesta":27,"confianza":0.9,"afectado_hist":false,"n_afectaciones":0}},{"type":"Feature","geometry":{"type":"Point","coordinates":[-7.90657,42.268144]},"properties":{"id":"ou-2852491","nombre":"Loiro","concello":"Barbadás","iv":45,"poblacion":155,"peligro_biofisico":52,"score_social":19,"capacidad_respuesta":31,"confianza":0.9,"afectado_hist":false,"n_afectaciones":0}},{"type":"Feature","geometry":{"type":"Point","coordinates":[-7.884798,42.324109]},"properties":{"id":"ou-4000569","nombre":"Cabeza de Vaca","concello":"Barbadás","iv":37,"poblacion":503,"peligro_biofisico":47,"score_social":16,"capacidad_respuesta":48,"confianza":0.9,"afectado_hist":false,"n_afectaciones":0}},{"type":"Feature","geometry":{"type":"Point","coordinates":[-7.89576,42.331515]},"properties":{"id":"ou-2852498","nombre":"A Pipileira","concello":"Barbadás","iv":42,"poblacion":197,"peligro_biofisico":55,"score_social":18,"capacidad_respuesta":46,"confianza":0.9,"afectado_hist":false,"n_afectaciones":0}},{"type":"Feature","geometry":{"type":"Point","coordinates":[-7.902575,42.331721]},"properties":{"id":"ou-2852499","nombre":"As Quintas","concello":"Barbadás","iv":48,"poblacion":58,"peligro_biofisico":55,"score_social":22,"capacidad_respuesta":25,"confianza":0.9,"afectado_hist":false,"n_afectaciones":0}},{"type":"Feature","geometry":{"type":"Point","coordinates":[-7.903946,42.335448]},"properties":{"id":"ou-2852500","nombre":"Requeixo","concello":"Barbadás","iv":49,"poblacion":124,"peligro_biofisico":57,"score_social":20,"capacidad_respuesta":22,"confianza":0.9,"afectado_hist":false,"n_afectaciones":0}},{"type":"Feature","geometry":{"type":"Point","coordinates":[-7.899506,42.330248]},"properties":{"id":"ou-2852501","nombre":"Roma","concello":"Barbadás","iv":45,"poblacion":314,"peligro_biofisico":54,"score_social":17,"capacidad_respuesta":30,"confianza":0.9,"afectado_hist":false,"n_afectaciones":0}},{"type":"Feature","geometry":{"type":"Point","coordinates":[-7.909765,42.289482]},"properties":{"id":"ou-2852504","nombre":"Sobrado do Bispo","concello":"Barbadás","iv":44,"poblacion":596,"peligro_biofisico":54,"score_social":15,"capacidad_respuesta":32,"confianza":0.9,"afectado_hist":false,"n_afectaciones":0}},{"type":"Feature","geometry":{"type":"Point","coordinates":[-7.889294,42.31454]},"properties":{"id":"ou-2852506","nombre":"As Lamas","concello":"Barbadás","iv":42,"poblacion":348,"peligro_biofisico":55,"score_social":17,"capacidad_respuesta":45,"confianza":0.9,"afectado_hist":false,"n_afectaciones":0}},{"type":"Feature","geometry":{"type":"Point","coordinates":[-7.882858,42.317518]},"properties":{"id":"ou-2852507","nombre":"A Valenzá","concello":"Barbadás","iv":36,"poblacion":7222,"peligro_biofisico":48,"score_social":9,"capacidad_respuesta":45,"confianza":0.9,"afectado_hist":false,"n_afectaciones":0}},{"type":"Feature","geometry":{"type":"Point","coordinates":[-6.985988,42.423621]},"properties":{"id":"ou-2852516","nombre":"Veigadecabo","concello":"O Barco de Valdeorras","iv":41,"poblacion":77,"peligro_biofisico":40,"score_social":27,"capacidad_respuesta":38,"confianza":0.9,"afectado_hist":false,"n_afectaciones":0}},{"type":"Feature","geometry":{"type":"Point","coordinates":[-6.93704,42.421863]},"properties":{"id":"ou-2852525","nombre":"Éntoma","concello":"O Barco de Valdeorras","iv":49,"poblacion":275,"peligro_biofisico":53,"score_social":23,"capacidad_respuesta":20,"confianza":0.9,"afectado_hist":false,"n_afectaciones":0}},{"type":"Feature","geometry":{"type":"Point","coordinates":[-6.997774,42.422502]},"properties":{"id":"ou-2852539","nombre":"Veigamuíños","concello":"O Barco de Valdeorras","iv":42,"poblacion":250,"peligro_biofisico":43,"score_social":23,"capacidad_respuesta":33,"confianza":0.9,"afectado_hist":false,"n_afectaciones":0}},{"type":"Feature","geometry":{"type":"Point","coordinates":[-8.255443,42.46024]},"properties":{"id":"ou-2852565","nombre":"Magros","concello":"Beariz","iv":72,"poblacion":112,"peligro_biofisico":62,"score_social":73,"capacidad_respuesta":12,"confianza":0.9,"afectado_hist":false,"n_afectaciones":0}},{"type":"Feature","geometry":{"type":"Point","coordinates":[-8.269688,42.474648]},"properties":{"id":"ou-2852566","nombre":"Muradás","concello":"Beariz","iv":68,"poblacion":88,"peligro_biofisico":58,"score_social":73,"capacidad_respuesta":25,"confianza":0.9,"afectado_hist":false,"n_afectaciones":0}},{"type":"Feature","geometry":{"type":"Point","coordinates":[-8.31852,42.465764]},"properties":{"id":"ou-2852570","nombre":"Doade","concello":"Beariz","iv":71,"poblacion":77,"peligro_biofisico":56,"score_social":74,"capacidad_respuesta":10,"confianza":0.9,"afectado_hist":false,"n_afectaciones":0}},{"type":"Feature","geometry":{"type":"Point","coordinates":[-8.268577,42.493918]},"properties":{"id":"ou-2852577","nombre":"Lebozán","concello":"Beariz","iv":70,"poblacion":54,"peligro_biofisico":57,"score_social":75,"capacidad_respuesta":15,"confianza":0.9,"afectado_hist":false,"n_afectaciones":0}},{"type":"Feature","geometry":{"type":"Point","coordinates":[-7.896631,42.159628]},"properties":{"id":"ou-2852735","nombre":"Podentes","concello":"A Bola","iv":64,"poblacion":130,"peligro_biofisico":54,"score_social":64,"capacidad_respuesta":20,"confianza":0.9,"afectado_hist":false,"n_afectaciones":0}},{"type":"Feature","geometry":{"type":"Point","coordinates":[-7.092947,42.331672]},"properties":{"id":"ou-2852776","nombre":"Celavente","concello":"O Bolo","iv":77,"poblacion":66,"peligro_biofisico":69,"score_social":83,"capacidad_respuesta":19,"confianza":0.9,"afectado_hist":false,"n_afectaciones":0}},{"type":"Feature","geometry":{"type":"Point","coordinates":[-7.160039,42.323111]},"properties":{"id":"ou-2852778","nombre":"Chandoiro","concello":"O Bolo","iv":81,"poblacion":70,"peligro_biofisico":70,"score_social":83,"capacidad_respuesta":4,"confianza":0.9,"afectado_hist":false,"n_afectaciones":0}},{"type":"Feature","geometry":{"type":"Point","coordinates":[-7.839382,41.995536]},"properties":{"id":"ou-2852816","nombre":"Castelaus","concello":"Calvos de Randín","iv":76,"poblacion":58,"peligro_biofisico":55,"score_social":89,"capacidad_respuesta":9,"confianza":0.9,"afectado_hist":false,"n_afectaciones":0}},{"type":"Feature","geometry":{"type":"Point","coordinates":[-7.843523,41.94689]},"properties":{"id":"ou-2852818","nombre":"Feás","concello":"Calvos de Randín","iv":77,"poblacion":63,"peligro_biofisico":54,"score_social":89,"capacidad_respuesta":3,"confianza":0.9,"afectado_hist":true,"n_afectaciones":1}},{"type":"Feature","geometry":{"type":"Point","coordinates":[-6.91113,42.415507]},"properties":{"id":"ou-2852870","nombre":"Sobradelo","concello":"Carballeda de Valdeorras","iv":62,"poblacion":492,"peligro_biofisico":62,"score_social":47,"capacidad_respuesta":17,"confianza":0.9,"afectado_hist":true,"n_afectaciones":1}},{"type":"Feature","geometry":{"type":"Point","coordinates":[-8.17074,42.303509]},"properties":{"id":"ou-2852900","nombre":"Santo Estevo","concello":"Carballeda de Avia","iv":68,"poblacion":73,"peligro_biofisico":59,"score_social":68,"capacidad_respuesta":19,"confianza":0.9,"afectado_hist":false,"n_afectaciones":0}},{"type":"Feature","geometry":{"type":"Point","coordinates":[-8.035265,42.455574]},"properties":{"id":"ou-2852908","nombre":"Mouriz","concello":"O Carballiño","iv":55,"poblacion":53,"peligro_biofisico":52,"score_social":41,"capacidad_respuesta":22,"confianza":0.9,"afectado_hist":false,"n_afectaciones":0}},{"type":"Feature","geometry":{"type":"Point","coordinates":[-8.051969,42.446571]},"properties":{"id":"ou-2852910","nombre":"Seoane","concello":"O Carballiño","iv":52,"poblacion":202,"peligro_biofisico":50,"score_social":37,"capacidad_respuesta":25,"confianza":0.9,"afectado_hist":false,"n_afectaciones":0}},{"type":"Feature","geometry":{"type":"Point","coordinates":[-8.068919,42.440887]},"properties":{"id":"ou-2852913","nombre":"Arcos","concello":"O Carballiño","iv":52,"poblacion":137,"peligro_biofisico":52,"score_social":38,"capacidad_respuesta":27,"confianza":0.9,"afectado_hist":false,"n_afectaciones":0}},{"type":"Feature","geometry":{"type":"Point","coordinates":[-8.09995,42.431208]},"properties":{"id":"ou-2852938","nombre":"Longoseiros","concello":"O Carballiño","iv":53,"poblacion":73,"peligro_biofisico":56,"score_social":40,"capacidad_respuesta":35,"confianza":0.9,"afectado_hist":false,"n_afectaciones":0}},{"type":"Feature","geometry":{"type":"Point","coordinates":[-8.09193,42.418562]},"properties":{"id":"ou-2852947","nombre":"Mesiego","concello":"O Carballiño","iv":50,"poblacion":290,"peligro_biofisico":55,"score_social":36,"capacidad_respuesta":38,"confianza":0.9,"afectado_hist":false,"n_afectaciones":0}},{"type":"Feature","geometry":{"type":"Point","coordinates":[-8.101692,42.418307]},"properties":{"id":"ou-2852987","nombre":"Miomás","concello":"O Carballiño","iv":55,"poblacion":58,"peligro_biofisico":55,"score_social":41,"capacidad_respuesta":26,"confianza":0.9,"afectado_hist":false,"n_afectaciones":0}},{"type":"Feature","geometry":{"type":"Point","coordinates":[-8.019461,42.282846]},"properties":{"id":"ou-2853125","nombre":"Ramiras","concello":"Castrelo de Miño","iv":67,"poblacion":64,"peligro_biofisico":56,"score_social":69,"capacidad_respuesta":19,"confianza":0.9,"afectado_hist":false,"n_afectaciones":0}},{"type":"Feature","geometry":{"type":"Point","coordinates":[-8.062268,42.317694]},"properties":{"id":"ou-2853132","nombre":"Prado","concello":"Castrelo de Miño","iv":62,"poblacion":174,"peligro_biofisico":45,"score_social":66,"capacidad_respuesta":18,"confianza":0.9,"afectado_hist":false,"n_afectaciones":0}},{"type":"Feature","geometry":{"type":"Point","coordinates":[-7.924702,42.176425]},"properties":{"id":"ou-2853322","nombre":"A Ramallosa","concello":"Celanova","iv":57,"poblacion":61,"peligro_biofisico":55,"score_social":52,"capacidad_respuesta":32,"confianza":0.9,"afectado_hist":false,"n_afectaciones":0}},{"type":"Feature","geometry":{"type":"Point","coordinates":[-7.94303,42.153877]},"properties":{"id":"ou-2853352","nombre":"Mourillós","concello":"Celanova","iv":52,"poblacion":68,"peligro_biofisico":55,"score_social":52,"capacidad_respuesta":51,"confianza":0.9,"afectado_hist":false,"n_afectaciones":0}},{"type":"Feature","geometry":{"type":"Point","coordinates":[-7.955071,42.165868]},"properties":{"id":"ou-2853382","nombre":"Vilanova dos Infantes","concello":"Celanova","iv":55,"poblacion":131,"peligro_biofisico":58,"score_social":50,"capacidad_respuesta":41,"confianza":0.9,"afectado_hist":false,"n_afectaciones":0}},{"type":"Feature","geometry":{"type":"Point","coordinates":[-8.090149,42.340679]},"properties":{"id":"ou-2853390","nombre":"Cenlle","concello":"Cenlle","iv":61,"poblacion":188,"peligro_biofisico":55,"score_social":54,"capacidad_respuesta":20,"confianza":0.9,"afectado_hist":false,"n_afectaciones":0}},{"type":"Feature","geometry":{"type":"Point","coordinates":[-8.110132,42.331807]},"properties":{"id":"ou-2853397","nombre":"Esposende","concello":"Cenlle","iv":61,"poblacion":57,"peligro_biofisico":57,"score_social":57,"capacidad_respuesta":27,"confianza":0.9,"afectado_hist":false,"n_afectaciones":0}},{"type":"Feature","geometry":{"type":"Point","coordinates":[-8.051957,42.331853]},"properties":{"id":"ou-2853413","nombre":"Razamonde","concello":"Cenlle","iv":59,"poblacion":80,"peligro_biofisico":42,"score_social":56,"capacidad_respuesta":11,"confianza":0.9,"afectado_hist":false,"n_afectaciones":0}},{"type":"Feature","geometry":{"type":"Point","coordinates":[-8.011755,42.339418]},"properties":{"id":"ou-2853425","nombre":"A Barca de Barbantes","concello":"Cenlle","iv":57,"poblacion":116,"peligro_biofisico":49,"score_social":55,"capacidad_respuesta":28,"confianza":0.9,"afectado_hist":false,"n_afectaciones":0}},{"type":"Feature","geometry":{"type":"Point","coordinates":[-7.851569,42.395051]},"properties":{"id":"ou-2853456","nombre":"Gustei","concello":"Coles","iv":57,"poblacion":309,"peligro_biofisico":54,"score_social":45,"capacidad_respuesta":22,"confianza":0.9,"afectado_hist":false,"n_afectaciones":0}},{"type":"Feature","geometry":{"type":"Point","coordinates":[-7.853418,42.379598]},"properties":{"id":"ou-2853460","nombre":"Sobral","concello":"Coles","iv":56,"poblacion":235,"peligro_biofisico":57,"score_social":45,"capacidad_respuesta":29,"confianza":0.9,"afectado_hist":false,"n_afectaciones":0}},{"type":"Feature","geometry":{"type":"Point","coordinates":[-7.859809,42.399914]},"properties":{"id":"ou-2853461","nombre":"Vilarnaz","concello":"Coles","iv":56,"poblacion":129,"peligro_biofisico":53,"score_social":47,"capacidad_respuesta":27,"confianza":0.9,"afectado_hist":false,"n_afectaciones":0}},{"type":"Feature","geometry":{"type":"Point","coordinates":[-8.144295,42.223933]},"properties":{"id":"ou-2853532","nombre":"Louredo","concello":"Cortegada","iv":61,"poblacion":70,"peligro_biofisico":59,"score_social":56,"capacidad_respuesta":30,"confianza":0.9,"afectado_hist":false,"n_afectaciones":0}},{"type":"Feature","geometry":{"type":"Point","coordinates":[-7.631271,41.934748]},"properties":{"id":"ou-2853580","nombre":"A Saceda","concello":"Cualedro","iv":67,"poblacion":66,"peligro_biofisico":49,"score_social":74,"capacidad_respuesta":15,"confianza":0.9,"afectado_hist":true,"n_afectaciones":1}},{"type":"Feature","geometry":{"type":"Point","coordinates":[-7.553336,41.964999]},"properties":{"id":"ou-2853583","nombre":"Santa Baia de Montes","concello":"Cualedro","iv":67,"poblacion":184,"peligro_biofisico":52,"score_social":71,"capacidad_respuesta":16,"confianza":0.9,"afectado_hist":false,"n_afectaciones":0}},{"type":"Feature","geometry":{"type":"Point","coordinates":[-7.564939,41.950209]},"properties":{"id":"ou-2853584","nombre":"San Martiño","concello":"Cualedro","iv":69,"poblacion":55,"peligro_biofisico":53,"score_social":74,"capacidad_respuesta":14,"confianza":0.9,"afectado_hist":true,"n_afectaciones":3}},{"type":"Feature","geometry":{"type":"Point","coordinates":[-7.379785,42.260267]},"properties":{"id":"ou-2853606","nombre":"Celeiros","concello":"Chandrexa de Queixa","iv":71,"poblacion":118,"peligro_biofisico":53,"score_social":79,"capacidad_respuesta":13,"confianza":0.9,"afectado_hist":false,"n_afectaciones":0}},{"type":"Feature","geometry":{"type":"Point","coordinates":[-8.145109,41.915479]},"properties":{"id":"ou-2853657","nombre":"A Illa","concello":"Entrimo","iv":66,"poblacion":114,"peligro_biofisico":60,"score_social":61,"capacidad_respuesta":18,"confianza":0.9,"afectado_hist":true,"n_afectaciones":1}},{"type":"Feature","geometry":{"type":"Point","coordinates":[-7.683128,42.067148]},"properties":{"id":"ou-2853714","nombre":"Boado","concello":"Xinzo de Limia","iv":55,"poblacion":60,"peligro_biofisico":48,"score_social":38,"capacidad_respuesta":12,"confianza":0.9,"afectado_hist":false,"n_afectaciones":0}},{"type":"Feature","geometry":{"type":"Point","coordinates":[-7.709766,42.037313]},"properties":{"id":"ou-2853720","nombre":"Damil","concello":"Xinzo de Limia","iv":54,"poblacion":57,"peligro_biofisico":48,"score_social":39,"capacidad_respuesta":16,"confianza":0.9,"afectado_hist":false,"n_afectaciones":0}},{"type":"Feature","geometry":{"type":"Point","coordinates":[-7.66211,42.006192]},"properties":{"id":"ou-2853722","nombre":"Faramontaos","concello":"Xinzo de Limia","iv":53,"poblacion":59,"peligro_biofisico":50,"score_social":38,"capacidad_respuesta":23,"confianza":0.9,"afectado_hist":false,"n_afectaciones":0}},{"type":"Feature","geometry":{"type":"Point","coordinates":[-7.788144,42.027881]},"properties":{"id":"ou-2853724","nombre":"Ganade","concello":"Xinzo de Limia","iv":51,"poblacion":185,"peligro_biofisico":47,"score_social":35,"capacidad_respuesta":19,"confianza":0.9,"afectado_hist":false,"n_afectaciones":0}},{"type":"Feature","geometry":{"type":"Point","coordinates":[-7.644572,41.969187]},"properties":{"id":"ou-2853728","nombre":"Gudín","concello":"Xinzo de Limia","iv":57,"poblacion":50,"peligro_biofisico":51,"score_social":39,"capacidad_respuesta":10,"confianza":0.9,"afectado_hist":true,"n_afectaciones":1}},{"type":"Feature","geometry":{"type":"Point","coordinates":[-7.754869,42.044302]},"properties":{"id":"ou-2853733","nombre":"Lamas","concello":"Xinzo de Limia","iv":45,"poblacion":208,"peligro_biofisico":32,"score_social":35,"capacidad_respuesta":20,"confianza":0.9,"afectado_hist":false,"n_afectaciones":0}},{"type":"Feature","geometry":{"type":"Point","coordinates":[-7.683585,42.036815]},"properties":{"id":"ou-2853735","nombre":"Paredes","concello":"Xinzo de Limia","iv":46,"poblacion":65,"peligro_biofisico":31,"score_social":38,"capacidad_respuesta":20,"confianza":0.9,"afectado_hist":false,"n_afectaciones":0}},{"type":"Feature","geometry":{"type":"Point","coordinates":[-7.69362,42.038438]},"properties":{"id":"ou-2853736","nombre":"Rebordechá","concello":"Xinzo de Limia","iv":46,"poblacion":151,"peligro_biofisico":37,"score_social":36,"capacidad_respuesta":24,"confianza":0.9,"afectado_hist":false,"n_afectaciones":0}},{"type":"Feature","geometry":{"type":"Point","coordinates":[-7.698755,42.00615]},"properties":{"id":"ou-2853740","nombre":"Laroá","concello":"Xinzo de Limia","iv":51,"poblacion":91,"peligro_biofisico":48,"score_social":37,"capacidad_respuesta":25,"confianza":0.9,"afectado_hist":false,"n_afectaciones":0}},{"type":"Feature","geometry":{"type":"Point","coordinates":[-7.673334,42.019167]},"properties":{"id":"ou-2853742","nombre":"Moreiras","concello":"Xinzo de Limia","iv":51,"poblacion":53,"peligro_biofisico":42,"score_social":39,"capacidad_respuesta":16,"confianza":0.9,"afectado_hist":false,"n_afectaciones":0}},{"type":"Feature","geometry":{"type":"Point","coordinates":[-7.697439,42.077857]},"properties":{"id":"ou-2853744","nombre":"Morgade","concello":"Xinzo de Limia","iv":52,"poblacion":280,"peligro_biofisico":50,"score_social":34,"capacidad_respuesta":18,"confianza":0.9,"afectado_hist":true,"n_afectaciones":1}},{"type":"Feature","geometry":{"type":"Point","coordinates":[-7.769887,42.021713]},"properties":{"id":"ou-2853746","nombre":"Mosteiro de Ribeira","concello":"Xinzo de Limia","iv":55,"poblacion":73,"peligro_biofisico":50,"score_social":38,"capacidad_respuesta":14,"confianza":0.9,"afectado_hist":false,"n_afectaciones":0}},{"type":"Feature","geometry":{"type":"Point","coordinates":[-7.728168,42.027359]},"properties":{"id":"ou-2853752","nombre":"Parada de Ribeira","concello":"Xinzo de Limia","iv":54,"poblacion":132,"peligro_biofisico":50,"score_social":36,"capacidad_respuesta":15,"confianza":0.9,"afectado_hist":false,"n_afectaciones":0}},{"type":"Feature","geometry":{"type":"Point","coordinates":[-7.679353,42.086491]},"properties":{"id":"ou-2853754","nombre":"A Pena","concello":"Xinzo de Limia","iv":55,"poblacion":89,"peligro_biofisico":54,"score_social":37,"capacidad_respuesta":17,"confianza":0.9,"afectado_hist":false,"n_afectaciones":0}},{"type":"Feature","geometry":{"type":"Point","coordinates":[-7.632321,42.089035]},"properties":{"id":"ou-2853758","nombre":"Piñeira Seca","concello":"Xinzo de Limia","iv":50,"poblacion":104,"peligro_biofisico":43,"score_social":37,"capacidad_respuesta":19,"confianza":0.9,"afectado_hist":false,"n_afectaciones":0}},{"type":"Feature","geometry":{"type":"Point","coordinates":[-7.650896,42.086873]},"properties":{"id":"ou-2853762","nombre":"Solveira","concello":"Xinzo de Limia","iv":54,"poblacion":74,"peligro_biofisico":50,"score_social":38,"capacidad_respuesta":16,"confianza":0.9,"afectado_hist":false,"n_afectaciones":0}},{"type":"Feature","geometry":{"type":"Point","coordinates":[-7.712763,42.070095]},"properties":{"id":"ou-2853764","nombre":"Baronzás","concello":"Xinzo de Limia","iv":48,"poblacion":185,"peligro_biofisico":46,"score_social":35,"capacidad_respuesta":29,"confianza":0.9,"afectado_hist":false,"n_afectaciones":0}},{"type":"Feature","geometry":{"type":"Point","coordinates":[-7.120203,42.006237]},"properties":{"id":"ou-2853859","nombre":"O Tameirón","concello":"A Gudiña","iv":64,"poblacion":110,"peligro_biofisico":59,"score_social":52,"capacidad_respuesta":11,"confianza":0.9,"afectado_hist":false,"n_afectaciones":0}},{"type":"Feature","geometry":{"type":"Point","coordinates":[-7.708865,42.163475]},"properties":{"id":"ou-2853976","nombre":"Bustelo","concello":"Xunqueira de Ambía","iv":59,"poblacion":80,"peligro_biofisico":47,"score_social":65,"capacidad_respuesta":30,"confianza":0.9,"afectado_hist":false,"n_afectaciones":0}},{"type":"Feature","geometry":{"type":"Point","coordinates":[-7.696232,42.161687]},"properties":{"id":"ou-2853977","nombre":"Casasoá","concello":"Xunqueira de Ambía","iv":62,"poblacion":95,"peligro_biofisico":49,"score_social":65,"capacidad_respuesta":23,"confianza":0.9,"afectado_hist":false,"n_afectaciones":0}},{"type":"Feature","geometry":{"type":"Point","coordinates":[-7.648884,42.344588]},"properties":{"id":"ou-2854023","nombre":"Pardeconde","concello":"Xunqueira de Espadanedo","iv":67,"poblacion":61,"peligro_biofisico":58,"score_social":61,"capacidad_respuesta":11,"confianza":0.9,"afectado_hist":false,"n_afectaciones":0}},{"type":"Feature","geometry":{"type":"Point","coordinates":[-7.161239,42.374847]},"properties":{"id":"ou-2854047","nombre":"Seadur","concello":"Larouco","iv":68,"poblacion":59,"peligro_biofisico":55,"score_social":69,"capacidad_respuesta":13,"confianza":0.9,"afectado_hist":true,"n_afectaciones":1}},{"type":"Feature","geometry":{"type":"Point","coordinates":[-8.144315,42.352173]},"properties":{"id":"ou-4033860","nombre":"Berán","concello":"Leiro","iv":69,"poblacion":165,"peligro_biofisico":58,"score_social":70,"capacidad_respuesta":14,"confianza":0.9,"afectado_hist":false,"n_afectaciones":0}},{"type":"Feature","geometry":{"type":"Point","coordinates":[-8.165861,42.36651]},"properties":{"id":"ou-2854107","nombre":"Orega","concello":"Leiro","iv":73,"poblacion":73,"peligro_biofisico":61,"score_social":72,"capacidad_respuesta":8,"confianza":0.9,"afectado_hist":false,"n_afectaciones":0}},{"type":"Feature","geometry":{"type":"Point","coordinates":[-8.124874,42.342318]},"properties":{"id":"ou-2854124","nombre":"Bieite","concello":"Leiro","iv":67,"poblacion":104,"peligro_biofisico":58,"score_social":71,"capacidad_respuesta":26,"confianza":0.9,"afectado_hist":false,"n_afectaciones":0}},{"type":"Feature","geometry":{"type":"Point","coordinates":[-8.035786,41.988102]},"properties":{"id":"ou-2854138","nombre":"As Quintas","concello":"Lobeira","iv":76,"poblacion":108,"peligro_biofisico":61,"score_social":86,"capacidad_respuesta":15,"confianza":0.9,"afectado_hist":false,"n_afectaciones":0}},{"type":"Feature","geometry":{"type":"Point","coordinates":[-8.100101,41.871326]},"properties":{"id":"ou-2854197","nombre":"Vilameá","concello":"Lobios","iv":68,"poblacion":105,"peligro_biofisico":63,"score_social":63,"capacidad_respuesta":17,"confianza":0.9,"afectado_hist":false,"n_afectaciones":0}},{"type":"Feature","geometry":{"type":"Point","coordinates":[-8.066913,41.922743]},"properties":{"id":"ou-2854200","nombre":"Xendive","concello":"Lobios","iv":67,"poblacion":80,"peligro_biofisico":60,"score_social":64,"capacidad_respuesta":19,"confianza":0.9,"afectado_hist":false,"n_afectaciones":0}},{"type":"Feature","geometry":{"type":"Point","coordinates":[-7.646158,42.256439]},"properties":{"id":"ou-2854235","nombre":"Foncuberta","concello":"Maceda","iv":58,"poblacion":112,"peligro_biofisico":51,"score_social":48,"capacidad_respuesta":17,"confianza":0.9,"afectado_hist":false,"n_afectaciones":0}},{"type":"Feature","geometry":{"type":"Point","coordinates":[-7.615119,42.264225]},"properties":{"id":"ou-2854257","nombre":"Tioira","concello":"Maceda","iv":58,"poblacion":86,"peligro_biofisico":49,"score_social":49,"capacidad_respuesta":15,"confianza":0.9,"afectado_hist":false,"n_afectaciones":0}},{"type":"Feature","geometry":{"type":"Point","coordinates":[-7.590856,42.24484]},"properties":{"id":"ou-2854263","nombre":"Vilar","concello":"Maceda","iv":60,"poblacion":52,"peligro_biofisico":51,"score_social":50,"capacidad_respuesta":12,"confianza":0.9,"afectado_hist":false,"n_afectaciones":0}},{"type":"Feature","geometry":{"type":"Point","coordinates":[-7.203174,42.305014]},"properties":{"id":"ou-2854277","nombre":"Langullo","concello":"Manzaneda","iv":71,"poblacion":50,"peligro_biofisico":63,"score_social":68,"capacidad_respuesta":14,"confianza":0.9,"afectado_hist":false,"n_afectaciones":0}},{"type":"Feature","geometry":{"type":"Point","coordinates":[-7.183833,42.250196]},"properties":{"id":"ou-2854301","nombre":"Reigada","concello":"Manzaneda","iv":70,"poblacion":69,"peligro_biofisico":59,"score_social":67,"capacidad_respuesta":10,"confianza":0.9,"afectado_hist":false,"n_afectaciones":0}},{"type":"Feature","geometry":{"type":"Point","coordinates":[-8.049165,42.422171]},"properties":{"id":"ou-2854316","nombre":"Dacón","concello":"Maside","iv":55,"poblacion":322,"peligro_biofisico":52,"score_social":44,"capacidad_respuesta":23,"confianza":0.9,"afectado_hist":false,"n_afectaciones":0}},{"type":"Feature","geometry":{"type":"Point","coordinates":[-8.039305,42.418764]},"properties":{"id":"ou-2854319","nombre":"Pousada","concello":"Maside","iv":55,"poblacion":50,"peligro_biofisico":52,"score_social":49,"capacidad_respuesta":33,"confianza":0.9,"afectado_hist":false,"n_afectaciones":0}},{"type":"Feature","geometry":{"type":"Point","coordinates":[-8.064052,42.428756]},"properties":{"id":"ou-2854321","nombre":"A Fontela","concello":"Maside","iv":46,"poblacion":229,"peligro_biofisico":49,"score_social":45,"capacidad_respuesta":56,"confianza":0.9,"afectado_hist":false,"n_afectaciones":0}},{"type":"Feature","geometry":{"type":"Point","coordinates":[-8.005701,42.406981]},"properties":{"id":"ou-2854331","nombre":"A Touza","concello":"Maside","iv":56,"poblacion":76,"peligro_biofisico":54,"score_social":48,"capacidad_respuesta":29,"confianza":0.9,"afectado_hist":false,"n_afectaciones":0}},{"type":"Feature","geometry":{"type":"Point","coordinates":[-8.005834,42.441205]},"properties":{"id":"ou-2854333","nombre":"O Bolo","concello":"Maside","iv":59,"poblacion":55,"peligro_biofisico":52,"score_social":49,"capacidad_respuesta":14,"confianza":0.9,"afectado_hist":false,"n_afectaciones":0}},{"type":"Feature","geometry":{"type":"Point","coordinates":[-8.026753,42.424475]},"properties":{"id":"ou-2854334","nombre":"Bouzas","concello":"Maside","iv":56,"poblacion":53,"peligro_biofisico":53,"score_social":49,"capacidad_respuesta":30,"confianza":0.9,"afectado_hist":false,"n_afectaciones":0}},{"type":"Feature","geometry":{"type":"Point","coordinates":[-7.984011,42.439283]},"properties":{"id":"ou-2854359","nombre":"Louredo","concello":"Maside","iv":60,"poblacion":52,"peligro_biofisico":56,"score_social":49,"capacidad_respuesta":20,"confianza":0.9,"afectado_hist":false,"n_afectaciones":0}},{"type":"Feature","geometry":{"type":"Point","coordinates":[-8.198517,42.25859]},"properties":{"id":"ou-2854398","nombre":"Penavaqueira","concello":"Melón","iv":74,"poblacion":61,"peligro_biofisico":61,"score_social":76,"capacidad_respuesta":9,"confianza":0.9,"afectado_hist":true,"n_afectaciones":2}},{"type":"Feature","geometry":{"type":"Point","coordinates":[-8.179091,42.287459]},"properties":{"id":"ou-2854405","nombre":"Barcia","concello":"Melón","iv":70,"poblacion":68,"peligro_biofisico":60,"score_social":76,"capacidad_respuesta":23,"confianza":0.9,"afectado_hist":false,"n_afectaciones":0}},{"type":"Feature","geometry":{"type":"Point","coordinates":[-8.227897,42.305935]},"properties":{"id":"ou-2854407","nombre":"Covelo","concello":"Melón","iv":73,"poblacion":68,"peligro_biofisico":64,"score_social":76,"capacidad_respuesta":15,"confianza":0.9,"afectado_hist":true,"n_afectaciones":2}},{"type":"Feature","geometry":{"type":"Point","coordinates":[-8.174389,42.28169]},"properties":{"id":"ou-2854408","nombre":"A Ibia","concello":"Melón","iv":74,"poblacion":87,"peligro_biofisico":62,"score_social":75,"capacidad_respuesta":9,"confianza":0.9,"afectado_hist":false,"n_afectaciones":0}},{"type":"Feature","geometry":{"type":"Point","coordinates":[-8.186087,42.290957]},"properties":{"id":"ou-2854414","nombre":"Vilaverde","concello":"Melón","iv":70,"poblacion":51,"peligro_biofisico":60,"score_social":77,"capacidad_respuesta":24,"confianza":0.9,"afectado_hist":false,"n_afectaciones":0}},{"type":"Feature","geometry":{"type":"Point","coordinates":[-7.865706,42.182573]},"properties":{"id":"ou-2854419","nombre":"Fontao","concello":"A Merca","iv":60,"poblacion":62,"peligro_biofisico":54,"score_social":60,"capacidad_respuesta":32,"confianza":0.9,"afectado_hist":false,"n_afectaciones":0}},{"type":"Feature","geometry":{"type":"Point","coordinates":[-7.92637,42.224794]},"properties":{"id":"ou-2854433","nombre":"A Manchica","concello":"A Merca","iv":54,"poblacion":402,"peligro_biofisico":49,"score_social":54,"capacidad_respuesta":38,"confianza":0.9,"afectado_hist":false,"n_afectaciones":0}},{"type":"Feature","geometry":{"type":"Point","coordinates":[-7.915128,42.221336]},"properties":{"id":"ou-2854434","nombre":"Solveira","concello":"A Merca","iv":58,"poblacion":88,"peligro_biofisico":54,"score_social":59,"capacidad_respuesta":39,"confianza":0.9,"afectado_hist":false,"n_afectaciones":0}},{"type":"Feature","geometry":{"type":"Point","coordinates":[-7.951148,42.2365]},"properties":{"id":"ou-2854462","nombre":"Pereira","concello":"A Merca","iv":62,"poblacion":101,"peligro_biofisico":55,"score_social":58,"capacidad_respuesta":22,"confianza":0.9,"afectado_hist":false,"n_afectaciones":0}},{"type":"Feature","geometry":{"type":"Point","coordinates":[-7.009666,41.977341]},"properties":{"id":"ou-2854474","nombre":"Cádavos","concello":"A Mezquita","iv":65,"poblacion":68,"peligro_biofisico":56,"score_social":65,"capacidad_respuesta":21,"confianza":0.9,"afectado_hist":false,"n_afectaciones":0}},{"type":"Feature","geometry":{"type":"Point","coordinates":[-7.017562,41.963512]},"properties":{"id":"ou-2854482","nombre":"Manzalvos","concello":"A Mezquita","iv":65,"poblacion":78,"peligro_biofisico":51,"score_social":65,"capacidad_respuesta":13,"confianza":0.9,"afectado_hist":false,"n_afectaciones":0}},{"type":"Feature","geometry":{"type":"Point","coordinates":[-7.054627,42.037441]},"properties":{"id":"ou-2854486","nombre":"O Pereiro","concello":"A Mezquita","iv":65,"poblacion":130,"peligro_biofisico":49,"score_social":64,"capacidad_respuesta":10,"confianza":0.9,"afectado_hist":false,"n_afectaciones":0}},{"type":"Feature","geometry":{"type":"Point","coordinates":[-7.026989,42.013049]},"properties":{"id":"ou-2854488","nombre":"Santigoso","concello":"A Mezquita","iv":68,"poblacion":58,"peligro_biofisico":54,"score_social":66,"capacidad_respuesta":7,"confianza":0.9,"afectado_hist":false,"n_afectaciones":0}},{"type":"Feature","geometry":{"type":"Point","coordinates":[-7.014207,42.038027]},"properties":{"id":"ou-2854490","nombre":"A Vilavella","concello":"A Mezquita","iv":67,"poblacion":118,"peligro_biofisico":55,"score_social":64,"capacidad_respuesta":11,"confianza":0.9,"afectado_hist":false,"n_afectaciones":0}},{"type":"Feature","geometry":{"type":"Point","coordinates":[-7.495404,41.948708]},"properties":{"id":"ou-2854590","nombre":"Albarellos","concello":"Monterrei","iv":62,"poblacion":434,"peligro_biofisico":48,"score_social":65,"capacidad_respuesta":18,"confianza":0.9,"afectado_hist":true,"n_afectaciones":1}},{"type":"Feature","geometry":{"type":"Point","coordinates":[-7.557863,41.928258]},"properties":{"id":"ou-2854596","nombre":"Flariz","concello":"Monterrei","iv":62,"poblacion":121,"peligro_biofisico":43,"score_social":68,"capacidad_respuesta":15,"confianza":0.9,"afectado_hist":true,"n_afectaciones":1}},{"type":"Feature","geometry":{"type":"Point","coordinates":[-7.573378,41.936392]},"properties":{"id":"ou-2854597","nombre":"Sandín","concello":"Monterrei","iv":68,"poblacion":93,"peligro_biofisico":51,"score_social":69,"capacidad_respuesta":8,"confianza":0.9,"afectado_hist":true,"n_afectaciones":1}},{"type":"Feature","geometry":{"type":"Point","coordinates":[-7.512601,41.974987]},"properties":{"id":"ou-2854600","nombre":"Infesta","concello":"Monterrei","iv":71,"poblacion":72,"peligro_biofisico":59,"score_social":70,"capacidad_respuesta":7,"confianza":0.9,"afectado_hist":true,"n_afectaciones":1}},{"type":"Feature","geometry":{"type":"Point","coordinates":[-7.587718,41.917525]},"properties":{"id":"ou-2854602","nombre":"A Madanela","concello":"Monterrei","iv":68,"poblacion":134,"peligro_biofisico":52,"score_social":68,"capacidad_respuesta":8,"confianza":0.9,"afectado_hist":false,"n_afectaciones":0}},{"type":"Feature","geometry":{"type":"Point","coordinates":[-7.451518,41.956894]},"properties":{"id":"ou-2854607","nombre":"A Pousa","concello":"Monterrei","iv":66,"poblacion":73,"peligro_biofisico":57,"score_social":70,"capacidad_respuesta":26,"confianza":0.9,"afectado_hist":true,"n_afectaciones":1}},{"type":"Feature","geometry":{"type":"Point","coordinates":[-7.570687,41.900993]},"properties":{"id":"ou-2854610","nombre":"San Cristovo","concello":"Monterrei","iv":67,"poblacion":108,"peligro_biofisico":52,"score_social":69,"capacidad_respuesta":10,"confianza":0.9,"afectado_hist":true,"n_afectaciones":2}},{"type":"Feature","geometry":{"type":"Point","coordinates":[-7.490254,41.93064]},"properties":{"id":"ou-2854615","nombre":"Vilaza","concello":"Monterrei","iv":60,"poblacion":442,"peligro_biofisico":48,"score_social":65,"capacidad_respuesta":29,"confianza":0.9,"afectado_hist":false,"n_afectaciones":0}},{"type":"Feature","geometry":{"type":"Point","coordinates":[-7.933459,41.906814]},"properties":{"id":"ou-2854657","nombre":"Requiás","concello":"Muíños","iv":66,"poblacion":60,"peligro_biofisico":56,"score_social":69,"capacidad_respuesta":22,"confianza":0.9,"afectado_hist":true,"n_afectaciones":1}},{"type":"Feature","geometry":{"type":"Point","coordinates":[-7.723294,42.374216]},"properties":{"id":"ou-2854662","nombre":"Armariz","concello":"Nogueira de Ramuín","iv":63,"poblacion":128,"peligro_biofisico":54,"score_social":56,"capacidad_respuesta":13,"confianza":0.9,"afectado_hist":false,"n_afectaciones":0}},{"type":"Feature","geometry":{"type":"Point","coordinates":[-7.750199,42.376198]},"properties":{"id":"ou-2854695","nombre":"Faramontaos","concello":"Nogueira de Ramuín","iv":62,"poblacion":97,"peligro_biofisico":54,"score_social":56,"capacidad_respuesta":16,"confianza":0.9,"afectado_hist":false,"n_afectaciones":0}},{"type":"Feature","geometry":{"type":"Point","coordinates":[-7.651787,42.39938]},"properties":{"id":"ou-2854727","nombre":"Vilar de Cerreda","concello":"Nogueira de Ramuín","iv":63,"poblacion":114,"peligro_biofisico":60,"score_social":56,"capacidad_respuesta":22,"confianza":0.9,"afectado_hist":false,"n_afectaciones":0}},{"type":"Feature","geometry":{"type":"Point","coordinates":[-7.541877,41.854977]},"properties":{"id":"ou-2854745","nombre":"Bousés","concello":"Oímbra","iv":61,"poblacion":161,"peligro_biofisico":52,"score_social":54,"capacidad_respuesta":15,"confianza":0.9,"afectado_hist":true,"n_afectaciones":2}},{"type":"Feature","geometry":{"type":"Point","coordinates":[-7.520351,41.881464]},"properties":{"id":"ou-2854750","nombre":"A Granxa","concello":"Oímbra","iv":65,"poblacion":56,"peligro_biofisico":60,"score_social":57,"capacidad_respuesta":15,"confianza":0.9,"afectado_hist":true,"n_afectaciones":3}},{"type":"Feature","geometry":{"type":"Point","coordinates":[-7.4643,41.867541]},"properties":{"id":"ou-2854757","nombre":"San Cibrao","concello":"Oímbra","iv":58,"poblacion":302,"peligro_biofisico":47,"score_social":52,"capacidad_respuesta":16,"confianza":0.9,"afectado_hist":true,"n_afectaciones":2}},{"type":"Feature","geometry":{"type":"Point","coordinates":[-7.561419,41.857831]},"properties":{"id":"ou-2854759","nombre":"Espiño","concello":"Oímbra","iv":60,"poblacion":76,"peligro_biofisico":50,"score_social":56,"capacidad_respuesta":17,"confianza":0.9,"afectado_hist":true,"n_afectaciones":4}},{"type":"Feature","geometry":{"type":"Point","coordinates":[-7.585932,41.849413]},"properties":{"id":"ou-2854760","nombre":"Videferre","concello":"Oímbra","iv":61,"poblacion":102,"peligro_biofisico":51,"score_social":55,"capacidad_respuesta":14,"confianza":0.9,"afectado_hist":false,"n_afectaciones":0}},{"type":"Feature","geometry":{"type":"Point","coordinates":[-7.90268,42.383441]},"properties":{"id":"ou-2854778","nombre":"Beiro","concello":"Ourense","iv":54,"poblacion":109,"peligro_biofisico":57,"score_social":34,"capacidad_respuesta":22,"confianza":0.9,"afectado_hist":false,"n_afectaciones":0}},{"type":"Feature","geometry":{"type":"Point","coordinates":[-7.897161,42.392186]},"properties":{"id":"ou-2854779","nombre":"A Caveanca-Turei","concello":"Ourense","iv":53,"poblacion":96,"peligro_biofisico":53,"score_social":34,"capacidad_respuesta":19,"confianza":0.9,"afectado_hist":false,"n_afectaciones":0}},{"type":"Feature","geometry":{"type":"Point","coordinates":[-7.856117,42.372098]},"properties":{"id":"ou-2854793","nombre":"As Barxas","concello":"Ourense","iv":51,"poblacion":56,"peligro_biofisico":57,"score_social":35,"capacidad_respuesta":36,"confianza":0.9,"afectado_hist":false,"n_afectaciones":0}},{"type":"Feature","geometry":{"type":"Point","coordinates":[-7.860849,42.368211]},"properties":{"id":"ou-2854795","nombre":"Cudeiro","concello":"Ourense","iv":48,"poblacion":370,"peligro_biofisico":56,"score_social":30,"capacidad_respuesta":39,"confianza":0.9,"afectado_hist":false,"n_afectaciones":0}},{"type":"Feature","geometry":{"type":"Point","coordinates":[-7.850817,42.371617]},"properties":{"id":"ou-2854798","nombre":"O Viso","concello":"Ourense","iv":51,"poblacion":60,"peligro_biofisico":56,"score_social":35,"capacidad_respuesta":33,"confianza":0.9,"afectado_hist":false,"n_afectaciones":0}},{"type":"Feature","geometry":{"type":"Point","coordinates":[-7.866159,42.363136]},"properties":{"id":"ou-2854799","nombre":"Val do Regueiro","concello":"Ourense","iv":44,"poblacion":181,"peligro_biofisico":50,"score_social":32,"capacidad_respuesta":50,"confianza":0.9,"afectado_hist":false,"n_afectaciones":0}},{"type":"Feature","geometry":{"type":"Point","coordinates":[-7.859275,42.362594]},"properties":{"id":"ou-2854803","nombre":"Os Coiñas","concello":"Ourense","iv":40,"poblacion":108,"peligro_biofisico":48,"score_social":34,"capacidad_respuesta":63,"confianza":0.9,"afectado_hist":false,"n_afectaciones":0}},{"type":"Feature","geometry":{"type":"Point","coordinates":[-7.831067,42.319248]},"properties":{"id":"ou-2854804","nombre":"Santa Mariña do Monte","concello":"Ourense","iv":50,"poblacion":174,"peligro_biofisico":54,"score_social":32,"capacidad_respuesta":32,"confianza":0.9,"afectado_hist":false,"n_afectaciones":0}},{"type":"Feature","geometry":{"type":"Point","coordinates":[-7.941643,42.353553]},"properties":{"id":"ou-2854811","nombre":"Naves","concello":"Ourense","iv":58,"poblacion":50,"peligro_biofisico":60,"score_social":36,"capacidad_respuesta":15,"confianza":0.9,"afectado_hist":true,"n_afectaciones":2}},{"type":"Feature","geometry":{"type":"Point","coordinates":[-7.897922,42.349558]},"properties":{"id":"ou-2854822","nombre":"Reza","concello":"Ourense","iv":49,"poblacion":100,"peligro_biofisico":53,"score_social":34,"capacidad_respuesta":38,"confianza":0.9,"afectado_hist":false,"n_afectaciones":0}},{"type":"Feature","geometry":{"type":"Point","coordinates":[-7.856519,42.305009]},"properties":{"id":"ou-2854829","nombre":"Seixalbo","concello":"Ourense","iv":44,"poblacion":850,"peligro_biofisico":48,"score_social":28,"capacidad_respuesta":41,"confianza":0.9,"afectado_hist":false,"n_afectaciones":0}},{"type":"Feature","geometry":{"type":"Point","coordinates":[-7.842101,42.308176]},"properties":{"id":"ou-2854831","nombre":"Zaín","concello":"Ourense","iv":48,"poblacion":72,"peligro_biofisico":55,"score_social":35,"capacidad_respuesta":47,"confianza":0.9,"afectado_hist":false,"n_afectaciones":0}},{"type":"Feature","geometry":{"type":"Point","coordinates":[-7.952701,42.340679]},"properties":{"id":"ou-2854834","nombre":"Untes","concello":"Ourense","iv":57,"poblacion":189,"peligro_biofisico":60,"score_social":32,"capacidad_respuesta":14,"confianza":0.9,"afectado_hist":true,"n_afectaciones":1}},{"type":"Feature","geometry":{"type":"Point","coordinates":[-7.841613,42.367506]},"properties":{"id":"ou-2854838","nombre":"Casixova","concello":"Ourense","iv":50,"poblacion":60,"peligro_biofisico":54,"score_social":35,"capacidad_respuesta":36,"confianza":0.9,"afectado_hist":false,"n_afectaciones":0}},{"type":"Feature","geometry":{"type":"Point","coordinates":[-7.878572,42.380171]},"properties":{"id":"ou-2854856","nombre":"Astrés","concello":"Ourense","iv":57,"poblacion":60,"peligro_biofisico":58,"score_social":35,"capacidad_respuesta":14,"confianza":0.9,"afectado_hist":true,"n_afectaciones":1}},{"type":"Feature","geometry":{"type":"Point","coordinates":[-7.885142,42.344602]},"properties":{"id":"ou-2854860","nombre":"Erbedelo","concello":"Ourense","iv":45,"poblacion":54,"peligro_biofisico":54,"score_social":36,"capacidad_respuesta":56,"confianza":0.9,"afectado_hist":false,"n_afectaciones":0}},{"type":"Feature","geometry":{"type":"Point","coordinates":[-7.914518,42.355742]},"properties":{"id":"ou-2854866","nombre":"Eirasvedras","concello":"Ourense","iv":55,"poblacion":95,"peligro_biofisico":53,"score_social":34,"capacidad_respuesta":14,"confianza":0.9,"afectado_hist":false,"n_afectaciones":0}},{"type":"Feature","geometry":{"type":"Point","coordinates":[-7.909875,42.356856]},"properties":{"id":"ou-2854871","nombre":"Quintela","concello":"Ourense","iv":48,"poblacion":141,"peligro_biofisico":52,"score_social":33,"capacidad_respuesta":36,"confianza":0.9,"afectado_hist":false,"n_afectaciones":0}},{"type":"Feature","geometry":{"type":"Point","coordinates":[-8.183794,42.15229]},"properties":{"id":"ou-2854941","nombre":"A Agra","concello":"Padrenda","iv":65,"poblacion":67,"peligro_biofisico":57,"score_social":64,"capacidad_respuesta":22,"confianza":0.9,"afectado_hist":false,"n_afectaciones":0}},{"type":"Feature","geometry":{"type":"Point","coordinates":[-8.195348,42.153396]},"properties":{"id":"ou-2854943","nombre":"A Frieira","concello":"Padrenda","iv":60,"poblacion":120,"peligro_biofisico":60,"score_social":63,"capacidad_respuesta":46,"confianza":0.9,"afectado_hist":false,"n_afectaciones":0}},{"type":"Feature","geometry":{"type":"Point","coordinates":[-8.17394,42.151907]},"properties":{"id":"ou-2854944","nombre":"Lordelo","concello":"Padrenda","iv":65,"poblacion":95,"peligro_biofisico":61,"score_social":63,"capacidad_respuesta":25,"confianza":0.9,"afectado_hist":false,"n_afectaciones":0}},{"type":"Feature","geometry":{"type":"Point","coordinates":[-8.132882,42.128832]},"properties":{"id":"ou-2854966","nombre":"Vilar","concello":"Padrenda","iv":66,"poblacion":70,"peligro_biofisico":57,"score_social":64,"capacidad_respuesta":18,"confianza":0.9,"afectado_hist":false,"n_afectaciones":0}},{"type":"Feature","geometry":{"type":"Point","coordinates":[-7.809546,42.449917]},"properties":{"id":"ou-2855220","nombre":"Cinco Nogueiras","concello":"A Peroxa","iv":67,"poblacion":98,"peligro_biofisico":59,"score_social":63,"capacidad_respuesta":15,"confianza":0.9,"afectado_hist":false,"n_afectaciones":0}},{"type":"Feature","geometry":{"type":"Point","coordinates":[-7.131956,42.344877]},"properties":{"id":"ou-2855251","nombre":"A Portela de Portomourisco","concello":"Petín","iv":60,"poblacion":76,"peligro_biofisico":55,"score_social":49,"capacidad_respuesta":17,"confianza":0.9,"afectado_hist":true,"n_afectaciones":1}},{"type":"Feature","geometry":{"type":"Point","coordinates":[-8.012067,42.481224]},"properties":{"id":"ou-2855266","nombre":"As Lagoas","concello":"Piñor","iv":61,"poblacion":52,"peligro_biofisico":51,"score_social":60,"capacidad_respuesta":22,"confianza":0.9,"afectado_hist":false,"n_afectaciones":0}},{"type":"Feature","geometry":{"type":"Point","coordinates":[-8.125551,42.171673]},"properties":{"id":"ou-2855393","nombre":"Freáns de Deva","concello":"Pontedeva","iv":60,"poblacion":107,"peligro_biofisico":58,"score_social":55,"capacidad_respuesta":29,"confianza":0.9,"afectado_hist":true,"n_afectaciones":1}},{"type":"Feature","geometry":{"type":"Point","coordinates":[-8.148623,42.176378]},"properties":{"id":"ou-2855399","nombre":"Trado","concello":"Pontedeva","iv":57,"poblacion":105,"peligro_biofisico":59,"score_social":55,"capacidad_respuesta":43,"confianza":0.9,"afectado_hist":false,"n_afectaciones":0}},{"type":"Feature","geometry":{"type":"Point","coordinates":[-8.016473,42.37069]},"properties":{"id":"ou-2855404","nombre":"A Pousa","concello":"Punxín","iv":64,"poblacion":107,"peligro_biofisico":57,"score_social":61,"capacidad_respuesta":20,"confianza":0.9,"afectado_hist":false,"n_afectaciones":0}},{"type":"Feature","geometry":{"type":"Point","coordinates":[-7.994696,42.386115]},"properties":{"id":"ou-2855428","nombre":"O Viñao","concello":"Punxín","iv":68,"poblacion":67,"peligro_biofisico":62,"score_social":62,"capacidad_respuesta":13,"confianza":0.9,"afectado_hist":true,"n_afectaciones":1}},{"type":"Feature","geometry":{"type":"Point","coordinates":[-8.030763,42.16783]},"properties":{"id":"ou-2855542","nombre":"Mosteiro","concello":"Ramirás","iv":68,"poblacion":74,"peligro_biofisico":56,"score_social":71,"capacidad_respuesta":19,"confianza":0.9,"afectado_hist":false,"n_afectaciones":0}},{"type":"Feature","geometry":{"type":"Point","coordinates":[-8.044313,42.19908]},"properties":{"id":"ou-2855568","nombre":"O Viso","concello":"Ramirás","iv":65,"poblacion":92,"peligro_biofisico":54,"score_social":70,"capacidad_respuesta":23,"confianza":0.9,"afectado_hist":false,"n_afectaciones":0}},{"type":"Feature","geometry":{"type":"Point","coordinates":[-8.127496,42.305329]},"properties":{"id":"ou-2855632","nombre":"A Quinza","concello":"Ribadavia","iv":47,"poblacion":72,"peligro_biofisico":48,"score_social":41,"capacidad_respuesta":45,"confianza":0.9,"afectado_hist":false,"n_afectaciones":0}},{"type":"Feature","geometry":{"type":"Point","coordinates":[-8.121907,42.302693]},"properties":{"id":"ou-2855633","nombre":"San Paio","concello":"Ribadavia","iv":46,"poblacion":237,"peligro_biofisico":41,"score_social":38,"capacidad_respuesta":35,"confianza":0.9,"afectado_hist":false,"n_afectaciones":0}},{"type":"Feature","geometry":{"type":"Point","coordinates":[-8.157597,42.277143]},"properties":{"id":"ou-2855638","nombre":"Francelos","concello":"Ribadavia","iv":53,"poblacion":501,"peligro_biofisico":56,"score_social":36,"capacidad_respuesta":27,"confianza":0.9,"afectado_hist":false,"n_afectaciones":0}},{"type":"Feature","geometry":{"type":"Point","coordinates":[-6.829498,42.420388]},"properties":{"id":"ou-2855773","nombre":"Quereño","concello":"Rubiá","iv":61,"poblacion":101,"peligro_biofisico":50,"score_social":58,"capacidad_respuesta":17,"confianza":0.9,"afectado_hist":false,"n_afectaciones":0}},{"type":"Feature","geometry":{"type":"Point","coordinates":[-7.861676,42.256254]},"properties":{"id":"ou-2855863","nombre":"Currás","concello":"San Cibrao das Viñas","iv":50,"poblacion":202,"peligro_biofisico":51,"score_social":24,"capacidad_respuesta":16,"confianza":0.9,"afectado_hist":false,"n_afectaciones":0}},{"type":"Feature","geometry":{"type":"Point","coordinates":[-7.838,42.286397]},"properties":{"id":"ou-2855869","nombre":"A Ponte Noalla","concello":"San Cibrao das Viñas","iv":43,"poblacion":358,"peligro_biofisico":45,"score_social":22,"capacidad_respuesta":32,"confianza":0.9,"afectado_hist":false,"n_afectaciones":0}},{"type":"Feature","geometry":{"type":"Point","coordinates":[-7.834277,42.290136]},"properties":{"id":"ou-2855870","nombre":"Reboredo","concello":"San Cibrao das Viñas","iv":38,"poblacion":546,"peligro_biofisico":42,"score_social":21,"capacidad_respuesta":43,"confianza":0.9,"afectado_hist":false,"n_afectaciones":0}},{"type":"Feature","geometry":{"type":"Point","coordinates":[-7.841152,42.281939]},"properties":{"id":"ou-2855871","nombre":"Santa Marta","concello":"San Cibrao das Viñas","iv":41,"poblacion":144,"peligro_biofisico":49,"score_social":25,"capacidad_respuesta":48,"confianza":0.9,"afectado_hist":false,"n_afectaciones":0}},{"type":"Feature","geometry":{"type":"Point","coordinates":[-7.797596,42.288808]},"properties":{"id":"ou-2855874","nombre":"Valiñas","concello":"San Cibrao das Viñas","iv":42,"poblacion":81,"peligro_biofisico":51,"score_social":26,"capacidad_respuesta":50,"confianza":0.9,"afectado_hist":false,"n_afectaciones":0}},{"type":"Feature","geometry":{"type":"Point","coordinates":[-7.819409,42.309324]},"properties":{"id":"ou-2855875","nombre":"Belmonte","concello":"San Cibrao das Viñas","iv":49,"poblacion":126,"peligro_biofisico":52,"score_social":25,"capacidad_respuesta":22,"confianza":0.9,"afectado_hist":false,"n_afectaciones":0}},{"type":"Feature","geometry":{"type":"Point","coordinates":[-7.826281,42.313571]},"properties":{"id":"ou-2855877","nombre":"O Picouto","concello":"San Cibrao das Viñas","iv":47,"poblacion":217,"peligro_biofisico":53,"score_social":24,"capacidad_respuesta":30,"confianza":0.9,"afectado_hist":false,"n_afectaciones":0}},{"type":"Feature","geometry":{"type":"Point","coordinates":[-7.807675,42.284036]},"properties":{"id":"ou-2855882","nombre":"A Carballeira","concello":"San Cibrao das Viñas","iv":41,"poblacion":101,"peligro_biofisico":44,"score_social":26,"capacidad_respuesta":42,"confianza":0.9,"afectado_hist":false,"n_afectaciones":0}},{"type":"Feature","geometry":{"type":"Point","coordinates":[-7.816599,42.27854]},"properties":{"id":"ou-2855883","nombre":"A Castellana","concello":"San Cibrao das Viñas","iv":42,"poblacion":197,"peligro_biofisico":40,"score_social":24,"capacidad_respuesta":30,"confianza":0.9,"afectado_hist":false,"n_afectaciones":0}},{"type":"Feature","geometry":{"type":"Point","coordinates":[-7.860032,42.272884]},"properties":{"id":"ou-2855889","nombre":"Rante","concello":"San Cibrao das Viñas","iv":51,"poblacion":321,"peligro_biofisico":54,"score_social":22,"capacidad_respuesta":15,"confianza":0.9,"afectado_hist":false,"n_afectaciones":0}},{"type":"Feature","geometry":{"type":"Point","coordinates":[-7.876696,42.275621]},"properties":{"id":"ou-2855902","nombre":"Vilanova","concello":"San Cibrao das Viñas","iv":50,"poblacion":120,"peligro_biofisico":55,"score_social":25,"capacidad_respuesta":25,"confianza":0.9,"afectado_hist":false,"n_afectaciones":0}},{"type":"Feature","geometry":{"type":"Point","coordinates":[-7.949954,42.457568]},"properties":{"id":"ou-2855971","nombre":"Viduedo","concello":"San Cristovo de Cea","iv":67,"poblacion":65,"peligro_biofisico":52,"score_social":70,"capacidad_respuesta":15,"confianza":0.9,"afectado_hist":true,"n_afectaciones":1}},{"type":"Feature","geometry":{"type":"Point","coordinates":[-7.780574,42.109743]},"properties":{"id":"ou-2856001","nombre":"Cerredelo","concello":"Sandiás","iv":67,"poblacion":50,"peligro_biofisico":55,"score_social":60,"capacidad_respuesta":6,"confianza":0.9,"afectado_hist":false,"n_afectaciones":0}},{"type":"Feature","geometry":{"type":"Point","coordinates":[-7.768985,42.100125]},"properties":{"id":"ou-2856002","nombre":"O Couso","concello":"Sandiás","iv":61,"poblacion":197,"peligro_biofisico":50,"score_social":57,"capacidad_respuesta":16,"confianza":0.9,"afectado_hist":false,"n_afectaciones":0}},{"type":"Feature","geometry":{"type":"Point","coordinates":[-7.775684,42.090562]},"properties":{"id":"ou-2856003","nombre":"Vilariño das Poldras","concello":"Sandiás","iv":58,"poblacion":121,"peligro_biofisico":45,"score_social":58,"capacidad_respuesta":22,"confianza":0.9,"afectado_hist":false,"n_afectaciones":0}},{"type":"Feature","geometry":{"type":"Point","coordinates":[-7.759088,42.139332]},"properties":{"id":"ou-2856011","nombre":"Piñeira de Arcos","concello":"Sandiás","iv":61,"poblacion":117,"peligro_biofisico":51,"score_social":58,"capacidad_respuesta":19,"confianza":0.9,"afectado_hist":false,"n_afectaciones":0}},{"type":"Feature","geometry":{"type":"Point","coordinates":[-7.741995,42.117064]},"properties":{"id":"ou-2856018","nombre":"As Pegas","concello":"Sandiás","iv":59,"poblacion":70,"peligro_biofisico":44,"score_social":59,"capacidad_respuesta":18,"confianza":0.9,"afectado_hist":false,"n_afectaciones":0}},{"type":"Feature","geometry":{"type":"Point","coordinates":[-7.601375,42.141698]},"properties":{"id":"ou-2856026","nombre":"Codosedo","concello":"Sarreaus","iv":71,"poblacion":60,"peligro_biofisico":54,"score_social":83,"capacidad_respuesta":19,"confianza":0.9,"afectado_hist":false,"n_afectaciones":0}},{"type":"Feature","geometry":{"type":"Point","coordinates":[-7.642047,42.119042]},"properties":{"id":"ou-2856030","nombre":"Cortegada","concello":"Sarreaus","iv":67,"poblacion":117,"peligro_biofisico":49,"score_social":81,"capacidad_respuesta":24,"confianza":0.9,"afectado_hist":false,"n_afectaciones":0}},{"type":"Feature","geometry":{"type":"Point","coordinates":[-7.594299,42.072973]},"properties":{"id":"ou-2856039","nombre":"Lodoselo","concello":"Sarreaus","iv":65,"poblacion":141,"peligro_biofisico":41,"score_social":81,"capacidad_respuesta":20,"confianza":0.9,"afectado_hist":false,"n_afectaciones":0}},{"type":"Feature","geometry":{"type":"Point","coordinates":[-7.84137,42.258443]},"properties":{"id":"ou-2856056","nombre":"Santa Locaia","concello":"Taboadela","iv":57,"poblacion":70,"peligro_biofisico":53,"score_social":51,"capacidad_respuesta":30,"confianza":0.9,"afectado_hist":false,"n_afectaciones":0}},{"type":"Feature","geometry":{"type":"Point","coordinates":[-7.961541,42.324079]},"properties":{"id":"ou-2856131","nombre":"Alongos","concello":"Toén","iv":59,"poblacion":225,"peligro_biofisico":60,"score_social":47,"capacidad_respuesta":27,"confianza":0.9,"afectado_hist":false,"n_afectaciones":0}},{"type":"Feature","geometry":{"type":"Point","coordinates":[-7.919386,42.300571]},"properties":{"id":"ou-2856137","nombre":"Moreiras","concello":"Toén","iv":58,"poblacion":651,"peligro_biofisico":55,"score_social":44,"capacidad_respuesta":18,"confianza":0.9,"afectado_hist":false,"n_afectaciones":0}},{"type":"Feature","geometry":{"type":"Point","coordinates":[-7.995666,42.31873]},"properties":{"id":"ou-2856148","nombre":"Puga","concello":"Toén","iv":63,"poblacion":131,"peligro_biofisico":60,"score_social":48,"capacidad_respuesta":11,"confianza":0.9,"afectado_hist":false,"n_afectaciones":0}},{"type":"Feature","geometry":{"type":"Point","coordinates":[-7.952436,42.277706]},"properties":{"id":"ou-2856157","nombre":"Trelle","concello":"Toén","iv":63,"poblacion":78,"peligro_biofisico":57,"score_social":50,"capacidad_respuesta":11,"confianza":0.9,"afectado_hist":false,"n_afectaciones":0}},{"type":"Feature","geometry":{"type":"Point","coordinates":[-7.951769,42.293216]},"properties":{"id":"ou-2856158","nombre":"Trellerma","concello":"Toén","iv":61,"poblacion":67,"peligro_biofisico":56,"score_social":50,"capacidad_respuesta":14,"confianza":0.9,"afectado_hist":true,"n_afectaciones":1}},{"type":"Feature","geometry":{"type":"Point","coordinates":[-7.592004,42.041854]},"properties":{"id":"ou-2856169","nombre":"Escornabois","concello":"Trasmiras","iv":62,"poblacion":174,"peligro_biofisico":43,"score_social":67,"capacidad_respuesta":16,"confianza":0.9,"afectado_hist":false,"n_afectaciones":0}},{"type":"Feature","geometry":{"type":"Point","coordinates":[-7.597658,42.029902]},"properties":{"id":"ou-2856170","nombre":"Rabal","concello":"Trasmiras","iv":64,"poblacion":58,"peligro_biofisico":46,"score_social":70,"capacidad_respuesta":15,"confianza":0.9,"afectado_hist":false,"n_afectaciones":0}},{"type":"Feature","geometry":{"type":"Point","coordinates":[-7.597199,42.014742]},"properties":{"id":"ou-2856180","nombre":"Vila de Rei","concello":"Trasmiras","iv":66,"poblacion":100,"peligro_biofisico":50,"score_social":69,"capacidad_respuesta":13,"confianza":0.9,"afectado_hist":false,"n_afectaciones":0}},{"type":"Feature","geometry":{"type":"Point","coordinates":[-7.607863,42.055747]},"properties":{"id":"ou-2856186","nombre":"Vilaseca","concello":"Trasmiras","iv":60,"poblacion":137,"peligro_biofisico":36,"score_social":68,"capacidad_respuesta":13,"confianza":0.9,"afectado_hist":true,"n_afectaciones":2}},{"type":"Feature","geometry":{"type":"Point","coordinates":[-7.663904,42.040815]},"properties":{"id":"ou-2856188","nombre":"Zos","concello":"Trasmiras","iv":60,"poblacion":53,"peligro_biofisico":38,"score_social":70,"capacidad_respuesta":18,"confianza":0.9,"afectado_hist":false,"n_afectaciones":0}},{"type":"Feature","geometry":{"type":"Point","coordinates":[-7.951404,42.104195]},"properties":{"id":"ou-2856292","nombre":"Laioso","concello":"Verea","iv":65,"poblacion":62,"peligro_biofisico":54,"score_social":74,"capacidad_respuesta":31,"confianza":0.9,"afectado_hist":false,"n_afectaciones":0}},{"type":"Feature","geometry":{"type":"Point","coordinates":[-7.409801,41.937368]},"properties":{"id":"ou-2856297","nombre":"Ábedes","concello":"Verín","iv":53,"poblacion":314,"peligro_biofisico":51,"score_social":33,"capacidad_respuesta":17,"confianza":0.9,"afectado_hist":false,"n_afectaciones":0}},{"type":"Feature","geometry":{"type":"Point","coordinates":[-7.41646,41.849103]},"properties":{"id":"ou-2856305","nombre":"Mandín","concello":"Verín","iv":53,"poblacion":128,"peligro_biofisico":49,"score_social":35,"capacidad_respuesta":17,"confianza":0.9,"afectado_hist":true,"n_afectaciones":1}},{"type":"Feature","geometry":{"type":"Point","coordinates":[-7.454644,41.93954]},"properties":{"id":"ou-2856309","nombre":"Pazos","concello":"Verín","iv":49,"poblacion":746,"peligro_biofisico":45,"score_social":30,"capacidad_respuesta":19,"confianza":0.9,"afectado_hist":false,"n_afectaciones":0}},{"type":"Feature","geometry":{"type":"Point","coordinates":[-7.3978,41.961148]},"properties":{"id":"ou-2856311","nombre":"Queirugás","concello":"Verín","iv":58,"poblacion":60,"peligro_biofisico":58,"score_social":37,"capacidad_respuesta":13,"confianza":0.9,"afectado_hist":true,"n_afectaciones":2}},{"type":"Feature","geometry":{"type":"Point","coordinates":[-7.440408,41.871277]},"properties":{"id":"ou-2856319","nombre":"Tamaguelos","concello":"Verín","iv":49,"poblacion":148,"peligro_biofisico":46,"score_social":35,"capacidad_respuesta":25,"confianza":0.9,"afectado_hist":false,"n_afectaciones":0}},{"type":"Feature","geometry":{"type":"Point","coordinates":[-7.436548,41.968723]},"properties":{"id":"ou-2856321","nombre":"Tintores","concello":"Verín","iv":48,"poblacion":125,"peligro_biofisico":48,"score_social":35,"capacidad_respuesta":32,"confianza":0.9,"afectado_hist":false,"n_afectaciones":0}},{"type":"Feature","geometry":{"type":"Point","coordinates":[-7.425744,41.965612]},"properties":{"id":"ou-2856326","nombre":"Caldeliñas","concello":"Verín","iv":46,"poblacion":130,"peligro_biofisico":48,"score_social":35,"capacidad_respuesta":41,"confianza":0.9,"afectado_hist":false,"n_afectaciones":0}},{"type":"Feature","geometry":{"type":"Point","coordinates":[-7.428581,41.957905]},"properties":{"id":"ou-2856327","nombre":"O Salgueiro","concello":"Verín","iv":47,"poblacion":111,"peligro_biofisico":47,"score_social":35,"capacidad_respuesta":36,"confianza":0.9,"afectado_hist":false,"n_afectaciones":0}},{"type":"Feature","geometry":{"type":"Point","coordinates":[-7.094483,42.200397]},"properties":{"id":"ou-2856353","nombre":"Mourisca","concello":"Viana do Bolo","iv":69,"poblacion":59,"peligro_biofisico":60,"score_social":63,"capacidad_respuesta":8,"confianza":0.9,"afectado_hist":false,"n_afectaciones":0}},{"type":"Feature","geometry":{"type":"Point","coordinates":[-7.024768,42.172711]},"properties":{"id":"ou-2856357","nombre":"Penouta","concello":"Viana do Bolo","iv":71,"poblacion":64,"peligro_biofisico":64,"score_social":63,"capacidad_respuesta":6,"confianza":0.9,"afectado_hist":true,"n_afectaciones":1}},{"type":"Feature","geometry":{"type":"Point","coordinates":[-7.907766,42.431632]},"properties":{"id":"ou-2856411","nombre":"Bouzas","concello":"Vilamarín","iv":57,"poblacion":84,"peligro_biofisico":52,"score_social":53,"capacidad_respuesta":28,"confianza":0.9,"afectado_hist":false,"n_afectaciones":0}},{"type":"Feature","geometry":{"type":"Point","coordinates":[-7.868105,42.441966]},"properties":{"id":"ou-2856444","nombre":"A Pena","concello":"Vilamarín","iv":61,"poblacion":59,"peligro_biofisico":55,"score_social":54,"capacidad_respuesta":20,"confianza":0.9,"afectado_hist":false,"n_afectaciones":0}},{"type":"Feature","geometry":{"type":"Point","coordinates":[-7.88081,42.43639]},"properties":{"id":"ou-2856446","nombre":"A Ría","concello":"Vilamarín","iv":63,"poblacion":50,"peligro_biofisico":54,"score_social":54,"capacidad_respuesta":12,"confianza":0.9,"afectado_hist":true,"n_afectaciones":2}},{"type":"Feature","geometry":{"type":"Point","coordinates":[-7.931356,42.430444]},"properties":{"id":"ou-2856462","nombre":"Oxén","concello":"Vilamarín","iv":59,"poblacion":71,"peligro_biofisico":51,"score_social":53,"capacidad_respuesta":19,"confianza":0.9,"afectado_hist":false,"n_afectaciones":0}},{"type":"Feature","geometry":{"type":"Point","coordinates":[-7.029382,42.413199]},"properties":{"id":"ou-2856490","nombre":"Arcos","concello":"Vilamartín de Valdeorras","iv":61,"poblacion":179,"peligro_biofisico":51,"score_social":58,"capacidad_respuesta":18,"confianza":0.9,"afectado_hist":false,"n_afectaciones":0}},{"type":"Feature","geometry":{"type":"Point","coordinates":[-7.034927,42.426664]},"properties":{"id":"ou-2856497","nombre":"Córgomo","concello":"Vilamartín de Valdeorras","iv":58,"poblacion":249,"peligro_biofisico":54,"score_social":57,"capacidad_respuesta":33,"confianza":0.9,"afectado_hist":false,"n_afectaciones":0}},{"type":"Feature","geometry":{"type":"Point","coordinates":[-7.046604,42.412236]},"properties":{"id":"ou-2856514","nombre":"Valdegodos","concello":"Vilamartín de Valdeorras","iv":55,"poblacion":296,"peligro_biofisico":50,"score_social":57,"capacidad_respuesta":41,"confianza":0.9,"afectado_hist":false,"n_afectaciones":0}},{"type":"Feature","geometry":{"type":"Point","coordinates":[-7.608134,42.197016]},"properties":{"id":"ou-2856517","nombre":"Arnuíde","concello":"Vilar de Barrio","iv":65,"poblacion":386,"peligro_biofisico":52,"score_social":71,"capacidad_respuesta":23,"confianza":0.9,"afectado_hist":false,"n_afectaciones":0}},{"type":"Feature","geometry":{"type":"Point","coordinates":[-7.322026,41.86045]},"properties":{"id":"ou-2856555","nombre":"Arzádegos","concello":"Vilardevós","iv":74,"poblacion":140,"peligro_biofisico":58,"score_social":78,"capacidad_respuesta":8,"confianza":0.9,"afectado_hist":true,"n_afectaciones":1}},{"type":"Feature","geometry":{"type":"Point","coordinates":[-7.314001,41.875094]},"properties":{"id":"ou-2856556","nombre":"Florderrei Vello","concello":"Vilardevós","iv":71,"poblacion":59,"peligro_biofisico":53,"score_social":80,"capacidad_respuesta":11,"confianza":0.9,"afectado_hist":true,"n_afectaciones":1}},{"type":"Feature","geometry":{"type":"Point","coordinates":[-7.218167,41.915259]},"properties":{"id":"ou-2856560","nombre":"Berrande","concello":"Vilardevós","iv":71,"poblacion":72,"peligro_biofisico":58,"score_social":79,"capacidad_respuesta":19,"confianza":0.9,"afectado_hist":false,"n_afectaciones":0}},{"type":"Feature","geometry":{"type":"Point","coordinates":[-7.328995,41.882928]},"properties":{"id":"ou-2856563","nombre":"Enxames","concello":"Vilardevós","iv":71,"poblacion":100,"peligro_biofisico":53,"score_social":79,"capacidad_respuesta":10,"confianza":0.9,"afectado_hist":true,"n_afectaciones":1}},{"type":"Feature","geometry":{"type":"Point","coordinates":[-7.390133,41.915479]},"properties":{"id":"ou-2856573","nombre":"A Veiga das Meás","concello":"Vilardevós","iv":74,"poblacion":53,"peligro_biofisico":55,"score_social":80,"capacidad_respuesta":6,"confianza":0.9,"afectado_hist":true,"n_afectaciones":1}},{"type":"Feature","geometry":{"type":"Point","coordinates":[-7.232421,41.901369]},"properties":{"id":"ou-2856576","nombre":"Soutochao","concello":"Vilardevós","iv":74,"poblacion":55,"peligro_biofisico":57,"score_social":80,"capacidad_respuesta":9,"confianza":0.9,"afectado_hist":false,"n_afectaciones":0}},{"type":"Feature","geometry":{"type":"Point","coordinates":[-7.34769,41.857722]},"properties":{"id":"ou-2856582","nombre":"Vilarello da Cota","concello":"Vilardevós","iv":75,"poblacion":97,"peligro_biofisico":63,"score_social":79,"capacidad_respuesta":10,"confianza":0.9,"afectado_hist":true,"n_afectaciones":2}},{"type":"Feature","geometry":{"type":"Point","coordinates":[-7.383883,41.880069]},"properties":{"id":"ou-2856584","nombre":"Vilar de Cervos","concello":"Vilardevós","iv":71,"poblacion":109,"peligro_biofisico":56,"score_social":78,"capacidad_respuesta":16,"confianza":0.9,"afectado_hist":true,"n_afectaciones":1}},{"type":"Feature","geometry":{"type":"Point","coordinates":[-7.199627,42.175562]},"properties":{"id":"ou-2856595","nombre":"Castiñeira","concello":"Vilariño de Conso","iv":69,"poblacion":54,"peligro_biofisico":64,"score_social":58,"capacidad_respuesta":9,"confianza":0.9,"afectado_hist":false,"n_afectaciones":0}},{"type":"Feature","geometry":{"type":"Point","coordinates":[-7.162435,42.21427]},"properties":{"id":"ou-2856347","nombre":"Grixoa","concello":"Viana do Bolo","iv":67,"poblacion":50,"peligro_biofisico":55,"score_social":64,"capacidad_respuesta":10,"confianza":0.9,"afectado_hist":false,"n_afectaciones":0}},{"type":"Feature","geometry":{"type":"Point","coordinates":[-7.239175,42.316512]},"properties":{"id":"ou-2855378","nombre":"Sobrado","concello":"A Pobra de Trives","iv":64,"poblacion":53,"peligro_biofisico":61,"score_social":59,"capacidad_respuesta":23,"confianza":0.9,"afectado_hist":false,"n_afectaciones":0}},{"type":"Feature","geometry":{"type":"Point","coordinates":[-7.790043,42.186776]},"properties":{"id":"ou-2852157","nombre":"Vilariño tras do Convento","concello":"Allariz","iv":52,"poblacion":55,"peligro_biofisico":51,"score_social":33,"capacidad_respuesta":21,"confianza":0.9,"afectado_hist":false,"n_afectaciones":0}},{"type":"Feature","geometry":{"type":"Point","coordinates":[-7.76515,42.189865]},"properties":{"id":"ou-2852204","nombre":"Valverde","concello":"Allariz","iv":57,"poblacion":75,"peligro_biofisico":58,"score_social":32,"capacidad_respuesta":10,"confianza":0.9,"afectado_hist":false,"n_afectaciones":0}},{"type":"Feature","geometry":{"type":"Point","coordinates":[-7.973876,42.412799]},"properties":{"id":"ou-2852255","nombre":"Santabaia","concello":"Amoeiro","iv":59,"poblacion":63,"peligro_biofisico":58,"score_social":48,"capacidad_respuesta":26,"confianza":0.9,"afectado_hist":false,"n_afectaciones":0}},{"type":"Feature","geometry":{"type":"Point","coordinates":[-7.752654,41.923899]},"properties":{"id":"ou-2852364","nombre":"Vilamaior da Boullosa","concello":"Baltar","iv":62,"poblacion":164,"peligro_biofisico":51,"score_social":61,"capacidad_respuesta":18,"confianza":0.9,"afectado_hist":false,"n_afectaciones":0}},{"type":"Feature","geometry":{"type":"Point","coordinates":[-7.690292,42.191153]},"properties":{"id":"ou-2852462","nombre":"Poedo","concello":"Baños de Molgas","iv":70,"poblacion":54,"peligro_biofisico":55,"score_social":70,"capacidad_respuesta":6,"confianza":0.9,"afectado_hist":true,"n_afectaciones":1}},{"type":"Feature","geometry":{"type":"Point","coordinates":[-7.886612,42.289862]},"properties":{"id":"ou-2852486","nombre":"O Pontón","concello":"Barbadás","iv":49,"poblacion":74,"peligro_biofisico":58,"score_social":21,"capacidad_respuesta":26,"confianza":0.9,"afectado_hist":false,"n_afectaciones":0}},{"type":"Feature","geometry":{"type":"Point","coordinates":[-7.902998,42.333542]},"properties":{"id":"ou-2852497","nombre":"O Piñeiro","concello":"Barbadás","iv":49,"poblacion":135,"peligro_biofisico":56,"score_social":19,"capacidad_respuesta":21,"confianza":0.9,"afectado_hist":false,"n_afectaciones":0}},{"type":"Feature","geometry":{"type":"Point","coordinates":[-7.723451,42.002435]},"properties":{"id":"ou-2852595","nombre":"Covelas","concello":"Os Blancos","iv":61,"poblacion":87,"peligro_biofisico":43,"score_social":69,"capacidad_respuesta":21,"confianza":0.9,"afectado_hist":false,"n_afectaciones":0}},{"type":"Feature","geometry":{"type":"Point","coordinates":[-6.806197,42.34011]},"properties":{"id":"ou-2852846","nombre":"Casaio","concello":"Carballeda de Valdeorras","iv":61,"poblacion":249,"peligro_biofisico":57,"score_social":49,"capacidad_respuesta":17,"confianza":0.9,"afectado_hist":true,"n_afectaciones":1}},{"type":"Feature","geometry":{"type":"Point","coordinates":[-8.181729,42.343783]},"properties":{"id":"ou-2852879","nombre":"Abelenda","concello":"Carballeda de Avia","iv":65,"poblacion":193,"peligro_biofisico":55,"score_social":65,"capacidad_respuesta":18,"confianza":0.9,"afectado_hist":true,"n_afectaciones":1}},{"type":"Feature","geometry":{"type":"Point","coordinates":[-8.027468,42.331952]},"properties":{"id":"ou-2853399","nombre":"Laias","concello":"Cenlle","iv":61,"poblacion":181,"peligro_biofisico":52,"score_social":54,"capacidad_respuesta":14,"confianza":0.9,"afectado_hist":false,"n_afectaciones":0}},{"type":"Feature","geometry":{"type":"Point","coordinates":[-7.171286,42.016227]},"properties":{"id":"ou-2853856","nombre":"Pentes","concello":"A Gudiña","iv":66,"poblacion":52,"peligro_biofisico":62,"score_social":54,"capacidad_respuesta":11,"confianza":0.9,"afectado_hist":false,"n_afectaciones":0}},{"type":"Feature","geometry":{"type":"Point","coordinates":[-8.180544,42.490753]},"properties":{"id":"ou-2853958","nombre":"Nogueiroa","concello":"O Irixo","iv":77,"poblacion":56,"peligro_biofisico":64,"score_social":81,"capacidad_respuesta":7,"confianza":0.9,"afectado_hist":false,"n_afectaciones":0}},{"type":"Feature","geometry":{"type":"Point","coordinates":[-8.190192,42.379606]},"properties":{"id":"ou-2854089","nombre":"Corneira","concello":"Leiro","iv":70,"poblacion":58,"peligro_biofisico":59,"score_social":73,"capacidad_respuesta":16,"confianza":0.9,"afectado_hist":false,"n_afectaciones":0}},{"type":"Feature","geometry":{"type":"Point","coordinates":[-8.148782,42.379811]},"properties":{"id":"ou-2854118","nombre":"Paredes","concello":"Leiro","iv":70,"poblacion":69,"peligro_biofisico":57,"score_social":72,"capacidad_respuesta":11,"confianza":0.9,"afectado_hist":false,"n_afectaciones":0}},{"type":"Feature","geometry":{"type":"Point","coordinates":[-7.998048,42.348243]},"properties":{"id":"ou-2854776","nombre":"Santa Cruz","concello":"Ourense","iv":46,"poblacion":201,"peligro_biofisico":49,"score_social":32,"capacidad_respuesta":39,"confianza":0.9,"afectado_hist":false,"n_afectaciones":0}},{"type":"Feature","geometry":{"type":"Point","coordinates":[-7.877663,42.383189]},"properties":{"id":"ou-2854852","nombre":"O Lagar","concello":"Ourense","iv":56,"poblacion":53,"peligro_biofisico":58,"score_social":36,"capacidad_respuesta":20,"confianza":0.9,"afectado_hist":true,"n_afectaciones":1}},{"type":"Feature","geometry":{"type":"Point","coordinates":[-7.734699,42.452377]},"properties":{"id":"ou-2855175","nombre":"Os Peares","concello":"A Peroxa","iv":68,"poblacion":60,"peligro_biofisico":73,"score_social":65,"capacidad_respuesta":36,"confianza":0.9,"afectado_hist":false,"n_afectaciones":0}},{"type":"Feature","geometry":{"type":"Point","coordinates":[-7.817512,42.024556]},"properties":{"id":"ou-2855344","nombre":"O Rial","concello":"Porqueira","iv":66,"poblacion":53,"peligro_biofisico":52,"score_social":77,"capacidad_respuesta":26,"confianza":0.9,"afectado_hist":true,"n_afectaciones":1}},{"type":"Feature","geometry":{"type":"Point","coordinates":[-7.279815,41.967492]},"properties":{"id":"ou-2855728","nombre":"Marcelín","concello":"O Riós","iv":65,"poblacion":68,"peligro_biofisico":57,"score_social":71,"capacidad_respuesta":29,"confianza":0.9,"afectado_hist":false,"n_afectaciones":0}},{"type":"Feature","geometry":{"type":"Point","coordinates":[-7.337828,41.956862]},"properties":{"id":"ou-2855747","nombre":"Fumaces","concello":"O Riós","iv":69,"poblacion":59,"peligro_biofisico":54,"score_social":71,"capacidad_respuesta":8,"confianza":0.9,"afectado_hist":false,"n_afectaciones":0}},{"type":"Feature","geometry":{"type":"Point","coordinates":[-8.008887,42.460975]},"properties":{"id":"ou-2855975","nombre":"San Fagundo","concello":"San Cristovo de Cea","iv":66,"poblacion":53,"peligro_biofisico":54,"score_social":70,"capacidad_respuesta":19,"confianza":0.9,"afectado_hist":false,"n_afectaciones":0}},{"type":"Feature","geometry":{"type":"Point","coordinates":[-7.35557,41.927239]},"properties":{"id":"ou-2856570","nombre":"Devesa","concello":"Vilardevós","iv":71,"poblacion":69,"peligro_biofisico":52,"score_social":80,"capacidad_respuesta":12,"confianza":0.9,"afectado_hist":true,"n_afectaciones":2}},{"type":"Feature","geometry":{"type":"Point","coordinates":[-7.202179,42.222495]},"properties":{"id":"ou-2856602","nombre":"Mormentelos","concello":"Vilariño de Conso","iv":67,"poblacion":56,"peligro_biofisico":58,"score_social":58,"capacidad_respuesta":5,"confianza":0.9,"afectado_hist":false,"n_afectaciones":0}},{"type":"Feature","geometry":{"type":"Point","coordinates":[-8.210614,42.45925]},"properties":{"id":"ou-2852684","nombre":"Vecoña","concello":"Boborás","iv":71,"poblacion":79,"peligro_biofisico":63,"score_social":70,"capacidad_respuesta":13,"confianza":0.9,"afectado_hist":false,"n_afectaciones":0}},{"type":"Feature","geometry":{"type":"Point","coordinates":[-7.839698,42.380571]},"properties":{"id":"ou-2853502","nombre":"Ribela","concello":"Coles","iv":60,"poblacion":61,"peligro_biofisico":54,"score_social":49,"capacidad_respuesta":17,"confianza":0.9,"afectado_hist":false,"n_afectaciones":0}},{"type":"Feature","geometry":{"type":"Point","coordinates":[-7.834511,42.379153]},"properties":{"id":"ou-2853509","nombre":"A Reguenga","concello":"Coles","iv":59,"poblacion":61,"peligro_biofisico":52,"score_social":49,"capacidad_respuesta":17,"confianza":0.9,"afectado_hist":false,"n_afectaciones":0}},{"type":"Feature","geometry":{"type":"Point","coordinates":[-7.873749,42.21354]},"properties":{"id":"ou-2854467","nombre":"Froxás das Viñas","concello":"A Merca","iv":62,"poblacion":98,"peligro_biofisico":54,"score_social":58,"capacidad_respuesta":18,"confianza":0.9,"afectado_hist":false,"n_afectaciones":0}},{"type":"Feature","geometry":{"type":"Point","coordinates":[-7.812976,42.339342]},"properties":{"id":"ou-2855034","nombre":"A Lamela","concello":"O Pereiro de Aguiar","iv":51,"poblacion":131,"peligro_biofisico":58,"score_social":30,"capacidad_respuesta":32,"confianza":0.9,"afectado_hist":false,"n_afectaciones":0}},{"type":"Feature","geometry":{"type":"Point","coordinates":[-7.816506,42.332261]},"properties":{"id":"ou-2855035","nombre":"Urbanización Monterrei","concello":"O Pereiro de Aguiar","iv":52,"poblacion":443,"peligro_biofisico":56,"score_social":27,"capacidad_respuesta":21,"confianza":0.9,"afectado_hist":false,"n_afectaciones":0}},{"type":"Feature","geometry":{"type":"Point","coordinates":[-8.056215,42.200642]},"properties":{"id":"ou-2855539","nombre":"Quinta","concello":"Ramirás","iv":66,"poblacion":50,"peligro_biofisico":53,"score_social":72,"capacidad_respuesta":22,"confianza":0.9,"afectado_hist":false,"n_afectaciones":0}},{"type":"Feature","geometry":{"type":"Point","coordinates":[-8.050192,42.193047]},"properties":{"id":"ou-2855567","nombre":"Vilavidal","concello":"Ramirás","iv":66,"poblacion":130,"peligro_biofisico":54,"score_social":70,"capacidad_respuesta":22,"confianza":0.9,"afectado_hist":false,"n_afectaciones":0}},{"type":"Feature","geometry":{"type":"Point","coordinates":[-8.144985,42.398328]},"properties":{"id":"ou-2852686","nombre":"Pazos de Arenteiro","concello":"Boborás","iv":70,"poblacion":115,"peligro_biofisico":64,"score_social":69,"capacidad_respuesta":19,"confianza":0.9,"afectado_hist":false,"n_afectaciones":0}},{"type":"Feature","geometry":{"type":"Point","coordinates":[-8.00142,41.973433]},"properties":{"id":"ou-2852421","nombre":"Santa Comba","concello":"Bande","iv":71,"poblacion":57,"peligro_biofisico":55,"score_social":78,"capacidad_respuesta":15,"confianza":0.9,"afectado_hist":false,"n_afectaciones":0}},{"type":"Feature","geometry":{"type":"Point","coordinates":[-7.951001,42.140475]},"properties":{"id":"ou-2853301","nombre":"Moreira","concello":"Celanova","iv":56,"poblacion":66,"peligro_biofisico":56,"score_social":52,"capacidad_respuesta":37,"confianza":0.9,"afectado_hist":false,"n_afectaciones":0}},{"type":"Feature","geometry":{"type":"Point","coordinates":[-6.900247,42.45246]},"properties":{"id":"ou-2855784","nombre":"A Veiga de Cascallá","concello":"Rubiá","iv":69,"poblacion":59,"peligro_biofisico":64,"score_social":60,"capacidad_respuesta":12,"confianza":0.9,"afectado_hist":false,"n_afectaciones":0}},{"type":"Feature","geometry":{"type":"Point","coordinates":[-7.949272,42.205083]},"properties":{"id":"ou-4039758","nombre":"Aúlfe","concello":"Cartelle","iv":67,"poblacion":134,"peligro_biofisico":56,"score_social":69,"capacidad_respuesta":17,"confianza":0.9,"afectado_hist":false,"n_afectaciones":0}},{"type":"Feature","geometry":{"type":"Point","coordinates":[-8.119079,42.510071]},"properties":{"id":"ou-4039938","nombre":"As Laxas","concello":"O Irixo","iv":69,"poblacion":100,"peligro_biofisico":54,"score_social":80,"capacidad_respuesta":21,"confianza":0.9,"afectado_hist":false,"n_afectaciones":0}},{"type":"Feature","geometry":{"type":"Point","coordinates":[-7.8757,42.40069]},"properties":{"id":"ou-4019426","nombre":"Vendanova","concello":"Amoeiro","iv":58,"poblacion":89,"peligro_biofisico":53,"score_social":47,"capacidad_respuesta":18,"confianza":0.9,"afectado_hist":false,"n_afectaciones":0}},{"type":"Feature","geometry":{"type":"Point","coordinates":[-7.974031,42.342457]},"properties":{"id":"ou-4020800","nombre":"Ramirás","concello":"Ourense","iv":52,"poblacion":89,"peligro_biofisico":55,"score_social":34,"capacidad_respuesta":29,"confianza":0.9,"afectado_hist":true,"n_afectaciones":1}},{"type":"Feature","geometry":{"type":"Point","coordinates":[-7.872086,42.317422]},"properties":{"id":"ou-4021368","nombre":"Urbanización el Madrigal","concello":"San Cibrao das Viñas","iv":37,"poblacion":174,"peligro_biofisico":44,"score_social":24,"capacidad_respuesta":56,"confianza":0.9,"afectado_hist":false,"n_afectaciones":0}},{"type":"Feature","geometry":{"type":"Point","coordinates":[-7.898068,42.267381]},"properties":{"id":"ou-4021373","nombre":"Loiro de Abaixo","concello":"San Cibrao das Viñas","iv":47,"poblacion":170,"peligro_biofisico":53,"score_social":24,"capacidad_respuesta":32,"confianza":0.9,"afectado_hist":false,"n_afectaciones":0}},{"type":"Feature","geometry":{"type":"Point","coordinates":[-7.427541,41.896484]},"properties":{"id":"ou-2856317","nombre":"Tamagos","concello":"Verín","iv":52,"poblacion":150,"peligro_biofisico":50,"score_social":35,"capacidad_respuesta":20,"confianza":0.9,"afectado_hist":true,"n_afectaciones":1}},{"type":"Feature","geometry":{"type":"Point","coordinates":[-7.114776,42.180343]},"properties":{"id":"ou-2856401","nombre":"Viana do Bolo","concello":"Viana do Bolo","iv":55,"poblacion":1509,"peligro_biofisico":47,"score_social":55,"capacidad_respuesta":34,"confianza":0.9,"afectado_hist":false,"n_afectaciones":0}},{"type":"Feature","geometry":{"type":"Point","coordinates":[-7.874005,42.298302]},"properties":{"id":"ou-2855893","nombre":"San Cibrao das Viñas","concello":"San Cibrao das Viñas","iv":44,"poblacion":553,"peligro_biofisico":55,"score_social":21,"capacidad_respuesta":41,"confianza":0.9,"afectado_hist":false,"n_afectaciones":0}}]}
