{"type":"FeatureCollection","features":[{"type":"Feature","properties":{"fuente":"Copernicus EMS EMSR837 AOI01","nota":"recortado al area piloto, simplificado ~180m, parches>=4ha"},"geometry":{"type":"MultiPolygon","coordinates":[[[[-7.4547,42.0103],[-7.4535,42.0128],[-7.4612,42.0145],[-7.4599,42.0189],[-7.4461,42.0269],[-7.4367,42.0286],[-7.4378,42.0274],[-7.4359,42.0279],[-7.4357,42.0233],[-7.4345,42.0219],[-7.4356,42.0234],[-7.4335,42.0225],[-7.4347,42.0244],[-7.4339,42.0249],[-7.4318,42.0245],[-7.4308,42.0238],[-7.4314,42.0224],[-7.4198,42.0199],[-7.4198,42.0175],[-7.4236,42.0179],[-7.4192,42.016],[-7.4227,42.0113],[-7.4192,42.0099],[-7.4219,42.0084],[-7.4192,42.0059],[-7.4232,42.0048],[-7.423,42.001],[-7.4406,42.0019],[-7.4427,42.0046],[-7.4385,42.0116],[-7.4411,42.0144],[-7.4399,42.0106],[-7.4453,42.0095],[-7.4443,42.0093],[-7.4436,42.0078],[-7.4439,42.0069],[-7.4466,42.0091],[-7.4459,42.0058],[-7.4547,42.0103]],[[-7.4348,42.0228],[-7.4348,42.0228],[-7.4348,42.0228],[-7.4348,42.0228]],[[-7.4226,42.0067],[-7.422,42.0068],[-7.4228,42.0072],[-7.4226,42.0067]],[[-7.4228,42.0072],[-7.4228,42.0073],[-7.4228,42.0072],[-7.4228,42.0072]],[[-7.4511,42.0119],[-7.4495,42.0156],[-7.4512,42.0167],[-7.4535,42.0128],[-7.4511,42.0119]],[[-7.4495,42.0156],[-7.4488,42.0153],[-7.4494,42.0158],[-7.4495,42.0156]],[[-7.438,42.026],[-7.4428,42.0223],[-7.4388,42.0234],[-7.4396,42.0202],[-7.4372,42.0196],[-7.4387,42.022],[-7.438,42.026]],[[-7.4352,42.0175],[-7.4386,42.0197],[-7.436,42.0173],[-7.4352,42.0175]],[[-7.4381,42.0226],[-7.4382,42.0225],[-7.4381,42.0225],[-7.4381,42.0226]],[[-7.4395,42.0274],[-7.4379,42.0276],[-7.4378,42.0282],[-7.4395,42.0274]],[[-7.4387,42.0272],[-7.4387,42.0272],[-7.4387,42.0272],[-7.4387,42.0272]],[[-7.4241,42.0201],[-7.4237,42.02],[-7.4238,42.0203],[-7.4241,42.0201]],[[-7.4208,42.0148],[-7.4219,42.0144],[-7.4222,42.0139],[-7.4211,42.0139],[-7.4208,42.0148]],[[-7.4219,42.0139],[-7.422,42.0138],[-7.422,42.0138],[-7.4219,42.0139]],[[-7.4361,42.0037],[-7.435,42.0035],[-7.4335,42.0044],[-7.4361,42.0037]],[[-7.4337,42.0046],[-7.4331,42.0052],[-7.4334,42.0056],[-7.4337,42.0046]],[[-7.4416,42.0137],[-7.4416,42.0137],[-7.4416,42.0137],[-7.4416,42.0137]],[[-7.4459,42.0093],[-7.4457,42.0093],[-7.4459,42.0093],[-7.4459,42.0093]],[[-7.4459,42.0091],[-7.446,42.0093],[-7.446,42.0091],[-7.4459,42.0091]],[[-7.4454,42.0122],[-7.4457,42.0103],[-7.4454,42.0112],[-7.4449,42.0107],[-7.4451,42.0103],[-7.4439,42.0105],[-7.4454,42.0122]],[[-7.4462,42.011],[-7.4462,42.0111],[-7.4462,42.0113],[-7.4463,42.0113],[-7.4462,42.011]],[[-7.4462,42.0109],[-7.4461,42.0109],[-7.4462,42.011],[-7.4462,42.0109]],[[-7.4466,42.0107],[-7.4477,42.0116],[-7.4483,42.0121],[-7.4475,42.0109],[-7.4466,42.0107]],[[-7.4478,42.0119],[-7.4477,42.0119],[-7.4477,42.0119],[-7.4478,42.0119]],[[-7.4478,42.0119],[-7.4479,42.0119],[-7.4479,42.0119],[-7.4478,42.0119]],[[-7.4491,42.0112],[-7.4502,42.0111],[-7.4504,42.0106],[-7.4491,42.0112]],[[-7.4503,42.0112],[-7.4513,42.0112],[-7.4509,42.0108],[-7.4503,42.0112]],[[-7.4535,42.0182],[-7.4536,42.0192],[-7.454,42.0182],[-7.4535,42.0182]],[[-7.4527,42.0181],[-7.4531,42.0183],[-7.4529,42.0181],[-7.4527,42.0181]],[[-7.4511,42.0197],[-7.4505,42.0208],[-7.4509,42.021],[-7.4511,42.0197]],[[-7.4522,42.0223],[-7.4522,42.0223],[-7.4522,42.0223],[-7.4522,42.0223]],[[-7.4526,42.0225],[-7.4528,42.0221],[-7.4523,42.0223],[-7.4526,42.0225]],[[-7.4469,42.0242],[-7.4446,42.0227],[-7.4452,42.0244],[-7.4469,42.0242]],[[-7.4435,42.0256],[-7.4434,42.0235],[-7.4432,42.0226],[-7.4435,42.0256]],[[-7.4434,42.0257],[-7.4434,42.0256],[-7.4434,42.0258],[-7.4434,42.0257]],[[-7.4339,42.0164],[-7.4342,42.0174],[-7.4344,42.0163],[-7.4339,42.0164]],[[-7.4373,42.0194],[-7.4373,42.0193],[-7.4373,42.0194],[-7.4373,42.0194]],[[-7.4361,42.022],[-7.4363,42.0226],[-7.4377,42.023],[-7.4361,42.022]],[[-7.4224,42.0139],[-7.4232,42.0143],[-7.4222,42.0135],[-7.4224,42.0139]],[[-7.4232,42.0143],[-7.4233,42.0144],[-7.4233,42.0143],[-7.4232,42.0143]],[[-7.4224,42.014],[-7.4225,42.0141],[-7.4225,42.0141],[-7.4224,42.014]],[[-7.4241,42.0156],[-7.4242,42.0156],[-7.4242,42.0153],[-7.4241,42.0156]],[[-7.4241,42.0154],[-7.424,42.0152],[-7.424,42.0154],[-7.4241,42.0154]],[[-7.424,42.0152],[-7.4239,42.0152],[-7.4239,42.0152],[-7.424,42.0152]],[[-7.4225,42.0132],[-7.4226,42.0134],[-7.4225,42.0134],[-7.4226,42.0133],[-7.4226,42.0132],[-7.4225,42.0132],[-7.4225,42.0131],[-7.4225,42.0131],[-7.4225,42.0132]],[[-7.4229,42.0086],[-7.4224,42.0089],[-7.4224,42.0096],[-7.4229,42.0086]],[[-7.4229,42.0073],[-7.4224,42.0079],[-7.4232,42.0075],[-7.4229,42.0073]],[[-7.4383,42.0023],[-7.4377,42.0023],[-7.4378,42.0024],[-7.4383,42.0023]],[[-7.441,42.0154],[-7.4416,42.0157],[-7.4412,42.015],[-7.441,42.0154]],[[-7.4332,42.015],[-7.4332,42.0149],[-7.4332,42.015],[-7.4332,42.015]],[[-7.4314,42.0148],[-7.4313,42.0149],[-7.4314,42.0149],[-7.4314,42.0148]],[[-7.4333,42.0149],[-7.4336,42.015],[-7.4336,42.0148],[-7.4333,42.0149]],[[-7.4325,42.0138],[-7.4326,42.0137],[-7.4325,42.0137],[-7.4325,42.0138]],[[-7.4327,42.0143],[-7.4326,42.014],[-7.4325,42.0143],[-7.4327,42.0143]],[[-7.4262,42.0136],[-7.4257,42.0135],[-7.4257,42.0136],[-7.4262,42.0136]],[[-7.4267,42.0135],[-7.424,42.0127],[-7.4235,42.0129],[-7.4267,42.0135]],[[-7.4225,42.0129],[-7.4225,42.0129],[-7.4225,42.0129],[-7.4225,42.0129]],[[-7.4227,42.013],[-7.4229,42.013],[-7.4229,42.013],[-7.4227,42.013]],[[-7.426,42.0149],[-7.4274,42.0147],[-7.4266,42.0142],[-7.426,42.0149]],[[-7.4318,42.0114],[-7.4318,42.0115],[-7.4318,42.0114],[-7.4318,42.0114]],[[-7.4328,42.0111],[-7.4323,42.0113],[-7.4329,42.0114],[-7.4328,42.0111]],[[-7.4301,42.0122],[-7.4301,42.0117],[-7.4299,42.0117],[-7.4301,42.0122]],[[-7.4387,42.0122],[-7.4375,42.013],[-7.4384,42.0127],[-7.4387,42.0122]],[[-7.4375,42.0122],[-7.437,42.0125],[-7.4369,42.0126],[-7.4374,42.0124],[-7.4375,42.0122]],[[-7.4377,42.0125],[-7.4376,42.0125],[-7.4376,42.0125],[-7.4377,42.0125]],[[-7.4289,42.0106],[-7.4246,42.009],[-7.4258,42.0098],[-7.4289,42.0106]],[[-7.425,42.009],[-7.4268,42.0089],[-7.4268,42.0088],[-7.425,42.009]],[[-7.4268,42.0095],[-7.4269,42.0095],[-7.4269,42.0095],[-7.4268,42.0095]],[[-7.4267,42.0093],[-7.4266,42.0095],[-7.4267,42.0095],[-7.4267,42.0093]],[[-7.4253,42.0097],[-7.4249,42.0095],[-7.4249,42.0097],[-7.4253,42.0097]],[[-7.4365,42.0032],[-7.4364,42.0032],[-7.4364,42.0032],[-7.4365,42.0032]],[[-7.4368,42.0032],[-7.4365,42.0036],[-7.4368,42.0035],[-7.4368,42.0032]],[[-7.4364,42.0033],[-7.4364,42.0033],[-7.4364,42.0033],[-7.4364,42.0033]],[[-7.4257,42.0049],[-7.4257,42.0045],[-7.4255,42.0047],[-7.4257,42.0049]],[[-7.4476,42.0101],[-7.4481,42.0103],[-7.4476,42.01],[-7.4476,42.0101]],[[-7.4458,42.01],[-7.446,42.0095],[-7.4457,42.0095],[-7.4458,42.01]],[[-7.4468,42.0073],[-7.4473,42.0081],[-7.448,42.0078],[-7.447,42.0075],[-7.4473,42.0074],[-7.4472,42.0071],[-7.4468,42.0073]],[[-7.4478,42.0076],[-7.4478,42.0076],[-7.4478,42.0077],[-7.4478,42.0076]],[[-7.4479,42.0241],[-7.4482,42.0243],[-7.4486,42.024],[-7.4479,42.0241]],[[-7.4463,42.0253],[-7.4462,42.0257],[-7.4466,42.0257],[-7.4463,42.0253]],[[-7.4465,42.0251],[-7.4475,42.0249],[-7.4469,42.0245],[-7.4465,42.0251]],[[-7.4238,42.015],[-7.4239,42.0151],[-7.4239,42.015],[-7.4238,42.015]],[[-7.4226,42.0101],[-7.4225,42.0099],[-7.4225,42.0101],[-7.4226,42.0101]],[[-7.4208,42.01],[-7.4209,42.01],[-7.4209,42.01],[-7.4208,42.01]],[[-7.4451,42.0108],[-7.4451,42.0108],[-7.4452,42.0109],[-7.4451,42.0108]],[[-7.4328,42.0245],[-7.4328,42.0245],[-7.4328,42.0245],[-7.4328,42.0245]],[[-7.4326,42.0245],[-7.4326,42.0245],[-7.4326,42.0245],[-7.4326,42.0245]],[[-7.4525,42.0222],[-7.4525,42.0221],[-7.4525,42.0221],[-7.4525,42.0222]],[[-7.4523,42.0224],[-7.4523,42.0224],[-7.4523,42.0224],[-7.4523,42.0224]],[[-7.4328,42.0217],[-7.4326,42.0218],[-7.4326,42.0218],[-7.4328,42.0217]],[[-7.4539,42.0213],[-7.4538,42.0213],[-7.4539,42.0214],[-7.4539,42.0213]],[[-7.4325,42.022],[-7.4324,42.0219],[-7.4324,42.022],[-7.4325,42.022]],[[-7.4324,42.0222],[-7.4322,42.0221],[-7.4322,42.0222],[-7.4324,42.0222]]],[[[-7.5368,42.0249],[-7.5394,42.0223],[-7.5403,42.0225],[-7.5403,42.0228],[-7.5409,42.0228],[-7.541,42.0234],[-7.5368,42.0249]]],[[[-7.5547,42.0002],[-7.5489,42.0069],[-7.5402,42.0033],[-7.5449,42.0155],[-7.5439,42.0196],[-7.5354,42.0198],[-7.5372,42.0234],[-7.5328,42.0232],[-7.5358,42.0216],[-7.5339,42.0207],[-7.5281,42.0285],[-7.5249,42.0299],[-7.5278,42.0338],[-7.526,42.0357],[-7.5295,42.0386],[-7.5279,42.0399],[-7.5276,42.041],[-7.53,42.039],[-7.539,42.0428],[-7.5343,42.0434],[-7.5325,42.0482],[-7.5354,42.0502],[-7.5301,42.0514],[-7.5278,42.0581],[-7.5204,42.0636],[-7.5221,42.0661],[-7.5172,42.0698],[-7.5205,42.0703],[-7.5211,42.0712],[-7.5212,42.075],[-7.52,42.0765],[-7.5209,42.0749],[-7.5208,42.0737],[-7.5201,42.0732],[-7.5198,42.0766],[-7.5195,42.0771],[-7.5187,42.0777],[-7.5139,42.0745],[-7.5133,42.0769],[-7.5103,42.0793],[-7.5072,42.0791],[-7.5084,42.0777],[-7.5079,42.0773],[-7.5042,42.0797],[-7.5007,42.0767],[-7.5014,42.075],[-7.505,42.0747],[-7.5015,42.0719],[-7.5045,42.0719],[-7.5055,42.0713],[-7.5062,42.0712],[-7.5068,42.0708],[-7.5096,42.0703],[-7.5147,42.0652],[-7.5153,42.0629],[-7.5104,42.0692],[-7.5035,42.0717],[-7.5031,42.0717],[-7.5026,42.0712],[-7.5026,42.0699],[-7.5023,42.0693],[-7.5019,42.0693],[-7.5016,42.0714],[-7.4957,42.075],[-7.493,42.0753],[-7.4911,42.071],[-7.4909,42.0748],[-7.4863,42.0733],[-7.4829,42.0641],[-7.4904,42.0667],[-7.4908,42.0663],[-7.4934,42.0672],[-7.4946,42.0669],[-7.4864,42.0652],[-7.4884,42.063],[-7.4817,42.0628],[-7.484,42.0608],[-7.4797,42.058],[-7.4801,42.0607],[-7.4772,42.06],[-7.4758,42.0566],[-7.4787,42.0567],[-7.481,42.0584],[-7.481,42.0581],[-7.4821,42.0577],[-7.4841,42.0583],[-7.4886,42.0574],[-7.4785,42.0563],[-7.4802,42.053],[-7.4826,42.0517],[-7.4813,42.0472],[-7.485,42.0469],[-7.4846,42.0454],[-7.4882,42.0453],[-7.4879,42.0443],[-7.4798,42.0465],[-7.4793,42.045],[-7.4779,42.0439],[-7.4783,42.0465],[-7.475,42.0482],[-7.4749,42.0466],[-7.4777,42.0436],[-7.4787,42.0415],[-7.4782,42.0411],[-7.476,42.0451],[-7.4739,42.0442],[-7.4724,42.0513],[-7.46,42.0429],[-7.4602,42.0399],[-7.4587,42.0411],[-7.4578,42.0403],[-7.4593,42.0361],[-7.4579,42.0369],[-7.4556,42.0343],[-7.4533,42.0342],[-7.4498,42.0312],[-7.4487,42.0319],[-7.4467,42.0303],[-7.4524,42.029],[-7.4538,42.0318],[-7.4511,42.0304],[-7.4505,42.0304],[-7.4492,42.0311],[-7.4508,42.0306],[-7.454,42.0321],[-7.457,42.0287],[-7.458,42.0332],[-7.4604,42.0319],[-7.4615,42.032],[-7.4617,42.0322],[-7.4614,42.0343],[-7.4614,42.032],[-7.461,42.0338],[-7.4599,42.034],[-7.4587,42.0337],[-7.4585,42.0342],[-7.4611,42.034],[-7.4612,42.0345],[-7.4618,42.0345],[-7.4628,42.031],[-7.46,42.0318],[-7.4594,42.0303],[-7.4625,42.0305],[-7.4638,42.0315],[-7.4675,42.0297],[-7.4666,42.0298],[-7.4663,42.0292],[-7.4658,42.0295],[-7.466,42.0291],[-7.4644,42.0288],[-7.4641,42.0286],[-7.4641,42.0283],[-7.466,42.0284],[-7.4676,42.0276],[-7.4666,42.0265],[-7.4669,42.0246],[-7.4686,42.0224],[-7.4707,42.0234],[-7.47,42.0216],[-7.4684,42.0219],[-7.4668,42.0207],[-7.4668,42.0241],[-7.4663,42.0233],[-7.4649,42.0236],[-7.4641,42.0229],[-7.4638,42.023],[-7.4655,42.0272],[-7.4651,42.0281],[-7.4637,42.028],[-7.4636,42.0285],[-7.4635,42.0283],[-7.4633,42.0283],[-7.4633,42.0282],[-7.4631,42.0281],[-7.4631,42.028],[-7.463,42.028],[-7.463,42.0295],[-7.4609,42.0275],[-7.462,42.0259],[-7.4617,42.025],[-7.4596,42.0259],[-7.4587,42.0253],[-7.4645,42.0207],[-7.4646,42.0222],[-7.4655,42.0222],[-7.4639,42.0191],[-7.4704,42.0212],[-7.4693,42.0187],[-7.4725,42.0175],[-7.47,42.0154],[-7.4703,42.015],[-7.472,42.0151],[-7.473,42.0138],[-7.4668,42.014],[-7.4619,42.0094],[-7.46,42.0067],[-7.4642,42.0057],[-7.4604,42.0047],[-7.4622,42.0],[-7.4647,42.0],[-7.4658,42.0021],[-7.4666,42.003],[-7.4671,42.0034],[-7.4673,42.0034],[-7.4722,42.0001],[-7.4713,42.0032],[-7.4735,42.0023],[-7.4743,42.005],[-7.475,42.006],[-7.4741,42.003],[-7.4787,42.0022],[-7.4728,42.0],[-7.5187,42.0],[-7.5175,42.0039],[-7.5185,42.0033],[-7.5203,42.0043],[-7.5218,42.007],[-7.5254,42.007],[-7.5203,42.0028],[-7.5195,42.0],[-7.5392,42.0],[-7.5406,42.0026],[-7.5402,42.0],[-7.5547,42.0002]],[[-7.5415,42.011],[-7.5411,42.0103],[-7.5408,42.0104],[-7.5415,42.011]],[[-7.5078,42.0789],[-7.5078,42.079],[-7.5079,42.0789],[-7.5078,42.0789]],[[-7.505,42.0717],[-7.505,42.0717],[-7.505,42.0717],[-7.505,42.0717]],[[-7.5103,42.0692],[-7.5103,42.0692],[-7.5103,42.0692],[-7.5103,42.0692]],[[-7.4904,42.074],[-7.4904,42.074],[-7.4903,42.074],[-7.4904,42.074]],[[-7.4907,42.0668],[-7.4905,42.0669],[-7.4907,42.0669],[-7.4907,42.0668]],[[-7.4854,42.0456],[-7.4853,42.0457],[-7.4854,42.0457],[-7.4854,42.0456]],[[-7.4532,42.0319],[-7.4531,42.0319],[-7.4532,42.0319],[-7.4532,42.0319]],[[-7.4601,42.0339],[-7.4601,42.0339],[-7.4601,42.0339],[-7.4601,42.0339]],[[-7.4711,42.0203],[-7.4718,42.0208],[-7.4723,42.0205],[-7.4711,42.0203]],[[-7.502,42.0751],[-7.5022,42.0751],[-7.5022,42.0751],[-7.502,42.0751]],[[-7.5026,42.0749],[-7.5027,42.0755],[-7.5029,42.0749],[-7.5026,42.0749]],[[-7.4776,42.0597],[-7.4775,42.0598],[-7.4776,42.0598],[-7.4776,42.0597]],[[-7.4777,42.0597],[-7.4777,42.0596],[-7.4777,42.0596],[-7.4777,42.0597]],[[-7.449,42.0314],[-7.449,42.0314],[-7.449,42.0314],[-7.449,42.0314]],[[-7.4488,42.0315],[-7.4487,42.0315],[-7.4488,42.0315],[-7.4488,42.0315]],[[-7.4535,42.0313],[-7.4535,42.0314],[-7.4535,42.0315],[-7.4535,42.0313]],[[-7.4614,42.031],[-7.4613,42.0309],[-7.4613,42.031],[-7.4614,42.031]],[[-7.4677,42.0242],[-7.4679,42.0242],[-7.4677,42.0242],[-7.4677,42.0242]],[[-7.4711,42.0153],[-7.4709,42.0153],[-7.4708,42.0153],[-7.4711,42.0153]],[[-7.4713,42.0151],[-7.4712,42.0152],[-7.4714,42.0152],[-7.4713,42.0151]],[[-7.5195,42.077],[-7.5194,42.0769],[-7.5194,42.077],[-7.5195,42.077]],[[-7.5143,42.064],[-7.5143,42.064],[-7.5143,42.064],[-7.5143,42.064]],[[-7.5416,42.0113],[-7.5415,42.0113],[-7.5415,42.0113],[-7.5416,42.0113]],[[-7.5421,42.0167],[-7.541,42.0157],[-7.5409,42.0158],[-7.5421,42.0167]],[[-7.5409,42.016],[-7.5409,42.016],[-7.5409,42.016],[-7.5409,42.016]],[[-7.5366,42.0196],[-7.5367,42.0193],[-7.5349,42.018],[-7.5366,42.0196]],[[-7.5353,42.0212],[-7.5353,42.0212],[-7.5354,42.0212],[-7.5353,42.0212]],[[-7.5353,42.0212],[-7.5352,42.0212],[-7.5352,42.0212],[-7.5353,42.0212]],[[-7.5293,42.0236],[-7.5315,42.0196],[-7.5283,42.0201],[-7.5293,42.0236]],[[-7.5309,42.0196],[-7.532,42.0171],[-7.53,42.0192],[-7.5309,42.0196]],[[-7.5279,42.0198],[-7.5276,42.0184],[-7.5258,42.0179],[-7.5279,42.0198]],[[-7.5273,42.0337],[-7.5271,42.0339],[-7.5272,42.0339],[-7.5273,42.0337]],[[-7.5253,42.0352],[-7.5246,42.0358],[-7.5257,42.0356],[-7.5253,42.0352]],[[-7.5285,42.0477],[-7.5299,42.0475],[-7.5292,42.0473],[-7.5285,42.0477]],[[-7.5316,42.0479],[-7.5283,42.048],[-7.5288,42.0494],[-7.5316,42.0479]],[[-7.5275,42.0566],[-7.5278,42.0569],[-7.5281,42.0569],[-7.5275,42.0566]],[[-7.5274,42.0583],[-7.5275,42.0583],[-7.5275,42.0582],[-7.5274,42.0582],[-7.5274,42.0583]],[[-7.5203,42.0645],[-7.5203,42.0644],[-7.5203,42.0645],[-7.5203,42.0645]],[[-7.5163,42.0719],[-7.5161,42.0734],[-7.517,42.073],[-7.5163,42.0719]],[[-7.5172,42.0705],[-7.5172,42.0739],[-7.5189,42.0744],[-7.5198,42.074],[-7.5182,42.0738],[-7.5172,42.0705]],[[-7.5182,42.0738],[-7.5182,42.0738],[-7.5182,42.0738],[-7.5182,42.0738]],[[-7.5148,42.0726],[-7.5138,42.0732],[-7.514,42.0737],[-7.5148,42.0726]],[[-7.5156,42.0737],[-7.515,42.0749],[-7.5167,42.0745],[-7.5156,42.0737]],[[-7.5121,42.077],[-7.5119,42.0764],[-7.5119,42.0762],[-7.5121,42.077]],[[-7.506,42.0767],[-7.5099,42.0756],[-7.5114,42.0731],[-7.506,42.0767]],[[-7.511,42.0749],[-7.5125,42.0738],[-7.5123,42.0728],[-7.511,42.0749]],[[-7.5077,42.0751],[-7.5069,42.0744],[-7.5063,42.0755],[-7.5077,42.0751]],[[-7.5087,42.0741],[-7.5085,42.0734],[-7.5084,42.074],[-7.5087,42.0741]],[[-7.5035,42.0759],[-7.5042,42.0762],[-7.5043,42.0756],[-7.5035,42.0759]],[[-7.5056,42.0718],[-7.5064,42.0726],[-7.506,42.0719],[-7.5056,42.0718]],[[-7.5156,42.062],[-7.5153,42.0618],[-7.5158,42.0623],[-7.5156,42.062]],[[-7.5158,42.062],[-7.5158,42.062],[-7.5158,42.062],[-7.5158,42.062]],[[-7.5164,42.0611],[-7.5162,42.0605],[-7.5161,42.0612],[-7.5164,42.0611]],[[-7.5169,42.0605],[-7.5178,42.0602],[-7.5172,42.0596],[-7.5169,42.0605]],[[-7.5163,42.057],[-7.5168,42.057],[-7.5148,42.0551],[-7.5156,42.0545],[-7.5128,42.0549],[-7.5124,42.0568],[-7.5147,42.0558],[-7.5163,42.057]],[[-7.517,42.0536],[-7.5157,42.0551],[-7.5164,42.0548],[-7.5171,42.0537],[-7.5182,42.0536],[-7.5181,42.0532],[-7.517,42.0536]],[[-7.5181,42.0532],[-7.518,42.0532],[-7.5181,42.0532],[-7.5181,42.0532]],[[-7.5178,42.0531],[-7.5179,42.0532],[-7.5179,42.0531],[-7.5178,42.0531],[-7.5178,42.0531]],[[-7.5177,42.0532],[-7.5177,42.0532],[-7.5177,42.0532],[-7.5177,42.0532]],[[-7.5151,42.0544],[-7.515,42.0544],[-7.515,42.0544],[-7.5151,42.0544]],[[-7.5109,42.0544],[-7.5106,42.0546],[-7.5097,42.0548],[-7.5106,42.0548],[-7.5109,42.0544]],[[-7.5104,42.0543],[-7.5103,42.0543],[-7.5103,42.0543],[-7.5104,42.0543]],[[-7.5132,42.058],[-7.5147,42.0579],[-7.5146,42.0576],[-7.5132,42.058]],[[-7.5141,42.0585],[-7.5141,42.0585],[-7.5141,42.0585],[-7.5141,42.0585]],[[-7.5088,42.0697],[-7.5088,42.0697],[-7.5088,42.0697],[-7.5088,42.0697]],[[-7.5031,42.0716],[-7.5031,42.0716],[-7.5031,42.0716],[-7.5031,42.0716]],[[-7.5026,42.0693],[-7.5035,42.0676],[-7.5023,42.0693],[-7.5026,42.0693]],[[-7.5024,42.0685],[-7.5024,42.0685],[-7.5024,42.0685],[-7.5024,42.0685]],[[-7.5035,42.0671],[-7.5036,42.067],[-7.5035,42.067],[-7.5035,42.0671]],[[-7.5036,42.0669],[-7.5038,42.0668],[-7.5036,42.0658],[-7.5041,42.0659],[-7.5041,42.0658],[-7.5042,42.0658],[-7.5042,42.0657],[-7.5035,42.0651],[-7.5036,42.0669]],[[-7.5049,42.0666],[-7.5051,42.0666],[-7.5049,42.0666],[-7.5049,42.0666]],[[-7.5039,42.0659],[-7.5039,42.066],[-7.5039,42.0659],[-7.5039,42.0659]],[[-7.5043,42.0655],[-7.5044,42.0657],[-7.5044,42.0655],[-7.5043,42.0655]],[[-7.5007,42.0677],[-7.5008,42.0676],[-7.5007,42.0676],[-7.5007,42.0677]],[[-7.5009,42.0693],[-7.5,42.0671],[-7.4996,42.07],[-7.4999,42.0688],[-7.5005,42.0682],[-7.5009,42.0693]],[[-7.5001,42.0688],[-7.5002,42.0689],[-7.5002,42.0688],[-7.5001,42.0688]],[[-7.4999,42.0715],[-7.4988,42.0708],[-7.4989,42.0718],[-7.4999,42.0715]],[[-7.4963,42.074],[-7.4949,42.0745],[-7.495,42.0747],[-7.4963,42.074]],[[-7.4944,42.0745],[-7.4947,42.0743],[-7.4944,42.0744],[-7.4944,42.0745]],[[-7.4923,42.0725],[-7.4923,42.0724],[-7.4923,42.0724],[-7.4923,42.0725]],[[-7.4905,42.0721],[-7.4904,42.072],[-7.4903,42.0722],[-7.4905,42.0721]],[[-7.4891,42.065],[-7.4879,42.0642],[-7.4875,42.0647],[-7.4885,42.0651],[-7.4891,42.065]],[[-7.4815,42.0581],[-7.4814,42.0581],[-7.4814,42.0581],[-7.4815,42.0581]],[[-7.4823,42.0529],[-7.4818,42.0524],[-7.4815,42.0529],[-7.4823,42.0529]],[[-7.4882,42.0452],[-7.4883,42.0452],[-7.4883,42.0452],[-7.4882,42.0452]],[[-7.4882,42.0444],[-7.492,42.0446],[-7.4924,42.0434],[-7.4882,42.0444]],[[-7.4826,42.0454],[-7.4826,42.0454],[-7.4826,42.0454],[-7.4826,42.0454]],[[-7.4766,42.0461],[-7.4766,42.046],[-7.4766,42.046],[-7.4765,42.046],[-7.4765,42.0461],[-7.4766,42.0461]],[[-7.4765,42.0461],[-7.4767,42.0463],[-7.4767,42.0461],[-7.4765,42.0461]],[[-7.4765,42.0467],[-7.4766,42.0466],[-7.4765,42.0467],[-7.4765,42.0467]],[[-7.4756,42.0433],[-7.4755,42.0432],[-7.4755,42.0433],[-7.4756,42.0433]],[[-7.4737,42.0437],[-7.4737,42.0441],[-7.4739,42.0442],[-7.4737,42.0437]],[[-7.4607,42.0403],[-7.462,42.0405],[-7.462,42.0404],[-7.4607,42.0403]],[[-7.4591,42.0394],[-7.4595,42.0398],[-7.4596,42.0397],[-7.4594,42.0394],[-7.4591,42.0394]],[[-7.4573,42.0316],[-7.4557,42.0331],[-7.4581,42.0341],[-7.4573,42.0316]],[[-7.4665,42.0289],[-7.4659,42.0287],[-7.4657,42.0287],[-7.4665,42.0289]],[[-7.466,42.0286],[-7.4661,42.0286],[-7.466,42.0286],[-7.466,42.0286]],[[-7.4658,42.0286],[-7.4661,42.0285],[-7.4658,42.0285],[-7.4658,42.0286]],[[-7.4656,42.0289],[-7.4656,42.0289],[-7.4656,42.0289],[-7.4656,42.0289]],[[-7.4674,42.027],[-7.4674,42.0269],[-7.4674,42.027],[-7.4674,42.027]],[[-7.4673,42.0267],[-7.4672,42.0268],[-7.4672,42.0268],[-7.4673,42.0268],[-7.4673,42.0267]],[[-7.4707,42.0229],[-7.4707,42.0229],[-7.4707,42.0229],[-7.4707,42.0229]],[[-7.4708,42.0157],[-7.4709,42.0156],[-7.4708,42.0156],[-7.4708,42.0157]],[[-7.4674,42.0035],[-7.4674,42.0035],[-7.4674,42.0035],[-7.4674,42.0035]],[[-7.4751,42.0045],[-7.475,42.0046],[-7.4751,42.0046],[-7.4751,42.0045]],[[-7.4747,42.0034],[-7.4764,42.0047],[-7.4773,42.0045],[-7.4747,42.0034]],[[-7.5277,42.0497],[-7.5283,42.0493],[-7.5273,42.0493],[-7.5277,42.0497]],[[-7.5098,42.0566],[-7.5118,42.056],[-7.5125,42.0556],[-7.5098,42.0566]],[[-7.5119,42.057],[-7.511,42.0567],[-7.5116,42.057],[-7.5119,42.057]],[[-7.496,42.0684],[-7.4978,42.0662],[-7.4961,42.0657],[-7.496,42.0684]],[[-7.4982,42.0626],[-7.4964,42.0652],[-7.4975,42.0653],[-7.4982,42.0626]],[[-7.4963,42.0685],[-7.498,42.0692],[-7.4973,42.0679],[-7.4963,42.0685]],[[-7.4965,42.0653],[-7.4966,42.0653],[-7.4965,42.0653],[-7.4965,42.0653]],[[-7.4601,42.0356],[-7.4601,42.0356],[-7.4601,42.0356],[-7.4601,42.0356]],[[-7.4601,42.0354],[-7.4602,42.0355],[-7.4602,42.0354],[-7.4601,42.0354]],[[-7.5402,42.0002],[-7.5403,42.0002],[-7.5403,42.0002],[-7.5402,42.0002]],[[-7.4829,42.0533],[-7.4841,42.0529],[-7.4832,42.0529],[-7.4829,42.0533]],[[-7.5121,42.0537],[-7.5112,42.053],[-7.5108,42.0526],[-7.5107,42.0528],[-7.5121,42.0537]],[[-7.5166,42.0526],[-7.5171,42.0522],[-7.5166,42.0523],[-7.5166,42.0526]],[[-7.5182,42.052],[-7.5177,42.0515],[-7.5176,42.0518],[-7.5182,42.052]],[[-7.518,42.0523],[-7.5183,42.0521],[-7.5183,42.052],[-7.518,42.0523]],[[-7.5183,42.052],[-7.5183,42.0519],[-7.5183,42.052],[-7.5183,42.052]],[[-7.5158,42.0518],[-7.5164,42.052],[-7.5159,42.0511],[-7.5158,42.0518]],[[-7.5196,42.0552],[-7.5267,42.0519],[-7.5239,42.0513],[-7.5259,42.0469],[-7.5177,42.049],[-7.521,42.0501],[-7.5202,42.0526],[-7.5236,42.0512],[-7.5196,42.0552]],[[-7.5261,42.05],[-7.5253,42.0502],[-7.5253,42.0504],[-7.5261,42.05]],[[-7.5186,42.0511],[-7.5186,42.051],[-7.5186,42.051],[-7.5186,42.0511]],[[-7.5204,42.053],[-7.5205,42.0532],[-7.5206,42.053],[-7.5204,42.053]],[[-7.5198,42.0535],[-7.5205,42.0536],[-7.5208,42.0532],[-7.5205,42.0531],[-7.5205,42.0532],[-7.5203,42.0533],[-7.5202,42.0535],[-7.5201,42.0535],[-7.52,42.0531],[-7.5198,42.0535]],[[-7.5194,42.0533],[-7.5193,42.0535],[-7.5194,42.0534],[-7.5194,42.0533]],[[-7.5199,42.0542],[-7.5179,42.0555],[-7.5182,42.0561],[-7.5199,42.0542]],[[-7.5165,42.0556],[-7.5171,42.0563],[-7.5174,42.056],[-7.5165,42.0556]],[[-7.5195,42.058],[-7.5195,42.058],[-7.5195,42.058],[-7.5195,42.058]],[[-7.5192,42.0581],[-7.519,42.0566],[-7.5186,42.0563],[-7.5192,42.0581]],[[-7.5207,42.0588],[-7.5207,42.0583],[-7.5204,42.0582],[-7.5203,42.058],[-7.5202,42.058],[-7.5207,42.0588]],[[-7.5205,42.0582],[-7.5205,42.0582],[-7.5205,42.0582],[-7.5205,42.0582]],[[-7.5185,42.0562],[-7.5185,42.0561],[-7.5185,42.0562],[-7.5185,42.0562]],[[-7.5171,42.0568],[-7.5176,42.0577],[-7.5179,42.0577],[-7.5178,42.0572],[-7.518,42.057],[-7.5171,42.0568]],[[-7.517,42.0569],[-7.5169,42.0569],[-7.517,42.0569],[-7.517,42.0569]],[[-7.5172,42.0574],[-7.5172,42.0576],[-7.5175,42.0576],[-7.5172,42.0574]],[[-7.516,42.0529],[-7.5154,42.0529],[-7.516,42.0531],[-7.516,42.0529]],[[-7.5154,42.0539],[-7.5143,42.0532],[-7.5134,42.0539],[-7.5149,42.0541],[-7.5154,42.0539]],[[-7.5142,42.054],[-7.5143,42.0541],[-7.5143,42.054],[-7.5142,42.054]],[[-7.5176,42.0527],[-7.5179,42.0528],[-7.5179,42.0525],[-7.5176,42.0527]],[[-7.5163,42.0505],[-7.5155,42.0501],[-7.5157,42.0507],[-7.5163,42.0505]],[[-7.5112,42.0449],[-7.5107,42.0442],[-7.5101,42.0452],[-7.5112,42.0449]],[[-7.5149,42.0441],[-7.5144,42.0441],[-7.5133,42.0442],[-7.5118,42.0445],[-7.5149,42.0441]],[[-7.5081,42.043],[-7.5088,42.0431],[-7.5076,42.0426],[-7.5064,42.0452],[-7.5081,42.043]],[[-7.5057,42.0404],[-7.5102,42.0408],[-7.5089,42.04],[-7.5089,42.0383],[-7.5086,42.0404],[-7.5075,42.0405],[-7.5083,42.0384],[-7.5066,42.0363],[-7.5031,42.0368],[-7.5042,42.0353],[-7.5025,42.0357],[-7.5027,42.035],[-7.5019,42.0351],[-7.5019,42.0347],[-7.5021,42.0343],[-7.5009,42.0335],[-7.5,42.0358],[-7.4997,42.036],[-7.4995,42.036],[-7.4992,42.036],[-7.499,42.0369],[-7.5016,42.0341],[-7.5019,42.0364],[-7.5016,42.0367],[-7.5015,42.0365],[-7.5014,42.0364],[-7.5013,42.0364],[-7.5016,42.0362],[-7.5014,42.036],[-7.5008,42.0366],[-7.5012,42.0364],[-7.5014,42.0367],[-7.5019,42.0366],[-7.5018,42.0376],[-7.5014,42.0381],[-7.5053,42.0371],[-7.506,42.0384],[-7.5045,42.0394],[-7.5046,42.0402],[-7.5047,42.0395],[-7.5074,42.0382],[-7.5057,42.0404]],[[-7.4996,42.0359],[-7.4996,42.0359],[-7.4996,42.036],[-7.4996,42.0359]],[[-7.5124,42.0406],[-7.5124,42.0407],[-7.5124,42.0406],[-7.5124,42.0406]],[[-7.5126,42.0406],[-7.5126,42.0406],[-7.5126,42.0405],[-7.5126,42.0406]],[[-7.5008,42.0354],[-7.5004,42.0366],[-7.5005,42.0368],[-7.5008,42.0354]],[[-7.5014,42.0349],[-7.5014,42.0349],[-7.5014,42.0349],[-7.5014,42.0349]],[[-7.5015,42.0349],[-7.5015,42.0348],[-7.5015,42.0348],[-7.5015,42.0349]],[[-7.5015,42.0363],[-7.5015,42.0364],[-7.5015,42.0363],[-7.5015,42.0363]],[[-7.5122,42.041],[-7.512,42.0409],[-7.5118,42.0409],[-7.5122,42.041]],[[-7.5021,42.0345],[-7.5021,42.0345],[-7.5021,42.0345],[-7.5021,42.0345]],[[-7.5027,42.0342],[-7.5028,42.0343],[-7.5029,42.0337],[-7.5027,42.0342]],[[-7.5028,42.0339],[-7.5028,42.0339],[-7.5028,42.0339],[-7.5028,42.0339]],[[-7.5008,42.0372],[-7.5013,42.0374],[-7.5013,42.0373],[-7.5008,42.0372]],[[-7.5008,42.0376],[-7.5007,42.0376],[-7.5007,42.0376],[-7.5008,42.0376]],[[-7.5025,42.0387],[-7.501,42.0393],[-7.5008,42.0403],[-7.5025,42.0387]],[[-7.5025,42.0389],[-7.504,42.0393],[-7.5031,42.0389],[-7.5025,42.0389]],[[-7.5062,42.039],[-7.5062,42.0389],[-7.5062,42.039],[-7.5062,42.039]],[[-7.5083,42.0433],[-7.5083,42.0434],[-7.5083,42.0434],[-7.5083,42.0433]],[[-7.4987,42.0438],[-7.4988,42.0437],[-7.4987,42.0437],[-7.4987,42.0438]],[[-7.4975,42.0432],[-7.4973,42.0434],[-7.4975,42.0434],[-7.4975,42.0432]],[[-7.485,42.0407],[-7.484,42.0394],[-7.4835,42.0397],[-7.4837,42.0419],[-7.483,42.0431],[-7.485,42.0407]],[[-7.4834,42.0387],[-7.4831,42.0394],[-7.4834,42.0394],[-7.4834,42.0387]],[[-7.4835,42.0399],[-7.4835,42.0399],[-7.4835,42.0399],[-7.4835,42.0399]],[[-7.4828,42.043],[-7.4828,42.0431],[-7.4828,42.0431],[-7.4828,42.043]],[[-7.4799,42.042],[-7.4805,42.0422],[-7.4804,42.042],[-7.4799,42.042]],[[-7.4798,42.0425],[-7.4797,42.0424],[-7.4797,42.0425],[-7.4798,42.0425]],[[-7.4803,42.0418],[-7.4805,42.0417],[-7.4803,42.0417],[-7.4803,42.0418]],[[-7.4815,42.0415],[-7.4815,42.0418],[-7.4817,42.0416],[-7.4815,42.0415]],[[-7.4848,42.0381],[-7.4835,42.0386],[-7.4844,42.0387],[-7.4848,42.0381]],[[-7.4633,42.0375],[-7.4624,42.0371],[-7.4631,42.0381],[-7.4633,42.0375]],[[-7.4662,42.0372],[-7.4661,42.0361],[-7.4654,42.0375],[-7.4662,42.0372]],[[-7.4647,42.0351],[-7.4641,42.0344],[-7.4642,42.0353],[-7.4647,42.0351]],[[-7.4648,42.0339],[-7.4649,42.0339],[-7.4649,42.0339],[-7.4648,42.0339]],[[-7.4641,42.0351],[-7.4642,42.0352],[-7.4642,42.0351],[-7.4641,42.0351]],[[-7.4645,42.0354],[-7.4645,42.0354],[-7.4645,42.0354],[-7.4645,42.0354]],[[-7.4646,42.0356],[-7.4642,42.0368],[-7.4651,42.0354],[-7.4646,42.0352],[-7.4646,42.0356]],[[-7.4647,42.0348],[-7.4647,42.0348],[-7.4647,42.0348],[-7.4647,42.0348]],[[-7.4606,42.0356],[-7.4613,42.0358],[-7.4613,42.0352],[-7.4606,42.0356]],[[-7.4597,42.0343],[-7.4606,42.0351],[-7.4606,42.0343],[-7.4597,42.0343]],[[-7.4593,42.0347],[-7.4587,42.0346],[-7.4583,42.0347],[-7.4593,42.0347]],[[-7.4585,42.0344],[-7.4586,42.0343],[-7.4585,42.0343],[-7.4585,42.0344]],[[-7.4629,42.0357],[-7.4626,42.0359],[-7.4629,42.0359],[-7.4629,42.0357]],[[-7.4622,42.0351],[-7.4626,42.0357],[-7.4627,42.0355],[-7.4622,42.0351]],[[-7.4619,42.0355],[-7.4617,42.0358],[-7.4619,42.0358],[-7.4619,42.0355]],[[-7.4633,42.0341],[-7.4632,42.0341],[-7.4632,42.0341],[-7.4633,42.0341]],[[-7.4938,42.034],[-7.4928,42.0348],[-7.4935,42.0347],[-7.4938,42.034]],[[-7.4646,42.0335],[-7.4646,42.0334],[-7.4645,42.0334],[-7.4646,42.0334],[-7.4645,42.0334],[-7.4645,42.0333],[-7.4643,42.0333],[-7.4646,42.0335]],[[-7.4646,42.0334],[-7.4647,42.0334],[-7.4646,42.0334],[-7.4646,42.0334]],[[-7.4955,42.0353],[-7.4966,42.0369],[-7.497,42.0349],[-7.4947,42.0333],[-7.4942,42.0349],[-7.4955,42.0353]],[[-7.4953,42.0356],[-7.4953,42.0356],[-7.4953,42.0356],[-7.4953,42.0356]],[[-7.4927,42.0369],[-7.4922,42.036],[-7.4923,42.0369],[-7.4927,42.0369]],[[-7.4921,42.0363],[-7.4921,42.0364],[-7.4921,42.0364],[-7.4921,42.0363]],[[-7.4903,42.0365],[-7.4903,42.0369],[-7.4905,42.0363],[-7.4903,42.0365]],[[-7.4906,42.0362],[-7.4907,42.0362],[-7.4907,42.0361],[-7.4906,42.0362]],[[-7.4907,42.0361],[-7.4908,42.0361],[-7.4908,42.036],[-7.4907,42.0361]],[[-7.4908,42.036],[-7.4908,42.036],[-7.4908,42.036],[-7.4908,42.036]],[[-7.4902,42.0366],[-7.4901,42.0368],[-7.4902,42.0368],[-7.4902,42.0366]],[[-7.4902,42.0373],[-7.4904,42.0379],[-7.4911,42.0384],[-7.4906,42.0375],[-7.4902,42.0373]],[[-7.4965,42.0381],[-7.4975,42.0388],[-7.4975,42.0384],[-7.4965,42.0381]],[[-7.4963,42.039],[-7.4963,42.0389],[-7.4963,42.039],[-7.4963,42.039]],[[-7.4987,42.0376],[-7.4992,42.0387],[-7.4993,42.0375],[-7.4987,42.0376]],[[-7.4975,42.0389],[-7.4975,42.0389],[-7.4975,42.0389],[-7.4975,42.0389]],[[-7.5046,42.0378],[-7.5045,42.0378],[-7.5046,42.0378],[-7.5046,42.0378]],[[-7.5047,42.0377],[-7.5046,42.0377],[-7.5046,42.0377],[-7.5047,42.0377]],[[-7.492,42.0384],[-7.4918,42.0383],[-7.4918,42.0385],[-7.492,42.0384]],[[-7.4917,42.0384],[-7.4918,42.0384],[-7.4918,42.0384],[-7.4917,42.0384]],[[-7.4819,42.0366],[-7.4822,42.0375],[-7.4835,42.0366],[-7.4819,42.0366]],[[-7.4954,42.0364],[-7.4941,42.0363],[-7.494,42.0355],[-7.4936,42.0362],[-7.4943,42.0367],[-7.4954,42.0364]],[[-7.4648,42.0373],[-7.4649,42.0374],[-7.4649,42.0373],[-7.4648,42.0373]],[[-7.4971,42.0417],[-7.4967,42.0414],[-7.4963,42.0418],[-7.4971,42.0417]],[[-7.4884,42.042],[-7.4895,42.0412],[-7.4882,42.042],[-7.4884,42.042]],[[-7.4892,42.0417],[-7.4892,42.0417],[-7.4892,42.0417],[-7.4892,42.0417]],[[-7.4959,42.0417],[-7.4951,42.0411],[-7.4949,42.0416],[-7.4959,42.0417]],[[-7.4962,42.041],[-7.4961,42.0411],[-7.4962,42.0411],[-7.4962,42.041]],[[-7.4981,42.0429],[-7.4979,42.0428],[-7.4979,42.043],[-7.4981,42.0429]],[[-7.5044,42.0374],[-7.5045,42.0375],[-7.5047,42.0374],[-7.5044,42.0374]],[[-7.505,42.0373],[-7.5049,42.0373],[-7.505,42.0373],[-7.505,42.0373]],[[-7.505,42.0373],[-7.505,42.0372],[-7.505,42.0373],[-7.505,42.0373]],[[-7.5279,42.0386],[-7.5282,42.0384],[-7.5279,42.0384],[-7.5279,42.0386]],[[-7.5226,42.0394],[-7.523,42.0396],[-7.5228,42.0394],[-7.5226,42.0394]],[[-7.5101,42.039],[-7.5097,42.0386],[-7.5097,42.039],[-7.5101,42.039]],[[-7.5101,42.039],[-7.5101,42.039],[-7.5101,42.039],[-7.5101,42.039]],[[-7.5093,42.0391],[-7.5091,42.0393],[-7.5093,42.0393],[-7.5093,42.0391]],[[-7.5096,42.0388],[-7.5092,42.0386],[-7.5091,42.039],[-7.5096,42.0388]],[[-7.51,42.038],[-7.5103,42.0373],[-7.5097,42.0381],[-7.51,42.038]],[[-7.5169,42.0406],[-7.5163,42.0406],[-7.5164,42.0409],[-7.5169,42.0406]],[[-7.5323,42.0426],[-7.5324,42.0422],[-7.532,42.0424],[-7.5323,42.0426]],[[-7.5307,42.0419],[-7.5293,42.042],[-7.5292,42.0422],[-7.5306,42.0421],[-7.5307,42.0419]],[[-7.5261,42.0468],[-7.5267,42.0453],[-7.5264,42.0451],[-7.5261,42.0468]],[[-7.5241,42.0445],[-7.525,42.044],[-7.5237,42.0444],[-7.5241,42.0445]],[[-7.5156,42.0438],[-7.5153,42.0431],[-7.5141,42.0431],[-7.5156,42.0438]],[[-7.5148,42.043],[-7.5148,42.0429],[-7.5148,42.043],[-7.5148,42.043]],[[-7.5143,42.0429],[-7.5143,42.0428],[-7.5143,42.0428],[-7.5143,42.0429]],[[-7.5147,42.0425],[-7.5141,42.0427],[-7.5148,42.0428],[-7.5147,42.0425]],[[-7.514,42.0426],[-7.5138,42.0426],[-7.514,42.0427],[-7.514,42.0426]],[[-7.5113,42.0435],[-7.5123,42.0428],[-7.5123,42.0427],[-7.5113,42.0435]],[[-7.5139,42.0412],[-7.5112,42.0411],[-7.5107,42.0418],[-7.5137,42.0426],[-7.5139,42.0412]],[[-7.514,42.0415],[-7.5141,42.0416],[-7.5141,42.0415],[-7.514,42.0415]],[[-7.5124,42.0424],[-7.5125,42.0425],[-7.5125,42.0424],[-7.5124,42.0424]],[[-7.5091,42.0422],[-7.5099,42.0417],[-7.5085,42.0416],[-7.5091,42.0422]],[[-7.5103,42.0416],[-7.51,42.0418],[-7.5103,42.0418],[-7.5103,42.0416]],[[-7.5241,42.0417],[-7.5244,42.0422],[-7.5244,42.0419],[-7.5241,42.0417]],[[-7.5157,42.0407],[-7.5152,42.0409],[-7.5156,42.0409],[-7.5157,42.0407]],[[-7.518,42.0683],[-7.5179,42.0684],[-7.518,42.0684],[-7.518,42.0683]],[[-7.5181,42.069],[-7.5175,42.0689],[-7.5176,42.0691],[-7.5181,42.069]],[[-7.517,42.0694],[-7.5166,42.0688],[-7.5166,42.0692],[-7.517,42.0694]],[[-7.5114,42.0693],[-7.5112,42.0695],[-7.5114,42.0694],[-7.5114,42.0693]],[[-7.5133,42.0695],[-7.5131,42.0696],[-7.5133,42.0696],[-7.5133,42.0695]],[[-7.4667,42.0311],[-7.4654,42.0315],[-7.4653,42.0317],[-7.4661,42.0318],[-7.4667,42.0311]],[[-7.4717,42.0311],[-7.4711,42.0305],[-7.471,42.0311],[-7.4717,42.0311]],[[-7.4681,42.0299],[-7.4688,42.0306],[-7.469,42.0298],[-7.4681,42.0299]],[[-7.4682,42.0297],[-7.4683,42.0298],[-7.4684,42.0297],[-7.4682,42.0297]],[[-7.4682,42.0294],[-7.4682,42.0294],[-7.4682,42.0294],[-7.4682,42.0294]],[[-7.4683,42.0293],[-7.4701,42.0294],[-7.4683,42.0285],[-7.4683,42.0293]],[[-7.4697,42.0298],[-7.4698,42.0299],[-7.4698,42.0298],[-7.4697,42.0298]],[[-7.4675,42.0284],[-7.4673,42.0286],[-7.4677,42.0286],[-7.4675,42.0284]],[[-7.4681,42.0276],[-7.4682,42.0276],[-7.4681,42.0276],[-7.4681,42.0276]],[[-7.4679,42.0276],[-7.4679,42.0276],[-7.4679,42.0276],[-7.4679,42.0276]],[[-7.4681,42.0284],[-7.4681,42.0277],[-7.4677,42.0278],[-7.4681,42.0284]],[[-7.4794,42.0273],[-7.4806,42.0267],[-7.4799,42.0265],[-7.4794,42.0273]],[[-7.4685,42.0255],[-7.4677,42.0272],[-7.4682,42.0275],[-7.4685,42.0255]],[[-7.469,42.0238],[-7.4699,42.0241],[-7.4688,42.0236],[-7.469,42.0238]],[[-7.478,42.0257],[-7.4781,42.0244],[-7.4765,42.0231],[-7.478,42.0257]],[[-7.5255,42.0244],[-7.525,42.0232],[-7.525,42.0248],[-7.5255,42.0244]],[[-7.471,42.0217],[-7.4737,42.0219],[-7.4732,42.0213],[-7.471,42.0217]],[[-7.4804,42.0215],[-7.4791,42.0216],[-7.4789,42.0217],[-7.4804,42.0215]],[[-7.4731,42.0212],[-7.473,42.0206],[-7.4725,42.021],[-7.4731,42.0212]],[[-7.4726,42.0208],[-7.4726,42.0207],[-7.4726,42.0208],[-7.4726,42.0208]],[[-7.4744,42.0204],[-7.4741,42.0205],[-7.4744,42.0205],[-7.4744,42.0204]],[[-7.4746,42.021],[-7.4741,42.0208],[-7.4741,42.0211],[-7.4746,42.021]],[[-7.4719,42.0226],[-7.4715,42.0227],[-7.4719,42.0227],[-7.4719,42.0226]],[[-7.4782,42.0264],[-7.4777,42.0267],[-7.4787,42.0268],[-7.4782,42.0264]],[[-7.4788,42.0269],[-7.4789,42.027],[-7.4789,42.0269],[-7.4788,42.0269]],[[-7.4824,42.0275],[-7.4823,42.0276],[-7.4824,42.0276],[-7.4824,42.0275]],[[-7.4726,42.0179],[-7.4714,42.0186],[-7.4725,42.0182],[-7.4726,42.0179]],[[-7.4753,42.0112],[-7.4753,42.0112],[-7.4753,42.0112],[-7.4753,42.0112]],[[-7.4765,42.0112],[-7.4773,42.0103],[-7.4754,42.0111],[-7.4765,42.0112]],[[-7.4688,42.0114],[-7.4746,42.0114],[-7.4756,42.0108],[-7.4688,42.0114]],[[-7.4655,42.0088],[-7.4652,42.0083],[-7.4648,42.0087],[-7.4655,42.0088]],[[-7.4736,42.0079],[-7.4739,42.0084],[-7.4744,42.008],[-7.4736,42.0079]],[[-7.5219,42.0083],[-7.5221,42.009],[-7.5233,42.0096],[-7.5222,42.0087],[-7.522,42.0085],[-7.522,42.0082],[-7.5219,42.0083]],[[-7.5219,42.0086],[-7.5219,42.0086],[-7.5219,42.0086],[-7.5219,42.0086]],[[-7.5192,42.0061],[-7.5186,42.0065],[-7.5186,42.0069],[-7.5192,42.0061]],[[-7.5186,42.0073],[-7.5181,42.0079],[-7.5179,42.0081],[-7.5183,42.008],[-7.5186,42.0073]],[[-7.5195,42.0058],[-7.5192,42.0059],[-7.5192,42.0061],[-7.5195,42.0058]],[[-7.5193,42.0041],[-7.5193,42.0042],[-7.5193,42.0042],[-7.5193,42.0041]],[[-7.5195,42.0056],[-7.5198,42.0056],[-7.5198,42.0055],[-7.5195,42.0056]],[[-7.5247,42.0064],[-7.5247,42.0064],[-7.5247,42.0064],[-7.5247,42.0064]],[[-7.5162,42.0049],[-7.5159,42.0042],[-7.5156,42.0048],[-7.5162,42.0049]],[[-7.5169,42.0044],[-7.5169,42.0043],[-7.5169,42.0043],[-7.5169,42.0044]],[[-7.5182,42.0065],[-7.518,42.0062],[-7.5179,42.0063],[-7.5182,42.0065]],[[-7.4786,42.0053],[-7.4763,42.0051],[-7.4762,42.0059],[-7.4786,42.0053]],[[-7.4798,42.0012],[-7.4773,42.0007],[-7.4802,42.002],[-7.4798,42.0012]],[[-7.5472,42.0015],[-7.5476,42.0017],[-7.5473,42.0015],[-7.5472,42.0015]],[[-7.5475,42.0021],[-7.548,42.002],[-7.5475,42.0019],[-7.5475,42.0021]],[[-7.5413,42.0028],[-7.5414,42.0027],[-7.5412,42.0027],[-7.5413,42.0028]],[[-7.5305,42.0013],[-7.5299,42.0004],[-7.5298,42.0005],[-7.5305,42.0013]],[[-7.5281,42.0074],[-7.5277,42.0069],[-7.5259,42.0069],[-7.5281,42.0074]],[[-7.528,42.0075],[-7.5285,42.0082],[-7.529,42.0082],[-7.528,42.0075]],[[-7.5286,42.0079],[-7.5286,42.0078],[-7.5286,42.0078],[-7.5286,42.0079]],[[-7.5221,42.0077],[-7.5219,42.0079],[-7.5221,42.0079],[-7.5221,42.0077]],[[-7.5232,42.0105],[-7.5231,42.0104],[-7.5229,42.0106],[-7.5232,42.0105]],[[-7.5229,42.0106],[-7.5229,42.0106],[-7.5229,42.0106],[-7.5229,42.0106]],[[-7.5232,42.0103],[-7.5231,42.0103],[-7.5231,42.0103],[-7.5232,42.0103]],[[-7.5177,42.0125],[-7.5199,42.0121],[-7.5199,42.0119],[-7.5177,42.0125]],[[-7.4729,42.0055],[-7.4728,42.0039],[-7.4708,42.0051],[-7.4729,42.0055]],[[-7.4706,42.0051],[-7.4702,42.0049],[-7.4702,42.0051],[-7.4706,42.0051]],[[-7.4742,42.0057],[-7.4738,42.0053],[-7.4735,42.0056],[-7.4742,42.0057]],[[-7.4672,42.0132],[-7.4673,42.0133],[-7.4673,42.013],[-7.4672,42.0132]],[[-7.4664,42.0204],[-7.4669,42.0203],[-7.4664,42.0202],[-7.4664,42.0204]],[[-7.4549,42.0317],[-7.4551,42.0314],[-7.4549,42.0315],[-7.4549,42.0317]],[[-7.4702,42.0419],[-7.4695,42.0416],[-7.4692,42.0413],[-7.4694,42.042],[-7.4702,42.0419]],[[-7.4721,42.0435],[-7.4726,42.0416],[-7.4716,42.0424],[-7.4721,42.0435]],[[-7.4729,42.0424],[-7.4729,42.0424],[-7.4729,42.0424],[-7.4729,42.0424]],[[-7.4729,42.0423],[-7.4729,42.0423],[-7.4729,42.0423],[-7.4729,42.0423]],[[-7.4723,42.0418],[-7.4723,42.0418],[-7.4723,42.0417],[-7.4723,42.0418]],[[-7.4761,42.0425],[-7.476,42.0426],[-7.4761,42.0426],[-7.4761,42.0425]],[[-7.4761,42.0426],[-7.4764,42.0427],[-7.4764,42.0426],[-7.4761,42.0426]],[[-7.4713,42.0423],[-7.471,42.042],[-7.4705,42.0419],[-7.4713,42.0423]],[[-7.472,42.0436],[-7.472,42.0436],[-7.472,42.0436],[-7.472,42.0436]],[[-7.4713,42.0464],[-7.4709,42.046],[-7.471,42.0465],[-7.4713,42.0464]],[[-7.5072,42.0575],[-7.5066,42.0591],[-7.5069,42.059],[-7.5072,42.0575]],[[-7.5072,42.0587],[-7.5088,42.0581],[-7.5074,42.0585],[-7.508,42.0557],[-7.5075,42.0561],[-7.5072,42.0587]],[[-7.5076,42.0583],[-7.5076,42.0583],[-7.5076,42.0583],[-7.5076,42.0583]],[[-7.5125,42.0581],[-7.5117,42.0579],[-7.5114,42.0584],[-7.5125,42.0581]],[[-7.5138,42.0594],[-7.514,42.0588],[-7.5133,42.0592],[-7.5129,42.0585],[-7.5124,42.0588],[-7.5127,42.0586],[-7.5125,42.059],[-7.5138,42.0594]],[[-7.4923,42.0596],[-7.4902,42.0593],[-7.4896,42.0595],[-7.4923,42.0596]],[[-7.5077,42.0626],[-7.5096,42.0626],[-7.5092,42.0615],[-7.5077,42.0626]],[[-7.5102,42.0614],[-7.5113,42.062],[-7.5111,42.0615],[-7.5116,42.0615],[-7.5114,42.061],[-7.5102,42.0614]],[[-7.5066,42.0635],[-7.5067,42.0639],[-7.5072,42.0634],[-7.5066,42.0635]],[[-7.5076,42.0645],[-7.5065,42.0654],[-7.5065,42.0661],[-7.5073,42.0655],[-7.5076,42.0645]],[[-7.5066,42.0651],[-7.5066,42.0652],[-7.5066,42.0651],[-7.5066,42.0651]],[[-7.5057,42.0658],[-7.5057,42.0663],[-7.5059,42.0659],[-7.5057,42.0658]],[[-7.506,42.0659],[-7.506,42.0659],[-7.506,42.0659],[-7.506,42.0659]],[[-7.5049,42.065],[-7.5053,42.0645],[-7.5049,42.0648],[-7.5049,42.065]],[[-7.5063,42.0641],[-7.5062,42.0641],[-7.5062,42.0641],[-7.5063,42.0641]],[[-7.5043,42.0609],[-7.504,42.0614],[-7.5047,42.0614],[-7.5043,42.0609]],[[-7.5028,42.0612],[-7.5018,42.0609],[-7.5016,42.0611],[-7.5028,42.0612]],[[-7.5047,42.0601],[-7.504,42.0606],[-7.5047,42.0606],[-7.5047,42.0601]],[[-7.4861,42.0597],[-7.4888,42.0594],[-7.4836,42.0594],[-7.4861,42.0597]],[[-7.4918,42.0564],[-7.4915,42.0563],[-7.4915,42.0564],[-7.4918,42.0564]],[[-7.4918,42.0563],[-7.4918,42.0562],[-7.4918,42.0562],[-7.4918,42.0563]],[[-7.4921,42.0561],[-7.491,42.0557],[-7.4908,42.0559],[-7.4921,42.0561]],[[-7.4937,42.0652],[-7.4929,42.0644],[-7.4917,42.0645],[-7.4937,42.0652]],[[-7.4918,42.0697],[-7.4907,42.0685],[-7.4909,42.0695],[-7.4918,42.0697]],[[-7.4919,42.0703],[-7.4933,42.0719],[-7.4939,42.0714],[-7.4931,42.0713],[-7.4927,42.0702],[-7.4919,42.0703]],[[-7.4936,42.0712],[-7.4936,42.0712],[-7.4936,42.0712],[-7.4936,42.0712]],[[-7.4932,42.0709],[-7.4932,42.0709],[-7.4932,42.0709],[-7.4932,42.0709]],[[-7.4864,42.0696],[-7.4876,42.0695],[-7.4877,42.0694],[-7.4864,42.0696]],[[-7.4859,42.0696],[-7.4861,42.0704],[-7.4879,42.0709],[-7.4859,42.0696]],[[-7.4886,42.0686],[-7.4881,42.0693],[-7.4887,42.0692],[-7.4886,42.0686]],[[-7.4896,42.0691],[-7.4887,42.0685],[-7.4887,42.0692],[-7.4896,42.0691]],[[-7.4907,42.0708],[-7.4906,42.0705],[-7.4903,42.0703],[-7.4907,42.0708]],[[-7.4917,42.0708],[-7.4917,42.0708],[-7.4917,42.0708],[-7.4917,42.0708]],[[-7.5005,42.0671],[-7.5011,42.0665],[-7.501,42.0662],[-7.5005,42.0671]],[[-7.5017,42.0673],[-7.5025,42.0661],[-7.5009,42.0673],[-7.5017,42.0673]],[[-7.5003,42.0669],[-7.5004,42.067],[-7.5004,42.0669],[-7.5003,42.0669]],[[-7.5198,42.0734],[-7.52,42.0715],[-7.5198,42.0711],[-7.5193,42.0708],[-7.5189,42.0709],[-7.5198,42.0734]],[[-7.5203,42.0714],[-7.5202,42.0714],[-7.5203,42.0714],[-7.5203,42.0714]],[[-7.5047,42.0718],[-7.5048,42.0718],[-7.5047,42.0718],[-7.5047,42.0718]],[[-7.4642,42.0286],[-7.4642,42.0286],[-7.4642,42.0286],[-7.4642,42.0286]],[[-7.5049,42.0721],[-7.5051,42.0719],[-7.5046,42.0722],[-7.5049,42.0721]],[[-7.5048,42.0719],[-7.5047,42.0719],[-7.5047,42.0719],[-7.5048,42.0719]],[[-7.5049,42.0723],[-7.5046,42.0722],[-7.5046,42.0723],[-7.5049,42.0723]],[[-7.5178,42.0602],[-7.5178,42.0603],[-7.5178,42.0603],[-7.5178,42.0602]],[[-7.5128,42.0549],[-7.5127,42.0548],[-7.5125,42.0549],[-7.5128,42.0549]],[[-7.5125,42.0548],[-7.5124,42.0548],[-7.5125,42.0548],[-7.5125,42.0548]],[[-7.5115,42.0548],[-7.512,42.0546],[-7.5119,42.0544],[-7.5119,42.0545],[-7.5115,42.0548]],[[-7.5124,42.0549],[-7.5124,42.0549],[-7.5124,42.0549],[-7.5124,42.0549]],[[-7.5134,42.0564],[-7.5133,42.0564],[-7.5134,42.0564],[-7.5134,42.0564]],[[-7.5162,42.058],[-7.5163,42.058],[-7.5162,42.0579],[-7.5162,42.058]],[[-7.5196,42.0582],[-7.5198,42.0581],[-7.5196,42.0581],[-7.5196,42.0582]],[[-7.5201,42.058],[-7.5202,42.058],[-7.5202,42.0579],[-7.5201,42.058]],[[-7.5198,42.058],[-7.5199,42.0581],[-7.5199,42.058],[-7.5198,42.058]],[[-7.5115,42.0539],[-7.5116,42.0539],[-7.5118,42.0538],[-7.5115,42.0539]],[[-7.5089,42.0548],[-7.5093,42.0546],[-7.509,42.0545],[-7.5089,42.0548]],[[-7.5093,42.0557],[-7.5097,42.0556],[-7.5099,42.0559],[-7.5101,42.0559],[-7.5097,42.0555],[-7.5093,42.0555],[-7.5093,42.0554],[-7.5093,42.0557]],[[-7.5096,42.0558],[-7.5094,42.0558],[-7.5094,42.0558],[-7.5096,42.0558]],[[-7.5125,42.0586],[-7.5125,42.0586],[-7.5125,42.0586],[-7.5125,42.0586]],[[-7.5134,42.0589],[-7.5134,42.0589],[-7.5133,42.0589],[-7.5134,42.0589]],[[-7.5114,42.0591],[-7.512,42.0591],[-7.5122,42.0589],[-7.5116,42.059],[-7.5114,42.0591]],[[-7.4899,42.0722],[-7.4904,42.072],[-7.4901,42.0714],[-7.4899,42.0722]],[[-7.4902,42.0713],[-7.4902,42.0713],[-7.4902,42.0713],[-7.4902,42.0713]],[[-7.5373,42.0187],[-7.5373,42.0188],[-7.5373,42.0187],[-7.5373,42.0187]],[[-7.484,42.0393],[-7.484,42.0393],[-7.484,42.0393],[-7.484,42.0393]],[[-7.5003,42.0364],[-7.5003,42.0363],[-7.5003,42.0363],[-7.5003,42.0364]],[[-7.5003,42.0364],[-7.5004,42.0364],[-7.5004,42.0364],[-7.5003,42.0364]],[[-7.498,42.0419],[-7.4969,42.0418],[-7.4969,42.0418],[-7.498,42.0419]],[[-7.4974,42.0413],[-7.4974,42.0413],[-7.4974,42.0413],[-7.4974,42.0413]],[[-7.4982,42.0409],[-7.4982,42.0409],[-7.4981,42.041],[-7.4982,42.0409]],[[-7.4982,42.0409],[-7.4982,42.0409],[-7.4982,42.0409],[-7.4982,42.0409]],[[-7.5323,42.0427],[-7.5322,42.0426],[-7.5322,42.0426],[-7.5323,42.0427]],[[-7.5322,42.0426],[-7.5322,42.0426],[-7.5322,42.0426],[-7.5322,42.0426]],[[-7.5405,42.0005],[-7.5405,42.0005],[-7.5405,42.0005],[-7.5405,42.0005]],[[-7.5221,42.0085],[-7.522,42.0085],[-7.522,42.0085],[-7.5221,42.0085]],[[-7.5422,42.0141],[-7.5423,42.0141],[-7.5422,42.0141],[-7.5422,42.0141]],[[-7.5425,42.0144],[-7.5422,42.0142],[-7.5422,42.0144],[-7.5425,42.0144]],[[-7.5426,42.0144],[-7.5425,42.0145],[-7.5427,42.0145],[-7.5426,42.0144]],[[-7.5425,42.0142],[-7.5424,42.0141],[-7.5426,42.0143],[-7.5425,42.0142]],[[-7.5422,42.0141],[-7.5423,42.0141],[-7.5423,42.0141],[-7.5422,42.0141]],[[-7.5027,42.061],[-7.5027,42.061],[-7.5027,42.061],[-7.5027,42.061]],[[-7.5144,42.0597],[-7.5145,42.0597],[-7.5144,42.0597],[-7.5144,42.0597]],[[-7.5145,42.0597],[-7.5148,42.0593],[-7.5146,42.0594],[-7.5145,42.0597]],[[-7.5147,42.0597],[-7.5147,42.0597],[-7.5147,42.0597],[-7.5147,42.0597]],[[-7.5152,42.0582],[-7.5153,42.0582],[-7.5152,42.0582],[-7.5152,42.0582]],[[-7.5153,42.058],[-7.5153,42.058],[-7.5155,42.058],[-7.5153,42.058]],[[-7.5154,42.0582],[-7.5154,42.0581],[-7.5154,42.0581],[-7.5154,42.0582]],[[-7.5155,42.0578],[-7.5155,42.0579],[-7.5155,42.0579],[-7.5155,42.0578]],[[-7.5099,42.0645],[-7.5098,42.0638],[-7.5094,42.0644],[-7.5099,42.0645]],[[-7.4985,42.0683],[-7.4989,42.0681],[-7.4987,42.0681],[-7.4985,42.0683]],[[-7.5083,42.0642],[-7.5078,42.064],[-7.5078,42.0643],[-7.5083,42.0642]],[[-7.5343,42.0187],[-7.5341,42.0188],[-7.5343,42.0188],[-7.5343,42.0187]],[[-7.534,42.0186],[-7.5341,42.0183],[-7.5339,42.0184],[-7.534,42.0186]],[[-7.512,42.0669],[-7.512,42.0669],[-7.512,42.0669],[-7.512,42.0669]],[[-7.4965,42.0743],[-7.4966,42.0743],[-7.4965,42.0743],[-7.4965,42.0743]],[[-7.4673,42.0208],[-7.4674,42.0209],[-7.4674,42.0208],[-7.4673,42.0208]],[[-7.5174,42.0038],[-7.5175,42.0038],[-7.5175,42.0038],[-7.5174,42.0038]],[[-7.5169,42.0043],[-7.5169,42.0043],[-7.5169,42.0043],[-7.5169,42.0043]],[[-7.5154,42.0567],[-7.5154,42.0567],[-7.5153,42.0567],[-7.5154,42.0567]],[[-7.5153,42.0567],[-7.5153,42.0567],[-7.5153,42.0567],[-7.5153,42.0567]],[[-7.5153,42.0567],[-7.5153,42.0567],[-7.5153,42.0567],[-7.5153,42.0567]],[[-7.5179,42.0573],[-7.5179,42.0573],[-7.5179,42.0573],[-7.5179,42.0573]],[[-7.5154,42.0579],[-7.5155,42.0579],[-7.5154,42.0579],[-7.5154,42.0579]],[[-7.5018,42.0374],[-7.5018,42.0374],[-7.5018,42.0374],[-7.5018,42.0374]],[[-7.5121,42.0545],[-7.5121,42.0544],[-7.5121,42.0545],[-7.5121,42.0545]],[[-7.5118,42.0545],[-7.5118,42.0545],[-7.5118,42.0545],[-7.5118,42.0545]],[[-7.5112,42.0565],[-7.5112,42.0565],[-7.5112,42.0565],[-7.5112,42.0565]],[[-7.508,42.0581],[-7.5081,42.0581],[-7.5081,42.0581],[-7.508,42.0581]],[[-7.4926,42.0357],[-7.4926,42.0357],[-7.4926,42.0357],[-7.4926,42.0357]],[[-7.4922,42.0363],[-7.4922,42.0363],[-7.4922,42.0363],[-7.4922,42.0363]],[[-7.4901,42.0713],[-7.4901,42.0714],[-7.4901,42.0714],[-7.4901,42.0713]],[[-7.5012,42.0354],[-7.5012,42.0354],[-7.5012,42.0354],[-7.5012,42.0354]],[[-7.4662,42.0226],[-7.4664,42.0222],[-7.466,42.0222],[-7.4661,42.0226],[-7.4653,42.0229],[-7.4652,42.0234],[-7.4662,42.0226]],[[-7.4654,42.0214],[-7.4654,42.0214],[-7.4654,42.0215],[-7.4654,42.0214]],[[-7.4659,42.021],[-7.4659,42.021],[-7.4659,42.021],[-7.4659,42.021]],[[-7.4658,42.0209],[-7.4656,42.0208],[-7.4656,42.0209],[-7.4658,42.0209]],[[-7.4634,42.0228],[-7.4631,42.0227],[-7.4631,42.0228],[-7.4634,42.0228]],[[-7.4636,42.0282],[-7.4634,42.0283],[-7.4636,42.0283],[-7.4636,42.0282]],[[-7.4633,42.0281],[-7.4633,42.0281],[-7.4633,42.0281],[-7.4633,42.0281]],[[-7.462,42.0254],[-7.4619,42.0255],[-7.462,42.0255],[-7.462,42.0254]],[[-7.4619,42.0251],[-7.4619,42.0251],[-7.4619,42.0251],[-7.4619,42.0251]],[[-7.4618,42.0251],[-7.4618,42.0251],[-7.4618,42.0251],[-7.4618,42.0251]],[[-7.4639,42.024],[-7.464,42.024],[-7.464,42.024],[-7.4639,42.024]],[[-7.4621,42.0266],[-7.4619,42.0265],[-7.4619,42.0266],[-7.4621,42.0266]],[[-7.4633,42.0261],[-7.4634,42.026],[-7.4633,42.026],[-7.4633,42.0261]],[[-7.4628,42.0259],[-7.4632,42.026],[-7.4631,42.0259],[-7.4628,42.0259]],[[-7.4625,42.0259],[-7.4625,42.0259],[-7.4625,42.0259],[-7.4625,42.0259]]],[[[-7.5239,42.0634],[-7.5255,42.0644],[-7.5271,42.0653],[-7.5271,42.0659],[-7.5267,42.0662],[-7.5239,42.0634]]],[[[-7.5227,42.0675],[-7.5234,42.0703],[-7.5222,42.0708],[-7.5227,42.0675]]],[[[-7.5204,42.0767],[-7.5223,42.083],[-7.5158,42.0822],[-7.5177,42.0802],[-7.514,42.0806],[-7.5126,42.079],[-7.5158,42.0772],[-7.5176,42.0798],[-7.5204,42.0767]]],[[[-7.51,42.1788],[-7.5065,42.1769],[-7.5064,42.1744],[-7.5109,42.1751],[-7.51,42.1788]]],[[[-7.4434,42.206],[-7.4433,42.2055],[-7.444,42.2049],[-7.4486,42.2073],[-7.4504,42.2048],[-7.4546,42.2069],[-7.4522,42.2119],[-7.4514,42.2103],[-7.4489,42.2107],[-7.4488,42.2085],[-7.4434,42.206]],[[-7.4456,42.2069],[-7.4457,42.2069],[-7.4457,42.2069],[-7.4456,42.2069]],[[-7.4454,42.2066],[-7.4454,42.2066],[-7.4454,42.2066],[-7.4454,42.2066]],[[-7.4451,42.2063],[-7.445,42.2063],[-7.445,42.2063],[-7.4451,42.2063]]],[[[-7.5238,42.2114],[-7.522,42.2097],[-7.5213,42.2088],[-7.5242,42.2072],[-7.5265,42.2107],[-7.5238,42.2114]],[[-7.5255,42.2102],[-7.5254,42.2104],[-7.5258,42.2104],[-7.5255,42.2102]]],[[[-7.5861,42.2762],[-7.5868,42.2831],[-7.5806,42.2843],[-7.5767,42.2815],[-7.573,42.2854],[-7.5725,42.2826],[-7.5674,42.2825],[-7.5693,42.2793],[-7.5646,42.2808],[-7.5662,42.2786],[-7.5721,42.2775],[-7.5707,42.2752],[-7.5677,42.2758],[-7.5662,42.2732],[-7.5603,42.2743],[-7.5571,42.2726],[-7.5523,42.2763],[-7.551,42.2765],[-7.5501,42.2755],[-7.5503,42.275],[-7.5523,42.2758],[-7.5518,42.2742],[-7.5478,42.2723],[-7.547,42.274],[-7.545,42.274],[-7.5427,42.2715],[-7.5435,42.2692],[-7.5456,42.268],[-7.5406,42.2689],[-7.5426,42.2661],[-7.5383,42.2657],[-7.5402,42.2634],[-7.5367,42.2654],[-7.5378,42.2612],[-7.5347,42.2625],[-7.5274,42.2604],[-7.5301,42.2566],[-7.527,42.2587],[-7.528,42.255],[-7.5269,42.2562],[-7.5167,42.2539],[-7.5192,42.2523],[-7.519,42.2514],[-7.5179,42.2519],[-7.5172,42.2488],[-7.5142,42.2485],[-7.5108,42.2453],[-7.5094,42.2463],[-7.5111,42.247],[-7.5097,42.2489],[-7.5067,42.2486],[-7.5086,42.2531],[-7.5004,42.2496],[-7.4983,42.252],[-7.4929,42.2456],[-7.4964,42.2444],[-7.4935,42.2442],[-7.4944,42.2436],[-7.4949,42.2418],[-7.4899,42.2436],[-7.4928,42.2452],[-7.4945,42.2491],[-7.4906,42.2484],[-7.4931,42.25],[-7.4908,42.2515],[-7.4937,42.2505],[-7.4944,42.2505],[-7.4996,42.253],[-7.4983,42.2565],[-7.4947,42.255],[-7.4932,42.2579],[-7.49,42.255],[-7.49,42.2589],[-7.4878,42.2561],[-7.4856,42.2592],[-7.4841,42.2569],[-7.4878,42.2538],[-7.4873,42.2531],[-7.4862,42.2522],[-7.4703,42.2552],[-7.4711,42.2535],[-7.4721,42.2541],[-7.4731,42.2544],[-7.4733,42.2541],[-7.4702,42.2496],[-7.4751,42.2522],[-7.4721,42.249],[-7.4777,42.2503],[-7.4748,42.2478],[-7.4764,42.2463],[-7.4818,42.2476],[-7.4775,42.2445],[-7.4839,42.2439],[-7.4791,42.2421],[-7.4849,42.2383],[-7.4817,42.2346],[-7.4828,42.2342],[-7.4928,42.2378],[-7.4921,42.2384],[-7.4923,42.2391],[-7.496,42.2361],[-7.4964,42.2382],[-7.4947,42.2393],[-7.4951,42.2414],[-7.4997,42.236],[-7.495,42.2348],[-7.5063,42.2342],[-7.5034,42.2305],[-7.5083,42.2323],[-7.5073,42.2305],[-7.5094,42.2255],[-7.5161,42.2201],[-7.5282,42.2198],[-7.5168,42.224],[-7.5245,42.2224],[-7.5262,42.2239],[-7.5158,42.2268],[-7.519,42.2303],[-7.517,42.235],[-7.5115,42.2326],[-7.5099,42.2341],[-7.5164,42.2358],[-7.5195,42.2343],[-7.5252,42.2346],[-7.5308,42.2367],[-7.5375,42.2262],[-7.541,42.2262],[-7.5438,42.2229],[-7.5454,42.2179],[-7.5452,42.219],[-7.5487,42.2202],[-7.5528,42.2179],[-7.5492,42.2153],[-7.5492,42.2187],[-7.5467,42.219],[-7.5423,42.2095],[-7.5418,42.2135],[-7.5392,42.2115],[-7.5363,42.2117],[-7.5371,42.2138],[-7.5356,42.2123],[-7.5352,42.2129],[-7.5344,42.212],[-7.5352,42.2136],[-7.5332,42.216],[-7.5308,42.2151],[-7.5313,42.2122],[-7.5281,42.2121],[-7.529,42.2097],[-7.5262,42.21],[-7.5254,42.2048],[-7.5217,42.2044],[-7.5238,42.2065],[-7.5201,42.2086],[-7.5129,42.2071],[-7.5157,42.2089],[-7.5104,42.2094],[-7.5097,42.2113],[-7.5127,42.2103],[-7.5173,42.2105],[-7.5156,42.2132],[-7.5124,42.2121],[-7.513,42.2133],[-7.5115,42.2143],[-7.5209,42.2132],[-7.5217,42.2156],[-7.5223,42.2138],[-7.525,42.2143],[-7.5253,42.2152],[-7.5227,42.2187],[-7.5144,42.2201],[-7.5137,42.2215],[-7.5124,42.2217],[-7.5061,42.2169],[-7.5045,42.2115],[-7.5067,42.2086],[-7.5045,42.21],[-7.5003,42.2102],[-7.4979,42.2088],[-7.4982,42.2099],[-7.4955,42.2089],[-7.4952,42.212],[-7.4933,42.2155],[-7.4909,42.2163],[-7.4886,42.2191],[-7.4888,42.2218],[-7.4788,42.2261],[-7.4757,42.2251],[-7.4792,42.2247],[-7.4776,42.2225],[-7.472,42.2248],[-7.4757,42.2305],[-7.4753,42.2278],[-7.4783,42.2279],[-7.482,42.2357],[-7.4784,42.2379],[-7.4812,42.2397],[-7.4799,42.2392],[-7.4795,42.2407],[-7.476,42.2408],[-7.4779,42.241],[-7.4784,42.2412],[-7.4783,42.2413],[-7.4786,42.2414],[-7.4787,42.2415],[-7.4787,42.2417],[-7.4752,42.2432],[-7.4766,42.2437],[-7.4769,42.2447],[-7.4752,42.2448],[-7.4749,42.2451],[-7.4765,42.2457],[-7.4727,42.2483],[-7.469,42.2457],[-7.4715,42.2429],[-7.4705,42.2411],[-7.4679,42.2453],[-7.4631,42.2436],[-7.4631,42.2451],[-7.4686,42.2458],[-7.4693,42.2464],[-7.469,42.2471],[-7.4695,42.247],[-7.4696,42.2477],[-7.4666,42.2508],[-7.4657,42.2505],[-7.465,42.2499],[-7.4637,42.2479],[-7.4629,42.2479],[-7.4628,42.2513],[-7.4648,42.2508],[-7.4661,42.2518],[-7.4617,42.2542],[-7.4544,42.2517],[-7.4575,42.2476],[-7.4569,42.2453],[-7.4561,42.248],[-7.4528,42.2463],[-7.4549,42.2495],[-7.4528,42.2514],[-7.4501,42.2498],[-7.4482,42.2541],[-7.4489,42.2481],[-7.4438,42.2492],[-7.4452,42.2445],[-7.4395,42.2486],[-7.4422,42.2439],[-7.4367,42.233],[-7.4396,42.2333],[-7.4419,42.2323],[-7.4393,42.2332],[-7.4366,42.2326],[-7.4417,42.229],[-7.4435,42.2224],[-7.4426,42.2209],[-7.4378,42.224],[-7.4282,42.2212],[-7.4301,42.2232],[-7.4251,42.2253],[-7.4231,42.2239],[-7.4249,42.2278],[-7.4297,42.2242],[-7.4302,42.2241],[-7.4308,42.2242],[-7.431,42.2245],[-7.4344,42.2244],[-7.4319,42.2268],[-7.4346,42.23],[-7.4282,42.2373],[-7.4229,42.2375],[-7.4228,42.2344],[-7.4201,42.2316],[-7.418,42.2357],[-7.4104,42.2346],[-7.4108,42.2362],[-7.4135,42.2364],[-7.4144,42.2379],[-7.4155,42.2375],[-7.4159,42.238],[-7.4127,42.2382],[-7.4124,42.2373],[-7.4086,42.2403],[-7.4058,42.2402],[-7.406,42.2389],[-7.4089,42.2377],[-7.4072,42.2376],[-7.4056,42.2346],[-7.4069,42.2376],[-7.404,42.2403],[-7.4096,42.242],[-7.4065,42.2426],[-7.4081,42.243],[-7.4072,42.246],[-7.4042,42.2447],[-7.4049,42.2458],[-7.404,42.2477],[-7.4048,42.2484],[-7.4017,42.2486],[-7.3983,42.2446],[-7.398,42.2472],[-7.3955,42.2488],[-7.3979,42.2476],[-7.3982,42.2495],[-7.3971,42.2489],[-7.3962,42.2492],[-7.4014,42.2504],[-7.4002,42.2523],[-7.3961,42.2539],[-7.3881,42.2532],[-7.3884,42.2495],[-7.3908,42.251],[-7.3898,42.2486],[-7.3926,42.2481],[-7.3911,42.2455],[-7.3924,42.2447],[-7.3916,42.2444],[-7.3927,42.2437],[-7.3921,42.2431],[-7.3917,42.2437],[-7.3906,42.2432],[-7.3904,42.2417],[-7.3951,42.2438],[-7.398,42.2381],[-7.3939,42.2405],[-7.392,42.2349],[-7.3934,42.2345],[-7.3881,42.2307],[-7.3889,42.2263],[-7.3934,42.2252],[-7.3906,42.2196],[-7.3927,42.2166],[-7.3966,42.2173],[-7.3939,42.2163],[-7.3925,42.2162],[-7.3924,42.2164],[-7.3919,42.2165],[-7.3918,42.2164],[-7.3935,42.215],[-7.394,42.2129],[-7.3961,42.2093],[-7.3981,42.2076],[-7.3979,42.2075],[-7.3915,42.2134],[-7.3917,42.2162],[-7.3891,42.2195],[-7.3902,42.2237],[-7.3884,42.2271],[-7.3871,42.2266],[-7.3879,42.231],[-7.3787,42.2317],[-7.3881,42.2311],[-7.3873,42.2351],[-7.3861,42.2353],[-7.385,42.2365],[-7.3872,42.2361],[-7.3854,42.2395],[-7.3837,42.2402],[-7.3827,42.2393],[-7.3853,42.2371],[-7.383,42.2352],[-7.3824,42.2362],[-7.3779,42.237],[-7.3807,42.2383],[-7.3796,42.2424],[-7.3832,42.2432],[-7.3811,42.2457],[-7.3831,42.2461],[-7.3837,42.2483],[-7.3707,42.2424],[-7.3733,42.2409],[-7.3744,42.2417],[-7.3755,42.2414],[-7.3745,42.2405],[-7.3761,42.2389],[-7.3771,42.239],[-7.3765,42.2356],[-7.3736,42.235],[-7.3728,42.2338],[-7.3731,42.2323],[-7.3711,42.2362],[-7.3682,42.2355],[-7.3677,42.2346],[-7.3683,42.2342],[-7.3677,42.2337],[-7.3668,42.234],[-7.3692,42.2373],[-7.3637,42.2413],[-7.3596,42.2333],[-7.3567,42.2359],[-7.3569,42.2348],[-7.3552,42.234],[-7.3546,42.2326],[-7.3538,42.2318],[-7.354,42.2337],[-7.3518,42.2333],[-7.3532,42.2309],[-7.3564,42.2306],[-7.3547,42.2314],[-7.3555,42.2336],[-7.3554,42.2312],[-7.3626,42.2302],[-7.3542,42.2271],[-7.3538,42.2242],[-7.3483,42.2291],[-7.3345,42.2287],[-7.3451,42.2313],[-7.3422,42.238],[-7.3457,42.2395],[-7.3408,42.2431],[-7.3403,42.2446],[-7.3447,42.2412],[-7.3481,42.2427],[-7.3486,42.2439],[-7.3489,42.248],[-7.3522,42.2459],[-7.35,42.2455],[-7.3508,42.2423],[-7.3571,42.2429],[-7.366,42.2471],[-7.3646,42.248],[-7.3621,42.2472],[-7.365,42.2509],[-7.3617,42.252],[-7.3642,42.2541],[-7.3644,42.2546],[-7.3601,42.2606],[-7.3622,42.2597],[-7.3626,42.2602],[-7.3591,42.261],[-7.3608,42.2632],[-7.356,42.2602],[-7.3567,42.2571],[-7.355,42.2603],[-7.3522,42.2581],[-7.3473,42.2676],[-7.3509,42.2646],[-7.3511,42.2671],[-7.354,42.2659],[-7.3605,42.2708],[-7.3568,42.2749],[-7.3523,42.2732],[-7.3537,42.2749],[-7.3523,42.2774],[-7.3569,42.2784],[-7.3583,42.2812],[-7.3622,42.2782],[-7.3649,42.2839],[-7.3642,42.2861],[-7.3629,42.287],[-7.3618,42.2821],[-7.3635,42.2812],[-7.3621,42.281],[-7.3575,42.289],[-7.358,42.2865],[-7.3569,42.2863],[-7.3576,42.2853],[-7.3563,42.2833],[-7.3568,42.2823],[-7.3566,42.2823],[-7.3562,42.2822],[-7.3562,42.2831],[-7.3555,42.2833],[-7.354,42.2823],[-7.3523,42.2848],[-7.35,42.2843],[-7.3525,42.286],[-7.3506,42.2892],[-7.3509,42.2868],[-7.3491,42.2862],[-7.3492,42.2851],[-7.3485,42.2849],[-7.3499,42.2903],[-7.3482,42.2907],[-7.3537,42.2901],[-7.3535,42.2941],[-7.359,42.2911],[-7.3597,42.2919],[-7.3584,42.2939],[-7.362,42.2923],[-7.3651,42.2971],[-7.3627,42.2965],[-7.3615,42.3006],[-7.36,42.2979],[-7.3534,42.298],[-7.3538,42.297],[-7.3529,42.2966],[-7.352,42.2967],[-7.3509,42.3002],[-7.3554,42.2984],[-7.3589,42.2986],[-7.3594,42.2993],[-7.3581,42.3028],[-7.356,42.3019],[-7.3544,42.3024],[-7.3544,42.3051],[-7.3619,42.306],[-7.359,42.3078],[-7.3554,42.307],[-7.3523,42.315],[-7.3502,42.3145],[-7.3523,42.3098],[-7.3512,42.3078],[-7.35,42.3075],[-7.3515,42.3113],[-7.3496,42.3151],[-7.3509,42.3152],[-7.3518,42.3169],[-7.3473,42.3148],[-7.3444,42.3172],[-7.3357,42.3141],[-7.3341,42.3114],[-7.3346,42.3158],[-7.3272,42.3146],[-7.3222,42.3113],[-7.3221,42.3081],[-7.3236,42.3083],[-7.3221,42.3072],[-7.3232,42.3064],[-7.3228,42.3052],[-7.3201,42.3127],[-7.3211,42.3118],[-7.3204,42.3131],[-7.3222,42.3157],[-7.3218,42.3168],[-7.3252,42.3163],[-7.3246,42.3203],[-7.3286,42.3233],[-7.333,42.3219],[-7.3309,42.3194],[-7.329,42.3221],[-7.3271,42.3213],[-7.3293,42.3173],[-7.3391,42.3155],[-7.3406,42.3202],[-7.3381,42.3205],[-7.3381,42.326],[-7.3341,42.325],[-7.3339,42.3227],[-7.3317,42.325],[-7.3286,42.3233],[-7.3323,42.3267],[-7.3307,42.3269],[-7.3299,42.3264],[-7.3293,42.3262],[-7.3314,42.3274],[-7.3295,42.3306],[-7.3212,42.3327],[-7.32,42.3319],[-7.3206,42.3305],[-7.3151,42.3313],[-7.3158,42.3336],[-7.3106,42.3368],[-7.3052,42.337],[-7.3033,42.3343],[-7.3132,42.3268],[-7.3032,42.3272],[-7.3053,42.3219],[-7.3082,42.3218],[-7.3117,42.3192],[-7.3181,42.3186],[-7.3129,42.3184],[-7.3159,42.3167],[-7.3176,42.3166],[-7.3165,42.3142],[-7.3182,42.3127],[-7.3181,42.3112],[-7.3071,42.3153],[-7.3058,42.3126],[-7.3111,42.308],[-7.3126,42.3114],[-7.3147,42.3048],[-7.308,42.3085],[-7.3074,42.307],[-7.3103,42.3044],[-7.3025,42.3023],[-7.3027,42.3044],[-7.2973,42.3048],[-7.3002,42.3074],[-7.2957,42.305],[-7.2931,42.3067],[-7.2918,42.3059],[-7.2904,42.312],[-7.2858,42.3107],[-7.2857,42.3076],[-7.285,42.3102],[-7.2821,42.3092],[-7.2827,42.3131],[-7.2765,42.3159],[-7.2766,42.3129],[-7.2794,42.3104],[-7.2713,42.3078],[-7.2704,42.3027],[-7.2623,42.3045],[-7.2618,42.3007],[-7.2603,42.3001],[-7.259,42.3004],[-7.2586,42.3],[-7.2604,42.2991],[-7.2558,42.2971],[-7.2551,42.2987],[-7.2516,42.3011],[-7.2481,42.3008],[-7.2511,42.3035],[-7.2482,42.3032],[-7.247,42.3006],[-7.2486,42.2978],[-7.2439,42.2945],[-7.2496,42.2908],[-7.2458,42.2872],[-7.2395,42.2905],[-7.2405,42.2876],[-7.2414,42.287],[-7.2432,42.2863],[-7.2438,42.2839],[-7.2347,42.2875],[-7.2375,42.2822],[-7.2442,42.2805],[-7.2434,42.2744],[-7.2381,42.2744],[-7.2392,42.2754],[-7.2378,42.2772],[-7.227,42.2789],[-7.2279,42.2773],[-7.2322,42.2766],[-7.2321,42.274],[-7.238,42.2743],[-7.2334,42.271],[-7.2389,42.2713],[-7.2391,42.273],[-7.2476,42.2703],[-7.2463,42.2694],[-7.2427,42.2704],[-7.239,42.2674],[-7.2403,42.2694],[-7.2383,42.2703],[-7.2385,42.2666],[-7.236,42.2667],[-7.2337,42.2691],[-7.2366,42.2682],[-7.2375,42.2707],[-7.2327,42.2702],[-7.2286,42.2763],[-7.2242,42.277],[-7.2275,42.2804],[-7.2278,42.2816],[-7.2264,42.2836],[-7.2289,42.2827],[-7.2291,42.2844],[-7.2237,42.2903],[-7.2287,42.2876],[-7.2323,42.2925],[-7.2294,42.2948],[-7.2305,42.3002],[-7.2272,42.3034],[-7.2232,42.2958],[-7.2246,42.2925],[-7.226,42.2932],[-7.2268,42.2929],[-7.2267,42.2927],[-7.2234,42.2919],[-7.2178,42.296],[-7.2191,42.2988],[-7.2154,42.2987],[-7.2173,42.2948],[-7.2148,42.2916],[-7.2206,42.29],[-7.2183,42.2895],[-7.2183,42.2886],[-7.2195,42.2891],[-7.2214,42.2862],[-7.2209,42.286],[-7.2209,42.2854],[-7.2136,42.2901],[-7.2101,42.2894],[-7.2119,42.2854],[-7.2081,42.2881],[-7.2038,42.2865],[-7.209,42.2788],[-7.2045,42.2774],[-7.2057,42.2756],[-7.2036,42.2752],[-7.205,42.2751],[-7.2027,42.2724],[-7.2029,42.2713],[-7.2094,42.2721],[-7.2104,42.2737],[-7.2122,42.267],[-7.22,42.2617],[-7.2242,42.2642],[-7.2251,42.2628],[-7.2288,42.2651],[-7.2272,42.2618],[-7.2306,42.2615],[-7.2313,42.261],[-7.2316,42.2598],[-7.2355,42.2622],[-7.2432,42.2626],[-7.2457,42.2614],[-7.2491,42.2586],[-7.2486,42.2572],[-7.2544,42.2568],[-7.2551,42.2554],[-7.2566,42.2554],[-7.2568,42.2559],[-7.2581,42.2558],[-7.2547,42.2544],[-7.2543,42.2537],[-7.2542,42.2536],[-7.254,42.2536],[-7.255,42.255],[-7.2522,42.2559],[-7.2527,42.251],[-7.2452,42.2613],[-7.2326,42.259],[-7.2275,42.2615],[-7.2233,42.2426],[-7.2248,42.2378],[-7.227,42.2374],[-7.2284,42.2383],[-7.2301,42.2379],[-7.23,42.2371],[-7.2204,42.2374],[-7.2179,42.2352],[-7.2182,42.2372],[-7.2131,42.2358],[-7.2129,42.2361],[-7.2148,42.2364],[-7.215,42.2367],[-7.2104,42.239],[-7.2091,42.2381],[-7.2099,42.2354],[-7.2149,42.234],[-7.2102,42.2326],[-7.2113,42.2299],[-7.2093,42.2309],[-7.206,42.2291],[-7.2075,42.2392],[-7.202,42.2356],[-7.1938,42.237],[-7.1867,42.2333],[-7.1848,42.2347],[-7.1875,42.2365],[-7.1853,42.2395],[-7.1886,42.2413],[-7.1799,42.2386],[-7.1817,42.2408],[-7.1815,42.245],[-7.1791,42.2474],[-7.1725,42.2487],[-7.1677,42.2476],[-7.1709,42.2452],[-7.1686,42.239],[-7.1746,42.2416],[-7.1755,42.2363],[-7.1772,42.2364],[-7.1779,42.2328],[-7.1793,42.2321],[-7.1774,42.2296],[-7.1809,42.2304],[-7.1795,42.2286],[-7.1833,42.2283],[-7.1808,42.227],[-7.183,42.2271],[-7.1807,42.2256],[-7.1826,42.2228],[-7.1926,42.2274],[-7.1947,42.2253],[-7.2005,42.226],[-7.2008,42.2288],[-7.2034,42.226],[-7.2061,42.229],[-7.2038,42.2255],[-7.2094,42.2219],[-7.214,42.2209],[-7.2075,42.2207],[-7.1993,42.2147],[-7.2047,42.2089],[-7.2121,42.2089],[-7.2111,42.2082],[-7.2126,42.2082],[-7.2134,42.2075],[-7.2136,42.208],[-7.2154,42.2057],[-7.2125,42.2081],[-7.207,42.2068],[-7.2027,42.2098],[-7.1976,42.2054],[-7.1995,42.204],[-7.2036,42.2039],[-7.2036,42.2035],[-7.198,42.2038],[-7.1983,42.204],[-7.1965,42.2065],[-7.1957,42.2068],[-7.1909,42.2025],[-7.1983,42.1976],[-7.1913,42.1914],[-7.1894,42.1878],[-7.1898,42.1822],[-7.1875,42.1809],[-7.1842,42.1808],[-7.1824,42.1797],[-7.1928,42.1776],[-7.1926,42.1841],[-7.2029,42.1875],[-7.2022,42.192],[-7.2051,42.1927],[-7.2058,42.1935],[-7.2054,42.1946],[-7.2069,42.1957],[-7.2072,42.1931],[-7.2122,42.1919],[-7.211,42.1947],[-7.2119,42.1953],[-7.2116,42.1961],[-7.2122,42.1968],[-7.212,42.1978],[-7.214,42.1955],[-7.2156,42.1988],[-7.2178,42.1984],[-7.2146,42.1958],[-7.2155,42.194],[-7.2172,42.195],[-7.2187,42.1939],[-7.2208,42.1944],[-7.2202,42.19],[-7.2261,42.1885],[-7.2173,42.1846],[-7.2192,42.1802],[-7.2251,42.1847],[-7.2312,42.1816],[-7.2296,42.1797],[-7.2343,42.1796],[-7.2346,42.182],[-7.237,42.182],[-7.235,42.1816],[-7.2372,42.1785],[-7.2259,42.1782],[-7.2256,42.1796],[-7.2228,42.1802],[-7.2208,42.1796],[-7.2247,42.1772],[-7.2267,42.1782],[-7.2297,42.1777],[-7.2326,42.175],[-7.2265,42.1775],[-7.2163,42.1753],[-7.2164,42.1787],[-7.2145,42.1786],[-7.214,42.177],[-7.2138,42.178],[-7.2093,42.1768],[-7.2097,42.1721],[-7.2137,42.1722],[-7.2145,42.1712],[-7.21,42.1718],[-7.2092,42.17],[-7.2104,42.1673],[-7.2059,42.1707],[-7.1994,42.17],[-7.2007,42.1663],[-7.197,42.1617],[-7.2044,42.1455],[-7.219,42.1462],[-7.2244,42.1517],[-7.2308,42.1505],[-7.2374,42.1561],[-7.2364,42.1606],[-7.2408,42.161],[-7.2398,42.1612],[-7.239,42.162],[-7.2388,42.1628],[-7.247,42.1608],[-7.2492,42.1613],[-7.2518,42.1636],[-7.251,42.1713],[-7.2486,42.1666],[-7.2456,42.1674],[-7.2523,42.1746],[-7.25,42.1758],[-7.251,42.1822],[-7.2483,42.1832],[-7.2472,42.1859],[-7.2466,42.1864],[-7.2455,42.1865],[-7.2426,42.18],[-7.2403,42.1801],[-7.2421,42.1832],[-7.2388,42.1839],[-7.2474,42.1891],[-7.2381,42.1922],[-7.2452,42.195],[-7.2436,42.1979],[-7.247,42.202],[-7.2445,42.2079],[-7.2521,42.213],[-7.25,42.2096],[-7.2542,42.2046],[-7.2604,42.2074],[-7.2667,42.2038],[-7.272,42.206],[-7.2722,42.2097],[-7.2822,42.2093],[-7.2639,42.1959],[-7.259,42.1974],[-7.2652,42.1891],[-7.2899,42.1997],[-7.2951,42.1952],[-7.3042,42.1936],[-7.3048,42.1909],[-7.3037,42.1904],[-7.3033,42.1913],[-7.3022,42.1909],[-7.3043,42.1896],[-7.3044,42.188],[-7.2792,42.1882],[-7.2704,42.1828],[-7.2708,42.1795],[-7.275,42.1758],[-7.2758,42.1764],[-7.2777,42.1764],[-7.2777,42.1768],[-7.2785,42.1777],[-7.2792,42.1771],[-7.2791,42.1775],[-7.2801,42.178],[-7.2796,42.1783],[-7.2805,42.1785],[-7.28,42.1793],[-7.2818,42.1798],[-7.2791,42.1767],[-7.2758,42.1758],[-7.2774,42.1744],[-7.2825,42.1743],[-7.2845,42.1734],[-7.2851,42.1729],[-7.2856,42.1722],[-7.2887,42.1757],[-7.2898,42.1746],[-7.2856,42.1715],[-7.284,42.1735],[-7.2777,42.1723],[-7.2735,42.1687],[-7.2734,42.1684],[-7.2753,42.1669],[-7.2783,42.1668],[-7.2805,42.1663],[-7.281,42.1655],[-7.2747,42.1669],[-7.2767,42.1602],[-7.2703,42.154],[-7.2731,42.1511],[-7.2633,42.1426],[-7.2669,42.1416],[-7.268,42.1398],[-7.2605,42.1358],[-7.2546,42.137],[-7.2464,42.1305],[-7.2378,42.1308],[-7.2197,42.1249],[-7.2267,42.1239],[-7.2244,42.1205],[-7.2281,42.1093],[-7.2317,42.1115],[-7.2309,42.1057],[-7.2353,42.1042],[-7.2338,42.1003],[-7.2402,42.1007],[-7.2388,42.0975],[-7.2421,42.0965],[-7.2401,42.0949],[-7.2493,42.0913],[-7.2601,42.0927],[-7.2583,42.0963],[-7.2589,42.0977],[-7.258,42.099],[-7.2586,42.1001],[-7.2596,42.0963],[-7.2704,42.0934],[-7.2765,42.0974],[-7.2676,42.1057],[-7.2715,42.1076],[-7.2651,42.1088],[-7.2672,42.1158],[-7.2619,42.1272],[-7.2832,42.1464],[-7.2758,42.1493],[-7.2812,42.1648],[-7.2841,42.1587],[-7.2898,42.1559],[-7.2873,42.1483],[-7.2835,42.1463],[-7.3054,42.1514],[-7.3053,42.154],[-7.3133,42.1585],[-7.311,42.1649],[-7.318,42.1737],[-7.3218,42.181],[-7.3401,42.1894],[-7.3455,42.1892],[-7.3474,42.1858],[-7.3539,42.1849],[-7.3493,42.1807],[-7.3506,42.1802],[-7.3506,42.1791],[-7.3467,42.179],[-7.3489,42.1789],[-7.3493,42.1773],[-7.3444,42.1758],[-7.3484,42.1736],[-7.3544,42.1763],[-7.3549,42.1696],[-7.3634,42.176],[-7.3638,42.1775],[-7.358,42.1805],[-7.3591,42.1773],[-7.3585,42.1767],[-7.3584,42.1769],[-7.3573,42.1767],[-7.3552,42.1806],[-7.3591,42.1849],[-7.3644,42.1827],[-7.3654,42.1847],[-7.365,42.1808],[-7.3676,42.1819],[-7.3661,42.1823],[-7.3657,42.1829],[-7.366,42.1831],[-7.3713,42.1832],[-7.3658,42.1797],[-7.3679,42.1789],[-7.3667,42.1785],[-7.367,42.1778],[-7.3665,42.1777],[-7.3662,42.176],[-7.3676,42.1751],[-7.3618,42.1723],[-7.3613,42.1689],[-7.3595,42.1702],[-7.3573,42.1697],[-7.3557,42.1673],[-7.3587,42.167],[-7.3532,42.1657],[-7.3548,42.1629],[-7.3642,42.1637],[-7.3618,42.1683],[-7.3636,42.1701],[-7.3646,42.17],[-7.3664,42.1704],[-7.3665,42.1706],[-7.3626,42.1703],[-7.3637,42.1715],[-7.3766,42.1703],[-7.3769,42.1739],[-7.3803,42.1727],[-7.3831,42.1792],[-7.387,42.1808],[-7.3922,42.1815],[-7.3985,42.1769],[-7.4151,42.1768],[-7.4189,42.1809],[-7.415,42.1861],[-7.4236,42.1944],[-7.4233,42.2016],[-7.4327,42.2048],[-7.4275,42.2075],[-7.4359,42.2085],[-7.4417,42.205],[-7.4453,42.2077],[-7.4455,42.2086],[-7.4434,42.2083],[-7.4433,42.2091],[-7.4487,42.211],[-7.4506,42.2105],[-7.4517,42.2144],[-7.454,42.214],[-7.4609,42.2187],[-7.4625,42.2246],[-7.4691,42.2217],[-7.4709,42.2248],[-7.4748,42.2197],[-7.4798,42.2205],[-7.487,42.2149],[-7.4881,42.21],[-7.4884,42.2098],[-7.49,42.2104],[-7.4904,42.2103],[-7.488,42.2095],[-7.4871,42.2086],[-7.4804,42.2166],[-7.4754,42.2169],[-7.4783,42.2115],[-7.4745,42.2118],[-7.4753,42.2095],[-7.4705,42.2163],[-7.4634,42.2195],[-7.46,42.217],[-7.466,42.2143],[-7.4662,42.2136],[-7.4595,42.2163],[-7.4536,42.2133],[-7.4531,42.2114],[-7.4549,42.2103],[-7.4569,42.2098],[-7.4603,42.2102],[-7.4603,42.2098],[-7.4621,42.2098],[-7.4626,42.2096],[-7.4614,42.2088],[-7.4603,42.2097],[-7.4572,42.209],[-7.4585,42.2078],[-7.4603,42.2072],[-7.463,42.2042],[-7.4569,42.2057],[-7.4565,42.2048],[-7.461,42.2031],[-7.4651,42.2042],[-7.4667,42.2021],[-7.4695,42.203],[-7.4687,42.1995],[-7.4765,42.205],[-7.4762,42.2007],[-7.4807,42.2003],[-7.4835,42.1937],[-7.4941,42.1878],[-7.4946,42.1924],[-7.4904,42.1926],[-7.495,42.1964],[-7.4939,42.2014],[-7.4951,42.2034],[-7.5015,42.2017],[-7.5024,42.1987],[-7.5086,42.1977],[-7.5114,42.1983],[-7.5095,42.2003],[-7.5117,42.1985],[-7.517,42.1988],[-7.5259,42.2016],[-7.5303,42.206],[-7.53,42.2033],[-7.5374,42.2],[-7.5444,42.2065],[-7.5444,42.2116],[-7.5563,42.2139],[-7.5547,42.2175],[-7.5567,42.2186],[-7.5567,42.2141],[-7.5582,42.2159],[-7.5594,42.2153],[-7.5598,42.2154],[-7.5616,42.217],[-7.561,42.2218],[-7.5579,42.2214],[-7.5576,42.2227],[-7.5645,42.2249],[-7.5595,42.2308],[-7.5673,42.2348],[-7.5676,42.2361],[-7.5642,42.2357],[-7.5655,42.2387],[-7.5626,42.2378],[-7.5637,42.2391],[-7.5635,42.2397],[-7.5593,42.2418],[-7.5653,42.2397],[-7.5628,42.245],[-7.5711,42.2491],[-7.5671,42.2499],[-7.5713,42.2503],[-7.5697,42.2508],[-7.5685,42.2523],[-7.5721,42.2508],[-7.571,42.2568],[-7.5679,42.26],[-7.5732,42.2546],[-7.5794,42.2569],[-7.577,42.2586],[-7.5811,42.2616],[-7.5793,42.2661],[-7.586,42.2721],[-7.5824,42.2739],[-7.5861,42.2762]],[[-7.5085,42.2307],[-7.5082,42.2308],[-7.5091,42.2309],[-7.5085,42.2307]],[[-7.4734,42.224],[-7.4734,42.2239],[-7.4734,42.224],[-7.4734,42.224]],[[-7.4779,42.2284],[-7.4779,42.2284],[-7.4779,42.2284],[-7.4779,42.2284]],[[-7.4419,42.2289],[-7.4415,42.2292],[-7.4414,42.2292],[-7.4417,42.2292],[-7.4419,42.2289]],[[-7.4304,42.2242],[-7.4304,42.2242],[-7.4305,42.2242],[-7.4304,42.2242]],[[-7.4074,42.24],[-7.4078,42.2401],[-7.4076,42.2397],[-7.4074,42.24]],[[-7.3904,42.2159],[-7.3906,42.2158],[-7.3903,42.2158],[-7.3904,42.2159]],[[-7.3774,42.2367],[-7.3773,42.2363],[-7.3771,42.2364],[-7.3774,42.2367]],[[-7.3668,42.234],[-7.3668,42.234],[-7.3668,42.234],[-7.3668,42.234]],[[-7.3483,42.2462],[-7.3479,42.2461],[-7.3479,42.2467],[-7.3483,42.2462]],[[-7.3524,42.2769],[-7.3524,42.277],[-7.3524,42.277],[-7.3524,42.2769]],[[-7.3508,42.3117],[-7.3508,42.3117],[-7.3508,42.3117],[-7.3508,42.3117]],[[-7.3091,42.3054],[-7.3092,42.3054],[-7.3091,42.3054],[-7.3091,42.3054]],[[-7.2371,42.2767],[-7.2375,42.276],[-7.2367,42.2764],[-7.2371,42.2767]],[[-7.2254,42.2879],[-7.2251,42.2869],[-7.2248,42.2879],[-7.2254,42.2879]],[[-7.2242,42.2642],[-7.2241,42.2642],[-7.2242,42.2642],[-7.2242,42.2642]],[[-7.2286,42.2601],[-7.2282,42.26],[-7.2278,42.2604],[-7.2286,42.2601]],[[-7.1823,42.239],[-7.1826,42.2388],[-7.1823,42.2388],[-7.1823,42.239]],[[-7.2008,42.204],[-7.2008,42.2041],[-7.2008,42.2041],[-7.2008,42.204]],[[-7.2159,42.1957],[-7.2161,42.1957],[-7.2159,42.1957],[-7.2159,42.1957]],[[-7.2192,42.1671],[-7.2157,42.1712],[-7.2172,42.1697],[-7.2207,42.1684],[-7.2192,42.1671]],[[-7.3001,42.1878],[-7.3,42.1878],[-7.3,42.1878],[-7.3001,42.1878]],[[-7.2725,42.1782],[-7.2726,42.1783],[-7.2726,42.1782],[-7.2725,42.1782]],[[-7.2775,42.1767],[-7.2776,42.1767],[-7.2776,42.1767],[-7.2775,42.1767]],[[-7.2361,42.1287],[-7.236,42.1287],[-7.236,42.1287],[-7.2361,42.1287]],[[-7.3584,42.1767],[-7.3584,42.1766],[-7.3584,42.1766],[-7.3584,42.1767]],[[-7.3675,42.1761],[-7.369,42.177],[-7.3688,42.1748],[-7.3669,42.1759],[-7.3675,42.1761]],[[-7.4626,42.2096],[-7.4657,42.2097],[-7.4682,42.2088],[-7.4644,42.2091],[-7.4713,42.2059],[-7.4692,42.2038],[-7.4658,42.2052],[-7.4661,42.2042],[-7.4659,42.2041],[-7.4626,42.2096]],[[-7.5629,42.2384],[-7.5629,42.2384],[-7.5629,42.2384],[-7.5629,42.2384]],[[-7.5592,42.2418],[-7.5584,42.2416],[-7.5592,42.2405],[-7.5585,42.2394],[-7.558,42.2421],[-7.5523,42.2419],[-7.5507,42.2452],[-7.546,42.2467],[-7.5423,42.2431],[-7.5395,42.2427],[-7.5444,42.2463],[-7.5399,42.2477],[-7.555,42.2486],[-7.5528,42.2469],[-7.5592,42.2418]],[[-7.2169,42.2361],[-7.217,42.2364],[-7.217,42.2364],[-7.2169,42.2361]],[[-7.2145,42.2352],[-7.2144,42.2353],[-7.2146,42.2352],[-7.2145,42.2352]],[[-7.2135,42.2326],[-7.2132,42.2324],[-7.2116,42.2318],[-7.2121,42.2326],[-7.2135,42.2326]],[[-7.2142,42.2305],[-7.2141,42.2305],[-7.2142,42.2305],[-7.2142,42.2305]],[[-7.2146,42.2305],[-7.2145,42.2305],[-7.2146,42.2305],[-7.2146,42.2305]],[[-7.2152,42.2289],[-7.2184,42.2284],[-7.2134,42.2264],[-7.2119,42.2308],[-7.2152,42.2289]],[[-7.2152,42.231],[-7.2151,42.231],[-7.2152,42.231],[-7.2152,42.231]],[[-7.2116,42.231],[-7.2115,42.231],[-7.2115,42.231],[-7.2116,42.231]],[[-7.2108,42.2312],[-7.2108,42.2312],[-7.2108,42.2312],[-7.2108,42.2312]],[[-7.1866,42.2374],[-7.1867,42.2374],[-7.1866,42.2374],[-7.1866,42.2374]],[[-7.1692,42.2468],[-7.1691,42.2469],[-7.1691,42.2469],[-7.1692,42.2469],[-7.1692,42.2468]],[[-7.1702,42.2407],[-7.1702,42.2407],[-7.1702,42.2407],[-7.1702,42.2407]],[[-7.172,42.2407],[-7.172,42.2407],[-7.172,42.2407],[-7.172,42.2407]],[[-7.1811,42.2303],[-7.1811,42.2303],[-7.1812,42.2302],[-7.1811,42.2303]],[[-7.1809,42.2289],[-7.1808,42.2288],[-7.1808,42.2289],[-7.1809,42.2289]],[[-7.1808,42.2288],[-7.1808,42.2288],[-7.1808,42.2288],[-7.1808,42.2288]],[[-7.1839,42.2267],[-7.1848,42.2251],[-7.1833,42.2254],[-7.1839,42.2267]],[[-7.1954,42.2256],[-7.1954,42.2255],[-7.1954,42.2256],[-7.1954,42.2256]],[[-7.1999,42.227],[-7.2004,42.2266],[-7.1994,42.2263],[-7.1999,42.227]],[[-7.2032,42.2171],[-7.2032,42.2171],[-7.2032,42.2171],[-7.2032,42.2171]],[[-7.203,42.2168],[-7.2029,42.2168],[-7.2029,42.2168],[-7.203,42.2168]],[[-7.2058,42.2064],[-7.2065,42.207],[-7.207,42.2059],[-7.2058,42.2064]],[[-7.2343,42.1759],[-7.2344,42.1758],[-7.2342,42.1758],[-7.2343,42.1759]],[[-7.2339,42.1755],[-7.2382,42.1755],[-7.2362,42.1742],[-7.2339,42.1755]],[[-7.2386,42.1758],[-7.2371,42.1765],[-7.2391,42.1759],[-7.2386,42.1758]],[[-7.2355,42.1756],[-7.2354,42.1755],[-7.2353,42.1756],[-7.2355,42.1756]],[[-7.2379,42.1741],[-7.2354,42.1739],[-7.2354,42.174],[-7.2379,42.1741]],[[-7.2145,42.1785],[-7.2144,42.1785],[-7.2144,42.1785],[-7.2145,42.1785]],[[-7.2096,42.1702],[-7.2095,42.1703],[-7.2096,42.1703],[-7.2096,42.1702]],[[-7.2095,42.1669],[-7.2094,42.1671],[-7.2095,42.1671],[-7.2095,42.1669]],[[-7.2097,42.1667],[-7.2099,42.1669],[-7.21,42.1667],[-7.2097,42.1667]],[[-7.2089,42.1674],[-7.2093,42.1672],[-7.2093,42.1672],[-7.2089,42.1674]],[[-7.2089,42.1675],[-7.2088,42.1675],[-7.2088,42.1675],[-7.2089,42.1675]],[[-7.2088,42.1675],[-7.2088,42.1675],[-7.2088,42.1675],[-7.2088,42.1675]],[[-7.2085,42.1674],[-7.2085,42.1674],[-7.2085,42.1675],[-7.2085,42.1675],[-7.2085,42.1675],[-7.2085,42.1674]],[[-7.201,42.1649],[-7.201,42.165],[-7.201,42.1649],[-7.201,42.1649]],[[-7.2011,42.1649],[-7.2011,42.1649],[-7.2011,42.1649],[-7.2011,42.1649]],[[-7.2072,42.1462],[-7.2072,42.1462],[-7.2072,42.1462],[-7.2072,42.1462]],[[-7.2339,42.1537],[-7.2338,42.1536],[-7.2338,42.1538],[-7.2339,42.1537]],[[-7.2366,42.1557],[-7.2366,42.1557],[-7.2366,42.1557],[-7.2366,42.1557]],[[-7.249,42.1614],[-7.249,42.1614],[-7.249,42.1614],[-7.249,42.1614]],[[-7.2498,42.1737],[-7.2501,42.1743],[-7.2502,42.1735],[-7.2498,42.1737]],[[-7.2411,42.1792],[-7.2401,42.1792],[-7.2404,42.1797],[-7.2411,42.1792]],[[-7.2406,42.1797],[-7.2406,42.1798],[-7.2406,42.1797],[-7.2406,42.1797]],[[-7.2412,42.1785],[-7.2411,42.1785],[-7.2411,42.1785],[-7.2412,42.1785]],[[-7.24,42.1794],[-7.2399,42.1793],[-7.2398,42.1794],[-7.24,42.1794]],[[-7.2731,42.1527],[-7.2731,42.1526],[-7.2731,42.1527],[-7.2731,42.1527]],[[-7.2523,42.0925],[-7.2523,42.0925],[-7.2523,42.0925],[-7.2523,42.0925]],[[-7.2774,42.1472],[-7.2773,42.1472],[-7.2774,42.1472],[-7.2774,42.1472]],[[-7.2766,42.1462],[-7.2752,42.1429],[-7.2746,42.1455],[-7.2724,42.1419],[-7.274,42.147],[-7.2766,42.1462]],[[-7.2362,42.1758],[-7.2343,42.177],[-7.2338,42.1767],[-7.2335,42.1769],[-7.2345,42.1774],[-7.2362,42.1758]],[[-7.2336,42.1777],[-7.2342,42.178],[-7.2342,42.1778],[-7.2336,42.1777]],[[-7.2354,42.177],[-7.2353,42.177],[-7.2354,42.177],[-7.2354,42.177]],[[-7.2355,42.1771],[-7.2355,42.1771],[-7.2355,42.1771],[-7.2355,42.1771]],[[-7.2374,42.1826],[-7.2391,42.1826],[-7.2395,42.1827],[-7.2404,42.1824],[-7.2405,42.1816],[-7.2374,42.1826]],[[-7.4928,42.251],[-7.4927,42.251],[-7.4926,42.251],[-7.4928,42.251],[-7.4928,42.251]],[[-7.5162,42.2073],[-7.5161,42.2073],[-7.5162,42.2073],[-7.5162,42.2073]],[[-7.5162,42.2072],[-7.5163,42.2072],[-7.5162,42.2072],[-7.5162,42.2072]],[[-7.5125,42.2125],[-7.5125,42.2126],[-7.5125,42.2126],[-7.5125,42.2125]],[[-7.5058,42.2106],[-7.5057,42.2107],[-7.5058,42.2107],[-7.5058,42.2106]],[[-7.503,42.2095],[-7.503,42.2095],[-7.503,42.2095],[-7.503,42.2095]],[[-7.5021,42.2096],[-7.5021,42.2097],[-7.5021,42.2096],[-7.5021,42.2096]],[[-7.4907,42.2115],[-7.4913,42.2117],[-7.4926,42.2119],[-7.4916,42.2112],[-7.4907,42.2115]],[[-7.4934,42.212],[-7.4932,42.2137],[-7.4937,42.2122],[-7.4946,42.2122],[-7.4945,42.2121],[-7.4934,42.212]],[[-7.4926,42.2116],[-7.4925,42.2116],[-7.4926,42.2116],[-7.4926,42.2116]],[[-7.4926,42.2105],[-7.4944,42.2109],[-7.4934,42.21],[-7.4926,42.2105]],[[-7.4945,42.2109],[-7.4945,42.2109],[-7.4945,42.2109],[-7.4945,42.2109]],[[-7.4945,42.2108],[-7.4946,42.2108],[-7.4945,42.2108],[-7.4945,42.2108]],[[-7.4947,42.2107],[-7.4946,42.2108],[-7.4948,42.2106],[-7.4947,42.2107]],[[-7.4895,42.2105],[-7.4893,42.2107],[-7.4897,42.2108],[-7.4895,42.2105]],[[-7.4896,42.2099],[-7.4897,42.2099],[-7.4896,42.2098],[-7.4896,42.2099]],[[-7.4663,42.2137],[-7.4665,42.2137],[-7.4665,42.2136],[-7.4663,42.2137]],[[-7.4578,42.2085],[-7.4578,42.2085],[-7.4578,42.2085],[-7.4578,42.2085]],[[-7.4716,42.2022],[-7.4717,42.2022],[-7.4716,42.2022],[-7.4716,42.2022]],[[-7.4768,42.2009],[-7.4768,42.201],[-7.4768,42.201],[-7.4768,42.2009]],[[-7.5119,42.1989],[-7.5118,42.1989],[-7.5118,42.199],[-7.5119,42.1989]],[[-7.4677,42.2042],[-7.4677,42.2041],[-7.4676,42.2042],[-7.4677,42.2042]],[[-7.4659,42.2049],[-7.4659,42.205],[-7.4659,42.205],[-7.4659,42.2049]],[[-7.4627,42.2059],[-7.4625,42.2058],[-7.4625,42.2059],[-7.4627,42.2059]],[[-7.5667,42.2606],[-7.5669,42.2614],[-7.569,42.2602],[-7.5667,42.2606]],[[-7.574,42.2702],[-7.5735,42.27],[-7.574,42.2703],[-7.574,42.2702]],[[-7.5698,42.2664],[-7.5698,42.2703],[-7.5727,42.268],[-7.5698,42.2664]],[[-7.5678,42.272],[-7.5664,42.2691],[-7.5637,42.2717],[-7.5678,42.272]],[[-7.5694,42.2783],[-7.5697,42.2788],[-7.5702,42.2786],[-7.5694,42.2783]],[[-7.5595,42.2155],[-7.5595,42.2155],[-7.5595,42.2155],[-7.5595,42.2155]],[[-7.5593,42.2156],[-7.5593,42.2157],[-7.5593,42.2156],[-7.5593,42.2156]],[[-7.5603,42.2174],[-7.5593,42.218],[-7.5594,42.2185],[-7.5603,42.2174]],[[-7.5541,42.2283],[-7.5503,42.2287],[-7.551,42.232],[-7.5535,42.2305],[-7.5537,42.2343],[-7.5531,42.235],[-7.5533,42.2351],[-7.5538,42.2344],[-7.5544,42.2324],[-7.5541,42.2283]],[[-7.5614,42.2328],[-7.5582,42.2327],[-7.5582,42.2336],[-7.5597,42.2349],[-7.5618,42.2342],[-7.5622,42.2348],[-7.5605,42.236],[-7.5615,42.2368],[-7.5628,42.2368],[-7.5619,42.2337],[-7.5611,42.2342],[-7.5598,42.2342],[-7.5614,42.2331],[-7.5614,42.2328]],[[-7.5627,42.2354],[-7.5628,42.2356],[-7.5633,42.2354],[-7.5627,42.2354]],[[-7.5626,42.2464],[-7.5621,42.2466],[-7.5629,42.2466],[-7.5626,42.2464]],[[-7.5619,42.2467],[-7.5619,42.2466],[-7.5618,42.2467],[-7.5619,42.2467]],[[-7.5617,42.2467],[-7.5609,42.2468],[-7.5608,42.247],[-7.5605,42.2471],[-7.5608,42.2472],[-7.5617,42.2467]],[[-7.5561,42.2473],[-7.5589,42.2455],[-7.5567,42.2466],[-7.5561,42.2473]],[[-7.563,42.2519],[-7.5613,42.2529],[-7.56,42.2533],[-7.5622,42.2528],[-7.563,42.2519]],[[-7.5596,42.2674],[-7.5603,42.2653],[-7.5612,42.2642],[-7.5606,42.264],[-7.5606,42.2648],[-7.5594,42.2654],[-7.5596,42.2674]],[[-7.5631,42.2645],[-7.5645,42.2649],[-7.5655,42.2628],[-7.5631,42.2645]],[[-7.5556,42.272],[-7.5565,42.2699],[-7.5547,42.2691],[-7.5556,42.272]],[[-7.5189,42.2537],[-7.5188,42.2538],[-7.5189,42.2538],[-7.5189,42.2537]],[[-7.5185,42.2535],[-7.5185,42.2535],[-7.5185,42.2535],[-7.5185,42.2535]],[[-7.5181,42.2534],[-7.5182,42.2534],[-7.5182,42.2533],[-7.5181,42.2534]],[[-7.552,42.2502],[-7.5507,42.2492],[-7.5506,42.2494],[-7.552,42.2502]],[[-7.55,42.2502],[-7.5502,42.25],[-7.5501,42.2499],[-7.55,42.2502]],[[-7.5669,42.2484],[-7.568,42.2484],[-7.5678,42.2479],[-7.5669,42.2484]],[[-7.569,42.2488],[-7.5686,42.2488],[-7.569,42.249],[-7.569,42.2488]],[[-7.568,42.2524],[-7.5671,42.2525],[-7.568,42.2525],[-7.568,42.2524]],[[-7.5664,42.2541],[-7.5667,42.2523],[-7.5662,42.2528],[-7.5662,42.2533],[-7.5657,42.2533],[-7.5652,42.2537],[-7.5664,42.2541]],[[-7.5657,42.2533],[-7.5657,42.2533],[-7.5657,42.2533],[-7.5657,42.2533]],[[-7.5661,42.2546],[-7.5664,42.2546],[-7.5662,42.2545],[-7.5661,42.2546]],[[-7.5711,42.2522],[-7.5701,42.2524],[-7.57,42.2529],[-7.5711,42.2522]],[[-7.5688,42.2581],[-7.5688,42.2584],[-7.5689,42.2584],[-7.5688,42.2581]],[[-7.5678,42.2597],[-7.5678,42.2597],[-7.5678,42.2597],[-7.5678,42.2597]],[[-7.5659,42.2617],[-7.5662,42.2627],[-7.5662,42.2619],[-7.5659,42.2617]],[[-7.5747,42.2563],[-7.5746,42.2559],[-7.5744,42.2559],[-7.5747,42.2563]],[[-7.5818,42.2829],[-7.5821,42.2829],[-7.5815,42.2829],[-7.5818,42.2829]],[[-7.5813,42.2832],[-7.5801,42.2832],[-7.5815,42.2835],[-7.5813,42.2832]],[[-7.5734,42.2815],[-7.5738,42.2827],[-7.5745,42.2825],[-7.5739,42.2816],[-7.5734,42.2815]],[[-7.5714,42.2783],[-7.571,42.2784],[-7.5705,42.2784],[-7.5712,42.2785],[-7.5714,42.2783]],[[-7.567,42.2728],[-7.5669,42.2731],[-7.5671,42.2729],[-7.567,42.2728]],[[-7.561,42.2741],[-7.5611,42.2741],[-7.5611,42.2741],[-7.561,42.2741]],[[-7.5474,42.2721],[-7.5468,42.2718],[-7.5468,42.2717],[-7.5468,42.2718],[-7.547,42.272],[-7.5474,42.2721]],[[-7.5404,42.264],[-7.5404,42.264],[-7.5404,42.264],[-7.5404,42.264]],[[-7.5387,42.264],[-7.5383,42.264],[-7.5386,42.2641],[-7.5387,42.264]],[[-7.5318,42.256],[-7.5317,42.2566],[-7.5322,42.2566],[-7.5318,42.256]],[[-7.531,42.2559],[-7.5314,42.256],[-7.5307,42.2555],[-7.531,42.2559]],[[-7.5308,42.253],[-7.5349,42.2578],[-7.5389,42.2574],[-7.5366,42.2568],[-7.5334,42.2535],[-7.5353,42.2519],[-7.5349,42.2505],[-7.5324,42.2533],[-7.5309,42.2484],[-7.5308,42.2517],[-7.5286,42.2523],[-7.5257,42.2493],[-7.5282,42.2481],[-7.5251,42.2461],[-7.5273,42.2416],[-7.5263,42.2388],[-7.5218,42.2427],[-7.5245,42.2432],[-7.523,42.2449],[-7.522,42.2437],[-7.5194,42.2437],[-7.5237,42.2464],[-7.5172,42.2466],[-7.5218,42.2468],[-7.5236,42.2488],[-7.5204,42.2482],[-7.5209,42.2495],[-7.5255,42.2501],[-7.5263,42.253],[-7.5245,42.2538],[-7.5245,42.2546],[-7.525,42.2541],[-7.5256,42.2541],[-7.5263,42.2547],[-7.5272,42.2533],[-7.5308,42.253]],[[-7.5254,42.2548],[-7.5254,42.2546],[-7.525,42.2543],[-7.5254,42.2548]],[[-7.5406,42.2551],[-7.5392,42.2557],[-7.5396,42.2557],[-7.5406,42.2551]],[[-7.5436,42.2577],[-7.5458,42.2576],[-7.5463,42.2571],[-7.5443,42.2571],[-7.5436,42.2577]],[[-7.548,42.2583],[-7.548,42.2583],[-7.548,42.2583],[-7.548,42.2583]],[[-7.5484,42.2584],[-7.5487,42.2582],[-7.5483,42.2582],[-7.5483,42.2578],[-7.548,42.2577],[-7.5484,42.2584]],[[-7.5561,42.2575],[-7.5559,42.2586],[-7.5566,42.2591],[-7.5561,42.2575]],[[-7.5557,42.2565],[-7.5553,42.2569],[-7.5554,42.257],[-7.5557,42.2565]],[[-7.5555,42.2575],[-7.5553,42.257],[-7.555,42.2572],[-7.5555,42.2575]],[[-7.5553,42.2578],[-7.5546,42.2582],[-7.5547,42.2583],[-7.5553,42.2578]],[[-7.5536,42.2577],[-7.5525,42.2579],[-7.5517,42.2586],[-7.5536,42.2577]],[[-7.5513,42.2582],[-7.551,42.2577],[-7.5506,42.258],[-7.5513,42.2582]],[[-7.5507,42.2575],[-7.5497,42.2579],[-7.549,42.2581],[-7.5494,42.2582],[-7.5507,42.2575]],[[-7.5381,42.2529],[-7.5384,42.252],[-7.5381,42.2517],[-7.5381,42.2529]],[[-7.5376,42.255],[-7.5364,42.2546],[-7.5359,42.2557],[-7.5376,42.255]],[[-7.5289,42.2502],[-7.5282,42.2505],[-7.5293,42.2507],[-7.5289,42.2502]],[[-7.5294,42.2514],[-7.529,42.2515],[-7.5293,42.2517],[-7.5294,42.2514]],[[-7.528,42.2466],[-7.5274,42.2468],[-7.5279,42.2468],[-7.528,42.2466]],[[-7.529,42.2385],[-7.528,42.2392],[-7.5285,42.2396],[-7.529,42.2385]],[[-7.5276,42.238],[-7.5265,42.2383],[-7.5277,42.2383],[-7.5276,42.238]],[[-7.5264,42.2385],[-7.5273,42.2386],[-7.5266,42.2384],[-7.5264,42.2385]],[[-7.5225,42.2392],[-7.5184,42.2415],[-7.5197,42.2432],[-7.5202,42.2414],[-7.5225,42.2392]],[[-7.5169,42.2398],[-7.5161,42.2406],[-7.518,42.2414],[-7.5169,42.2398]],[[-7.5167,42.2466],[-7.5164,42.2451],[-7.5157,42.2462],[-7.5167,42.2466]],[[-7.4974,42.2493],[-7.4973,42.2494],[-7.4976,42.2493],[-7.4974,42.2493]],[[-7.4972,42.2494],[-7.4972,42.2494],[-7.4972,42.2494],[-7.4972,42.2494]],[[-7.5093,42.2294],[-7.5101,42.2309],[-7.5128,42.2312],[-7.5093,42.2294]],[[-7.5191,42.2247],[-7.5191,42.2244],[-7.5189,42.2246],[-7.5191,42.2247]],[[-7.5538,42.2182],[-7.5574,42.2198],[-7.5571,42.2191],[-7.5538,42.2182]],[[-7.5578,42.2202],[-7.5574,42.2199],[-7.5572,42.2203],[-7.5578,42.2202]],[[-7.5601,42.2341],[-7.5601,42.2341],[-7.5601,42.2341],[-7.5601,42.2341]],[[-7.56,42.2341],[-7.56,42.2341],[-7.56,42.2341],[-7.56,42.2341]],[[-7.5599,42.2341],[-7.5599,42.2341],[-7.56,42.2341],[-7.5599,42.2341]],[[-7.5614,42.2325],[-7.5607,42.2327],[-7.561,42.2327],[-7.5614,42.2325]],[[-7.5581,42.2326],[-7.5572,42.2324],[-7.5571,42.2324],[-7.5581,42.2326]],[[-7.5596,42.2355],[-7.5585,42.2355],[-7.5586,42.2357],[-7.5596,42.2355]],[[-7.5587,42.2357],[-7.5588,42.2357],[-7.5588,42.2357],[-7.5587,42.2357]],[[-7.5634,42.2373],[-7.5631,42.2368],[-7.5628,42.2369],[-7.5634,42.2373]],[[-7.5617,42.2404],[-7.5618,42.2403],[-7.5617,42.2403],[-7.5617,42.2404]],[[-7.5572,42.2393],[-7.557,42.238],[-7.5562,42.2382],[-7.5572,42.2393]],[[-7.5556,42.2352],[-7.5542,42.2357],[-7.5553,42.2363],[-7.5556,42.2352]],[[-7.5543,42.2356],[-7.5542,42.2356],[-7.5543,42.2356],[-7.5543,42.2356]],[[-7.5535,42.2338],[-7.5535,42.2339],[-7.5535,42.2339],[-7.5535,42.2338]],[[-7.5536,42.2341],[-7.5535,42.2342],[-7.5536,42.2342],[-7.5536,42.2341]],[[-7.5551,42.2371],[-7.5561,42.2374],[-7.5558,42.2364],[-7.5551,42.2371]],[[-7.553,42.2412],[-7.5528,42.2416],[-7.5535,42.2414],[-7.553,42.2412]],[[-7.5525,42.2412],[-7.5516,42.2414],[-7.5523,42.2414],[-7.5525,42.2412]],[[-7.5517,42.2409],[-7.5517,42.2405],[-7.5515,42.2406],[-7.5517,42.2409]],[[-7.5517,42.2396],[-7.5524,42.2399],[-7.5528,42.2397],[-7.5517,42.2396]],[[-7.5504,42.2413],[-7.5499,42.2405],[-7.5497,42.2409],[-7.5504,42.2413]],[[-7.5508,42.2401],[-7.5503,42.2402],[-7.5507,42.2403],[-7.5508,42.2401]],[[-7.5498,42.2416],[-7.5498,42.2423],[-7.55,42.2419],[-7.5498,42.2416]],[[-7.5488,42.2422],[-7.5486,42.2418],[-7.5483,42.2419],[-7.5488,42.2422]],[[-7.5453,42.2697],[-7.5444,42.2694],[-7.5446,42.2702],[-7.5453,42.2697]],[[-7.5624,42.2652],[-7.5627,42.2655],[-7.5631,42.2651],[-7.5624,42.2652]],[[-7.5616,42.265],[-7.562,42.265],[-7.5617,42.2649],[-7.5616,42.265]],[[-7.5597,42.2634],[-7.5602,42.2638],[-7.5606,42.2637],[-7.5597,42.2634]],[[-7.5605,42.2648],[-7.5605,42.2648],[-7.5605,42.2648],[-7.5605,42.2648]],[[-7.5595,42.2674],[-7.5588,42.268],[-7.559,42.2683],[-7.5595,42.268],[-7.5595,42.2674]],[[-7.5332,42.259],[-7.5326,42.2587],[-7.5323,42.2588],[-7.5332,42.259]],[[-7.5236,42.2369],[-7.5227,42.2365],[-7.5219,42.2369],[-7.5229,42.2374],[-7.5236,42.2369]],[[-7.5185,42.2367],[-7.5122,42.2372],[-7.5169,42.2372],[-7.5148,42.2385],[-7.5111,42.2368],[-7.5155,42.2392],[-7.5185,42.2367]],[[-7.5141,42.2387],[-7.5137,42.2387],[-7.514,42.2388],[-7.5141,42.2387]],[[-7.5141,42.2388],[-7.5141,42.2388],[-7.5141,42.2388],[-7.5141,42.2388]],[[-7.5173,42.2392],[-7.5178,42.2393],[-7.5174,42.2389],[-7.5173,42.2392]],[[-7.5173,42.2392],[-7.5172,42.2392],[-7.5172,42.2392],[-7.5173,42.2392]],[[-7.517,42.2396],[-7.5171,42.2396],[-7.517,42.2395],[-7.517,42.2396]],[[-7.5087,42.2355],[-7.5094,42.2358],[-7.5099,42.2358],[-7.5087,42.2355]],[[-7.5129,42.2258],[-7.515,42.2251],[-7.5133,42.2252],[-7.5129,42.2258]],[[-7.5161,42.2248],[-7.5161,42.2243],[-7.5158,42.2248],[-7.5161,42.2248]],[[-7.5508,42.2687],[-7.5511,42.2688],[-7.5508,42.2686],[-7.5508,42.2687]],[[-7.5496,42.2711],[-7.5486,42.2716],[-7.5494,42.2714],[-7.5496,42.2711]],[[-7.5541,42.2725],[-7.5537,42.2726],[-7.5535,42.2726],[-7.5541,42.2725]],[[-7.5697,42.2738],[-7.5689,42.2741],[-7.5689,42.2746],[-7.5691,42.2748],[-7.5693,42.2748],[-7.5697,42.2738]],[[-7.5751,42.2753],[-7.5758,42.2762],[-7.5767,42.2754],[-7.5751,42.2753]],[[-7.582,42.2805],[-7.5814,42.2799],[-7.5814,42.2805],[-7.582,42.2805]],[[-7.5712,42.2808],[-7.5714,42.2816],[-7.572,42.281],[-7.573,42.281],[-7.5712,42.2808]],[[-7.5717,42.2815],[-7.5717,42.2815],[-7.5717,42.2815],[-7.5717,42.2815]],[[-7.5717,42.2814],[-7.5717,42.2814],[-7.5717,42.2814],[-7.5717,42.2814]],[[-7.5686,42.2624],[-7.5685,42.2629],[-7.5689,42.2626],[-7.5686,42.2624]],[[-7.5537,42.2675],[-7.5541,42.268],[-7.5544,42.2684],[-7.5546,42.2681],[-7.5537,42.2675]],[[-7.5539,42.2684],[-7.5539,42.2684],[-7.5539,42.2684],[-7.5539,42.2684]],[[-7.5544,42.2684],[-7.5544,42.2683],[-7.5543,42.2683],[-7.5544,42.2684]],[[-7.5492,42.266],[-7.5499,42.2667],[-7.5499,42.2656],[-7.5492,42.266]],[[-7.5366,42.261],[-7.5363,42.261],[-7.5363,42.2612],[-7.5366,42.261]],[[-7.5618,42.2546],[-7.5625,42.2551],[-7.5632,42.2547],[-7.5618,42.2546]],[[-7.563,42.2517],[-7.5639,42.2512],[-7.5629,42.2512],[-7.563,42.2517]],[[-7.56,42.2521],[-7.5593,42.2526],[-7.5607,42.2523],[-7.56,42.2521]],[[-7.551,42.2522],[-7.5504,42.2531],[-7.5514,42.2525],[-7.551,42.2522]],[[-7.5602,42.2509],[-7.5593,42.2515],[-7.5604,42.251],[-7.5602,42.2509]],[[-7.5399,42.2399],[-7.5396,42.2408],[-7.5401,42.2398],[-7.5399,42.2399]],[[-7.5407,42.2382],[-7.5394,42.2365],[-7.5367,42.2389],[-7.5407,42.2382]],[[-7.5423,42.2341],[-7.5444,42.2336],[-7.5447,42.2333],[-7.5439,42.2328],[-7.5426,42.233],[-7.5423,42.2341]],[[-7.5422,42.234],[-7.5418,42.2339],[-7.5419,42.234],[-7.5422,42.234]],[[-7.5419,42.2348],[-7.5398,42.2343],[-7.539,42.235],[-7.5419,42.2348]],[[-7.5353,42.2405],[-7.5352,42.241],[-7.5357,42.2401],[-7.5353,42.2405]],[[-7.5261,42.237],[-7.5265,42.2371],[-7.5264,42.2367],[-7.5261,42.237]],[[-7.551,42.2363],[-7.5523,42.2368],[-7.5529,42.2365],[-7.5524,42.2362],[-7.551,42.2363]],[[-7.5475,42.2382],[-7.5483,42.2379],[-7.5494,42.2378],[-7.5484,42.2378],[-7.5475,42.2382]],[[-7.5474,42.2383],[-7.5474,42.2383],[-7.5475,42.2382],[-7.5474,42.2383]],[[-7.5473,42.2387],[-7.5465,42.2389],[-7.5465,42.2398],[-7.5473,42.2387]],[[-7.5478,42.241],[-7.5476,42.2414],[-7.5482,42.2413],[-7.5478,42.241]],[[-7.5591,42.2302],[-7.5581,42.2301],[-7.5594,42.2304],[-7.5591,42.2302]],[[-7.562,42.2258],[-7.5612,42.226],[-7.5621,42.2266],[-7.562,42.2258]],[[-7.5156,42.2329],[-7.5146,42.2334],[-7.5163,42.2332],[-7.5156,42.2329]],[[-7.5186,42.2378],[-7.5186,42.2383],[-7.5189,42.2379],[-7.5186,42.2378]],[[-7.5014,42.2406],[-7.5007,42.2411],[-7.5009,42.2423],[-7.5022,42.2395],[-7.5019,42.2388],[-7.5038,42.2386],[-7.5049,42.2382],[-7.5053,42.238],[-7.5054,42.2378],[-7.5025,42.2369],[-7.5014,42.2406]],[[-7.5018,42.2393],[-7.5018,42.2393],[-7.5018,42.2393],[-7.5018,42.2393]],[[-7.5006,42.2427],[-7.5009,42.2438],[-7.501,42.2423],[-7.5006,42.2427]],[[-7.5027,42.2438],[-7.502,42.2441],[-7.5013,42.2442],[-7.5019,42.2443],[-7.5027,42.2438]],[[-7.5061,42.2458],[-7.5062,42.2451],[-7.5058,42.2453],[-7.5061,42.2458]],[[-7.5057,42.2446],[-7.5053,42.245],[-7.5061,42.2449],[-7.5057,42.2446]],[[-7.4976,42.2438],[-7.4969,42.2447],[-7.4982,42.2437],[-7.4976,42.2438]],[[-7.4983,42.2416],[-7.4968,42.2402],[-7.4962,42.2417],[-7.4983,42.2416]],[[-7.4987,42.2466],[-7.4989,42.2471],[-7.4993,42.2469],[-7.4987,42.2466]],[[-7.5322,42.2055],[-7.5309,42.2052],[-7.531,42.2063],[-7.5312,42.2056],[-7.5322,42.2055]],[[-7.5464,42.2129],[-7.5461,42.213],[-7.5463,42.2131],[-7.5464,42.2129]],[[-7.5419,42.2092],[-7.5417,42.2096],[-7.542,42.2093],[-7.5419,42.2092]],[[-7.5314,42.215],[-7.5318,42.2148],[-7.5315,42.2147],[-7.5314,42.215]],[[-7.5296,42.2092],[-7.53,42.2084],[-7.5293,42.2093],[-7.5296,42.2092]],[[-7.528,42.2089],[-7.5283,42.2085],[-7.5285,42.2084],[-7.5282,42.2084],[-7.528,42.2089]],[[-7.5271,42.2064],[-7.5263,42.2074],[-7.5271,42.2072],[-7.5271,42.2064]],[[-7.521,42.2351],[-7.5198,42.2359],[-7.5201,42.2359],[-7.5208,42.2354],[-7.521,42.2351],[-7.521,42.2351]],[[-7.5618,42.2403],[-7.5618,42.2403],[-7.5619,42.2403],[-7.5618,42.2403]],[[-7.5647,42.2543],[-7.5649,42.254],[-7.5645,42.2542],[-7.5647,42.2543]],[[-7.586,42.2763],[-7.586,42.2763],[-7.586,42.2763],[-7.586,42.2763]],[[-7.5452,42.2661],[-7.5454,42.2657],[-7.545,42.2658],[-7.5452,42.2661]],[[-7.5439,42.267],[-7.544,42.2665],[-7.5432,42.2664],[-7.5439,42.267]],[[-7.5411,42.2556],[-7.5409,42.2558],[-7.5412,42.2558],[-7.5411,42.2556]],[[-7.5431,42.2557],[-7.5441,42.257],[-7.5445,42.2569],[-7.5431,42.2557]],[[-7.542,42.2555],[-7.5426,42.2551],[-7.542,42.2554],[-7.542,42.2555]],[[-7.5187,42.2429],[-7.516,42.2436],[-7.5196,42.2434],[-7.5187,42.2429]],[[-7.5127,42.243],[-7.5138,42.2432],[-7.5127,42.2423],[-7.5127,42.243]],[[-7.4916,42.2456],[-7.4893,42.2452],[-7.4884,42.2455],[-7.4916,42.2456]],[[-7.4916,42.2455],[-7.4917,42.2455],[-7.4916,42.2455],[-7.4916,42.2455]],[[-7.4935,42.2475],[-7.4933,42.2479],[-7.4937,42.2477],[-7.4935,42.2475]],[[-7.4936,42.2486],[-7.4935,42.2485],[-7.4935,42.2486],[-7.4936,42.2486]],[[-7.4905,42.2511],[-7.4906,42.2514],[-7.4909,42.2513],[-7.4905,42.2511]],[[-7.4711,42.2543],[-7.4711,42.2543],[-7.4711,42.2543],[-7.4711,42.2543]],[[-7.4766,42.2469],[-7.4765,42.2468],[-7.4766,42.2469],[-7.4766,42.2469]],[[-7.4841,42.2441],[-7.4848,42.2444],[-7.4849,42.2442],[-7.4841,42.2441]],[[-7.4849,42.2355],[-7.4839,42.2354],[-7.4849,42.2357],[-7.4849,42.2355]],[[-7.4858,42.2358],[-7.4857,42.236],[-7.4864,42.2363],[-7.4858,42.2358]],[[-7.495,42.2389],[-7.4938,42.2386],[-7.4944,42.2392],[-7.495,42.2389]],[[-7.5001,42.235],[-7.5005,42.2356],[-7.5006,42.2351],[-7.5001,42.235]],[[-7.5139,42.2309],[-7.513,42.2311],[-7.513,42.2312],[-7.5139,42.2312],[-7.5139,42.2309]],[[-7.5126,42.2256],[-7.5123,42.2259],[-7.5127,42.2257],[-7.5126,42.2256]],[[-7.4928,42.2403],[-7.4937,42.2414],[-7.4934,42.2405],[-7.4928,42.2403]],[[-7.4849,42.2401],[-7.4849,42.2402],[-7.4849,42.2402],[-7.4849,42.2401]],[[-7.4879,42.2438],[-7.4891,42.2437],[-7.4888,42.2432],[-7.4879,42.2438]],[[-7.4881,42.2446],[-7.487,42.2444],[-7.4867,42.2446],[-7.4881,42.2446]],[[-7.4892,42.2447],[-7.4888,42.245],[-7.4893,42.2449],[-7.4892,42.2447]],[[-7.4862,42.2451],[-7.4861,42.2451],[-7.4861,42.2451],[-7.4862,42.2451]],[[-7.4859,42.2451],[-7.4848,42.2451],[-7.4852,42.2454],[-7.4859,42.2451]],[[-7.4848,42.2448],[-7.4848,42.2448],[-7.4848,42.2448],[-7.4848,42.2448]],[[-7.4825,42.2459],[-7.482,42.2457],[-7.4829,42.2461],[-7.4825,42.2459]],[[-7.4776,42.2507],[-7.4782,42.251],[-7.4783,42.2507],[-7.4776,42.2507]],[[-7.5272,42.2541],[-7.527,42.2548],[-7.5275,42.2546],[-7.5272,42.2541]],[[-7.5318,42.2573],[-7.5299,42.2577],[-7.5299,42.2578],[-7.5318,42.2573]],[[-7.5309,42.2585],[-7.5303,42.2589],[-7.5304,42.2591],[-7.5309,42.2585]],[[-7.5201,42.202],[-7.5184,42.2015],[-7.518,42.2021],[-7.5201,42.202]],[[-7.5183,42.216],[-7.519,42.2167],[-7.5192,42.2161],[-7.5183,42.216]],[[-7.5157,42.2152],[-7.5165,42.2158],[-7.5169,42.2158],[-7.5157,42.2152]],[[-7.5209,42.2237],[-7.5209,42.2242],[-7.5212,42.2238],[-7.5209,42.2237]],[[-7.5196,42.2244],[-7.5195,42.2244],[-7.5195,42.2244],[-7.5196,42.2244]],[[-7.5232,42.2241],[-7.5239,42.2237],[-7.5236,42.2236],[-7.5232,42.2241]],[[-7.5472,42.2569],[-7.5469,42.2572],[-7.5475,42.2572],[-7.5472,42.2569]],[[-7.4872,42.2147],[-7.4876,42.2145],[-7.4874,42.2143],[-7.4872,42.2147]],[[-7.492,42.2137],[-7.4909,42.2145],[-7.4924,42.2147],[-7.492,42.2137]],[[-7.4827,42.2125],[-7.482,42.2128],[-7.482,42.213],[-7.4827,42.2125]],[[-7.4813,42.2121],[-7.4806,42.2131],[-7.4816,42.2119],[-7.4813,42.2121]],[[-7.4779,42.2107],[-7.4779,42.2105],[-7.4779,42.2105],[-7.4779,42.2107]],[[-7.4773,42.2102],[-7.4773,42.2103],[-7.4773,42.2103],[-7.4773,42.2102]],[[-7.4774,42.2103],[-7.4773,42.2103],[-7.4773,42.2103],[-7.4774,42.2103]],[[-7.4606,42.2101],[-7.4607,42.21],[-7.4606,42.21],[-7.4606,42.2101]],[[-7.4611,42.2101],[-7.4612,42.2101],[-7.4612,42.21],[-7.4611,42.2101]],[[-7.4624,42.2079],[-7.4623,42.2079],[-7.4623,42.2079],[-7.4624,42.2079]],[[-7.4625,42.208],[-7.4623,42.2081],[-7.4625,42.2081],[-7.4625,42.208]],[[-7.4604,42.2041],[-7.4609,42.2037],[-7.4599,42.2036],[-7.4604,42.2041]],[[-7.5506,42.237],[-7.5499,42.2383],[-7.5508,42.2372],[-7.5506,42.237]],[[-7.5573,42.2394],[-7.558,42.2396],[-7.5582,42.2393],[-7.5573,42.2394]],[[-7.5481,42.2699],[-7.5487,42.2701],[-7.5488,42.2699],[-7.5481,42.2699]],[[-7.5549,42.2559],[-7.5554,42.2557],[-7.5548,42.2558],[-7.5549,42.2559]],[[-7.5621,42.2543],[-7.5614,42.2534],[-7.5615,42.2539],[-7.5621,42.2543]],[[-7.5481,42.2514],[-7.5481,42.2517],[-7.5483,42.2515],[-7.5481,42.2514]],[[-7.5493,42.2447],[-7.5495,42.2443],[-7.5491,42.2444],[-7.5493,42.2447]],[[-7.5472,42.2319],[-7.5481,42.2323],[-7.5479,42.2319],[-7.5472,42.2319]],[[-7.549,42.2315],[-7.549,42.2312],[-7.5487,42.2317],[-7.549,42.2315]],[[-7.5532,42.2188],[-7.5531,42.2182],[-7.5528,42.2184],[-7.5532,42.2188]],[[-7.5589,42.2172],[-7.5582,42.2172],[-7.5583,42.2174],[-7.5589,42.2172]],[[-7.5316,42.2061],[-7.5317,42.2058],[-7.5315,42.206],[-7.5316,42.2061]],[[-7.516,42.2045],[-7.5164,42.2042],[-7.5157,42.2044],[-7.516,42.2045]],[[-7.5145,42.2045],[-7.5154,42.2046],[-7.5149,42.2043],[-7.5145,42.2045]],[[-7.5111,42.2053],[-7.5106,42.2045],[-7.5104,42.2049],[-7.5111,42.2053]],[[-7.5104,42.2049],[-7.5104,42.2049],[-7.5104,42.2049],[-7.5104,42.2049]],[[-7.4795,42.2044],[-7.478,42.2037],[-7.4781,42.2042],[-7.4795,42.2044]],[[-7.4948,42.2033],[-7.495,42.2037],[-7.4952,42.2037],[-7.4948,42.2033]],[[-7.496,42.2036],[-7.496,42.2031],[-7.496,42.2032],[-7.496,42.2036],[-7.496,42.2036]],[[-7.4963,42.2032],[-7.4964,42.2032],[-7.4963,42.2032],[-7.4963,42.2032]],[[-7.5011,42.2031],[-7.5016,42.2032],[-7.5011,42.203],[-7.5011,42.2031]],[[-7.5008,42.2026],[-7.5011,42.2029],[-7.5009,42.2025],[-7.5008,42.2026]],[[-7.5004,42.2026],[-7.5001,42.2023],[-7.5003,42.2027],[-7.5004,42.2026]],[[-7.5137,42.2026],[-7.514,42.2024],[-7.5131,42.2025],[-7.5137,42.2026]],[[-7.5128,42.2023],[-7.5126,42.2021],[-7.5123,42.2021],[-7.5128,42.2023]],[[-7.5214,42.2022],[-7.5214,42.2016],[-7.5209,42.2016],[-7.5208,42.202],[-7.5214,42.2022]],[[-7.5168,42.2021],[-7.5174,42.202],[-7.5175,42.2019],[-7.5168,42.2021]],[[-7.5164,42.2025],[-7.516,42.2023],[-7.516,42.2024],[-7.5164,42.2025]],[[-7.5184,42.2028],[-7.5195,42.2025],[-7.5183,42.2026],[-7.5184,42.2028]],[[-7.5184,42.2025],[-7.5182,42.2023],[-7.5181,42.2024],[-7.5184,42.2025]],[[-7.5215,42.2026],[-7.5216,42.2036],[-7.522,42.2035],[-7.5215,42.2026]],[[-7.5165,42.2033],[-7.5162,42.2038],[-7.5166,42.2034],[-7.5165,42.2033]],[[-7.5073,42.2038],[-7.5072,42.2036],[-7.5071,42.2038],[-7.5073,42.2038]],[[-7.5068,42.2032],[-7.5074,42.2032],[-7.507,42.2028],[-7.5068,42.2032]],[[-7.5071,42.204],[-7.5072,42.2043],[-7.5071,42.204],[-7.5071,42.204]],[[-7.4815,42.2046],[-7.4826,42.2039],[-7.4819,42.2039],[-7.4815,42.2046]],[[-7.5021,42.2039],[-7.5021,42.2044],[-7.5026,42.2044],[-7.5021,42.2039]],[[-7.5004,42.2035],[-7.5,42.2034],[-7.4998,42.2036],[-7.5004,42.2035]],[[-7.5123,42.2028],[-7.5119,42.2027],[-7.5118,42.2028],[-7.5123,42.2028]],[[-7.5204,42.2035],[-7.5203,42.2033],[-7.5201,42.2034],[-7.5204,42.2035]],[[-7.5146,42.202],[-7.5144,42.2024],[-7.5148,42.2023],[-7.5146,42.202]],[[-7.5218,42.2043],[-7.5223,42.2042],[-7.5218,42.2039],[-7.5218,42.2043]],[[-7.5029,42.2006],[-7.5029,42.2001],[-7.5027,42.2003],[-7.5029,42.2006]],[[-7.5046,42.2005],[-7.5044,42.1998],[-7.5044,42.2005],[-7.5046,42.2005]],[[-7.5056,42.1988],[-7.5057,42.1985],[-7.5052,42.1985],[-7.5056,42.1988]],[[-7.4892,42.1942],[-7.4902,42.1935],[-7.4889,42.1935],[-7.4892,42.1942]],[[-7.4926,42.1915],[-7.4925,42.1917],[-7.4927,42.1916],[-7.4926,42.1915]],[[-7.474,42.2059],[-7.4728,42.2039],[-7.472,42.204],[-7.474,42.2059]],[[-7.4761,42.2068],[-7.4761,42.2068],[-7.4761,42.2068],[-7.4761,42.2068]],[[-7.4763,42.2067],[-7.4763,42.2067],[-7.4763,42.2067],[-7.4763,42.2067]],[[-7.4748,42.2045],[-7.475,42.2052],[-7.4757,42.2057],[-7.4748,42.2045]],[[-7.4758,42.2068],[-7.4738,42.2044],[-7.4733,42.2043],[-7.4747,42.2064],[-7.4758,42.2068]],[[-7.4761,42.2062],[-7.4758,42.2062],[-7.4762,42.2065],[-7.4761,42.2062]],[[-7.4757,42.2059],[-7.4758,42.2059],[-7.4757,42.2058],[-7.4757,42.2059]],[[-7.5183,42.2067],[-7.5176,42.206],[-7.5172,42.2066],[-7.5183,42.2067]],[[-7.5158,42.2062],[-7.5158,42.207],[-7.5161,42.2069],[-7.5158,42.2062]],[[-7.5025,42.2063],[-7.5023,42.2066],[-7.5028,42.2067],[-7.5025,42.2063]],[[-7.5014,42.2061],[-7.5014,42.2062],[-7.5015,42.2062],[-7.5014,42.2061]],[[-7.5126,42.2064],[-7.5124,42.2066],[-7.5128,42.2066],[-7.5126,42.2064]],[[-7.4593,42.2075],[-7.4593,42.2075],[-7.4593,42.2075],[-7.4593,42.2075]],[[-7.4587,42.2079],[-7.4587,42.2079],[-7.4587,42.2079],[-7.4587,42.2079]],[[-7.4585,42.2081],[-7.4585,42.2079],[-7.4584,42.2081],[-7.4585,42.2081]],[[-7.4582,42.2082],[-7.4584,42.2082],[-7.4584,42.2081],[-7.4582,42.2082]],[[-7.4581,42.2083],[-7.4581,42.2082],[-7.4581,42.2083],[-7.4581,42.2083]],[[-7.4578,42.2085],[-7.4578,42.2085],[-7.4578,42.2085],[-7.4578,42.2085]],[[-7.4877,42.2084],[-7.4874,42.2081],[-7.4874,42.2084],[-7.4877,42.2084]],[[-7.4757,42.2085],[-7.4751,42.2086],[-7.4756,42.2088],[-7.4757,42.2085]],[[-7.475,42.2085],[-7.475,42.2086],[-7.4751,42.2085],[-7.475,42.2085]],[[-7.4751,42.2088],[-7.4751,42.2088],[-7.4751,42.2088],[-7.4751,42.2088]],[[-7.459,42.2102],[-7.459,42.2102],[-7.459,42.2102],[-7.459,42.2102]],[[-7.4836,42.2116],[-7.484,42.2116],[-7.4834,42.2116],[-7.4836,42.2116]],[[-7.4784,42.2117],[-7.4784,42.2116],[-7.4784,42.2117],[-7.4784,42.2117]],[[-7.4902,42.2143],[-7.4897,42.2144],[-7.4897,42.2145],[-7.4902,42.2143]],[[-7.4914,42.2155],[-7.4911,42.2155],[-7.491,42.2159],[-7.4914,42.2155]],[[-7.4879,42.2181],[-7.4862,42.218],[-7.4856,42.2181],[-7.4879,42.2181]],[[-7.4848,42.2183],[-7.4847,42.2187],[-7.4848,42.2184],[-7.4848,42.2183]],[[-7.4859,42.2185],[-7.4857,42.2188],[-7.4862,42.2188],[-7.4859,42.2185]],[[-7.4843,42.219],[-7.4838,42.2187],[-7.4838,42.2188],[-7.4843,42.219]],[[-7.4974,42.2094],[-7.4973,42.2096],[-7.4975,42.2097],[-7.4974,42.2094]],[[-7.5136,42.2086],[-7.5145,42.2087],[-7.5138,42.2085],[-7.5136,42.2086]],[[-7.5097,42.2098],[-7.5093,42.2092],[-7.5092,42.2095],[-7.5097,42.2098]],[[-7.5093,42.2105],[-7.5073,42.2101],[-7.5064,42.2117],[-7.5074,42.2119],[-7.5093,42.2105]],[[-7.5097,42.2125],[-7.511,42.2124],[-7.5094,42.2123],[-7.5097,42.2125]],[[-7.5065,42.2152],[-7.5076,42.2143],[-7.5067,42.2145],[-7.5065,42.2152]],[[-7.515,42.2141],[-7.5144,42.2145],[-7.5151,42.2147],[-7.515,42.2141]],[[-7.5146,42.2149],[-7.5149,42.215],[-7.515,42.2148],[-7.5146,42.2149]],[[-7.5082,42.2162],[-7.5096,42.2149],[-7.5078,42.216],[-7.5082,42.2162]],[[-7.5132,42.2155],[-7.5129,42.2157],[-7.5134,42.2158],[-7.5132,42.2155]],[[-7.5135,42.2158],[-7.5137,42.2164],[-7.5137,42.216],[-7.5135,42.2158]],[[-7.5214,42.2161],[-7.5202,42.217],[-7.5221,42.2173],[-7.5214,42.2161]],[[-7.5224,42.2176],[-7.5223,42.2179],[-7.5225,42.2177],[-7.5224,42.2176]],[[-7.5197,42.2172],[-7.5191,42.2174],[-7.5191,42.2176],[-7.5197,42.2172]],[[-7.5183,42.217],[-7.5191,42.2172],[-7.5186,42.2169],[-7.5183,42.217]],[[-7.5164,42.2159],[-7.5166,42.2166],[-7.5168,42.2161],[-7.5164,42.2159]],[[-7.5067,42.2159],[-7.5066,42.2153],[-7.5064,42.2158],[-7.5067,42.2159]],[[-7.5146,42.2125],[-7.5148,42.2122],[-7.5145,42.2124],[-7.5146,42.2125]],[[-7.5354,42.2123],[-7.5352,42.2118],[-7.5347,42.2123],[-7.5354,42.2123]],[[-7.5696,42.2792],[-7.5694,42.2793],[-7.5696,42.2793],[-7.5696,42.2792]],[[-7.4627,42.2076],[-7.463,42.2077],[-7.463,42.2076],[-7.4627,42.2076]],[[-7.4621,42.2087],[-7.4619,42.2087],[-7.462,42.2088],[-7.4621,42.2087]],[[-7.4617,42.2087],[-7.4616,42.2088],[-7.4617,42.2088],[-7.4617,42.2087]],[[-7.4615,42.2086],[-7.4614,42.2085],[-7.4613,42.2086],[-7.4615,42.2086]],[[-7.4612,42.2087],[-7.4612,42.2086],[-7.461,42.2087],[-7.4612,42.2087]],[[-7.4609,42.2088],[-7.4609,42.2088],[-7.461,42.2087],[-7.4609,42.2088]],[[-7.4616,42.2085],[-7.4615,42.2086],[-7.4616,42.2086],[-7.4616,42.2085]],[[-7.4605,42.209],[-7.4607,42.2091],[-7.4608,42.2089],[-7.4605,42.209]],[[-7.4602,42.2093],[-7.4603,42.2092],[-7.4602,42.2092],[-7.4602,42.2093]],[[-7.4602,42.2093],[-7.4599,42.209],[-7.4599,42.2095],[-7.4603,42.2095],[-7.4602,42.2093]],[[-7.5146,42.2465],[-7.5154,42.2467],[-7.5156,42.2462],[-7.5146,42.2465]],[[-7.5205,42.2494],[-7.5205,42.25],[-7.5208,42.2497],[-7.5205,42.2494]],[[-7.5251,42.2505],[-7.5247,42.2508],[-7.5254,42.2505],[-7.5251,42.2505]],[[-7.525,42.252],[-7.5246,42.2524],[-7.5252,42.2525],[-7.525,42.252]],[[-7.5176,42.2491],[-7.5172,42.2487],[-7.5173,42.2492],[-7.5176,42.2491]],[[-7.5126,42.2462],[-7.5122,42.2461],[-7.5127,42.2464],[-7.5126,42.2462]],[[-7.5066,42.2486],[-7.5066,42.2486],[-7.5065,42.2486],[-7.5066,42.2486]],[[-7.5214,42.2423],[-7.522,42.2417],[-7.5209,42.2411],[-7.5214,42.2423]],[[-7.5246,42.2503],[-7.5248,42.2504],[-7.5251,42.2503],[-7.5246,42.2503]],[[-7.561,42.2351],[-7.5608,42.2346],[-7.5606,42.2349],[-7.561,42.2351]],[[-7.5486,42.2387],[-7.549,42.2384],[-7.5485,42.2386],[-7.5486,42.2387]],[[-7.5362,42.2396],[-7.5359,42.2397],[-7.5362,42.2398],[-7.5362,42.2396]],[[-7.5503,42.2421],[-7.5501,42.2425],[-7.5505,42.2425],[-7.5503,42.2421]],[[-7.5345,42.2492],[-7.5348,42.2498],[-7.5349,42.2498],[-7.5345,42.2492]],[[-7.5198,42.2513],[-7.5195,42.2505],[-7.5194,42.2508],[-7.5198,42.2513]],[[-7.5055,42.2374],[-7.505,42.2376],[-7.5056,42.2376],[-7.5055,42.2374]],[[-7.5616,42.2653],[-7.561,42.2658],[-7.5622,42.2656],[-7.5616,42.2653]],[[-7.5775,42.2751],[-7.5769,42.2753],[-7.5778,42.2753],[-7.5775,42.2751]],[[-7.5702,42.2815],[-7.5702,42.2821],[-7.5703,42.2824],[-7.5702,42.2815]],[[-7.5596,42.2682],[-7.5597,42.2685],[-7.56,42.2685],[-7.5596,42.2682]],[[-7.5441,42.2582],[-7.5434,42.2586],[-7.5436,42.2588],[-7.5441,42.2582]],[[-7.5451,42.2667],[-7.5454,42.2665],[-7.5451,42.2663],[-7.5451,42.2667]],[[-7.5204,42.243],[-7.5218,42.2433],[-7.522,42.2432],[-7.5204,42.243]],[[-7.5187,42.2533],[-7.5183,42.2531],[-7.5183,42.2532],[-7.5187,42.2533]],[[-7.5214,42.2481],[-7.5207,42.2477],[-7.5205,42.2481],[-7.5214,42.2481]],[[-7.514,42.2468],[-7.5134,42.2466],[-7.5138,42.2468],[-7.514,42.2468]],[[-7.5175,42.2455],[-7.5178,42.2459],[-7.5179,42.2457],[-7.5177,42.2455],[-7.5175,42.2455]],[[-7.479,42.2404],[-7.479,42.2404],[-7.479,42.2404],[-7.479,42.2404]],[[-7.4764,42.2443],[-7.4764,42.2443],[-7.4764,42.2443],[-7.4764,42.2443]],[[-7.475,42.2449],[-7.475,42.2449],[-7.475,42.2449],[-7.475,42.2449]],[[-7.4698,42.226],[-7.4705,42.2258],[-7.4714,42.2256],[-7.4717,42.2254],[-7.4699,42.2257],[-7.4698,42.226]],[[-7.4778,42.2285],[-7.4778,42.2285],[-7.4778,42.2285],[-7.4778,42.2285]],[[-7.4759,42.2315],[-7.4784,42.2313],[-7.4769,42.2313],[-7.477,42.2303],[-7.4758,42.2305],[-7.4759,42.2315]],[[-7.4708,42.2262],[-7.4708,42.226],[-7.4705,42.2261],[-7.4708,42.2262]],[[-7.4772,42.2378],[-7.4765,42.2376],[-7.4763,42.2379],[-7.4767,42.238],[-7.4772,42.2378]],[[-7.4698,42.2418],[-7.4698,42.2418],[-7.4698,42.2418],[-7.4698,42.2418]],[[-7.4655,42.2495],[-7.4662,42.249],[-7.4658,42.2488],[-7.4657,42.2486],[-7.4655,42.2495]],[[-7.4658,42.2487],[-7.4659,42.2487],[-7.4658,42.2487],[-7.4658,42.2487]],[[-7.4666,42.2502],[-7.4659,42.2495],[-7.4661,42.2505],[-7.4666,42.2502]],[[-7.4583,42.2146],[-7.4583,42.2146],[-7.4583,42.2146],[-7.4583,42.2146]],[[-7.4551,42.2302],[-7.447,42.2308],[-7.4446,42.2327],[-7.4568,42.2349],[-7.4533,42.2318],[-7.4551,42.2302]],[[-7.4532,42.2359],[-7.4539,42.2352],[-7.4533,42.2348],[-7.4532,42.2359]],[[-7.461,42.2348],[-7.4602,42.235],[-7.4617,42.2347],[-7.4611,42.2347],[-7.461,42.2348]],[[-7.4611,42.2347],[-7.461,42.2347],[-7.461,42.2347],[-7.461,42.2347],[-7.4611,42.2347]],[[-7.4619,42.2337],[-7.4619,42.2338],[-7.462,42.2338],[-7.4619,42.2337]],[[-7.462,42.2337],[-7.462,42.2337],[-7.462,42.2337],[-7.462,42.2337]],[[-7.4621,42.2337],[-7.4621,42.2337],[-7.4621,42.2337],[-7.4621,42.2337]],[[-7.4622,42.2336],[-7.4622,42.2336],[-7.4623,42.2336],[-7.4622,42.2336]],[[-7.4625,42.2335],[-7.4624,42.2336],[-7.4627,42.2335],[-7.4625,42.2335]],[[-7.4566,42.2353],[-7.4605,42.238],[-7.4638,42.2374],[-7.4586,42.2351],[-7.4597,42.2348],[-7.4596,42.2343],[-7.4566,42.2353]],[[-7.4609,42.2347],[-7.4609,42.2348],[-7.4609,42.2347],[-7.4609,42.2347]],[[-7.4538,42.2128],[-7.4538,42.2128],[-7.4538,42.2128],[-7.4538,42.2128]],[[-7.4413,42.221],[-7.4414,42.2188],[-7.4412,42.2191],[-7.4409,42.219],[-7.4413,42.221]],[[-7.437,42.2235],[-7.437,42.2235],[-7.437,42.2235],[-7.437,42.2235]],[[-7.4532,42.2464],[-7.4531,42.2463],[-7.4531,42.2464],[-7.4532,42.2464]],[[-7.4542,42.2466],[-7.4539,42.2465],[-7.4538,42.2467],[-7.4542,42.2466]],[[-7.4508,42.2501],[-7.4507,42.25],[-7.4507,42.2501],[-7.4508,42.2501]],[[-7.4076,42.2036],[-7.4073,42.2042],[-7.4074,42.2043],[-7.4076,42.2036]],[[-7.4232,42.2249],[-7.4232,42.2249],[-7.4232,42.2249],[-7.4232,42.2249]],[[-7.4231,42.2249],[-7.4231,42.2249],[-7.4231,42.2249],[-7.4231,42.2249]],[[-7.4073,42.2389],[-7.4073,42.239],[-7.4073,42.2389],[-7.4073,42.2389]],[[-7.408,42.2393],[-7.4076,42.239],[-7.408,42.2394],[-7.408,42.2393]],[[-7.4081,42.2394],[-7.4079,42.2397],[-7.4084,42.2396],[-7.4081,42.2394]],[[-7.4081,42.2393],[-7.4084,42.2394],[-7.4085,42.2391],[-7.4081,42.2393]],[[-7.4072,42.2392],[-7.4072,42.2396],[-7.4073,42.2394],[-7.4078,42.2394],[-7.4072,42.2392]],[[-7.4075,42.2397],[-7.4075,42.2395],[-7.4073,42.2396],[-7.407,42.2396],[-7.4075,42.2397]],[[-7.3932,42.1843],[-7.3929,42.1852],[-7.3933,42.1852],[-7.3932,42.1843]],[[-7.3808,42.1852],[-7.3871,42.188],[-7.3896,42.1878],[-7.3891,42.186],[-7.3808,42.1852]],[[-7.3846,42.1875],[-7.3845,42.1875],[-7.3845,42.1876],[-7.3846,42.1875]],[[-7.4038,42.1936],[-7.4008,42.1932],[-7.4008,42.1947],[-7.4038,42.1936]],[[-7.3983,42.195],[-7.3982,42.1966],[-7.4001,42.1963],[-7.3989,42.1958],[-7.399,42.1952],[-7.3986,42.1949],[-7.3983,42.195]],[[-7.4003,42.1966],[-7.3924,42.1968],[-7.3954,42.1995],[-7.392,42.2005],[-7.388,42.1964],[-7.3918,42.2017],[-7.3903,42.2017],[-7.3884,42.2051],[-7.3878,42.2045],[-7.3843,42.2044],[-7.3841,42.2029],[-7.3838,42.205],[-7.3845,42.2044],[-7.3867,42.2052],[-7.3876,42.2048],[-7.3882,42.2052],[-7.3889,42.2051],[-7.3914,42.202],[-7.3973,42.2056],[-7.3985,42.2013],[-7.3962,42.2007],[-7.3961,42.2003],[-7.3997,42.1985],[-7.4003,42.1966]],[[-7.379,42.2029],[-7.3803,42.2037],[-7.3811,42.2028],[-7.3809,42.2028],[-7.3809,42.2027],[-7.3816,42.2021],[-7.3811,42.2013],[-7.379,42.2029]],[[-7.3875,42.2321],[-7.3872,42.2324],[-7.3875,42.2328],[-7.3875,42.2321]],[[-7.3852,42.2335],[-7.3845,42.2333],[-7.3843,42.2337],[-7.3848,42.2337],[-7.3852,42.2335]],[[-7.3864,42.2348],[-7.3855,42.2347],[-7.3863,42.2351],[-7.3864,42.2348]],[[-7.3865,42.2371],[-7.3865,42.2372],[-7.3865,42.2371],[-7.3865,42.2371]],[[-7.3862,42.2374],[-7.3863,42.2373],[-7.3861,42.2373],[-7.3862,42.2374]],[[-7.3861,42.2375],[-7.3861,42.2373],[-7.3859,42.2374],[-7.3861,42.2375]],[[-7.385,42.2396],[-7.385,42.2396],[-7.385,42.2396],[-7.385,42.2396]],[[-7.3858,42.2385],[-7.3852,42.2387],[-7.3855,42.2388],[-7.3851,42.2393],[-7.3855,42.239],[-7.3858,42.2385]],[[-7.394,42.2363],[-7.394,42.2364],[-7.394,42.2363],[-7.394,42.2363]],[[-7.4003,42.2379],[-7.401,42.2369],[-7.3988,42.2385],[-7.4003,42.2379]],[[-7.4007,42.2385],[-7.4004,42.2388],[-7.4006,42.2388],[-7.4007,42.2385]],[[-7.3997,42.2389],[-7.3997,42.2389],[-7.3997,42.2389],[-7.3997,42.2389]],[[-7.3989,42.2387],[-7.3999,42.2394],[-7.3994,42.2386],[-7.3989,42.2387]],[[-7.3801,42.2426],[-7.3798,42.2431],[-7.3803,42.2432],[-7.3801,42.2426]],[[-7.3968,42.2459],[-7.3961,42.2455],[-7.3961,42.2462],[-7.3968,42.2459]],[[-7.3979,42.2525],[-7.3979,42.2525],[-7.3979,42.2525],[-7.3979,42.2525]],[[-7.3939,42.252],[-7.3961,42.2509],[-7.3933,42.251],[-7.3939,42.252]],[[-7.3969,42.2514],[-7.3968,42.2514],[-7.3969,42.2514],[-7.3969,42.2514]],[[-7.3934,42.2505],[-7.3922,42.2503],[-7.3924,42.2505],[-7.3934,42.2505]],[[-7.3928,42.2509],[-7.3932,42.2507],[-7.3931,42.2506],[-7.3928,42.2509]],[[-7.3905,42.2524],[-7.3906,42.2524],[-7.3905,42.2523],[-7.3905,42.2524]],[[-7.3905,42.2514],[-7.3906,42.2514],[-7.3904,42.2514],[-7.3905,42.2514]],[[-7.3904,42.2513],[-7.3898,42.251],[-7.3895,42.2517],[-7.3904,42.2513]],[[-7.3915,42.2509],[-7.3912,42.2515],[-7.3922,42.2515],[-7.392,42.2511],[-7.3915,42.2509]],[[-7.3915,42.2509],[-7.3915,42.2509],[-7.3915,42.2509],[-7.3915,42.2509]],[[-7.3925,42.2464],[-7.393,42.2467],[-7.3932,42.2465],[-7.3925,42.2464]],[[-7.3925,42.2461],[-7.3921,42.2461],[-7.3917,42.2462],[-7.3925,42.2461]],[[-7.392,42.2444],[-7.3921,42.2444],[-7.3921,42.2443],[-7.392,42.2444]],[[-7.3923,42.2441],[-7.3923,42.2442],[-7.3923,42.2441],[-7.3923,42.2441]],[[-7.3924,42.2441],[-7.3923,42.2441],[-7.3924,42.2441],[-7.3924,42.2441]],[[-7.3914,42.2435],[-7.3914,42.2435],[-7.3914,42.2435],[-7.3914,42.2435]],[[-7.3906,42.2418],[-7.3906,42.2418],[-7.3906,42.2418],[-7.3906,42.2418]],[[-7.3937,42.2441],[-7.3934,42.2451],[-7.3948,42.2444],[-7.3937,42.2441]],[[-7.3995,42.2403],[-7.3998,42.2403],[-7.4006,42.2401],[-7.3995,42.2403]],[[-7.3989,42.2424],[-7.3977,42.2417],[-7.3977,42.2419],[-7.3989,42.2424]],[[-7.3976,42.2419],[-7.3976,42.242],[-7.3977,42.2419],[-7.3976,42.2419]],[[-7.399,42.2428],[-7.3983,42.2438],[-7.3983,42.2442],[-7.3991,42.2435],[-7.399,42.2428]],[[-7.3979,42.2502],[-7.3982,42.2504],[-7.3982,42.2502],[-7.3979,42.2502]],[[-7.3977,42.2502],[-7.3978,42.2501],[-7.3977,42.2501],[-7.3977,42.2502]],[[-7.3983,42.2506],[-7.3981,42.2506],[-7.3983,42.2507],[-7.3983,42.2506]],[[-7.399,42.251],[-7.3997,42.2504],[-7.3988,42.2504],[-7.399,42.251]],[[-7.4006,42.2511],[-7.3998,42.2506],[-7.3997,42.2511],[-7.4006,42.2511]],[[-7.3966,42.2486],[-7.3966,42.2486],[-7.3967,42.2486],[-7.3966,42.2486]],[[-7.3621,42.1704],[-7.3631,42.1714],[-7.3626,42.1705],[-7.3621,42.1704]],[[-7.3575,42.1664],[-7.3574,42.1664],[-7.3574,42.1664],[-7.3575,42.1664]],[[-7.3576,42.1663],[-7.3576,42.1664],[-7.3576,42.1664],[-7.3576,42.1663]],[[-7.3593,42.1689],[-7.3598,42.1694],[-7.3599,42.1694],[-7.3593,42.1689]],[[-7.3596,42.1683],[-7.3597,42.1688],[-7.3598,42.1688],[-7.3596,42.1683]],[[-7.3593,42.1693],[-7.3594,42.1699],[-7.3598,42.1696],[-7.3593,42.1693]],[[-7.3567,42.1649],[-7.3565,42.1643],[-7.3562,42.1649],[-7.3567,42.1649]],[[-7.3595,42.1677],[-7.3592,42.1665],[-7.359,42.1665],[-7.3595,42.1677]],[[-7.3669,42.1758],[-7.3669,42.1758],[-7.3669,42.1758],[-7.3669,42.1758]],[[-7.3596,42.1759],[-7.3602,42.1762],[-7.3596,42.1758],[-7.3596,42.1759]],[[-7.367,42.1764],[-7.367,42.1763],[-7.367,42.1764],[-7.367,42.1764]],[[-7.3636,42.185],[-7.3635,42.185],[-7.3635,42.1851],[-7.3636,42.185]],[[-7.3752,42.1842],[-7.3776,42.1835],[-7.3762,42.1803],[-7.3714,42.1782],[-7.3752,42.1842]],[[-7.3739,42.1848],[-7.3724,42.1841],[-7.3716,42.1853],[-7.3739,42.1848]],[[-7.3592,42.2242],[-7.3577,42.2227],[-7.3582,42.2218],[-7.3621,42.22],[-7.3586,42.2189],[-7.3587,42.2144],[-7.3559,42.2141],[-7.3506,42.2089],[-7.347,42.2082],[-7.3566,42.2151],[-7.3538,42.2241],[-7.3592,42.2242]],[[-7.373,42.2336],[-7.373,42.2336],[-7.373,42.2336],[-7.373,42.2336]],[[-7.3729,42.2337],[-7.3729,42.2337],[-7.3729,42.2337],[-7.3729,42.2337]],[[-7.3669,42.234],[-7.3669,42.234],[-7.3669,42.234],[-7.3669,42.234]],[[-7.3686,42.2349],[-7.3691,42.2349],[-7.3692,42.2345],[-7.3686,42.2349]],[[-7.379,42.2365],[-7.379,42.2365],[-7.379,42.2365],[-7.379,42.2365]],[[-7.3794,42.2408],[-7.3793,42.2412],[-7.3796,42.2411],[-7.3794,42.2408]],[[-7.3779,42.2374],[-7.3779,42.2374],[-7.3779,42.2373],[-7.3779,42.2374]],[[-7.3776,42.2383],[-7.378,42.2385],[-7.3787,42.2385],[-7.3776,42.2383]],[[-7.378,42.2391],[-7.3784,42.2399],[-7.3786,42.2391],[-7.378,42.2391]],[[-7.3778,42.2413],[-7.3772,42.2391],[-7.3766,42.24],[-7.3778,42.2413]],[[-7.3786,42.2404],[-7.3787,42.2404],[-7.3787,42.2404],[-7.3786,42.2404]],[[-7.3787,42.2403],[-7.3787,42.2405],[-7.379,42.2401],[-7.3784,42.2399],[-7.3787,42.2403]],[[-7.3782,42.2407],[-7.3784,42.2405],[-7.3782,42.2405],[-7.3782,42.2407]],[[-7.379,42.2398],[-7.3789,42.2396],[-7.3789,42.2398],[-7.379,42.2398]],[[-7.3759,42.2403],[-7.3752,42.2405],[-7.376,42.2407],[-7.3759,42.2403]],[[-7.3759,42.2396],[-7.3759,42.2396],[-7.376,42.2396],[-7.3759,42.2396]],[[-7.3793,42.2423],[-7.3792,42.2427],[-7.3795,42.2423],[-7.3793,42.2423]],[[-7.378,42.2439],[-7.3784,42.2444],[-7.3786,42.2444],[-7.378,42.2439]],[[-7.3751,42.2429],[-7.375,42.2428],[-7.375,42.2429],[-7.3751,42.2429]],[[-7.3747,42.2423],[-7.3774,42.2427],[-7.3779,42.2416],[-7.3747,42.2423]],[[-7.3745,42.2424],[-7.3742,42.2424],[-7.3745,42.2425],[-7.3745,42.2424]],[[-7.3742,42.2424],[-7.3742,42.2425],[-7.3742,42.2425],[-7.3742,42.2424]],[[-7.3738,42.2417],[-7.3737,42.2415],[-7.3736,42.2417],[-7.3738,42.2417]],[[-7.3744,42.242],[-7.3744,42.242],[-7.3744,42.242],[-7.3744,42.242]],[[-7.379,42.2408],[-7.3789,42.2408],[-7.3789,42.2408],[-7.379,42.2408]],[[-7.3788,42.2408],[-7.3788,42.2409],[-7.3788,42.2408],[-7.3788,42.2408]],[[-7.3605,42.2453],[-7.3595,42.2461],[-7.3606,42.2459],[-7.3601,42.248],[-7.3595,42.2487],[-7.3605,42.2482],[-7.3613,42.2464],[-7.3605,42.2453]],[[-7.3594,42.2468],[-7.3599,42.2474],[-7.3601,42.2467],[-7.3594,42.2468]],[[-7.3641,42.2471],[-7.3635,42.247],[-7.3632,42.2472],[-7.3641,42.2471]],[[-7.3606,42.2511],[-7.3615,42.25],[-7.3602,42.2493],[-7.3606,42.2511]],[[-7.3568,42.2837],[-7.3576,42.2842],[-7.3578,42.284],[-7.3568,42.2837]],[[-7.3573,42.2838],[-7.3574,42.2838],[-7.3573,42.2838],[-7.3573,42.2838]],[[-7.3628,42.2829],[-7.3629,42.2829],[-7.3629,42.2829],[-7.3628,42.2829]],[[-7.3636,42.2837],[-7.3638,42.2839],[-7.3641,42.2839],[-7.3641,42.2838],[-7.3636,42.2837]],[[-7.3552,42.2972],[-7.355,42.2969],[-7.3548,42.2971],[-7.3552,42.2972]],[[-7.3566,42.3069],[-7.3545,42.3057],[-7.3533,42.3071],[-7.3566,42.3069]],[[-7.3583,42.1767],[-7.3583,42.1767],[-7.3583,42.1767],[-7.3583,42.1767]],[[-7.3583,42.1767],[-7.3581,42.1765],[-7.3582,42.1767],[-7.3583,42.1767]],[[-7.3545,42.1848],[-7.3532,42.1864],[-7.3552,42.1891],[-7.3545,42.1848]],[[-7.3521,42.1901],[-7.35,42.1882],[-7.3502,42.1888],[-7.3497,42.1891],[-7.3497,42.1893],[-7.3497,42.1895],[-7.3521,42.1901]],[[-7.35,42.19],[-7.3501,42.1906],[-7.3504,42.1901],[-7.35,42.19]],[[-7.3564,42.1916],[-7.3554,42.1917],[-7.355,42.1923],[-7.3564,42.1916]],[[-7.3501,42.1923],[-7.3492,42.1917],[-7.349,42.192],[-7.3501,42.1923]],[[-7.3465,42.1913],[-7.3451,42.1895],[-7.3457,42.191],[-7.3465,42.1913]],[[-7.3497,42.1864],[-7.3499,42.1865],[-7.3499,42.1863],[-7.3497,42.1864]],[[-7.3498,42.1863],[-7.3498,42.1862],[-7.3498,42.1862],[-7.3498,42.1863]],[[-7.3497,42.1862],[-7.3498,42.1862],[-7.3497,42.1862],[-7.3497,42.1862]],[[-7.3589,42.223],[-7.3588,42.2224],[-7.3585,42.2225],[-7.3589,42.223]],[[-7.3483,42.2284],[-7.3483,42.2284],[-7.3483,42.2284],[-7.3483,42.2284]],[[-7.3546,42.2316],[-7.3546,42.2316],[-7.3546,42.2316],[-7.3546,42.2316]],[[-7.3528,42.2323],[-7.3528,42.2323],[-7.3528,42.2323],[-7.3528,42.2323]],[[-7.3555,42.2432],[-7.3546,42.2451],[-7.3553,42.244],[-7.3554,42.244],[-7.3554,42.2439],[-7.3556,42.2439],[-7.3557,42.2438],[-7.3559,42.244],[-7.3572,42.2434],[-7.3555,42.2432]],[[-7.3544,42.2446],[-7.3541,42.2445],[-7.3541,42.2446],[-7.3544,42.2446]],[[-7.3571,42.2455],[-7.3573,42.2457],[-7.3577,42.2457],[-7.3576,42.2454],[-7.3571,42.2455]],[[-7.358,42.2458],[-7.3579,42.246],[-7.3583,42.2459],[-7.358,42.2458]],[[-7.3588,42.2478],[-7.3592,42.2476],[-7.3587,42.2476],[-7.3588,42.2478]],[[-7.3583,42.2492],[-7.357,42.2499],[-7.3559,42.2495],[-7.3547,42.2498],[-7.3573,42.2503],[-7.3574,42.2498],[-7.3583,42.2492]],[[-7.3589,42.2488],[-7.359,42.2491],[-7.3596,42.2488],[-7.3589,42.2488]],[[-7.354,42.2465],[-7.3545,42.247],[-7.3546,42.2467],[-7.354,42.2465]],[[-7.3554,42.2441],[-7.3553,42.2441],[-7.3556,42.244],[-7.3554,42.2441]],[[-7.3579,42.2443],[-7.358,42.2439],[-7.3572,42.2443],[-7.3579,42.2443]],[[-7.359,42.2451],[-7.3592,42.2455],[-7.3595,42.245],[-7.359,42.2451]],[[-7.3486,42.2474],[-7.3487,42.2478],[-7.3486,42.2474],[-7.3486,42.2474]],[[-7.3484,42.2478],[-7.3484,42.2478],[-7.3484,42.2478],[-7.3484,42.2478]],[[-7.3486,42.249],[-7.3478,42.2489],[-7.3469,42.2491],[-7.3486,42.249]],[[-7.3489,42.2485],[-7.3493,42.2488],[-7.3494,42.2485],[-7.3489,42.2485]],[[-7.3544,42.2507],[-7.3538,42.2505],[-7.3541,42.2507],[-7.3544,42.2507]],[[-7.3538,42.2671],[-7.3535,42.2673],[-7.354,42.2672],[-7.3538,42.2671]],[[-7.3533,42.267],[-7.3532,42.267],[-7.3532,42.267],[-7.3533,42.267]],[[-7.3524,42.2688],[-7.3526,42.2699],[-7.3533,42.2692],[-7.3524,42.2688]],[[-7.3514,42.2699],[-7.3504,42.2701],[-7.3503,42.2704],[-7.3514,42.2699]],[[-7.3517,42.2754],[-7.3527,42.2758],[-7.3526,42.275],[-7.3517,42.2754]],[[-7.3498,42.2764],[-7.3496,42.2766],[-7.3501,42.2767],[-7.3498,42.2764]],[[-7.3497,42.2815],[-7.3522,42.2782],[-7.3522,42.2779],[-7.3523,42.2779],[-7.3522,42.2779],[-7.3522,42.2776],[-7.3516,42.2781],[-7.3503,42.277],[-7.3492,42.2775],[-7.3478,42.2772],[-7.3499,42.2781],[-7.3497,42.2815]],[[-7.3516,42.278],[-7.3516,42.278],[-7.3516,42.278],[-7.3516,42.278]],[[-7.3523,42.2781],[-7.3523,42.278],[-7.3523,42.2781],[-7.3523,42.2781]],[[-7.3523,42.2779],[-7.3522,42.2779],[-7.3523,42.2779],[-7.3523,42.2779]],[[-7.3527,42.2783],[-7.3527,42.2782],[-7.3527,42.2783],[-7.3527,42.2783]],[[-7.3532,42.2784],[-7.3531,42.2784],[-7.3532,42.2784],[-7.3532,42.2784]],[[-7.3528,42.2776],[-7.3527,42.2776],[-7.3527,42.2776],[-7.3528,42.2776]],[[-7.3526,42.2775],[-7.3525,42.2775],[-7.3525,42.2775],[-7.3526,42.2775]],[[-7.3516,42.2805],[-7.3516,42.2806],[-7.3516,42.2805],[-7.3516,42.2805]],[[-7.3493,42.2813],[-7.3496,42.2815],[-7.3496,42.2815],[-7.3493,42.2813]],[[-7.3561,42.2823],[-7.3559,42.2824],[-7.3561,42.2824],[-7.3561,42.2823]],[[-7.352,42.2867],[-7.352,42.2867],[-7.352,42.2867],[-7.352,42.2867]],[[-7.3509,42.2867],[-7.351,42.2865],[-7.3508,42.2866],[-7.3509,42.2867]],[[-7.3537,42.2949],[-7.3545,42.2953],[-7.3545,42.2948],[-7.3537,42.2949]],[[-7.355,42.295],[-7.3549,42.2952],[-7.3554,42.2949],[-7.355,42.295]],[[-7.3573,42.2939],[-7.3576,42.2953],[-7.3596,42.2941],[-7.3574,42.2942],[-7.3582,42.294],[-7.3582,42.2931],[-7.3573,42.2939]],[[-7.3584,42.293],[-7.3586,42.293],[-7.3587,42.2929],[-7.3584,42.293]],[[-7.356,42.294],[-7.3564,42.2943],[-7.3561,42.2939],[-7.356,42.294]],[[-7.3614,42.2927],[-7.3615,42.2927],[-7.3614,42.2927],[-7.3614,42.2927]],[[-7.3518,42.2967],[-7.3518,42.296],[-7.3518,42.2963],[-7.3518,42.2967]],[[-7.3508,42.2987],[-7.3502,42.299],[-7.3512,42.2987],[-7.3508,42.2987]],[[-7.35,42.297],[-7.349,42.298],[-7.3493,42.2983],[-7.35,42.297]],[[-7.3546,42.2994],[-7.3558,42.2998],[-7.3556,42.299],[-7.3546,42.2994]],[[-7.3562,42.2992],[-7.3557,42.2989],[-7.3557,42.299],[-7.3562,42.2992]],[[-7.3575,42.3007],[-7.3572,42.3002],[-7.3571,42.3006],[-7.3575,42.3007]],[[-7.3579,42.3014],[-7.358,42.301],[-7.3579,42.3008],[-7.3576,42.3009],[-7.3579,42.3014]],[[-7.3582,42.3017],[-7.3581,42.3017],[-7.3581,42.3017],[-7.3582,42.3017]],[[-7.3537,42.3074],[-7.3538,42.3074],[-7.3538,42.3074],[-7.3537,42.3074]],[[-7.3524,42.3143],[-7.3523,42.3146],[-7.3525,42.3143],[-7.3524,42.3143]],[[-7.3509,42.3068],[-7.3501,42.3053],[-7.3491,42.3064],[-7.3509,42.3068]],[[-7.3495,42.3072],[-7.3505,42.3071],[-7.3505,42.307],[-7.3495,42.3072]],[[-7.3513,42.3112],[-7.3513,42.3112],[-7.3513,42.3112],[-7.3513,42.3112]],[[-7.3394,42.3139],[-7.3397,42.3141],[-7.3397,42.3139],[-7.3394,42.3139]],[[-7.3365,42.3128],[-7.3364,42.3119],[-7.3355,42.312],[-7.3363,42.3124],[-7.3363,42.3129],[-7.336,42.313],[-7.3365,42.3128]],[[-7.3352,42.3118],[-7.3356,42.3106],[-7.3346,42.3101],[-7.3352,42.3118]],[[-7.3326,42.3109],[-7.3327,42.3105],[-7.3314,42.3097],[-7.3313,42.31],[-7.3326,42.3109]],[[-7.3295,42.3135],[-7.3295,42.3132],[-7.3291,42.3132],[-7.3295,42.3135]],[[-7.3282,42.3133],[-7.3283,42.3127],[-7.3272,42.3122],[-7.3282,42.3133]],[[-7.329,42.3132],[-7.329,42.3132],[-7.329,42.3132],[-7.329,42.3132]],[[-7.3224,42.3096],[-7.3223,42.3096],[-7.3223,42.3096],[-7.3224,42.3096]],[[-7.3231,42.3066],[-7.323,42.3065],[-7.323,42.3066],[-7.3231,42.3066]],[[-7.3226,42.3048],[-7.3223,42.3051],[-7.3228,42.3051],[-7.3226,42.3048]],[[-7.3218,42.3045],[-7.3219,42.3048],[-7.3222,42.3047],[-7.3218,42.3045]],[[-7.3217,42.3045],[-7.3209,42.3036],[-7.3212,42.3031],[-7.321,42.3027],[-7.3206,42.3034],[-7.3217,42.3045]],[[-7.321,42.3024],[-7.3215,42.3025],[-7.3214,42.3022],[-7.321,42.3024]],[[-7.3206,42.3135],[-7.3206,42.3135],[-7.3206,42.3135],[-7.3206,42.3135]],[[-7.3206,42.3134],[-7.3205,42.3134],[-7.3206,42.3135],[-7.3206,42.3134]],[[-7.3212,42.3161],[-7.3214,42.3165],[-7.3218,42.3162],[-7.3212,42.3161]],[[-7.3216,42.3165],[-7.3216,42.3165],[-7.3217,42.3165],[-7.3216,42.3165]],[[-7.3219,42.3164],[-7.322,42.3162],[-7.3218,42.3164],[-7.3219,42.3164]],[[-7.3211,42.3177],[-7.3216,42.3176],[-7.3214,42.3174],[-7.3211,42.3177]],[[-7.3241,42.3201],[-7.3236,42.3203],[-7.3245,42.3203],[-7.3241,42.3201]],[[-7.3251,42.3216],[-7.3253,42.3218],[-7.3254,42.3212],[-7.3251,42.3216]],[[-7.325,42.3219],[-7.3235,42.3228],[-7.3236,42.3231],[-7.325,42.3219]],[[-7.3284,42.3244],[-7.3292,42.3256],[-7.3295,42.325],[-7.3284,42.3244]],[[-7.3307,42.3265],[-7.3307,42.3265],[-7.3307,42.3265],[-7.3307,42.3265]],[[-7.3306,42.3266],[-7.3304,42.3264],[-7.3305,42.3266],[-7.3306,42.3266]],[[-7.3286,42.3278],[-7.3291,42.3281],[-7.3289,42.3276],[-7.3286,42.3278]],[[-7.3219,42.3312],[-7.3216,42.3312],[-7.3216,42.3315],[-7.3219,42.3312]],[[-7.3104,42.3202],[-7.3097,42.3218],[-7.3115,42.3216],[-7.3104,42.3202]],[[-7.312,42.3201],[-7.3114,42.3203],[-7.312,42.3202],[-7.312,42.3201]],[[-7.3166,42.3189],[-7.3167,42.3188],[-7.3166,42.3188],[-7.3166,42.3189]],[[-7.317,42.3188],[-7.317,42.3188],[-7.317,42.3188],[-7.317,42.3188]],[[-7.3174,42.3172],[-7.3165,42.3169],[-7.3159,42.3173],[-7.3161,42.3177],[-7.3168,42.3176],[-7.3174,42.3172]],[[-7.3187,42.3168],[-7.3196,42.3181],[-7.3205,42.3174],[-7.3187,42.3168]],[[-7.3194,42.3165],[-7.318,42.3161],[-7.3177,42.3166],[-7.3194,42.3165]],[[-7.3203,42.3158],[-7.3199,42.3159],[-7.3203,42.3159],[-7.3203,42.3158]],[[-7.3194,42.3156],[-7.3182,42.3146],[-7.3178,42.3152],[-7.3194,42.3156]],[[-7.3162,42.3118],[-7.316,42.3118],[-7.3159,42.312],[-7.3162,42.3118]],[[-7.3165,42.3117],[-7.3164,42.3117],[-7.3165,42.3117],[-7.3165,42.3117]],[[-7.3151,42.3061],[-7.3144,42.3061],[-7.3144,42.3065],[-7.3151,42.3061]],[[-7.3152,42.3057],[-7.315,42.3057],[-7.315,42.3058],[-7.3152,42.3057]],[[-7.3129,42.3056],[-7.3128,42.3056],[-7.3129,42.3056],[-7.3129,42.3056]],[[-7.3118,42.3053],[-7.3116,42.3049],[-7.3115,42.3052],[-7.3118,42.3053]],[[-7.3093,42.3076],[-7.3093,42.3076],[-7.3093,42.3076],[-7.3093,42.3076]],[[-7.3087,42.3067],[-7.3087,42.3067],[-7.3087,42.3067],[-7.3087,42.3067]],[[-7.3007,42.304],[-7.3006,42.304],[-7.3007,42.304],[-7.3007,42.304]],[[-7.3006,42.3037],[-7.2985,42.3017],[-7.2987,42.3032],[-7.3006,42.3037]],[[-7.2958,42.3035],[-7.2933,42.3025],[-7.2931,42.3034],[-7.2958,42.3035]],[[-7.2922,42.3051],[-7.2921,42.3051],[-7.2921,42.3051],[-7.2922,42.3051]],[[-7.2929,42.305],[-7.2928,42.3061],[-7.2933,42.3056],[-7.2929,42.305]],[[-7.2932,42.3062],[-7.2932,42.3062],[-7.2932,42.3062],[-7.2932,42.3062]],[[-7.2933,42.3059],[-7.2935,42.3059],[-7.2935,42.3058],[-7.2933,42.3059]],[[-7.2887,42.3101],[-7.2892,42.3109],[-7.2894,42.3104],[-7.2887,42.3101]],[[-7.2857,42.3072],[-7.2864,42.3075],[-7.2864,42.3074],[-7.2857,42.3072]],[[-7.2842,42.3079],[-7.2822,42.3037],[-7.2832,42.3025],[-7.2854,42.3019],[-7.2863,42.3014],[-7.2862,42.3013],[-7.2854,42.3017],[-7.2823,42.3016],[-7.2809,42.3047],[-7.2842,42.3079]],[[-7.2841,42.3072],[-7.2866,42.305],[-7.2842,42.3065],[-7.2841,42.3072]],[[-7.2859,42.307],[-7.286,42.307],[-7.2861,42.307],[-7.2859,42.307]],[[-7.2857,42.3066],[-7.2861,42.3065],[-7.286,42.3064],[-7.2857,42.3066]],[[-7.2846,42.3056],[-7.2841,42.3065],[-7.2849,42.3059],[-7.2846,42.3056]],[[-7.2848,42.3054],[-7.2839,42.3047],[-7.2837,42.305],[-7.2848,42.3054]],[[-7.2859,42.3014],[-7.2858,42.3014],[-7.2859,42.3014],[-7.2859,42.3014]],[[-7.286,42.3013],[-7.2859,42.3014],[-7.286,42.3014],[-7.286,42.3013]],[[-7.2753,42.3073],[-7.2774,42.306],[-7.277,42.3054],[-7.2753,42.3073]],[[-7.2781,42.3048],[-7.2769,42.3039],[-7.2771,42.3055],[-7.2781,42.3048]],[[-7.2605,42.2997],[-7.2605,42.2997],[-7.2605,42.2997],[-7.2605,42.2997]],[[-7.2617,42.2995],[-7.261,42.2994],[-7.2608,42.2994],[-7.2617,42.2995]],[[-7.255,42.2977],[-7.255,42.2977],[-7.255,42.2977],[-7.255,42.2977]],[[-7.2552,42.298],[-7.2551,42.298],[-7.2552,42.298],[-7.2552,42.298]],[[-7.2552,42.2979],[-7.2552,42.298],[-7.2552,42.298],[-7.2552,42.2979]],[[-7.2485,42.3004],[-7.2485,42.3004],[-7.2485,42.3004],[-7.2485,42.3004]],[[-7.2463,42.2871],[-7.2463,42.287],[-7.2463,42.287],[-7.2463,42.2871]],[[-7.2462,42.2871],[-7.2463,42.2872],[-7.2463,42.2871],[-7.2462,42.2871]],[[-7.2462,42.2873],[-7.2462,42.2873],[-7.2462,42.2873],[-7.2462,42.2873]],[[-7.246,42.2871],[-7.246,42.2871],[-7.246,42.2871],[-7.246,42.2871]],[[-7.2458,42.2872],[-7.2458,42.2871],[-7.2458,42.2871],[-7.2458,42.2872]],[[-7.2413,42.2872],[-7.2413,42.2872],[-7.2413,42.2872],[-7.2413,42.2872]],[[-7.2368,42.2718],[-7.2368,42.2718],[-7.2367,42.2718],[-7.2368,42.2718]],[[-7.2367,42.2719],[-7.2367,42.272],[-7.2367,42.2719],[-7.2367,42.2719]],[[-7.2383,42.273],[-7.2384,42.2729],[-7.2383,42.2729],[-7.2383,42.273]],[[-7.2421,42.2695],[-7.2422,42.2695],[-7.2422,42.2695],[-7.2421,42.2695]],[[-7.2389,42.2662],[-7.2385,42.2664],[-7.2388,42.2672],[-7.2389,42.2662]],[[-7.2333,42.2695],[-7.2338,42.2694],[-7.2331,42.2694],[-7.2333,42.2695]],[[-7.2261,42.2802],[-7.2261,42.2802],[-7.2261,42.2802],[-7.2261,42.2802]],[[-7.2255,42.2863],[-7.2252,42.286],[-7.2251,42.2862],[-7.2255,42.2863]],[[-7.2305,42.3001],[-7.2304,42.3002],[-7.2305,42.3002],[-7.2305,42.3001]],[[-7.2249,42.2957],[-7.2252,42.2963],[-7.2254,42.2956],[-7.2249,42.2957]],[[-7.2277,42.2928],[-7.2266,42.2922],[-7.2269,42.2928],[-7.2277,42.2928]],[[-7.2213,42.2861],[-7.2212,42.286],[-7.2212,42.286],[-7.2213,42.2861]],[[-7.2198,42.2856],[-7.2198,42.2857],[-7.2198,42.2856],[-7.2198,42.2856]],[[-7.2197,42.286],[-7.2196,42.2857],[-7.2195,42.286],[-7.2197,42.286]],[[-7.2147,42.2851],[-7.2142,42.2857],[-7.2145,42.2858],[-7.2147,42.2851]],[[-7.2136,42.2836],[-7.2133,42.2836],[-7.2136,42.2839],[-7.2136,42.2836]],[[-7.2134,42.2823],[-7.2145,42.281],[-7.2125,42.2813],[-7.2134,42.2823]],[[-7.2066,42.2749],[-7.2084,42.2755],[-7.2073,42.2734],[-7.2066,42.2749]],[[-7.2068,42.2732],[-7.2073,42.2729],[-7.2067,42.2729],[-7.2068,42.2732]],[[-7.2059,42.2735],[-7.206,42.2733],[-7.2058,42.2733],[-7.2059,42.2735]],[[-7.2056,42.2735],[-7.2052,42.2738],[-7.2056,42.274],[-7.2056,42.2735]],[[-7.2047,42.2746],[-7.2047,42.2745],[-7.2046,42.2745],[-7.2047,42.2746]],[[-7.2093,42.2725],[-7.2079,42.2738],[-7.209,42.2736],[-7.2093,42.2725]],[[-7.2251,42.2639],[-7.2251,42.264],[-7.2251,42.264],[-7.2251,42.2639]],[[-7.2564,42.2559],[-7.2563,42.2558],[-7.2563,42.2559],[-7.2564,42.2559]],[[-7.2563,42.2557],[-7.2561,42.2558],[-7.2563,42.2558],[-7.2563,42.2557]],[[-7.2265,42.2378],[-7.2265,42.2378],[-7.2265,42.2378],[-7.2265,42.2378]],[[-7.2214,42.237],[-7.2214,42.237],[-7.2214,42.237],[-7.2214,42.237]],[[-7.2215,42.2369],[-7.2215,42.2369],[-7.2214,42.2369],[-7.2215,42.2369]],[[-7.2174,42.2349],[-7.2175,42.2346],[-7.2172,42.2345],[-7.2174,42.2349]],[[-7.2174,42.235],[-7.2166,42.2343],[-7.2164,42.2344],[-7.2164,42.2347],[-7.2168,42.2346],[-7.2171,42.235],[-7.2174,42.235]],[[-7.2167,42.2338],[-7.2156,42.2339],[-7.2157,42.234],[-7.2167,42.2338]],[[-7.2166,42.2336],[-7.2164,42.2334],[-7.2164,42.2335],[-7.2166,42.2336]],[[-7.2164,42.2333],[-7.2162,42.2333],[-7.2163,42.2333],[-7.2164,42.2333]],[[-7.2154,42.2335],[-7.2153,42.2335],[-7.2154,42.2335],[-7.2154,42.2335]],[[-7.2147,42.2334],[-7.2147,42.2334],[-7.2146,42.2334],[-7.2146,42.2334],[-7.2147,42.2334]],[[-7.2122,42.2213],[-7.2122,42.2214],[-7.2122,42.2213],[-7.2122,42.2213]],[[-7.2074,42.2203],[-7.2073,42.2203],[-7.2073,42.2203],[-7.2074,42.2203]],[[-7.2019,42.2146],[-7.2021,42.2146],[-7.2017,42.2146],[-7.2019,42.2146]],[[-7.2142,42.2073],[-7.2142,42.2072],[-7.2142,42.2073],[-7.2142,42.2073]],[[-7.2011,42.2041],[-7.2007,42.2045],[-7.2009,42.2044],[-7.2009,42.2043],[-7.201,42.2043],[-7.201,42.2042],[-7.2011,42.2042],[-7.2011,42.2041]],[[-7.1833,42.18],[-7.1833,42.1801],[-7.1833,42.1801],[-7.1833,42.18]],[[-7.1832,42.1799],[-7.1832,42.18],[-7.1832,42.18],[-7.1832,42.1799]],[[-7.2025,42.1891],[-7.2025,42.1891],[-7.2025,42.1891],[-7.2025,42.1891]],[[-7.2058,42.1935],[-7.2058,42.1935],[-7.2058,42.1935],[-7.2058,42.1935]],[[-7.2076,42.1935],[-7.2079,42.1936],[-7.2076,42.1934],[-7.2076,42.1935]],[[-7.212,42.1975],[-7.212,42.1975],[-7.212,42.1975],[-7.212,42.1975]],[[-7.2182,42.1985],[-7.2182,42.199],[-7.2186,42.1993],[-7.2182,42.1985]],[[-7.2178,42.1959],[-7.2186,42.1959],[-7.2178,42.1958],[-7.2178,42.1959]],[[-7.219,42.1943],[-7.2188,42.1942],[-7.2188,42.1942],[-7.219,42.1943]],[[-7.2233,42.192],[-7.2234,42.1916],[-7.2226,42.1917],[-7.2233,42.192]],[[-7.2231,42.1923],[-7.2242,42.1945],[-7.2276,42.1929],[-7.2261,42.1916],[-7.2231,42.1923]],[[-7.2271,42.1873],[-7.2263,42.189],[-7.2277,42.1882],[-7.2271,42.1873]],[[-7.2294,42.1835],[-7.2287,42.183],[-7.2287,42.1832],[-7.2294,42.1835]],[[-7.2302,42.184],[-7.231,42.1839],[-7.2298,42.1835],[-7.2302,42.184]],[[-7.2397,42.1917],[-7.2396,42.1917],[-7.2397,42.1917],[-7.2397,42.1917]],[[-7.2718,42.1829],[-7.272,42.1824],[-7.2715,42.1824],[-7.2718,42.1829]],[[-7.2734,42.1825],[-7.2723,42.1818],[-7.2725,42.1826],[-7.2734,42.1825]],[[-7.2728,42.1786],[-7.2729,42.1806],[-7.2752,42.1815],[-7.2755,42.1803],[-7.2728,42.1786]],[[-7.2737,42.1781],[-7.2736,42.1781],[-7.2736,42.1781],[-7.2737,42.1781]],[[-7.2737,42.1781],[-7.2737,42.178],[-7.2737,42.1781],[-7.2737,42.1781]],[[-7.2735,42.1776],[-7.2734,42.1776],[-7.2734,42.1776],[-7.2735,42.1776]],[[-7.2739,42.1774],[-7.2739,42.1774],[-7.2739,42.1774],[-7.2739,42.1774]],[[-7.2741,42.1772],[-7.274,42.1772],[-7.274,42.1772],[-7.2741,42.1772]],[[-7.2779,42.1772],[-7.2779,42.1772],[-7.2779,42.1772],[-7.2779,42.1772]],[[-7.2898,42.1744],[-7.2898,42.1744],[-7.2898,42.1745],[-7.2898,42.1744]],[[-7.2885,42.1735],[-7.293,42.1737],[-7.2886,42.1726],[-7.2885,42.1735]],[[-7.2898,42.1743],[-7.2898,42.1743],[-7.2898,42.1743],[-7.2898,42.1743]],[[-7.2739,42.1688],[-7.2739,42.1688],[-7.2739,42.1688],[-7.2739,42.1688]],[[-7.2738,42.1686],[-7.2739,42.1687],[-7.2739,42.1686],[-7.2738,42.1686]],[[-7.3179,42.1743],[-7.3179,42.1743],[-7.3179,42.1743],[-7.3179,42.1743]],[[-7.3179,42.1745],[-7.318,42.1744],[-7.3179,42.1744],[-7.3179,42.1745]],[[-7.3631,42.1851],[-7.3634,42.1851],[-7.3634,42.1851],[-7.3631,42.1851]],[[-7.3723,42.1836],[-7.3723,42.1837],[-7.3723,42.1837],[-7.3723,42.1836]],[[-7.3725,42.1832],[-7.3726,42.183],[-7.3725,42.1831],[-7.3725,42.1832]],[[-7.3727,42.1827],[-7.3725,42.1829],[-7.3727,42.1828],[-7.3727,42.1827]],[[-7.3719,42.1834],[-7.3719,42.1832],[-7.3713,42.1834],[-7.3719,42.1834]],[[-7.3715,42.183],[-7.3715,42.1831],[-7.3715,42.1831],[-7.3715,42.183]],[[-7.3712,42.1827],[-7.371,42.1828],[-7.371,42.1829],[-7.3712,42.1827]],[[-7.3686,42.1772],[-7.3686,42.1772],[-7.3686,42.1772],[-7.3686,42.1772]],[[-7.3693,42.1748],[-7.3694,42.1745],[-7.369,42.1747],[-7.3693,42.1748]],[[-7.4431,42.21],[-7.4434,42.2099],[-7.4431,42.2099],[-7.4431,42.21]],[[-7.4244,42.2243],[-7.4245,42.2243],[-7.4244,42.2243],[-7.4244,42.2243]],[[-7.423,42.2248],[-7.423,42.2248],[-7.423,42.2248],[-7.423,42.2248]],[[-7.43,42.2252],[-7.4301,42.2252],[-7.43,42.2252],[-7.43,42.2252]],[[-7.4299,42.2252],[-7.43,42.2252],[-7.43,42.2252],[-7.4299,42.2252]],[[-7.4199,42.2315],[-7.42,42.2316],[-7.4201,42.2316],[-7.4199,42.2315]],[[-7.4082,42.239],[-7.4081,42.239],[-7.4082,42.2391],[-7.4082,42.239]],[[-7.408,42.2391],[-7.4079,42.239],[-7.4079,42.2391],[-7.408,42.2391]],[[-7.4085,42.2371],[-7.4081,42.2367],[-7.4074,42.2368],[-7.4085,42.2371]],[[-7.404,42.2396],[-7.4042,42.2391],[-7.4041,42.2391],[-7.404,42.2396]],[[-7.4039,42.24],[-7.4031,42.2402],[-7.4033,42.2405],[-7.4039,42.24]],[[-7.4042,42.2405],[-7.4043,42.2405],[-7.4042,42.2405],[-7.4042,42.2405]],[[-7.4064,42.2426],[-7.4055,42.2428],[-7.4054,42.2437],[-7.4064,42.2426]],[[-7.4052,42.2441],[-7.4052,42.2437],[-7.405,42.244],[-7.4052,42.2441]],[[-7.407,42.2444],[-7.407,42.2445],[-7.407,42.2444],[-7.407,42.2444]],[[-7.4036,42.2449],[-7.4037,42.2446],[-7.4034,42.2446],[-7.4036,42.2449]],[[-7.4036,42.2459],[-7.4038,42.2455],[-7.4036,42.2456],[-7.4036,42.2459]],[[-7.4045,42.2459],[-7.4045,42.2459],[-7.4045,42.2459],[-7.4045,42.2459]],[[-7.3903,42.2525],[-7.3903,42.2525],[-7.3902,42.2525],[-7.3903,42.2525]],[[-7.4009,42.2362],[-7.4011,42.2364],[-7.4014,42.236],[-7.4009,42.2362]],[[-7.4009,42.2364],[-7.4008,42.2369],[-7.4011,42.2366],[-7.4009,42.2364]],[[-7.3925,42.2313],[-7.391,42.2311],[-7.3905,42.2312],[-7.3912,42.2316],[-7.3925,42.2313]],[[-7.3939,42.2243],[-7.3937,42.2244],[-7.394,42.2243],[-7.3939,42.2243]],[[-7.3926,42.2161],[-7.3926,42.2161],[-7.3927,42.2161],[-7.3926,42.2161]],[[-7.3957,42.2111],[-7.3957,42.2112],[-7.3957,42.2112],[-7.3957,42.2111]],[[-7.3861,42.2254],[-7.3777,42.219],[-7.3774,42.2198],[-7.379,42.2205],[-7.3802,42.2231],[-7.3736,42.2237],[-7.3714,42.2222],[-7.3705,42.2247],[-7.3861,42.2254]],[[-7.3787,42.2231],[-7.3786,42.2231],[-7.3787,42.2231],[-7.3787,42.2231]],[[-7.3864,42.2291],[-7.3865,42.2294],[-7.3867,42.2291],[-7.3864,42.2291]],[[-7.3817,42.2356],[-7.3817,42.2356],[-7.3817,42.2356],[-7.3817,42.2356]],[[-7.3791,42.2358],[-7.3785,42.236],[-7.3791,42.2359],[-7.3791,42.2358]],[[-7.378,42.2369],[-7.378,42.2369],[-7.3779,42.2369],[-7.378,42.2369]],[[-7.3742,42.2325],[-7.3766,42.2331],[-7.376,42.2318],[-7.3742,42.2325]],[[-7.3735,42.2341],[-7.3732,42.2336],[-7.3729,42.2337],[-7.3735,42.2341]],[[-7.3606,42.2287],[-7.3606,42.2287],[-7.3606,42.2287],[-7.3606,42.2287]],[[-7.3605,42.2271],[-7.3594,42.2268],[-7.3595,42.2273],[-7.3605,42.2271]],[[-7.3503,42.2245],[-7.3508,42.2246],[-7.3507,42.2243],[-7.3503,42.2245]],[[-7.3502,42.2249],[-7.3501,42.2249],[-7.3501,42.225],[-7.3502,42.2249]],[[-7.3484,42.2283],[-7.3486,42.2281],[-7.3484,42.2282],[-7.3484,42.2283]],[[-7.3451,42.2394],[-7.3449,42.2396],[-7.3452,42.2396],[-7.3451,42.2394]],[[-7.3448,42.2395],[-7.3446,42.2396],[-7.3448,42.2396],[-7.3448,42.2395]],[[-7.3446,42.2397],[-7.3446,42.2396],[-7.3445,42.2397],[-7.3446,42.2397]],[[-7.3457,42.2439],[-7.3463,42.2433],[-7.3455,42.2434],[-7.3457,42.2439]],[[-7.3466,42.2469],[-7.3436,42.2459],[-7.3428,42.2468],[-7.3466,42.2469]],[[-7.3443,42.2455],[-7.3438,42.2457],[-7.3439,42.2458],[-7.3443,42.2455]],[[-7.3456,42.2472],[-7.3455,42.2475],[-7.346,42.2473],[-7.3456,42.2472]],[[-7.3476,42.2506],[-7.3478,42.2503],[-7.3477,42.2501],[-7.3476,42.2506]],[[-7.3574,42.2504],[-7.3573,42.2505],[-7.3574,42.2505],[-7.3574,42.2504]],[[-7.3588,42.2495],[-7.3591,42.2507],[-7.3594,42.2495],[-7.3588,42.2495]],[[-7.3549,42.2579],[-7.3553,42.2581],[-7.355,42.2577],[-7.3549,42.2579]],[[-7.3553,42.2586],[-7.3553,42.2586],[-7.3553,42.2586],[-7.3553,42.2586]],[[-7.351,42.2581],[-7.3512,42.2578],[-7.3509,42.2579],[-7.351,42.2581]],[[-7.3472,42.2642],[-7.3474,42.2642],[-7.3475,42.264],[-7.3472,42.2642]],[[-7.3581,42.272],[-7.3581,42.272],[-7.358,42.272],[-7.3581,42.272]],[[-7.3527,42.2701],[-7.3527,42.27],[-7.3527,42.27],[-7.3527,42.2701]],[[-7.3526,42.27],[-7.3527,42.27],[-7.3527,42.27],[-7.3526,42.27]],[[-7.3529,42.2747],[-7.3529,42.2748],[-7.353,42.2747],[-7.3529,42.2747]],[[-7.3496,42.2759],[-7.3496,42.2759],[-7.3496,42.2759],[-7.3496,42.2759]],[[-7.348,42.2772],[-7.348,42.2772],[-7.348,42.2772],[-7.348,42.2772]],[[-7.3489,42.2802],[-7.3488,42.2803],[-7.3489,42.2803],[-7.3489,42.2802]],[[-7.3524,42.2813],[-7.3527,42.2813],[-7.3527,42.2812],[-7.3524,42.2813]],[[-7.3537,42.2788],[-7.3531,42.2795],[-7.3529,42.2806],[-7.3539,42.2794],[-7.3537,42.2788]],[[-7.3572,42.2803],[-7.3565,42.28],[-7.3571,42.2809],[-7.3572,42.2803]],[[-7.3565,42.2799],[-7.3566,42.2799],[-7.3566,42.2799],[-7.3565,42.2799]],[[-7.358,42.281],[-7.3573,42.2817],[-7.3571,42.2822],[-7.358,42.281]],[[-7.3552,42.2823],[-7.3552,42.2822],[-7.3552,42.2822],[-7.3552,42.2823]],[[-7.3512,42.2841],[-7.3512,42.2842],[-7.3512,42.2842],[-7.3512,42.2841]],[[-7.3492,42.2902],[-7.3485,42.2904],[-7.3492,42.2903],[-7.3492,42.2902]],[[-7.3478,42.2908],[-7.3474,42.2907],[-7.3478,42.291],[-7.3478,42.2908]],[[-7.3463,42.2912],[-7.346,42.2911],[-7.346,42.2912],[-7.3463,42.2912]],[[-7.3458,42.2913],[-7.346,42.2913],[-7.346,42.2913],[-7.3458,42.2913]],[[-7.3454,42.2917],[-7.3454,42.2916],[-7.3454,42.2916],[-7.3454,42.2917]],[[-7.3451,42.2917],[-7.3451,42.2917],[-7.3452,42.2917],[-7.3451,42.2917]],[[-7.3505,42.311],[-7.35,42.3105],[-7.3501,42.311],[-7.3505,42.311]],[[-7.3496,42.3102],[-7.3494,42.31],[-7.3492,42.3102],[-7.3496,42.3102]],[[-7.3232,42.3101],[-7.3231,42.3096],[-7.3229,42.3093],[-7.3232,42.3101]],[[-7.3098,42.3208],[-7.3095,42.3208],[-7.3095,42.321],[-7.3098,42.3208]],[[-7.2103,42.2783],[-7.2107,42.2783],[-7.2107,42.2782],[-7.2103,42.2783]],[[-7.2104,42.2782],[-7.21,42.2778],[-7.21,42.2784],[-7.2104,42.2782]],[[-7.2097,42.2781],[-7.2091,42.2785],[-7.2094,42.2788],[-7.2097,42.2788],[-7.2094,42.2789],[-7.2099,42.2789],[-7.2097,42.2781]],[[-7.2093,42.2787],[-7.2093,42.2788],[-7.2093,42.2787],[-7.2093,42.2787]],[[-7.2142,42.2714],[-7.2135,42.2705],[-7.2132,42.2714],[-7.2142,42.2714]],[[-7.4423,42.2112],[-7.4426,42.2119],[-7.4425,42.2112],[-7.4423,42.2112]],[[-7.443,42.2125],[-7.4435,42.2127],[-7.4429,42.2122],[-7.443,42.2125]],[[-7.4433,42.2129],[-7.4433,42.2129],[-7.4433,42.2129],[-7.4433,42.2129]],[[-7.4433,42.213],[-7.4434,42.2129],[-7.4433,42.2129],[-7.4433,42.213]],[[-7.4434,42.213],[-7.4434,42.213],[-7.4434,42.213],[-7.4434,42.213]],[[-7.4435,42.2131],[-7.4437,42.2131],[-7.4435,42.213],[-7.4435,42.2131]],[[-7.4438,42.2135],[-7.4439,42.2134],[-7.4438,42.2134],[-7.4438,42.2135]],[[-7.4442,42.2135],[-7.4429,42.2142],[-7.4429,42.2143],[-7.444,42.2143],[-7.4443,42.2138],[-7.4442,42.2135]],[[-7.4426,42.2145],[-7.4422,42.215],[-7.4428,42.2151],[-7.4426,42.2145]],[[-7.4437,42.2157],[-7.4429,42.217],[-7.4441,42.2164],[-7.4437,42.2157]],[[-7.399,42.2424],[-7.399,42.2424],[-7.399,42.2424],[-7.399,42.2424]],[[-7.3992,42.2422],[-7.3992,42.2422],[-7.3992,42.2422],[-7.3992,42.2422]],[[-7.3994,42.242],[-7.3994,42.2419],[-7.3994,42.242],[-7.3994,42.242]],[[-7.3766,42.2168],[-7.3768,42.2179],[-7.3771,42.2181],[-7.3766,42.2168]],[[-7.3771,42.2181],[-7.3771,42.2182],[-7.3771,42.218],[-7.3771,42.2181]],[[-7.3483,42.3011],[-7.3481,42.3013],[-7.3487,42.3013],[-7.3483,42.3011]],[[-7.3491,42.3018],[-7.3487,42.3017],[-7.3489,42.302],[-7.3491,42.3018]],[[-7.3489,42.3095],[-7.3495,42.3092],[-7.3494,42.3091],[-7.3489,42.3095]],[[-7.3473,42.1972],[-7.3468,42.1978],[-7.3474,42.1982],[-7.3473,42.1972]],[[-7.3299,42.2014],[-7.3243,42.1984],[-7.3216,42.1984],[-7.3272,42.202],[-7.3299,42.2014]],[[-7.3607,42.2239],[-7.3616,42.2241],[-7.3609,42.2238],[-7.3607,42.2239]],[[-7.3605,42.2218],[-7.3605,42.2218],[-7.3605,42.2218],[-7.3605,42.2218]],[[-7.3606,42.2217],[-7.3606,42.2217],[-7.3606,42.2217],[-7.3606,42.2217]],[[-7.3609,42.2216],[-7.36,42.2222],[-7.3605,42.2224],[-7.3609,42.2216]],[[-7.3325,42.2121],[-7.3325,42.2121],[-7.3325,42.2121],[-7.3325,42.2121]],[[-7.3326,42.2123],[-7.3326,42.2122],[-7.3326,42.2122],[-7.3326,42.2123]],[[-7.4768,42.2446],[-7.4769,42.2446],[-7.4768,42.2446],[-7.4768,42.2446]],[[-7.4695,42.2475],[-7.4696,42.2475],[-7.4695,42.2475],[-7.4695,42.2475]],[[-7.3975,42.2466],[-7.3975,42.2469],[-7.3977,42.2466],[-7.3975,42.2466]],[[-7.3975,42.247],[-7.3975,42.247],[-7.3974,42.247],[-7.3975,42.247]],[[-7.3975,42.2469],[-7.3975,42.2469],[-7.3975,42.2469],[-7.3975,42.2469]],[[-7.3783,42.2356],[-7.3773,42.2357],[-7.3771,42.2358],[-7.378,42.236],[-7.3783,42.2356]],[[-7.3462,42.2081],[-7.3469,42.2084],[-7.3468,42.2081],[-7.3462,42.2081]],[[-7.3499,42.2244],[-7.3495,42.2234],[-7.3495,42.2243],[-7.3499,42.2244]],[[-7.3494,42.2233],[-7.3495,42.2228],[-7.3491,42.2229],[-7.3494,42.2233]],[[-7.3494,42.2228],[-7.3494,42.2228],[-7.3494,42.2228],[-7.3494,42.2228]],[[-7.3486,42.2239],[-7.3494,42.2243],[-7.3492,42.2237],[-7.3486,42.2239]],[[-7.3492,42.2219],[-7.3455,42.2206],[-7.3448,42.2212],[-7.3492,42.2219]],[[-7.3492,42.2219],[-7.3492,42.2219],[-7.3492,42.2219],[-7.3492,42.2219]],[[-7.3449,42.2204],[-7.3433,42.219],[-7.3429,42.219],[-7.3443,42.2204],[-7.343,42.2213],[-7.3449,42.2204]],[[-7.3417,42.218],[-7.3422,42.2182],[-7.342,42.2171],[-7.3417,42.218]],[[-7.3429,42.219],[-7.3429,42.219],[-7.3429,42.219],[-7.3429,42.219]],[[-7.3429,42.219],[-7.3429,42.2189],[-7.3429,42.2189],[-7.3429,42.219]],[[-7.3447,42.2213],[-7.3447,42.2213],[-7.3447,42.2213],[-7.3447,42.2213]],[[-7.3492,42.222],[-7.3493,42.2224],[-7.3493,42.222],[-7.3492,42.222]],[[-7.3432,42.2211],[-7.3424,42.2209],[-7.3423,42.221],[-7.3432,42.2211]],[[-7.3424,42.2209],[-7.3423,42.2209],[-7.3423,42.2209],[-7.3424,42.2209]],[[-7.3408,42.2205],[-7.3392,42.2185],[-7.3374,42.2182],[-7.3393,42.219],[-7.3395,42.2198],[-7.3408,42.2205]],[[-7.3377,42.2174],[-7.3375,42.2176],[-7.3377,42.2177],[-7.3378,42.2178],[-7.3377,42.2174]],[[-7.3447,42.2597],[-7.3438,42.259],[-7.344,42.2593],[-7.3447,42.2597]],[[-7.3431,42.2577],[-7.3421,42.2569],[-7.3411,42.2568],[-7.3431,42.2577]],[[-7.3451,42.2603],[-7.3444,42.2615],[-7.3473,42.2616],[-7.3451,42.2603]],[[-7.343,42.2608],[-7.3431,42.2608],[-7.3431,42.2608],[-7.343,42.2608]],[[-7.3435,42.2614],[-7.3433,42.2614],[-7.3432,42.2615],[-7.3435,42.2614]],[[-7.3432,42.2615],[-7.3412,42.263],[-7.3413,42.264],[-7.3425,42.2636],[-7.3431,42.2626],[-7.3433,42.262],[-7.3432,42.2615]],[[-7.3447,42.2917],[-7.3447,42.2917],[-7.3447,42.2917],[-7.3447,42.2917]],[[-7.3447,42.2915],[-7.3449,42.2915],[-7.3449,42.2914],[-7.3447,42.2915]],[[-7.3463,42.315],[-7.3444,42.3102],[-7.3425,42.3104],[-7.3437,42.3152],[-7.3463,42.315]],[[-7.3425,42.3121],[-7.3419,42.312],[-7.3419,42.312],[-7.3425,42.3121]],[[-7.3432,42.3138],[-7.3432,42.3138],[-7.3432,42.3138],[-7.3432,42.3138]],[[-7.3446,42.3154],[-7.3445,42.3155],[-7.3445,42.3155],[-7.3446,42.3154]],[[-7.3136,42.333],[-7.3135,42.3328],[-7.313,42.3329],[-7.3136,42.333]],[[-7.3138,42.3335],[-7.3137,42.3331],[-7.3134,42.3332],[-7.3138,42.3335]],[[-7.3099,42.3358],[-7.3102,42.3366],[-7.3105,42.3362],[-7.3099,42.3358]],[[-7.3094,42.336],[-7.3096,42.3364],[-7.3098,42.3362],[-7.3094,42.336]],[[-7.2871,42.307],[-7.2871,42.307],[-7.2872,42.3072],[-7.2871,42.307]],[[-7.2627,42.2982],[-7.2622,42.2978],[-7.2623,42.2984],[-7.2627,42.2982]],[[-7.2635,42.2975],[-7.2631,42.2977],[-7.2634,42.2978],[-7.2635,42.2975]],[[-7.263,42.2969],[-7.263,42.2968],[-7.263,42.2969],[-7.263,42.2969]],[[-7.2623,42.2972],[-7.2649,42.2956],[-7.2649,42.294],[-7.2624,42.2959],[-7.2622,42.2965],[-7.2623,42.2972]],[[-7.2622,42.2989],[-7.2624,42.2995],[-7.2625,42.2991],[-7.2622,42.2989]],[[-7.2275,42.2808],[-7.2275,42.2808],[-7.2275,42.2808],[-7.2275,42.2808]],[[-7.2203,42.2844],[-7.2215,42.2815],[-7.2177,42.2826],[-7.2203,42.2844]],[[-7.2193,42.2841],[-7.2192,42.284],[-7.2192,42.2841],[-7.2193,42.2841]],[[-7.2191,42.2635],[-7.2195,42.264],[-7.2211,42.2638],[-7.2203,42.2636],[-7.2206,42.263],[-7.2191,42.2632],[-7.2191,42.2635]],[[-7.2206,42.2634],[-7.2206,42.2634],[-7.2206,42.2634],[-7.2206,42.2634]],[[-7.2197,42.262],[-7.2197,42.262],[-7.2197,42.262],[-7.2197,42.262]],[[-7.2512,42.2516],[-7.2537,42.2449],[-7.2536,42.2434],[-7.2511,42.2476],[-7.2512,42.2459],[-7.2506,42.245],[-7.2504,42.2452],[-7.2512,42.2516]],[[-7.2504,42.2531],[-7.2494,42.2532],[-7.2496,42.2537],[-7.2504,42.2531]],[[-7.216,42.2322],[-7.216,42.2325],[-7.2162,42.2327],[-7.216,42.2322]],[[-7.2161,42.2324],[-7.2162,42.2321],[-7.2161,42.2321],[-7.2161,42.2324]],[[-7.2159,42.2322],[-7.2158,42.2322],[-7.2159,42.2322],[-7.2159,42.2322]],[[-7.1792,42.2396],[-7.1793,42.2394],[-7.1792,42.2394],[-7.1792,42.2396]],[[-7.1803,42.2402],[-7.18,42.2404],[-7.18,42.2405],[-7.1803,42.2402]],[[-7.1803,42.2401],[-7.1803,42.2402],[-7.1803,42.2401],[-7.1803,42.2401]],[[-7.1972,42.2051],[-7.1972,42.2051],[-7.1972,42.2051],[-7.1972,42.2051]],[[-7.1973,42.2051],[-7.1972,42.2051],[-7.1973,42.2051],[-7.1973,42.2051]],[[-7.1901,42.1854],[-7.1907,42.1859],[-7.1914,42.1856],[-7.1901,42.1854]],[[-7.2181,42.1993],[-7.2168,42.2006],[-7.2182,42.2008],[-7.2181,42.1993]],[[-7.2113,42.1765],[-7.2126,42.1762],[-7.2135,42.1752],[-7.213,42.1741],[-7.2113,42.1765]],[[-7.2192,42.1693],[-7.2192,42.1692],[-7.2192,42.1692],[-7.2192,42.1693]],[[-7.2141,42.1709],[-7.2141,42.1709],[-7.2141,42.1709],[-7.2141,42.1709]],[[-7.2101,42.1665],[-7.2103,42.1656],[-7.2098,42.1658],[-7.2101,42.1665]],[[-7.2401,42.1626],[-7.2395,42.1628],[-7.2394,42.1633],[-7.2401,42.1626]],[[-7.2546,42.2131],[-7.2535,42.2125],[-7.2532,42.2127],[-7.2539,42.213],[-7.2543,42.2131],[-7.2546,42.2131]],[[-7.2546,42.2131],[-7.2555,42.2127],[-7.2546,42.2127],[-7.2546,42.2131]],[[-7.2557,42.2129],[-7.2555,42.213],[-7.2559,42.213],[-7.2557,42.2129]],[[-7.2613,42.1966],[-7.2613,42.1966],[-7.2612,42.1966],[-7.2613,42.1966]],[[-7.3044,42.1878],[-7.3059,42.1878],[-7.306,42.1873],[-7.3057,42.1871],[-7.3051,42.1873],[-7.3044,42.1878]],[[-7.2906,42.1746],[-7.29,42.1757],[-7.2912,42.1758],[-7.2906,42.1746]],[[-7.2905,42.1745],[-7.2906,42.1745],[-7.2906,42.1745],[-7.2905,42.1745]],[[-7.2899,42.1745],[-7.2902,42.1746],[-7.2902,42.1745],[-7.2899,42.1745]],[[-7.2852,42.1717],[-7.2852,42.1717],[-7.2852,42.1717],[-7.2852,42.1717]],[[-7.2808,42.1653],[-7.2806,42.1653],[-7.2808,42.1655],[-7.2808,42.1653]],[[-7.2766,42.164],[-7.2766,42.164],[-7.2766,42.164],[-7.2766,42.164]],[[-7.3578,42.1869],[-7.3579,42.1867],[-7.3577,42.1867],[-7.3578,42.1869]],[[-7.3569,42.1882],[-7.3573,42.188],[-7.3573,42.1878],[-7.3571,42.1879],[-7.3569,42.188],[-7.3569,42.1882]],[[-7.3568,42.1885],[-7.3568,42.1883],[-7.3567,42.1884],[-7.3568,42.1885]],[[-7.3569,42.1886],[-7.3571,42.1887],[-7.3571,42.1885],[-7.3569,42.1886]],[[-7.3629,42.1846],[-7.3629,42.1846],[-7.3629,42.1846],[-7.3629,42.1846]],[[-7.3674,42.1784],[-7.369,42.1788],[-7.3699,42.1781],[-7.3674,42.1784]],[[-7.3637,42.173],[-7.3635,42.173],[-7.3635,42.173],[-7.3637,42.173]],[[-7.3666,42.2336],[-7.3668,42.2339],[-7.3669,42.2339],[-7.3668,42.2337],[-7.3666,42.2336]],[[-7.3092,42.3366],[-7.3086,42.3357],[-7.3083,42.3364],[-7.3092,42.3366]],[[-7.3085,42.3366],[-7.3085,42.3367],[-7.3085,42.3367],[-7.3085,42.3366]],[[-7.2377,42.1629],[-7.2353,42.1642],[-7.239,42.1632],[-7.2377,42.1629]],[[-7.276,42.166],[-7.2758,42.1663],[-7.2761,42.1661],[-7.276,42.166]],[[-7.4415,42.2178],[-7.4424,42.2173],[-7.4428,42.217],[-7.4415,42.2178]],[[-7.2979,42.2968],[-7.2976,42.2968],[-7.2979,42.2975],[-7.2979,42.2968]],[[-7.2985,42.292],[-7.2989,42.2915],[-7.2985,42.2918],[-7.2985,42.292]],[[-7.2988,42.2915],[-7.2989,42.2915],[-7.2988,42.2914],[-7.2988,42.2915]],[[-7.2977,42.2922],[-7.2983,42.2922],[-7.2977,42.2921],[-7.2977,42.2922]],[[-7.2993,42.2894],[-7.3002,42.2913],[-7.3006,42.2895],[-7.2993,42.2894]],[[-7.3046,42.2627],[-7.3049,42.2612],[-7.3038,42.2623],[-7.3046,42.2627]],[[-7.3029,42.2576],[-7.3089,42.2618],[-7.3127,42.2557],[-7.303,42.2572],[-7.3014,42.2532],[-7.3038,42.2507],[-7.3007,42.2472],[-7.2988,42.2532],[-7.3014,42.2569],[-7.2967,42.2589],[-7.2989,42.2606],[-7.2989,42.2616],[-7.2941,42.2712],[-7.2844,42.2693],[-7.2868,42.2679],[-7.282,42.2666],[-7.2839,42.2659],[-7.2837,42.2651],[-7.2852,42.2635],[-7.285,42.2635],[-7.2808,42.2677],[-7.284,42.2678],[-7.2821,42.2696],[-7.2739,42.271],[-7.2779,42.2732],[-7.2816,42.2698],[-7.2846,42.2735],[-7.2794,42.2741],[-7.2778,42.2783],[-7.2753,42.277],[-7.2764,42.2809],[-7.2805,42.2773],[-7.2792,42.2821],[-7.2773,42.2833],[-7.2793,42.2835],[-7.2808,42.2845],[-7.2781,42.2874],[-7.2798,42.286],[-7.2861,42.2866],[-7.2884,42.2802],[-7.2835,42.2794],[-7.2879,42.2781],[-7.2901,42.2782],[-7.2932,42.2742],[-7.2971,42.2799],[-7.2964,42.28],[-7.2958,42.2808],[-7.2925,42.2795],[-7.294,42.2809],[-7.2902,42.2834],[-7.2939,42.2833],[-7.291,42.2845],[-7.2924,42.2874],[-7.2926,42.2867],[-7.293,42.2871],[-7.2936,42.2869],[-7.2946,42.2838],[-7.296,42.2843],[-7.2968,42.2843],[-7.2971,42.2841],[-7.2967,42.2801],[-7.2992,42.2795],[-7.2976,42.2787],[-7.2986,42.278],[-7.2974,42.2782],[-7.2964,42.2773],[-7.3011,42.278],[-7.2942,42.2749],[-7.2934,42.2722],[-7.2965,42.2694],[-7.2975,42.2732],[-7.2971,42.2673],[-7.3019,42.2645],[-7.3029,42.2576]],[[-7.2807,42.2696],[-7.2809,42.2697],[-7.2809,42.2696],[-7.2807,42.2696]],[[-7.2766,42.2832],[-7.2786,42.2821],[-7.2785,42.2818],[-7.2766,42.2832]],[[-7.2955,42.2803],[-7.2955,42.2803],[-7.2955,42.2803],[-7.2955,42.2803]],[[-7.2983,42.2604],[-7.2983,42.2604],[-7.2983,42.2604],[-7.2983,42.2604]],[[-7.2957,42.2654],[-7.2958,42.2654],[-7.2958,42.2654],[-7.2957,42.2654]],[[-7.2945,42.2667],[-7.2947,42.2662],[-7.2944,42.2662],[-7.2945,42.2667]],[[-7.2784,42.2694],[-7.2784,42.2694],[-7.2784,42.2694],[-7.2784,42.2694]],[[-7.2807,42.2708],[-7.2807,42.271],[-7.2808,42.2709],[-7.2807,42.2708]],[[-7.281,42.2705],[-7.281,42.2705],[-7.281,42.2705],[-7.281,42.2705]],[[-7.2841,42.2733],[-7.284,42.2733],[-7.284,42.2733],[-7.2841,42.2733]],[[-7.2751,42.2767],[-7.2752,42.2767],[-7.2753,42.2767],[-7.2751,42.2767]],[[-7.2774,42.28],[-7.2774,42.28],[-7.2774,42.28],[-7.2774,42.28]],[[-7.2792,42.284],[-7.2793,42.2839],[-7.2792,42.2839],[-7.2792,42.284]],[[-7.2914,42.2839],[-7.2913,42.2839],[-7.2913,42.2839],[-7.2914,42.2839]],[[-7.2927,42.2868],[-7.2927,42.2869],[-7.2927,42.2869],[-7.2927,42.2868]],[[-7.2976,42.2809],[-7.2977,42.281],[-7.2977,42.2809],[-7.2976,42.2809]],[[-7.2975,42.281],[-7.2971,42.281],[-7.2971,42.2812],[-7.2975,42.281]],[[-7.2975,42.2809],[-7.2975,42.2809],[-7.2975,42.2809],[-7.2975,42.2809]],[[-7.2969,42.2804],[-7.2969,42.2803],[-7.2969,42.2805],[-7.2969,42.2804]],[[-7.2985,42.2782],[-7.2984,42.2782],[-7.2984,42.2782],[-7.2985,42.2782]],[[-7.2972,42.2675],[-7.2972,42.2675],[-7.2972,42.2675],[-7.2972,42.2675]],[[-7.3001,42.267],[-7.2992,42.2683],[-7.2999,42.2687],[-7.3001,42.267]],[[-7.302,42.2645],[-7.3023,42.2645],[-7.3023,42.2645],[-7.302,42.2645]],[[-7.2886,42.2816],[-7.2885,42.2839],[-7.2886,42.2824],[-7.289,42.2822],[-7.2886,42.2816]],[[-7.2887,42.2825],[-7.2888,42.2824],[-7.2887,42.2824],[-7.2887,42.2825]],[[-7.3184,42.1986],[-7.3172,42.199],[-7.3184,42.199],[-7.3184,42.1986]],[[-7.3205,42.193],[-7.3194,42.1922],[-7.3187,42.1927],[-7.3205,42.193]],[[-7.3181,42.1933],[-7.3185,42.1928],[-7.3187,42.1927],[-7.3185,42.1927],[-7.3182,42.193],[-7.3181,42.1933]],[[-7.4487,42.2116],[-7.4493,42.2114],[-7.4487,42.2113],[-7.4487,42.2116]],[[-7.4481,42.2354],[-7.4474,42.2349],[-7.4475,42.2356],[-7.4481,42.2354]],[[-7.4492,42.2366],[-7.4471,42.2361],[-7.447,42.2368],[-7.4492,42.2366]],[[-7.4168,42.2276],[-7.4151,42.2273],[-7.4149,42.2274],[-7.4168,42.2276]],[[-7.415,42.228],[-7.4147,42.2277],[-7.4147,42.2283],[-7.415,42.228]],[[-7.4147,42.2287],[-7.4152,42.2282],[-7.4145,42.2284],[-7.4147,42.2287]],[[-7.4096,42.2274],[-7.4083,42.2277],[-7.4082,42.2278],[-7.4091,42.2278],[-7.4096,42.2274]],[[-7.4082,42.228],[-7.4076,42.2278],[-7.4073,42.228],[-7.4082,42.228]],[[-7.4311,42.2273],[-7.4309,42.2261],[-7.4308,42.2267],[-7.4301,42.2274],[-7.4311,42.2273]],[[-7.4199,42.2273],[-7.4204,42.227],[-7.4199,42.2271],[-7.4199,42.2273]],[[-7.4198,42.2271],[-7.4196,42.2269],[-7.4193,42.2271],[-7.4198,42.2271]],[[-7.3967,42.226],[-7.3969,42.226],[-7.3961,42.2255],[-7.3967,42.226]],[[-7.3937,42.2261],[-7.3942,42.2261],[-7.3934,42.2259],[-7.3937,42.2261]],[[-7.4203,42.2248],[-7.4182,42.2195],[-7.417,42.2206],[-7.4203,42.2248]],[[-7.4095,42.2212],[-7.4095,42.2214],[-7.4095,42.2214],[-7.4095,42.2212]],[[-7.4098,42.2211],[-7.4094,42.2208],[-7.4093,42.2211],[-7.4098,42.2211]],[[-7.4277,42.2234],[-7.428,42.2222],[-7.4276,42.2226],[-7.4277,42.2234]],[[-7.4291,42.2186],[-7.4322,42.2192],[-7.435,42.2192],[-7.4306,42.2175],[-7.4291,42.2186]],[[-7.4274,42.2181],[-7.4255,42.2178],[-7.4222,42.2178],[-7.4274,42.2181]],[[-7.3929,42.2188],[-7.3928,42.2183],[-7.3923,42.2188],[-7.3929,42.2188]],[[-7.3966,42.2161],[-7.4013,42.2143],[-7.4013,42.2136],[-7.3987,42.2141],[-7.3986,42.215],[-7.3967,42.2158],[-7.3966,42.2159],[-7.3966,42.2161]],[[-7.3984,42.2141],[-7.3982,42.2142],[-7.3984,42.2142],[-7.3984,42.2141]],[[-7.3982,42.2142],[-7.3982,42.2143],[-7.3982,42.2142],[-7.3982,42.2142]],[[-7.4025,42.2149],[-7.4018,42.2154],[-7.4028,42.2154],[-7.4025,42.2149]],[[-7.4013,42.2155],[-7.4013,42.2151],[-7.4006,42.2153],[-7.4013,42.2155]],[[-7.355,42.2066],[-7.355,42.2073],[-7.3556,42.207],[-7.355,42.2066]],[[-7.4003,42.1949],[-7.3991,42.1953],[-7.3994,42.1957],[-7.4003,42.1949]],[[-7.3993,42.1957],[-7.3993,42.1957],[-7.3993,42.1957],[-7.3993,42.1957]],[[-7.3198,42.2058],[-7.3198,42.2054],[-7.3196,42.2059],[-7.3198,42.2058]],[[-7.3196,42.2047],[-7.3188,42.2053],[-7.3188,42.2056],[-7.3196,42.2047]],[[-7.3385,42.2051],[-7.3385,42.2042],[-7.3381,42.2045],[-7.3385,42.2051]],[[-7.3787,42.2042],[-7.3791,42.2045],[-7.3795,42.2045],[-7.379,42.2041],[-7.3787,42.2042]],[[-7.3811,42.2027],[-7.3811,42.2027],[-7.3811,42.2027],[-7.3811,42.2027]],[[-7.3391,42.2024],[-7.3409,42.2003],[-7.3383,42.2002],[-7.3391,42.2024]],[[-7.3302,42.1998],[-7.3295,42.2002],[-7.3305,42.1998],[-7.3302,42.1998]],[[-7.3808,42.2053],[-7.3806,42.2047],[-7.3802,42.2048],[-7.3808,42.2053]],[[-7.3218,42.1928],[-7.3207,42.193],[-7.321,42.1934],[-7.3218,42.1928]],[[-7.4221,42.1985],[-7.4223,42.1989],[-7.4222,42.2002],[-7.423,42.2002],[-7.4221,42.1985]],[[-7.4205,42.1991],[-7.4204,42.1991],[-7.4204,42.1992],[-7.4205,42.1991]],[[-7.421,42.1995],[-7.4209,42.1995],[-7.4209,42.1996],[-7.421,42.1996],[-7.421,42.1995]],[[-7.4206,42.1994],[-7.4195,42.1995],[-7.4205,42.1998],[-7.4206,42.1994]],[[-7.4215,42.2005],[-7.4212,42.1998],[-7.4207,42.1998],[-7.4215,42.2005]],[[-7.4232,42.2002],[-7.4232,42.2002],[-7.4232,42.2002],[-7.4232,42.2002]],[[-7.4199,42.1973],[-7.4201,42.1972],[-7.4196,42.1971],[-7.4199,42.1973]],[[-7.4006,42.1925],[-7.4005,42.1917],[-7.4005,42.1921],[-7.3996,42.1921],[-7.4006,42.1925]],[[-7.3992,42.1921],[-7.3995,42.192],[-7.3992,42.192],[-7.3992,42.1921]],[[-7.3482,42.1907],[-7.3475,42.1884],[-7.3467,42.1883],[-7.3482,42.1907]],[[-7.4137,42.1883],[-7.414,42.1892],[-7.4142,42.1889],[-7.4137,42.1883]],[[-7.3927,42.1901],[-7.3928,42.1901],[-7.3927,42.1901],[-7.3927,42.1901]],[[-7.3926,42.1901],[-7.3917,42.1897],[-7.392,42.1905],[-7.3926,42.1901]],[[-7.4061,42.1905],[-7.4065,42.1903],[-7.406,42.1903],[-7.4061,42.1905]],[[-7.4057,42.1903],[-7.4056,42.1904],[-7.4058,42.1904],[-7.4057,42.1903]],[[-7.4071,42.1903],[-7.406,42.1898],[-7.4048,42.19],[-7.4071,42.1903]],[[-7.4047,42.19],[-7.4048,42.19],[-7.4047,42.19],[-7.4047,42.19]],[[-7.3529,42.1898],[-7.3524,42.1901],[-7.353,42.1899],[-7.3529,42.1898]],[[-7.352,42.1882],[-7.3523,42.1885],[-7.3526,42.1888],[-7.3531,42.1886],[-7.352,42.1882]],[[-7.3718,42.1811],[-7.3718,42.1812],[-7.3719,42.1812],[-7.3718,42.1811]],[[-7.3725,42.1817],[-7.3725,42.1817],[-7.3725,42.1817],[-7.3725,42.1817]],[[-7.3726,42.1818],[-7.3726,42.1818],[-7.3726,42.1818],[-7.3726,42.1818]],[[-7.3727,42.1818],[-7.3727,42.1819],[-7.3728,42.1819],[-7.3727,42.1818],[-7.3727,42.1818]],[[-7.3729,42.182],[-7.3729,42.1819],[-7.3729,42.1819],[-7.3729,42.182]],[[-7.3738,42.1835],[-7.3741,42.1835],[-7.3735,42.1835],[-7.3738,42.1835]],[[-7.3734,42.1841],[-7.3734,42.1842],[-7.3734,42.1842],[-7.3734,42.1841]],[[-7.3731,42.1839],[-7.3726,42.1839],[-7.3732,42.1842],[-7.3731,42.1839]],[[-7.3698,42.18],[-7.3692,42.1796],[-7.3697,42.1801],[-7.3698,42.18]],[[-7.3684,42.1791],[-7.3682,42.179],[-7.3682,42.1791],[-7.3684,42.1791]],[[-7.3836,42.1825],[-7.3869,42.1851],[-7.3879,42.1853],[-7.3836,42.1825]],[[-7.4054,42.1835],[-7.407,42.1846],[-7.4076,42.1847],[-7.4054,42.1835]],[[-7.4053,42.185],[-7.405,42.1848],[-7.4049,42.185],[-7.4053,42.185]],[[-7.415,42.1784],[-7.4155,42.1782],[-7.4147,42.1781],[-7.415,42.1784]],[[-7.3721,42.1723],[-7.3731,42.1736],[-7.3738,42.1737],[-7.3721,42.1723]],[[-7.3731,42.1723],[-7.3721,42.1716],[-7.3721,42.1719],[-7.3731,42.1723]],[[-7.3714,42.173],[-7.372,42.1737],[-7.3723,42.1734],[-7.3714,42.173]],[[-7.367,42.1729],[-7.3669,42.1729],[-7.367,42.1729],[-7.367,42.1729]],[[-7.3693,42.1721],[-7.3701,42.1727],[-7.3694,42.172],[-7.3693,42.1721]],[[-7.3645,42.1724],[-7.3645,42.1723],[-7.3645,42.1724],[-7.3645,42.1724]],[[-7.3681,42.1789],[-7.3681,42.1789],[-7.3681,42.1789],[-7.3681,42.1789]],[[-7.3557,42.1769],[-7.3563,42.1766],[-7.3558,42.1762],[-7.3557,42.1769]],[[-7.354,42.1768],[-7.3538,42.1767],[-7.3538,42.1768],[-7.354,42.1768]],[[-7.3595,42.1757],[-7.3593,42.1754],[-7.3592,42.1754],[-7.3592,42.1756],[-7.3595,42.1757]],[[-7.3595,42.1758],[-7.3596,42.1758],[-7.3595,42.1758],[-7.3595,42.1758]],[[-7.3509,42.1805],[-7.3509,42.1805],[-7.3509,42.1805],[-7.3509,42.1805]],[[-7.3295,42.2093],[-7.3287,42.2083],[-7.3295,42.2099],[-7.3295,42.2093]],[[-7.3216,42.2168],[-7.3201,42.2166],[-7.32,42.2167],[-7.3216,42.2168]],[[-7.3221,42.2166],[-7.3218,42.2167],[-7.3221,42.2169],[-7.3221,42.2166]],[[-7.3228,42.2173],[-7.3222,42.2178],[-7.3235,42.2183],[-7.3228,42.2173]],[[-7.3222,42.2181],[-7.322,42.218],[-7.3219,42.2181],[-7.3222,42.2181]],[[-7.3264,42.2206],[-7.3273,42.2203],[-7.3262,42.2197],[-7.3264,42.2206]],[[-7.3276,42.2206],[-7.3276,42.2206],[-7.3276,42.2206],[-7.3276,42.2206]],[[-7.384,42.2107],[-7.3853,42.2123],[-7.3848,42.211],[-7.384,42.2107]],[[-7.361,42.2121],[-7.3601,42.2125],[-7.3592,42.2138],[-7.3609,42.2128],[-7.361,42.2121]],[[-7.3788,42.2263],[-7.3781,42.2259],[-7.378,42.226],[-7.3788,42.2263]],[[-7.3791,42.2304],[-7.3791,42.2305],[-7.3791,42.2304],[-7.3791,42.2304]],[[-7.379,42.2305],[-7.379,42.2305],[-7.379,42.2305],[-7.379,42.2305]],[[-7.3788,42.2305],[-7.3781,42.2308],[-7.3797,42.2307],[-7.3788,42.2305]],[[-7.3769,42.2268],[-7.3766,42.2272],[-7.3772,42.227],[-7.3769,42.2268]],[[-7.3611,42.2342],[-7.3612,42.2349],[-7.3617,42.2342],[-7.3611,42.2342]],[[-7.417,42.2291],[-7.4164,42.2294],[-7.4172,42.2293],[-7.417,42.2291]],[[-7.4162,42.2295],[-7.4163,42.2294],[-7.4162,42.2294],[-7.4162,42.2295]],[[-7.4156,42.2295],[-7.416,42.2296],[-7.4161,42.2295],[-7.4156,42.2295]],[[-7.4318,42.2305],[-7.4309,42.2305],[-7.4319,42.2308],[-7.4318,42.2305]],[[-7.4294,42.2316],[-7.4298,42.2332],[-7.4304,42.2318],[-7.4294,42.2316]],[[-7.3214,42.3234],[-7.322,42.3229],[-7.3216,42.3226],[-7.3214,42.3234]],[[-7.3258,42.3241],[-7.3262,42.3242],[-7.3261,42.3241],[-7.3258,42.3241]],[[-7.3165,42.325],[-7.3159,42.3235],[-7.3152,42.3244],[-7.3165,42.325]],[[-7.3257,42.3272],[-7.3272,42.3275],[-7.326,42.327],[-7.3257,42.3272]],[[-7.3274,42.329],[-7.327,42.3291],[-7.3274,42.3292],[-7.3274,42.329]],[[-7.3132,42.3211],[-7.3141,42.3208],[-7.3136,42.3207],[-7.3132,42.3211]],[[-7.3128,42.3216],[-7.3131,42.3211],[-7.3127,42.3215],[-7.3128,42.3216]],[[-7.3198,42.3201],[-7.3189,42.3198],[-7.3184,42.3212],[-7.3198,42.3201]],[[-7.3151,42.3198],[-7.3155,42.3197],[-7.3157,42.3194],[-7.3151,42.3198]],[[-7.3159,42.3212],[-7.3157,42.3213],[-7.3162,42.321],[-7.3159,42.3212]],[[-7.3167,42.3056],[-7.316,42.3039],[-7.3156,42.305],[-7.3167,42.3056]],[[-7.3172,42.3043],[-7.3172,42.3044],[-7.3172,42.3044],[-7.3172,42.3043]],[[-7.3129,42.305],[-7.3129,42.3042],[-7.312,42.3046],[-7.3129,42.305]],[[-7.3255,42.3001],[-7.3252,42.3007],[-7.3257,42.3002],[-7.3255,42.3001]],[[-7.3235,42.3013],[-7.3208,42.3016],[-7.3205,42.3022],[-7.3235,42.3013]],[[-7.3089,42.3001],[-7.3093,42.2997],[-7.3089,42.2998],[-7.3089,42.3001]],[[-7.3088,42.3001],[-7.3081,42.3009],[-7.3083,42.3011],[-7.3087,42.3006],[-7.3088,42.3003],[-7.3088,42.3001]],[[-7.3025,42.3001],[-7.3015,42.2998],[-7.3019,42.3001],[-7.3025,42.3001]],[[-7.2984,42.2998],[-7.2987,42.3],[-7.2987,42.2998],[-7.2984,42.2998]],[[-7.3015,42.2992],[-7.3011,42.2988],[-7.3019,42.2996],[-7.3015,42.2992]],[[-7.2987,42.2975],[-7.2993,42.2976],[-7.2984,42.2973],[-7.2987,42.2975]],[[-7.3104,42.2898],[-7.3099,42.292],[-7.3115,42.2912],[-7.3104,42.2898]],[[-7.3071,42.2948],[-7.3086,42.2887],[-7.3043,42.2931],[-7.3071,42.2948]],[[-7.309,42.2895],[-7.309,42.2895],[-7.309,42.2895],[-7.309,42.2895]],[[-7.3098,42.292],[-7.3099,42.2921],[-7.3099,42.292],[-7.3098,42.292]],[[-7.3094,42.2885],[-7.309,42.2893],[-7.3098,42.2888],[-7.3094,42.2885]],[[-7.3046,42.2935],[-7.3034,42.2947],[-7.3037,42.2957],[-7.3046,42.2935]],[[-7.3113,42.2894],[-7.3108,42.2895],[-7.3108,42.2896],[-7.3113,42.2894]],[[-7.3035,42.2959],[-7.3032,42.2961],[-7.3035,42.2965],[-7.3035,42.2959]],[[-7.3353,42.2926],[-7.3325,42.2929],[-7.3314,42.2938],[-7.3317,42.294],[-7.3353,42.2926]],[[-7.3321,42.2929],[-7.3321,42.2929],[-7.3321,42.2929],[-7.3321,42.2929]],[[-7.337,42.2928],[-7.3368,42.2934],[-7.3379,42.2929],[-7.337,42.2928]],[[-7.3414,42.2928],[-7.338,42.2941],[-7.3379,42.2945],[-7.3402,42.2939],[-7.3414,42.2928]],[[-7.3402,42.2944],[-7.3408,42.2944],[-7.3403,42.294],[-7.3402,42.2944]],[[-7.341,42.2933],[-7.341,42.2934],[-7.3411,42.2933],[-7.341,42.2933]],[[-7.3388,42.2926],[-7.3381,42.2928],[-7.339,42.2929],[-7.3388,42.2926]],[[-7.3467,42.2931],[-7.3467,42.2928],[-7.3466,42.2928],[-7.3467,42.2931]],[[-7.3428,42.2949],[-7.3436,42.2962],[-7.3435,42.2946],[-7.3428,42.2949]],[[-7.3434,42.2943],[-7.3432,42.2943],[-7.3431,42.2943],[-7.3432,42.2944],[-7.3434,42.2943]],[[-7.3267,42.2938],[-7.3243,42.2938],[-7.324,42.2958],[-7.3247,42.2963],[-7.3267,42.2938]],[[-7.3268,42.2937],[-7.3268,42.2938],[-7.3268,42.2937],[-7.3268,42.2937]],[[-7.3232,42.2957],[-7.322,42.296],[-7.3237,42.2959],[-7.3232,42.2957]],[[-7.3164,42.2949],[-7.3169,42.2955],[-7.3172,42.2952],[-7.3164,42.2949]],[[-7.3257,42.2924],[-7.3253,42.2936],[-7.3264,42.2933],[-7.3257,42.2924]],[[-7.3038,42.2916],[-7.3004,42.2932],[-7.3005,42.2943],[-7.3026,42.2948],[-7.3038,42.2916]],[[-7.3006,42.2943],[-7.3006,42.2944],[-7.3006,42.2944],[-7.3006,42.2943]],[[-7.3062,42.2902],[-7.3045,42.2896],[-7.3047,42.2909],[-7.3062,42.2902]],[[-7.3275,42.3007],[-7.3275,42.3043],[-7.3313,42.3043],[-7.3311,42.2991],[-7.3275,42.3007]],[[-7.3265,42.2998],[-7.3267,42.2999],[-7.3267,42.2998],[-7.3265,42.2998]],[[-7.3352,42.2997],[-7.332,42.3015],[-7.3346,42.3007],[-7.3352,42.2997]],[[-7.3373,42.3008],[-7.3383,42.3006],[-7.3372,42.3006],[-7.3373,42.3008]],[[-7.3524,42.3018],[-7.3529,42.3015],[-7.3516,42.3021],[-7.3524,42.3018]],[[-7.351,42.3043],[-7.3514,42.3043],[-7.3513,42.3042],[-7.351,42.3043]],[[-7.3492,42.3044],[-7.35,42.3051],[-7.3502,42.3049],[-7.3492,42.3044]],[[-7.3494,42.3052],[-7.3495,42.3056],[-7.3497,42.3053],[-7.3494,42.3052]],[[-7.3264,42.3028],[-7.3256,42.3034],[-7.3262,42.3031],[-7.3264,42.3028]],[[-7.3378,42.3096],[-7.3374,42.3092],[-7.3373,42.31],[-7.3378,42.3096]],[[-7.3372,42.3101],[-7.3372,42.3108],[-7.3375,42.3108],[-7.3372,42.3101]],[[-7.3364,42.31],[-7.3359,42.3103],[-7.3361,42.3104],[-7.3364,42.31]],[[-7.3283,42.3123],[-7.329,42.312],[-7.3292,42.3114],[-7.3283,42.3123]],[[-7.3324,42.3127],[-7.332,42.3115],[-7.3322,42.3127],[-7.3324,42.3127]],[[-7.3335,42.3129],[-7.334,42.3127],[-7.3335,42.3127],[-7.3335,42.3129]],[[-7.3328,42.3129],[-7.3335,42.3127],[-7.3328,42.3126],[-7.3328,42.3129]],[[-7.333,42.3136],[-7.333,42.3141],[-7.3336,42.3138],[-7.333,42.3136]],[[-7.3378,42.3118],[-7.3367,42.3113],[-7.3375,42.3121],[-7.3378,42.3118]],[[-7.3406,42.312],[-7.3404,42.312],[-7.3404,42.312],[-7.3406,42.312]],[[-7.3413,42.3117],[-7.3408,42.3116],[-7.3404,42.3119],[-7.3413,42.3117]],[[-7.3519,42.3077],[-7.3525,42.3078],[-7.3522,42.3075],[-7.3519,42.3077]],[[-7.3551,42.2964],[-7.3554,42.2957],[-7.3552,42.2958],[-7.3551,42.2964]],[[-7.3055,42.2862],[-7.3036,42.2859],[-7.3029,42.2869],[-7.3055,42.2862]],[[-7.3084,42.2868],[-7.308,42.286],[-7.3075,42.287],[-7.3084,42.2868]],[[-7.3065,42.2849],[-7.3058,42.2857],[-7.3069,42.2853],[-7.3065,42.2849]],[[-7.3077,42.2851],[-7.3072,42.2842],[-7.307,42.2845],[-7.3077,42.2851]],[[-7.3093,42.2843],[-7.309,42.2844],[-7.3091,42.2845],[-7.3093,42.2843]],[[-7.3102,42.2847],[-7.31,42.2844],[-7.3102,42.2847],[-7.3102,42.2847]],[[-7.31,42.2843],[-7.3095,42.284],[-7.3094,42.2841],[-7.31,42.2843]],[[-7.3088,42.2844],[-7.309,42.2844],[-7.309,42.2844],[-7.3088,42.2844]],[[-7.3074,42.2851],[-7.3075,42.285],[-7.3074,42.285],[-7.3074,42.2851]],[[-7.3092,42.2832],[-7.3084,42.2837],[-7.3093,42.2835],[-7.3092,42.2832]],[[-7.3081,42.2834],[-7.3062,42.2835],[-7.3062,42.2837],[-7.3074,42.2837],[-7.3074,42.2836],[-7.3081,42.2835],[-7.3081,42.2834]],[[-7.309,42.2826],[-7.3084,42.2822],[-7.3091,42.2829],[-7.309,42.2826]],[[-7.3083,42.282],[-7.3083,42.2822],[-7.3084,42.282],[-7.3083,42.282]],[[-7.3061,42.2815],[-7.3085,42.2807],[-7.3068,42.2795],[-7.3061,42.2815]],[[-7.306,42.2799],[-7.3049,42.2803],[-7.306,42.2801],[-7.3057,42.281],[-7.3064,42.2804],[-7.306,42.2799]],[[-7.3056,42.2798],[-7.3058,42.2799],[-7.3058,42.2795],[-7.3056,42.2798]],[[-7.3058,42.2794],[-7.306,42.2794],[-7.3058,42.2794],[-7.3058,42.2794]],[[-7.3056,42.2804],[-7.3056,42.2804],[-7.3056,42.2804],[-7.3056,42.2804]],[[-7.3098,42.2834],[-7.3107,42.2822],[-7.3092,42.282],[-7.3098,42.2834]],[[-7.3108,42.2826],[-7.3107,42.2826],[-7.3108,42.2826],[-7.3108,42.2826]],[[-7.3124,42.284],[-7.3121,42.2837],[-7.3119,42.2839],[-7.3124,42.284]],[[-7.3122,42.2836],[-7.3114,42.283],[-7.3111,42.2832],[-7.3122,42.2836]],[[-7.3105,42.2822],[-7.3108,42.2817],[-7.3106,42.2807],[-7.3101,42.2805],[-7.3105,42.2822]],[[-7.3266,42.2818],[-7.3274,42.2817],[-7.327,42.2815],[-7.3266,42.2818]],[[-7.326,42.2829],[-7.3228,42.2821],[-7.3197,42.2832],[-7.326,42.2829]],[[-7.3228,42.2816],[-7.3226,42.2821],[-7.323,42.2819],[-7.3228,42.2816]],[[-7.3176,42.2831],[-7.3183,42.2834],[-7.3183,42.2831],[-7.3189,42.283],[-7.3176,42.2831]],[[-7.3186,42.2831],[-7.319,42.2833],[-7.3192,42.2831],[-7.3186,42.2831]],[[-7.321,42.2835],[-7.3209,42.2837],[-7.321,42.2836],[-7.321,42.2835]],[[-7.3254,42.2836],[-7.3255,42.2837],[-7.3255,42.2836],[-7.3254,42.2836]],[[-7.3362,42.28],[-7.3363,42.2803],[-7.3364,42.2801],[-7.3362,42.28]],[[-7.3395,42.2778],[-7.3395,42.2779],[-7.3396,42.2779],[-7.3395,42.2778]],[[-7.3395,42.2778],[-7.3391,42.2777],[-7.3391,42.2778],[-7.3395,42.2778]],[[-7.3391,42.2778],[-7.3385,42.278],[-7.3392,42.2782],[-7.3391,42.2778]],[[-7.3427,42.2754],[-7.3472,42.2748],[-7.3472,42.2741],[-7.3452,42.2743],[-7.3447,42.275],[-7.3427,42.2754]],[[-7.3479,42.2746],[-7.3479,42.2747],[-7.3479,42.2746],[-7.3479,42.2746]],[[-7.3479,42.2746],[-7.3478,42.2745],[-7.3478,42.2746],[-7.3479,42.2746]],[[-7.3477,42.2744],[-7.3476,42.2744],[-7.3476,42.2744],[-7.3477,42.2744]],[[-7.3479,42.2736],[-7.3473,42.2739],[-7.3485,42.2738],[-7.3479,42.2736]],[[-7.3474,42.2739],[-7.3475,42.2739],[-7.3475,42.2739],[-7.3474,42.2739]],[[-7.348,42.2741],[-7.348,42.274],[-7.348,42.274],[-7.348,42.2741]],[[-7.3488,42.2737],[-7.3489,42.2739],[-7.3489,42.2738],[-7.3488,42.2737]],[[-7.3488,42.2739],[-7.3489,42.2739],[-7.3488,42.2739],[-7.3488,42.2739]],[[-7.349,42.2741],[-7.3489,42.274],[-7.3488,42.2742],[-7.349,42.2741]],[[-7.3487,42.2744],[-7.3487,42.2744],[-7.3487,42.2744],[-7.3487,42.2744]],[[-7.3489,42.2746],[-7.3489,42.2746],[-7.3488,42.2746],[-7.3489,42.2746]],[[-7.3494,42.2738],[-7.3494,42.2738],[-7.3494,42.2738],[-7.3494,42.2738]],[[-7.3499,42.2739],[-7.3505,42.2738],[-7.3497,42.2737],[-7.3499,42.2739]],[[-7.3491,42.2737],[-7.3494,42.2735],[-7.3491,42.2735],[-7.3491,42.2737]],[[-7.347,42.2734],[-7.347,42.2735],[-7.347,42.2735],[-7.347,42.2734]],[[-7.3473,42.2737],[-7.3473,42.2738],[-7.3473,42.2737],[-7.3473,42.2737]],[[-7.3469,42.2739],[-7.347,42.2739],[-7.347,42.2739],[-7.3469,42.2739]],[[-7.347,42.2739],[-7.3471,42.274],[-7.3471,42.2739],[-7.347,42.2739]],[[-7.3449,42.2747],[-7.3448,42.2748],[-7.3449,42.2748],[-7.3449,42.2747]],[[-7.3416,42.2735],[-7.3416,42.2735],[-7.3416,42.2735],[-7.3416,42.2735]],[[-7.3416,42.2736],[-7.3417,42.2736],[-7.3416,42.2736],[-7.3416,42.2736]],[[-7.3417,42.2739],[-7.3418,42.2738],[-7.3417,42.2738],[-7.3417,42.2739]],[[-7.3412,42.2734],[-7.3414,42.2734],[-7.3414,42.2732],[-7.3412,42.2734]],[[-7.3414,42.2731],[-7.3414,42.2732],[-7.3414,42.2732],[-7.3414,42.2731]],[[-7.3415,42.2732],[-7.3414,42.2732],[-7.3414,42.2732],[-7.3415,42.2732]],[[-7.3387,42.2675],[-7.3397,42.269],[-7.3405,42.2671],[-7.3387,42.2675]],[[-7.3407,42.2694],[-7.3402,42.2687],[-7.3401,42.2689],[-7.3407,42.2694]],[[-7.3395,42.2746],[-7.3405,42.2736],[-7.3395,42.2735],[-7.3395,42.2746]],[[-7.3366,42.2725],[-7.3327,42.2749],[-7.3342,42.2798],[-7.3336,42.2771],[-7.3365,42.2788],[-7.3405,42.2758],[-7.3348,42.2758],[-7.3354,42.2735],[-7.3359,42.274],[-7.3384,42.2741],[-7.3366,42.2725]],[[-7.3353,42.2731],[-7.3355,42.2728],[-7.3352,42.2729],[-7.3353,42.2731]],[[-7.3331,42.2725],[-7.3319,42.2718],[-7.3303,42.2723],[-7.3331,42.2725]],[[-7.3293,42.2728],[-7.3292,42.2722],[-7.329,42.2726],[-7.3293,42.2728]],[[-7.3322,42.2733],[-7.3326,42.2731],[-7.3321,42.2731],[-7.3322,42.2733]],[[-7.3313,42.2729],[-7.3309,42.2734],[-7.3316,42.2738],[-7.3313,42.2729]],[[-7.3315,42.274],[-7.3315,42.274],[-7.3315,42.274],[-7.3315,42.274]],[[-7.3329,42.2759],[-7.3319,42.2751],[-7.3313,42.2752],[-7.3329,42.2759]],[[-7.3313,42.2758],[-7.3311,42.2753],[-7.331,42.2757],[-7.3313,42.2758]],[[-7.3469,42.2684],[-7.3469,42.2684],[-7.3469,42.2684],[-7.3469,42.2684]],[[-7.3467,42.268],[-7.3468,42.2683],[-7.3469,42.2678],[-7.3467,42.268]],[[-7.3454,42.2679],[-7.3454,42.2686],[-7.3458,42.2681],[-7.3454,42.2679]],[[-7.3455,42.27],[-7.3445,42.2703],[-7.345,42.2704],[-7.3455,42.27]],[[-7.3445,42.2703],[-7.3445,42.2703],[-7.3445,42.2703],[-7.3445,42.2703]],[[-7.3444,42.27],[-7.3444,42.27],[-7.3443,42.27],[-7.3444,42.27]],[[-7.3443,42.2699],[-7.3443,42.2699],[-7.3443,42.2699],[-7.3443,42.2699]],[[-7.3436,42.2706],[-7.3436,42.2706],[-7.3436,42.2706],[-7.3436,42.2706]],[[-7.3443,42.2711],[-7.3446,42.2706],[-7.3443,42.2709],[-7.3443,42.2704],[-7.3438,42.2703],[-7.3437,42.2703],[-7.3436,42.2707],[-7.3443,42.2711]],[[-7.3443,42.2704],[-7.3443,42.2704],[-7.3443,42.2704],[-7.3443,42.2704]],[[-7.3446,42.2704],[-7.3444,42.2704],[-7.3444,42.2705],[-7.3446,42.2704]],[[-7.3448,42.2705],[-7.3447,42.2705],[-7.3448,42.2705],[-7.3448,42.2705]],[[-7.307,42.2775],[-7.3071,42.2772],[-7.3065,42.277],[-7.307,42.2775]],[[-7.3075,42.2745],[-7.3066,42.2746],[-7.3069,42.275],[-7.3075,42.2745]],[[-7.3063,42.2744],[-7.3065,42.2746],[-7.3067,42.2744],[-7.3063,42.2744]],[[-7.3067,42.2746],[-7.3066,42.2746],[-7.3066,42.2746],[-7.3067,42.2746]],[[-7.3068,42.275],[-7.3068,42.2749],[-7.3068,42.275],[-7.3068,42.275]],[[-7.3097,42.268],[-7.3085,42.2679],[-7.309,42.2691],[-7.3097,42.268]],[[-7.3084,42.2679],[-7.308,42.2678],[-7.3076,42.2679],[-7.3081,42.2681],[-7.3084,42.2679]],[[-7.3451,42.2674],[-7.3454,42.2676],[-7.3454,42.2672],[-7.3451,42.2674]],[[-7.3451,42.2773],[-7.3454,42.2774],[-7.3454,42.2773],[-7.3451,42.2773]],[[-7.3477,42.2787],[-7.3477,42.2787],[-7.3477,42.2786],[-7.3477,42.2787]],[[-7.3476,42.2782],[-7.3477,42.2782],[-7.3477,42.2782],[-7.3476,42.2782]],[[-7.3473,42.2782],[-7.3473,42.2782],[-7.3473,42.2782],[-7.3473,42.2782]],[[-7.3475,42.2779],[-7.3475,42.2778],[-7.3475,42.2779],[-7.3475,42.2779]],[[-7.3467,42.2777],[-7.3469,42.2788],[-7.3473,42.2785],[-7.3467,42.2777]],[[-7.3428,42.2788],[-7.3429,42.2786],[-7.3427,42.279],[-7.3428,42.2788]],[[-7.3427,42.2786],[-7.3427,42.2787],[-7.3427,42.2787],[-7.3427,42.2786]],[[-7.3423,42.2787],[-7.3422,42.2787],[-7.3423,42.2787],[-7.3423,42.2787]],[[-7.3116,42.2853],[-7.3108,42.2858],[-7.3097,42.2853],[-7.3094,42.2862],[-7.3107,42.2868],[-7.312,42.2856],[-7.3123,42.2842],[-7.3116,42.2853]],[[-7.3116,42.2852],[-7.3115,42.2853],[-7.3116,42.2853],[-7.3116,42.2852]],[[-7.3113,42.2847],[-7.311,42.2838],[-7.3104,42.2841],[-7.3108,42.2847],[-7.3113,42.2847]],[[-7.31,42.2854],[-7.3099,42.2854],[-7.3099,42.2854],[-7.31,42.2854]],[[-7.3092,42.2852],[-7.3083,42.2855],[-7.3086,42.2857],[-7.3092,42.2852]],[[-7.3038,42.2812],[-7.3045,42.2808],[-7.3038,42.2808],[-7.3038,42.2812]],[[-7.3532,42.2697],[-7.3538,42.2702],[-7.3538,42.2699],[-7.3532,42.2697]],[[-7.3399,42.2639],[-7.3408,42.2631],[-7.3394,42.2638],[-7.3399,42.2639]],[[-7.3075,42.2633],[-7.3087,42.2631],[-7.3077,42.2629],[-7.3075,42.2633]],[[-7.3339,42.2567],[-7.3333,42.2563],[-7.3332,42.2567],[-7.3339,42.2567]],[[-7.345,42.2568],[-7.3449,42.2568],[-7.345,42.2568],[-7.345,42.2568]],[[-7.3453,42.2566],[-7.345,42.2564],[-7.3451,42.2567],[-7.3453,42.2566]],[[-7.3483,42.2562],[-7.3484,42.2569],[-7.3488,42.2571],[-7.3483,42.2562]],[[-7.3129,42.2447],[-7.312,42.2442],[-7.3132,42.2458],[-7.3129,42.2447]],[[-7.3379,42.2438],[-7.3375,42.2431],[-7.3374,42.2427],[-7.3363,42.2428],[-7.3379,42.2438]],[[-7.3358,42.2423],[-7.3362,42.2423],[-7.3361,42.2416],[-7.3358,42.2422],[-7.3355,42.2419],[-7.3358,42.2423]],[[-7.3358,42.2419],[-7.3358,42.2419],[-7.3358,42.242],[-7.3358,42.2419]],[[-7.3381,42.2416],[-7.3379,42.2407],[-7.337,42.2406],[-7.3381,42.2416]],[[-7.3345,42.2402],[-7.3344,42.2387],[-7.3341,42.2394],[-7.3342,42.24],[-7.3333,42.2406],[-7.3345,42.2402]],[[-7.335,42.2385],[-7.3349,42.2386],[-7.335,42.2386],[-7.335,42.2385]],[[-7.3348,42.2386],[-7.3348,42.2386],[-7.3348,42.2386],[-7.3348,42.2386]],[[-7.3261,42.2383],[-7.3263,42.2386],[-7.3267,42.2383],[-7.3261,42.2383]],[[-7.3263,42.2386],[-7.326,42.2388],[-7.3262,42.2388],[-7.3263,42.2386]],[[-7.3255,42.239],[-7.3257,42.2398],[-7.3262,42.2391],[-7.3255,42.239]],[[-7.321,42.236],[-7.3277,42.2383],[-7.3287,42.2381],[-7.3267,42.2356],[-7.321,42.236]],[[-7.3279,42.2366],[-7.3279,42.2366],[-7.3279,42.2366],[-7.3279,42.2366]],[[-7.3235,42.2383],[-7.3235,42.2383],[-7.3234,42.2383],[-7.3235,42.2383]],[[-7.3239,42.2381],[-7.3239,42.238],[-7.3239,42.238],[-7.3239,42.2381]],[[-7.3339,42.2341],[-7.3327,42.2329],[-7.3338,42.2344],[-7.3339,42.2341]],[[-7.3332,42.2355],[-7.335,42.235],[-7.3332,42.2354],[-7.3332,42.2355]],[[-7.338,42.2361],[-7.3356,42.2362],[-7.338,42.2368],[-7.338,42.2361]],[[-7.3383,42.2361],[-7.3388,42.2386],[-7.3396,42.2389],[-7.3406,42.238],[-7.3421,42.2381],[-7.3383,42.2361]],[[-7.3408,42.2382],[-7.3408,42.2384],[-7.3409,42.2382],[-7.3408,42.2382]],[[-7.3353,42.2355],[-7.3355,42.2361],[-7.3367,42.2356],[-7.3353,42.2355]],[[-7.3376,42.2383],[-7.3374,42.2399],[-7.3379,42.2404],[-7.3389,42.2394],[-7.3376,42.2383]],[[-7.3387,42.2408],[-7.3397,42.2397],[-7.3391,42.2397],[-7.3387,42.2408]],[[-7.3359,42.2378],[-7.3359,42.2366],[-7.3347,42.237],[-7.3359,42.2378]],[[-7.3286,42.2371],[-7.3299,42.2365],[-7.3301,42.2362],[-7.3286,42.2371]],[[-7.3336,42.2287],[-7.3335,42.2283],[-7.3335,42.2279],[-7.3331,42.228],[-7.3336,42.2287]],[[-7.3107,42.3121],[-7.3101,42.3124],[-7.3107,42.3125],[-7.3107,42.3121]],[[-7.311,42.3107],[-7.311,42.3116],[-7.3113,42.3106],[-7.311,42.3107]],[[-7.3105,42.314],[-7.3102,42.3128],[-7.3102,42.3139],[-7.3105,42.314]],[[-7.2324,42.2517],[-7.2316,42.2512],[-7.2314,42.2513],[-7.2322,42.2518],[-7.2324,42.2517]],[[-7.2319,42.2505],[-7.2315,42.2511],[-7.2322,42.2505],[-7.2319,42.2505]],[[-7.2173,42.2182],[-7.2175,42.2188],[-7.2179,42.2183],[-7.2173,42.2182]],[[-7.2181,42.2181],[-7.2181,42.2181],[-7.2181,42.2181],[-7.2181,42.2181]],[[-7.2179,42.2181],[-7.2179,42.2182],[-7.2179,42.2181],[-7.2179,42.2181]],[[-7.2584,42.1236],[-7.259,42.1244],[-7.2592,42.1243],[-7.2584,42.1236]],[[-7.2625,42.216],[-7.2621,42.2157],[-7.2616,42.2157],[-7.2625,42.216]],[[-7.3042,42.2146],[-7.3043,42.2146],[-7.3046,42.2143],[-7.3042,42.2146]],[[-7.255,42.212],[-7.2558,42.212],[-7.2556,42.212],[-7.255,42.212]],[[-7.2887,42.2101],[-7.2878,42.208],[-7.2857,42.2091],[-7.2887,42.2101]],[[-7.2898,42.2093],[-7.2898,42.2093],[-7.2898,42.2093],[-7.2898,42.2093]],[[-7.292,42.2075],[-7.2911,42.2077],[-7.2913,42.2081],[-7.292,42.2075]],[[-7.2889,42.2049],[-7.2875,42.2054],[-7.289,42.2051],[-7.2889,42.2049]],[[-7.306,42.2023],[-7.3075,42.2017],[-7.3049,42.1999],[-7.306,42.2023]],[[-7.308,42.204],[-7.3082,42.2039],[-7.3082,42.2038],[-7.308,42.204]],[[-7.308,42.204],[-7.307,42.2043],[-7.3079,42.2046],[-7.3079,42.2041],[-7.308,42.2041],[-7.308,42.204]],[[-7.3079,42.2046],[-7.3079,42.2046],[-7.3079,42.2046],[-7.3079,42.2046]],[[-7.3082,42.2043],[-7.3079,42.205],[-7.3086,42.2051],[-7.3082,42.2043]],[[-7.305,42.1998],[-7.3046,42.1993],[-7.3043,42.1992],[-7.305,42.1998]],[[-7.3044,42.199],[-7.3045,42.1977],[-7.3041,42.1975],[-7.3042,42.1964],[-7.304,42.1964],[-7.3037,42.198],[-7.3044,42.199]],[[-7.3044,42.1991],[-7.3044,42.1991],[-7.3044,42.1991],[-7.3044,42.1991]],[[-7.3024,42.1988],[-7.3029,42.1984],[-7.3024,42.1984],[-7.3024,42.1988]],[[-7.309,42.2023],[-7.3084,42.2026],[-7.3088,42.2028],[-7.309,42.2023]],[[-7.2936,42.2032],[-7.2923,42.2027],[-7.2911,42.2036],[-7.2936,42.2032]],[[-7.2911,42.2036],[-7.2906,42.2037],[-7.2909,42.204],[-7.2911,42.2036]],[[-7.2799,42.2026],[-7.2801,42.2032],[-7.2804,42.2028],[-7.2799,42.2026]],[[-7.2838,42.2015],[-7.2825,42.2014],[-7.2824,42.2016],[-7.2838,42.2015]],[[-7.3172,42.1942],[-7.3163,42.1937],[-7.3162,42.1938],[-7.3168,42.1942],[-7.3172,42.1942]],[[-7.3154,42.1942],[-7.3148,42.194],[-7.3146,42.1941],[-7.3146,42.194],[-7.3139,42.1941],[-7.3154,42.1942]],[[-7.3139,42.194],[-7.3138,42.194],[-7.3138,42.194],[-7.3139,42.194]],[[-7.3118,42.1935],[-7.3071,42.1928],[-7.3097,42.1936],[-7.3118,42.1935]],[[-7.3133,42.1912],[-7.3126,42.1915],[-7.3135,42.1914],[-7.3133,42.1912]],[[-7.3091,42.1896],[-7.3082,42.1906],[-7.3086,42.1909],[-7.3091,42.1896]],[[-7.3122,42.1885],[-7.3114,42.1883],[-7.3122,42.1887],[-7.3122,42.1885]],[[-7.3085,42.1872],[-7.3101,42.1874],[-7.3105,42.1869],[-7.3085,42.1872]],[[-7.3099,42.1874],[-7.3099,42.1874],[-7.3099,42.1874],[-7.3099,42.1874]],[[-7.3082,42.1877],[-7.3076,42.1882],[-7.3072,42.1885],[-7.3077,42.1884],[-7.3082,42.1877]],[[-7.2991,42.1871],[-7.2977,42.1851],[-7.297,42.1851],[-7.2991,42.1871]],[[-7.2785,42.183],[-7.281,42.1844],[-7.2788,42.1829],[-7.2785,42.183]],[[-7.2792,42.1827],[-7.2856,42.1859],[-7.2868,42.1848],[-7.2822,42.1841],[-7.2813,42.1827],[-7.2792,42.1827]],[[-7.2865,42.1854],[-7.2876,42.1859],[-7.2879,42.1854],[-7.2865,42.1854]],[[-7.2873,42.1849],[-7.2881,42.1851],[-7.2869,42.1844],[-7.2873,42.1849]],[[-7.2837,42.1837],[-7.2831,42.1834],[-7.2825,42.1836],[-7.2837,42.1837]],[[-7.2871,42.1853],[-7.2871,42.1853],[-7.2871,42.1853],[-7.2871,42.1853]],[[-7.2936,42.1822],[-7.2944,42.1822],[-7.2932,42.1821],[-7.2936,42.1822]],[[-7.2948,42.1822],[-7.2948,42.183],[-7.2951,42.1826],[-7.2948,42.1822]],[[-7.2952,42.1828],[-7.2953,42.1829],[-7.2953,42.1828],[-7.2952,42.1828]],[[-7.2953,42.183],[-7.2953,42.183],[-7.2953,42.1829],[-7.2953,42.183]],[[-7.2954,42.1822],[-7.2965,42.1806],[-7.296,42.1814],[-7.2953,42.1816],[-7.2936,42.181],[-7.2954,42.1822]],[[-7.2948,42.1813],[-7.2948,42.1813],[-7.2948,42.1813],[-7.2948,42.1813]],[[-7.2947,42.1812],[-7.2947,42.1813],[-7.2948,42.1813],[-7.2947,42.1812]],[[-7.2955,42.1814],[-7.2954,42.1814],[-7.2955,42.1814],[-7.2955,42.1814]],[[-7.296,42.1816],[-7.296,42.1816],[-7.296,42.1816],[-7.296,42.1816]],[[-7.2952,42.1814],[-7.2952,42.1814],[-7.2952,42.1814],[-7.2952,42.1814]],[[-7.2955,42.1814],[-7.2953,42.1814],[-7.2955,42.1814],[-7.2955,42.1814]],[[-7.2908,42.1801],[-7.2884,42.1777],[-7.2892,42.1772],[-7.2887,42.1765],[-7.288,42.1772],[-7.2886,42.1787],[-7.2886,42.1797],[-7.2908,42.1801]],[[-7.2927,42.1817],[-7.292,42.1807],[-7.2919,42.1814],[-7.2927,42.1817]],[[-7.2884,42.1765],[-7.288,42.1767],[-7.288,42.177],[-7.2884,42.1765]],[[-7.293,42.181],[-7.2933,42.181],[-7.2931,42.1809],[-7.293,42.181]],[[-7.2835,42.177],[-7.2837,42.1778],[-7.2841,42.1775],[-7.2835,42.177]],[[-7.2978,42.1769],[-7.2974,42.1773],[-7.2976,42.1774],[-7.2978,42.1769]],[[-7.2997,42.1818],[-7.2988,42.1814],[-7.2991,42.1817],[-7.2997,42.1818]],[[-7.2997,42.1815],[-7.2999,42.1816],[-7.3,42.1814],[-7.2997,42.1815]],[[-7.3003,42.1815],[-7.3016,42.1814],[-7.3027,42.181],[-7.3028,42.1807],[-7.3003,42.1815]],[[-7.3038,42.1831],[-7.3037,42.1824],[-7.3033,42.1827],[-7.3038,42.1831]],[[-7.3103,42.1876],[-7.3108,42.188],[-7.311,42.1875],[-7.3103,42.1876]],[[-7.3083,42.1736],[-7.3084,42.1741],[-7.3089,42.1741],[-7.3083,42.1736]],[[-7.3099,42.172],[-7.3093,42.1724],[-7.3105,42.1729],[-7.3099,42.172]],[[-7.3066,42.1724],[-7.3071,42.173],[-7.3073,42.1725],[-7.3066,42.1724]],[[-7.2993,42.1723],[-7.3042,42.171],[-7.297,42.1711],[-7.2993,42.1723]],[[-7.2884,42.1721],[-7.2889,42.1719],[-7.2889,42.1717],[-7.2885,42.1717],[-7.2884,42.1721]],[[-7.2954,42.1701],[-7.2955,42.1688],[-7.2932,42.1673],[-7.2926,42.1684],[-7.2954,42.1701]],[[-7.2928,42.1673],[-7.2928,42.1673],[-7.2928,42.1673],[-7.2928,42.1673]],[[-7.2922,42.1674],[-7.2919,42.1671],[-7.292,42.1675],[-7.2922,42.1674]],[[-7.2905,42.168],[-7.2913,42.168],[-7.2912,42.1676],[-7.2905,42.168]],[[-7.2887,42.1671],[-7.2894,42.1673],[-7.2887,42.1668],[-7.2887,42.1671]],[[-7.3071,42.1656],[-7.3103,42.1677],[-7.308,42.166],[-7.3099,42.1643],[-7.3071,42.1656]],[[-7.2934,42.1665],[-7.2922,42.166],[-7.2915,42.1655],[-7.2926,42.1666],[-7.2934,42.1665]],[[-7.3001,42.165],[-7.3012,42.1657],[-7.3018,42.1653],[-7.3001,42.165]],[[-7.3016,42.1646],[-7.3032,42.1648],[-7.3036,42.1647],[-7.3022,42.1642],[-7.3016,42.1646]],[[-7.3042,42.1644],[-7.3044,42.1636],[-7.3035,42.1642],[-7.3042,42.1644]],[[-7.2925,42.1636],[-7.2923,42.1634],[-7.2922,42.1637],[-7.2925,42.1636]],[[-7.3059,42.1685],[-7.3064,42.1677],[-7.3054,42.1679],[-7.3059,42.1685]],[[-7.3035,42.168],[-7.3048,42.1681],[-7.3036,42.1676],[-7.3035,42.168]],[[-7.305,42.168],[-7.3053,42.1674],[-7.304,42.1674],[-7.305,42.168]],[[-7.2984,42.168],[-7.2968,42.167],[-7.2984,42.1684],[-7.2984,42.168]],[[-7.3066,42.1708],[-7.3055,42.1701],[-7.3048,42.1705],[-7.3066,42.1708]],[[-7.306,42.1623],[-7.3073,42.1605],[-7.3042,42.1623],[-7.306,42.1623]],[[-7.2943,42.1614],[-7.2933,42.1605],[-7.294,42.1617],[-7.2943,42.1614]],[[-7.2962,42.1604],[-7.2985,42.1578],[-7.2984,42.1573],[-7.2954,42.1579],[-7.2962,42.1604]],[[-7.2992,42.1572],[-7.2996,42.1569],[-7.2985,42.1569],[-7.2992,42.1572]],[[-7.297,42.16],[-7.2982,42.1605],[-7.2983,42.1601],[-7.297,42.16]],[[-7.297,42.1612],[-7.2958,42.161],[-7.2963,42.1613],[-7.297,42.1612]],[[-7.2971,42.1611],[-7.2972,42.1611],[-7.2971,42.1611],[-7.2971,42.1611]],[[-7.3098,42.1619],[-7.3095,42.1609],[-7.3094,42.1606],[-7.3093,42.1609],[-7.3098,42.1619]],[[-7.2998,42.1559],[-7.2985,42.1559],[-7.2995,42.1568],[-7.2998,42.1559]],[[-7.2916,42.1547],[-7.2905,42.154],[-7.2901,42.1554],[-7.2916,42.1547]],[[-7.3024,42.1536],[-7.3037,42.1518],[-7.3034,42.1519],[-7.3023,42.1532],[-7.3024,42.1536]],[[-7.2937,42.1509],[-7.2941,42.152],[-7.2945,42.1519],[-7.2937,42.1509]],[[-7.2782,42.1595],[-7.2776,42.1608],[-7.2786,42.161],[-7.2782,42.1595]],[[-7.2756,42.1561],[-7.2758,42.1565],[-7.2757,42.1561],[-7.2756,42.1561]],[[-7.277,42.1553],[-7.2763,42.1561],[-7.2763,42.1563],[-7.277,42.1553]],[[-7.2729,42.146],[-7.2733,42.1459],[-7.2729,42.1458],[-7.2729,42.146]],[[-7.2733,42.1465],[-7.2734,42.1466],[-7.2734,42.1465],[-7.2733,42.1465]],[[-7.2734,42.1466],[-7.2736,42.1467],[-7.2736,42.1466],[-7.2734,42.1466]],[[-7.2664,42.1441],[-7.2671,42.1438],[-7.2663,42.144],[-7.2664,42.1441]],[[-7.2698,42.1426],[-7.2679,42.1418],[-7.2697,42.1429],[-7.2698,42.1426]],[[-7.272,42.1392],[-7.2714,42.1394],[-7.2714,42.1396],[-7.2718,42.1396],[-7.272,42.1392]],[[-7.2619,42.1152],[-7.2619,42.115],[-7.2616,42.1147],[-7.2615,42.1147],[-7.2619,42.1152]],[[-7.2633,42.1125],[-7.2644,42.1129],[-7.2641,42.1122],[-7.2633,42.1125]],[[-7.2788,42.1756],[-7.277,42.1755],[-7.2787,42.1761],[-7.2788,42.1756]],[[-7.2774,42.1788],[-7.2765,42.1791],[-7.2766,42.1794],[-7.2774,42.1788]],[[-7.2707,42.1985],[-7.2693,42.1984],[-7.2704,42.1992],[-7.2707,42.1985]],[[-7.2687,42.1979],[-7.2689,42.1978],[-7.2689,42.1976],[-7.2688,42.1975],[-7.2687,42.1979]],[[-7.2638,42.1922],[-7.2641,42.1933],[-7.2643,42.1932],[-7.2645,42.1929],[-7.264,42.1926],[-7.264,42.1923],[-7.2638,42.1922]],[[-7.243,42.2119],[-7.2431,42.2126],[-7.2434,42.212],[-7.243,42.2119]],[[-7.2423,42.2125],[-7.2424,42.212],[-7.2417,42.2125],[-7.2423,42.2125]],[[-7.25,42.1674],[-7.2502,42.1659],[-7.2494,42.1671],[-7.25,42.1674]],[[-7.2418,42.2205],[-7.2424,42.2199],[-7.2406,42.2197],[-7.2418,42.2205]],[[-7.2583,42.2304],[-7.2582,42.2299],[-7.2576,42.2312],[-7.2583,42.2304]],[[-7.2388,42.2362],[-7.2375,42.2363],[-7.2374,42.2369],[-7.2388,42.2362]],[[-7.2671,42.2382],[-7.2667,42.2377],[-7.2661,42.2381],[-7.2671,42.2382]],[[-7.2772,42.2376],[-7.2768,42.2377],[-7.2772,42.2376],[-7.2772,42.2376]],[[-7.2795,42.2377],[-7.28,42.2375],[-7.28,42.2374],[-7.2797,42.2373],[-7.2795,42.2377]],[[-7.2792,42.238],[-7.2797,42.2381],[-7.2794,42.2377],[-7.2792,42.238]],[[-7.2894,42.2403],[-7.2895,42.2394],[-7.2892,42.2394],[-7.2894,42.2403]],[[-7.2893,42.2388],[-7.2895,42.239],[-7.2896,42.2388],[-7.2893,42.2388]],[[-7.283,42.2402],[-7.2828,42.2404],[-7.283,42.2403],[-7.283,42.2402]],[[-7.283,42.2405],[-7.2838,42.2406],[-7.283,42.2402],[-7.283,42.2405]],[[-7.2698,42.2411],[-7.2699,42.2405],[-7.2694,42.2405],[-7.2698,42.2411]],[[-7.3079,42.2423],[-7.3073,42.2416],[-7.3064,42.2411],[-7.3068,42.2418],[-7.3079,42.2423]],[[-7.254,42.2429],[-7.2547,42.2457],[-7.2531,42.25],[-7.2567,42.2459],[-7.2548,42.243],[-7.2561,42.237],[-7.254,42.2429]],[[-7.2559,42.2397],[-7.2558,42.2398],[-7.2558,42.2398],[-7.2559,42.2397]],[[-7.2533,42.2405],[-7.2539,42.2411],[-7.2541,42.2406],[-7.2533,42.2405]],[[-7.2393,42.2399],[-7.2382,42.24],[-7.2392,42.2405],[-7.2393,42.2399]],[[-7.2368,42.2398],[-7.2361,42.2398],[-7.2366,42.2399],[-7.2368,42.2398]],[[-7.2361,42.238],[-7.236,42.2387],[-7.2363,42.2384],[-7.2361,42.238]],[[-7.2661,42.2398],[-7.2658,42.2395],[-7.266,42.2398],[-7.2661,42.2398]],[[-7.278,42.2394],[-7.2773,42.2397],[-7.2773,42.2399],[-7.278,42.2394]],[[-7.2624,42.2436],[-7.2584,42.2445],[-7.2576,42.2455],[-7.2593,42.2469],[-7.2637,42.2428],[-7.2624,42.2436]],[[-7.2619,42.2437],[-7.2619,42.2437],[-7.2619,42.2437],[-7.2619,42.2437]],[[-7.2624,42.2435],[-7.2624,42.2434],[-7.2623,42.2435],[-7.2624,42.2435]],[[-7.2958,42.2433],[-7.2963,42.2446],[-7.2966,42.2431],[-7.2958,42.2433]],[[-7.3018,42.245],[-7.3016,42.244],[-7.3012,42.2441],[-7.3018,42.245]],[[-7.3046,42.2461],[-7.3051,42.2456],[-7.3029,42.246],[-7.3046,42.2461]],[[-7.2798,42.2484],[-7.2809,42.2483],[-7.2813,42.2476],[-7.2798,42.2484]],[[-7.2682,42.2495],[-7.2681,42.2494],[-7.2681,42.2495],[-7.2682,42.2495]],[[-7.268,42.2496],[-7.2678,42.2495],[-7.2678,42.2496],[-7.268,42.2496]],[[-7.269,42.2492],[-7.2685,42.2488],[-7.2685,42.2491],[-7.269,42.2492]],[[-7.2684,42.2492],[-7.2684,42.2492],[-7.2684,42.2492],[-7.2684,42.2492]],[[-7.2798,42.2488],[-7.2807,42.2495],[-7.2808,42.2486],[-7.2798,42.2488]],[[-7.2813,42.2503],[-7.2822,42.2499],[-7.2796,42.2502],[-7.2813,42.2503]],[[-7.2598,42.2501],[-7.2604,42.2505],[-7.2608,42.2503],[-7.2598,42.2501]],[[-7.2574,42.2505],[-7.2549,42.2493],[-7.2543,42.2505],[-7.2574,42.2505]],[[-7.2557,42.2488],[-7.2549,42.2487],[-7.2548,42.2492],[-7.2557,42.2488]],[[-7.2555,42.2491],[-7.2555,42.2491],[-7.2555,42.2491],[-7.2555,42.2491]],[[-7.253,42.2502],[-7.2527,42.2507],[-7.253,42.2508],[-7.253,42.2502]],[[-7.25,42.2438],[-7.2497,42.2451],[-7.2505,42.2444],[-7.25,42.2438]],[[-7.2681,42.2549],[-7.2669,42.254],[-7.267,42.2546],[-7.2681,42.2549]],[[-7.2736,42.2545],[-7.2731,42.2548],[-7.2734,42.2551],[-7.2736,42.2545]],[[-7.277,42.2567],[-7.276,42.2568],[-7.2758,42.2564],[-7.2758,42.2568],[-7.2764,42.2571],[-7.277,42.2567]],[[-7.2812,42.257],[-7.2803,42.2576],[-7.2804,42.2581],[-7.2812,42.257]],[[-7.2926,42.2586],[-7.2938,42.2579],[-7.2919,42.2576],[-7.2926,42.2586]],[[-7.2889,42.2587],[-7.2875,42.2595],[-7.288,42.2598],[-7.2889,42.2587]],[[-7.2887,42.2583],[-7.2889,42.2584],[-7.2889,42.2583],[-7.2887,42.2583]],[[-7.2738,42.2596],[-7.2743,42.2613],[-7.2743,42.2597],[-7.2738,42.2596]],[[-7.2786,42.2629],[-7.2778,42.2629],[-7.2777,42.2633],[-7.2786,42.2629]],[[-7.2792,42.2629],[-7.2789,42.2626],[-7.2786,42.2629],[-7.2792,42.2629]],[[-7.2301,42.2647],[-7.2301,42.2641],[-7.2294,42.265],[-7.2301,42.2647]],[[-7.274,42.2649],[-7.2736,42.2653],[-7.2741,42.265],[-7.274,42.2649]],[[-7.2736,42.2653],[-7.2736,42.2654],[-7.2736,42.2653],[-7.2736,42.2653]],[[-7.2734,42.2655],[-7.2735,42.2656],[-7.2735,42.2655],[-7.2734,42.2655]],[[-7.2758,42.269],[-7.2748,42.2693],[-7.2752,42.2694],[-7.2755,42.2694],[-7.2758,42.269]],[[-7.2745,42.2691],[-7.2748,42.2698],[-7.2749,42.2695],[-7.2745,42.2691]],[[-7.2762,42.2685],[-7.2763,42.2684],[-7.2757,42.2683],[-7.2762,42.2685]],[[-7.2749,42.2688],[-7.2752,42.2686],[-7.2755,42.2685],[-7.2749,42.2688]],[[-7.2765,42.2765],[-7.276,42.2756],[-7.2757,42.2763],[-7.2765,42.2765]],[[-7.2626,42.2796],[-7.2643,42.2808],[-7.2637,42.2792],[-7.2626,42.2796]],[[-7.2625,42.2805],[-7.2625,42.2805],[-7.2625,42.2805],[-7.2625,42.2805]],[[-7.2704,42.2802],[-7.2701,42.2802],[-7.2696,42.2804],[-7.2701,42.2804],[-7.2704,42.2802]],[[-7.2762,42.287],[-7.2777,42.2875],[-7.2773,42.2864],[-7.2762,42.287]],[[-7.2772,42.2876],[-7.2766,42.2879],[-7.2762,42.2884],[-7.2772,42.2876]],[[-7.2764,42.2884],[-7.2764,42.2884],[-7.2764,42.2885],[-7.2764,42.2884]],[[-7.2798,42.2878],[-7.2788,42.2873],[-7.2793,42.2878],[-7.2798,42.2878]],[[-7.2915,42.2885],[-7.2917,42.2889],[-7.2921,42.2885],[-7.2915,42.2885]],[[-7.2928,42.2889],[-7.2927,42.2883],[-7.2923,42.2885],[-7.2928,42.2889]],[[-7.2775,42.2898],[-7.2769,42.2901],[-7.277,42.2913],[-7.2775,42.2898]],[[-7.2941,42.2903],[-7.293,42.2939],[-7.2958,42.2933],[-7.2941,42.2903]],[[-7.2958,42.292],[-7.2971,42.291],[-7.2955,42.2918],[-7.2958,42.292]],[[-7.289,42.2924],[-7.2897,42.2927],[-7.2897,42.2926],[-7.289,42.2924]],[[-7.2486,42.2923],[-7.2486,42.2921],[-7.2483,42.2923],[-7.2486,42.2923]],[[-7.2489,42.2924],[-7.2489,42.2924],[-7.2489,42.2924],[-7.2489,42.2924]],[[-7.2912,42.2912],[-7.2916,42.292],[-7.2914,42.2912],[-7.2912,42.2912]],[[-7.2922,42.2928],[-7.2914,42.2926],[-7.2917,42.293],[-7.2922,42.2928]],[[-7.2913,42.2927],[-7.2913,42.2928],[-7.2913,42.2927],[-7.2913,42.2927]],[[-7.2739,42.289],[-7.2744,42.2889],[-7.2739,42.2889],[-7.2739,42.289]],[[-7.2489,42.2878],[-7.2491,42.2885],[-7.2494,42.2881],[-7.2489,42.2878]],[[-7.2535,42.2983],[-7.2536,42.2984],[-7.2536,42.2983],[-7.2535,42.2983]],[[-7.2534,42.2984],[-7.2531,42.2983],[-7.2532,42.2984],[-7.2534,42.2984]],[[-7.2534,42.298],[-7.2533,42.298],[-7.2533,42.298],[-7.2534,42.298]],[[-7.2538,42.2983],[-7.2538,42.2982],[-7.2537,42.2983],[-7.2538,42.2983]],[[-7.2536,42.2983],[-7.2537,42.2984],[-7.2537,42.2983],[-7.2536,42.2983]],[[-7.2543,42.2982],[-7.2541,42.2981],[-7.2539,42.2983],[-7.2543,42.2982]],[[-7.2649,42.2986],[-7.2646,42.2988],[-7.2652,42.2986],[-7.2649,42.2986]],[[-7.2652,42.2983],[-7.2657,42.2986],[-7.2657,42.2982],[-7.2652,42.2983]],[[-7.2854,42.3035],[-7.2849,42.3029],[-7.2857,42.304],[-7.2854,42.3035]],[[-7.2963,42.2849],[-7.2958,42.2856],[-7.2963,42.2856],[-7.2963,42.2849]],[[-7.3022,42.2685],[-7.3023,42.268],[-7.302,42.2685],[-7.3022,42.2685]],[[-7.3021,42.2686],[-7.3021,42.2686],[-7.3021,42.2686],[-7.3021,42.2686]],[[-7.3015,42.2685],[-7.3019,42.2688],[-7.3021,42.2686],[-7.3015,42.2685]],[[-7.3015,42.2687],[-7.3015,42.2688],[-7.3016,42.2688],[-7.3015,42.2687]],[[-7.3027,42.2634],[-7.303,42.2643],[-7.3029,42.2647],[-7.3032,42.2644],[-7.303,42.2637],[-7.3027,42.2634]],[[-7.2988,42.2676],[-7.2987,42.2678],[-7.2989,42.2678],[-7.2988,42.2676]],[[-7.2987,42.2675],[-7.2976,42.2674],[-7.2978,42.2677],[-7.2987,42.2675]],[[-7.2985,42.267],[-7.2985,42.267],[-7.2985,42.267],[-7.2985,42.267]],[[-7.2894,42.2801],[-7.2914,42.2814],[-7.2914,42.2804],[-7.2908,42.2805],[-7.2906,42.2801],[-7.2913,42.28],[-7.2894,42.2801]],[[-7.2898,42.2816],[-7.2897,42.2815],[-7.2896,42.2817],[-7.2898,42.2816]],[[-7.2899,42.279],[-7.2896,42.2799],[-7.29,42.2796],[-7.2899,42.279]],[[-7.2849,42.2794],[-7.2853,42.2791],[-7.2844,42.2794],[-7.2849,42.2794]],[[-7.2893,42.2652],[-7.2888,42.265],[-7.2885,42.2651],[-7.2889,42.2657],[-7.2893,42.2652]],[[-7.2908,42.2684],[-7.2894,42.2702],[-7.2915,42.2699],[-7.2908,42.2684]],[[-7.2576,42.1006],[-7.2576,42.1006],[-7.2576,42.1006],[-7.2576,42.1006]],[[-7.2576,42.1006],[-7.258,42.1005],[-7.2581,42.1004],[-7.2576,42.1004],[-7.2576,42.1006]],[[-7.2569,42.1015],[-7.2574,42.1024],[-7.2581,42.1026],[-7.2582,42.1024],[-7.2569,42.1015]],[[-7.2571,42.1026],[-7.2571,42.1026],[-7.2571,42.1026],[-7.2571,42.1026]],[[-7.257,42.1027],[-7.257,42.1027],[-7.257,42.1027],[-7.257,42.1027]],[[-7.2587,42.1025],[-7.2587,42.1025],[-7.2583,42.1024],[-7.2587,42.1025]],[[-7.2534,42.102],[-7.2536,42.1028],[-7.2548,42.1028],[-7.2534,42.102]],[[-7.2548,42.1028],[-7.255,42.1029],[-7.255,42.1028],[-7.2548,42.1028]],[[-7.2606,42.106],[-7.2606,42.106],[-7.2606,42.106],[-7.2606,42.106]],[[-7.2604,42.1054],[-7.2608,42.1054],[-7.2606,42.1054],[-7.2604,42.1054]],[[-7.2605,42.1062],[-7.2605,42.1062],[-7.2605,42.1062],[-7.2605,42.1062]],[[-7.2606,42.1063],[-7.2605,42.1064],[-7.2606,42.1065],[-7.2606,42.1065],[-7.2606,42.1063]],[[-7.2601,42.1083],[-7.2599,42.1084],[-7.2603,42.1085],[-7.2601,42.1083]],[[-7.2604,42.1071],[-7.2605,42.1075],[-7.2605,42.1071],[-7.2604,42.1071]],[[-7.2603,42.1078],[-7.2602,42.1078],[-7.2602,42.1078],[-7.2603,42.1078]],[[-7.2607,42.1097],[-7.2608,42.1107],[-7.2615,42.11],[-7.2607,42.1097]],[[-7.2448,42.118],[-7.2441,42.1175],[-7.2437,42.1176],[-7.2448,42.118]],[[-7.2317,42.1221],[-7.2334,42.1227],[-7.2344,42.1215],[-7.2332,42.1222],[-7.2317,42.1221]],[[-7.2351,42.1225],[-7.235,42.1225],[-7.2351,42.1225],[-7.2351,42.1225]],[[-7.2349,42.1224],[-7.2344,42.1227],[-7.2349,42.1226],[-7.2349,42.1224]],[[-7.2385,42.1245],[-7.2373,42.1236],[-7.2379,42.1242],[-7.2385,42.1245]],[[-7.2258,42.2184],[-7.2265,42.2187],[-7.2264,42.2184],[-7.2258,42.2184]],[[-7.2288,42.2177],[-7.2314,42.2153],[-7.2297,42.2126],[-7.2271,42.2117],[-7.2269,42.2156],[-7.2217,42.2155],[-7.2228,42.2154],[-7.2226,42.2149],[-7.2232,42.2146],[-7.2239,42.2147],[-7.2245,42.2143],[-7.2203,42.2125],[-7.2223,42.208],[-7.2201,42.2085],[-7.2184,42.2157],[-7.2288,42.2177]],[[-7.2219,42.2089],[-7.2224,42.2095],[-7.2222,42.2089],[-7.2219,42.2089]],[[-7.2185,42.2147],[-7.2185,42.2147],[-7.2185,42.2147],[-7.2185,42.2147]],[[-7.2068,42.2166],[-7.2109,42.2158],[-7.2093,42.2156],[-7.2068,42.2166]],[[-7.2071,42.2156],[-7.2056,42.2163],[-7.2071,42.2163],[-7.2071,42.2156]],[[-7.2151,42.2171],[-7.2152,42.2169],[-7.2147,42.2171],[-7.2151,42.2171]],[[-7.2074,42.2144],[-7.2075,42.2126],[-7.2062,42.2145],[-7.2074,42.2144]],[[-7.2165,42.2092],[-7.2149,42.2077],[-7.2146,42.2084],[-7.2128,42.2081],[-7.2165,42.2092]],[[-7.2143,42.2081],[-7.2143,42.2081],[-7.2143,42.2082],[-7.2143,42.2081]],[[-7.2246,42.2096],[-7.2338,42.2084],[-7.233,42.2046],[-7.2336,42.2058],[-7.2367,42.2058],[-7.2352,42.2052],[-7.2352,42.205],[-7.236,42.2049],[-7.2389,42.2062],[-7.2414,42.2028],[-7.2358,42.1986],[-7.2274,42.1999],[-7.2251,42.2025],[-7.2289,42.2015],[-7.2286,42.2039],[-7.2232,42.2055],[-7.2253,42.2065],[-7.2246,42.2096]],[[-7.234,42.206],[-7.234,42.2059],[-7.234,42.206],[-7.234,42.206]],[[-7.2354,42.2051],[-7.2354,42.2051],[-7.2354,42.2051],[-7.2354,42.2051]],[[-7.2405,42.2019],[-7.2405,42.2019],[-7.2405,42.2019],[-7.2405,42.2019]],[[-7.2241,42.2073],[-7.2245,42.2065],[-7.2219,42.2065],[-7.2241,42.2073]],[[-7.2247,42.2065],[-7.2247,42.2065],[-7.2247,42.2065],[-7.2247,42.2065]],[[-7.2356,42.2068],[-7.2367,42.2075],[-7.2364,42.2063],[-7.2356,42.2068]],[[-7.2354,42.2072],[-7.2349,42.2073],[-7.2347,42.2076],[-7.2354,42.2072]],[[-7.2062,42.2015],[-7.2052,42.1975],[-7.2001,42.1965],[-7.2012,42.2012],[-7.2062,42.2015]],[[-7.2019,42.1957],[-7.201,42.1954],[-7.2009,42.1952],[-7.2004,42.195],[-7.2006,42.1954],[-7.2019,42.1957]],[[-7.2,42.1951],[-7.2008,42.1945],[-7.1995,42.1946],[-7.2,42.1951]],[[-7.2008,42.1947],[-7.2008,42.1947],[-7.2009,42.1947],[-7.2008,42.1947]],[[-7.201,42.1944],[-7.2025,42.1949],[-7.2025,42.1939],[-7.201,42.1944]],[[-7.201,42.1949],[-7.201,42.1949],[-7.201,42.1949],[-7.201,42.1949]],[[-7.2018,42.1958],[-7.2021,42.1964],[-7.2028,42.1961],[-7.2018,42.1958]],[[-7.1977,42.1948],[-7.1985,42.1938],[-7.1972,42.194],[-7.1977,42.1948]],[[-7.2261,42.1993],[-7.2269,42.1988],[-7.2261,42.1991],[-7.2261,42.1993]],[[-7.2399,42.2071],[-7.2405,42.208],[-7.2405,42.2069],[-7.2399,42.2071]],[[-7.2393,42.2077],[-7.2381,42.2085],[-7.24,42.2078],[-7.2393,42.2077]],[[-7.2378,42.2082],[-7.2367,42.208],[-7.2365,42.2087],[-7.2378,42.2082]],[[-7.2374,42.2084],[-7.2373,42.2085],[-7.2373,42.2085],[-7.2374,42.2084]],[[-7.2363,42.2082],[-7.2348,42.2087],[-7.2346,42.2091],[-7.2363,42.2082]],[[-7.2334,42.2093],[-7.2322,42.21],[-7.2341,42.2093],[-7.2334,42.2093]],[[-7.2237,42.2106],[-7.2226,42.2125],[-7.2233,42.2122],[-7.2237,42.2106]],[[-7.225,42.214],[-7.2268,42.2134],[-7.2265,42.2129],[-7.225,42.214]],[[-7.2321,42.2161],[-7.232,42.2151],[-7.2317,42.216],[-7.2321,42.2161]],[[-7.2321,42.2161],[-7.2321,42.2161],[-7.2321,42.2161],[-7.2321,42.2161]],[[-7.2316,42.216],[-7.2317,42.216],[-7.2316,42.216],[-7.2316,42.216]],[[-7.2322,42.2177],[-7.2318,42.2173],[-7.2317,42.2177],[-7.2322,42.2177]],[[-7.2278,42.1948],[-7.2281,42.1944],[-7.2275,42.1943],[-7.2278,42.1948]],[[-7.2301,42.1926],[-7.2289,42.1929],[-7.2315,42.193],[-7.2301,42.1926]],[[-7.2247,42.1915],[-7.2238,42.1904],[-7.2233,42.1911],[-7.2247,42.1915]],[[-7.2347,42.1839],[-7.2341,42.1825],[-7.2324,42.1823],[-7.2347,42.1839]],[[-7.2394,42.1809],[-7.2396,42.1806],[-7.2401,42.1802],[-7.2396,42.1802],[-7.2394,42.1809]],[[-7.2376,42.1803],[-7.2377,42.18],[-7.2375,42.1798],[-7.2376,42.1803]],[[-7.2127,42.173],[-7.2124,42.1738],[-7.2128,42.1742],[-7.2127,42.173]],[[-7.2113,42.1735],[-7.2113,42.1731],[-7.211,42.1735],[-7.2113,42.1735]],[[-7.2338,42.1732],[-7.2333,42.1723],[-7.2329,42.1721],[-7.2338,42.1732]],[[-7.2218,42.1684],[-7.2222,42.1681],[-7.2217,42.1683],[-7.2218,42.1684]],[[-7.2216,42.1683],[-7.2217,42.1682],[-7.2216,42.1682],[-7.2216,42.1683]],[[-7.2192,42.1669],[-7.2154,42.1663],[-7.2152,42.1644],[-7.2144,42.1644],[-7.2143,42.1671],[-7.2192,42.1669]],[[-7.2153,42.1645],[-7.2154,42.1645],[-7.2154,42.1645],[-7.2153,42.1645]],[[-7.2139,42.1654],[-7.2121,42.165],[-7.2115,42.1656],[-7.2139,42.1654]],[[-7.2289,42.1651],[-7.2282,42.1646],[-7.2274,42.1647],[-7.2279,42.1652],[-7.2289,42.1651]],[[-7.2279,42.1645],[-7.2279,42.1645],[-7.2279,42.1645],[-7.2279,42.1645]],[[-7.2484,42.165],[-7.2487,42.1664],[-7.2495,42.1653],[-7.2484,42.165]],[[-7.2172,42.1637],[-7.2154,42.1628],[-7.2143,42.1639],[-7.2172,42.1637]],[[-7.2091,42.1632],[-7.2078,42.1626],[-7.2083,42.1632],[-7.2091,42.1632]],[[-7.2075,42.1611],[-7.207,42.1617],[-7.2076,42.1622],[-7.2075,42.1611]],[[-7.209,42.1607],[-7.2107,42.1606],[-7.2092,42.1603],[-7.209,42.1607]],[[-7.2107,42.1616],[-7.2107,42.1616],[-7.2107,42.1616],[-7.2107,42.1616]],[[-7.2246,42.1624],[-7.2315,42.162],[-7.2297,42.1597],[-7.2321,42.1555],[-7.2252,42.1541],[-7.2275,42.1579],[-7.2246,42.1624]],[[-7.2149,42.1595],[-7.2155,42.1599],[-7.2157,42.1593],[-7.2149,42.1595]],[[-7.2,42.1588],[-7.1995,42.1592],[-7.1991,42.1596],[-7.2,42.1588]],[[-7.2184,42.1588],[-7.2189,42.1583],[-7.2182,42.1583],[-7.2184,42.1588]],[[-7.1995,42.158],[-7.1995,42.158],[-7.1995,42.158],[-7.1995,42.158]],[[-7.1996,42.158],[-7.1996,42.1581],[-7.1996,42.158],[-7.1996,42.158]],[[-7.2003,42.158],[-7.1998,42.1582],[-7.2003,42.1583],[-7.2003,42.158]],[[-7.2147,42.1572],[-7.2152,42.1579],[-7.2158,42.1577],[-7.2147,42.1572]],[[-7.2125,42.1567],[-7.2129,42.155],[-7.2117,42.1551],[-7.2125,42.1567]],[[-7.2138,42.1558],[-7.2138,42.1558],[-7.2138,42.1558],[-7.2138,42.1558]],[[-7.2097,42.1551],[-7.2097,42.1558],[-7.2103,42.1559],[-7.2097,42.1551]],[[-7.2191,42.1552],[-7.218,42.1547],[-7.2178,42.1556],[-7.2191,42.1552]],[[-7.2143,42.1543],[-7.2136,42.1541],[-7.2143,42.1547],[-7.2143,42.1543]],[[-7.2126,42.1535],[-7.211,42.1536],[-7.2126,42.1541],[-7.2126,42.1535]],[[-7.2021,42.1526],[-7.2025,42.1532],[-7.2027,42.1529],[-7.2021,42.1526]],[[-7.214,42.1523],[-7.2154,42.1544],[-7.2165,42.1529],[-7.214,42.1523]],[[-7.2197,42.1537],[-7.2193,42.1506],[-7.217,42.1505],[-7.2179,42.1509],[-7.2181,42.1518],[-7.2188,42.1522],[-7.2194,42.1536],[-7.2197,42.1537]],[[-7.2154,42.1506],[-7.2149,42.1485],[-7.2161,42.149],[-7.2165,42.1487],[-7.2134,42.1479],[-7.2154,42.1506]],[[-7.2025,42.1499],[-7.2038,42.151],[-7.2041,42.1511],[-7.2025,42.1499]],[[-7.2094,42.1479],[-7.2091,42.1487],[-7.2096,42.1487],[-7.2094,42.1479]],[[-7.2178,42.1489],[-7.2169,42.15],[-7.2188,42.1487],[-7.2178,42.1489]],[[-7.2189,42.1487],[-7.2192,42.1483],[-7.2188,42.1483],[-7.2189,42.1487]],[[-7.222,42.1518],[-7.2215,42.1514],[-7.2206,42.1524],[-7.222,42.1518]],[[-7.2283,42.1539],[-7.2277,42.1532],[-7.2269,42.1531],[-7.2283,42.1539]],[[-7.2269,42.1537],[-7.2263,42.1533],[-7.2261,42.1534],[-7.2269,42.1537]],[[-7.234,42.1562],[-7.2339,42.1559],[-7.2332,42.156],[-7.234,42.1562]],[[-7.2362,42.1584],[-7.2365,42.1583],[-7.2368,42.1582],[-7.2367,42.1581],[-7.2362,42.1584]],[[-7.2118,42.169],[-7.2111,42.1704],[-7.2124,42.1694],[-7.2118,42.169]],[[-7.2133,42.1694],[-7.2132,42.1694],[-7.2133,42.1694],[-7.2133,42.1694]],[[-7.2128,42.1693],[-7.2132,42.1694],[-7.2132,42.1694],[-7.2128,42.1693]],[[-7.2252,42.1787],[-7.2245,42.1787],[-7.2252,42.1789],[-7.2252,42.1787]],[[-7.2246,42.1788],[-7.2245,42.179],[-7.2247,42.179],[-7.2246,42.1788]],[[-7.1983,42.1898],[-7.1977,42.1894],[-7.1983,42.1903],[-7.1983,42.1898]],[[-7.1999,42.1884],[-7.1997,42.1888],[-7.2004,42.1887],[-7.1999,42.1884]],[[-7.1935,42.1858],[-7.1927,42.186],[-7.1935,42.1862],[-7.1935,42.1858]],[[-7.2162,42.2853],[-7.2161,42.285],[-7.216,42.2852],[-7.2162,42.2853]],[[-7.2171,42.287],[-7.2175,42.2869],[-7.2171,42.2868],[-7.2171,42.287]],[[-7.224,42.2831],[-7.2245,42.2823],[-7.2237,42.2826],[-7.224,42.2831]],[[-7.215,42.2688],[-7.2144,42.2694],[-7.2141,42.2699],[-7.215,42.2688]],[[-7.2257,42.2657],[-7.2259,42.2664],[-7.2266,42.2657],[-7.2257,42.2657]],[[-7.2269,42.2645],[-7.227,42.2642],[-7.2261,42.2644],[-7.2269,42.2645]],[[-7.2287,42.2349],[-7.2315,42.2346],[-7.2314,42.2342],[-7.2287,42.2349]],[[-7.2197,42.2339],[-7.2199,42.2342],[-7.2199,42.2338],[-7.2197,42.2339]],[[-7.2269,42.2354],[-7.2256,42.2358],[-7.2253,42.2361],[-7.2265,42.236],[-7.2269,42.2354]],[[-7.234,42.2365],[-7.2338,42.2363],[-7.2335,42.2369],[-7.2342,42.237],[-7.234,42.2368],[-7.234,42.2365]],[[-7.2341,42.2365],[-7.2341,42.2366],[-7.2341,42.2365],[-7.2341,42.2365]],[[-7.2305,42.2378],[-7.2316,42.2374],[-7.2305,42.2377],[-7.2305,42.2378]],[[-7.2279,42.2396],[-7.2274,42.2388],[-7.2273,42.2393],[-7.2279,42.2396]],[[-7.2288,42.24],[-7.2284,42.2399],[-7.2285,42.2402],[-7.2288,42.24]],[[-7.2289,42.2525],[-7.2287,42.2528],[-7.23,42.2523],[-7.2295,42.2519],[-7.2289,42.2525]],[[-7.2287,42.2516],[-7.2294,42.2517],[-7.2288,42.2513],[-7.2287,42.2516]],[[-7.2197,42.228],[-7.2194,42.2289],[-7.2199,42.2288],[-7.2197,42.228]],[[-7.2202,42.2285],[-7.2207,42.2282],[-7.22,42.228],[-7.2202,42.2285]],[[-7.2085,42.226],[-7.2081,42.2273],[-7.2087,42.2267],[-7.2094,42.2274],[-7.2107,42.2269],[-7.2085,42.226]],[[-7.2091,42.226],[-7.2092,42.2262],[-7.2092,42.226],[-7.2091,42.226]],[[-7.2088,42.2279],[-7.2093,42.2287],[-7.2094,42.2281],[-7.2088,42.2279]],[[-7.2095,42.2276],[-7.2098,42.2278],[-7.2097,42.2285],[-7.2111,42.2287],[-7.2102,42.2277],[-7.2095,42.2276]],[[-7.2073,42.2287],[-7.2086,42.2297],[-7.2085,42.2291],[-7.2073,42.2287]],[[-7.2081,42.224],[-7.2084,42.2242],[-7.2084,42.2238],[-7.2081,42.224]],[[-7.2095,42.2239],[-7.2088,42.2242],[-7.2096,42.2241],[-7.2095,42.2239]],[[-7.2145,42.2232],[-7.2142,42.2237],[-7.2144,42.2238],[-7.2145,42.2232]],[[-7.2144,42.2238],[-7.2144,42.2238],[-7.2144,42.2238],[-7.2144,42.2238]],[[-7.2145,42.2239],[-7.2145,42.2242],[-7.2147,42.2242],[-7.2145,42.2239]],[[-7.2315,42.2227],[-7.2316,42.2221],[-7.2308,42.2225],[-7.2315,42.2227]],[[-7.2152,42.2214],[-7.2149,42.2212],[-7.214,42.2214],[-7.2152,42.2214]],[[-7.2154,42.221],[-7.2155,42.2208],[-7.2154,42.2208],[-7.2154,42.221]],[[-7.2174,42.2204],[-7.2166,42.2203],[-7.2167,42.2205],[-7.2174,42.2204]],[[-7.1951,42.228],[-7.1936,42.2282],[-7.1945,42.2287],[-7.1951,42.228]],[[-7.1924,42.228],[-7.1928,42.2286],[-7.1931,42.2283],[-7.1924,42.228]],[[-7.1925,42.2279],[-7.1926,42.2278],[-7.1924,42.2279],[-7.1925,42.2279]],[[-7.1948,42.227],[-7.1973,42.2273],[-7.1954,42.2269],[-7.1959,42.2262],[-7.1948,42.227]],[[-7.1969,42.2271],[-7.1969,42.2272],[-7.1969,42.2271],[-7.1969,42.2271]],[[-7.1832,42.2294],[-7.1841,42.2317],[-7.1858,42.2306],[-7.1832,42.2294]],[[-7.1791,42.2331],[-7.1785,42.2328],[-7.1786,42.2333],[-7.1791,42.2331]],[[-7.1827,42.2363],[-7.1825,42.236],[-7.1824,42.2364],[-7.1827,42.2363]],[[-7.1796,42.2378],[-7.1799,42.2377],[-7.1796,42.2378],[-7.1796,42.2378]],[[-7.1792,42.2379],[-7.1795,42.2369],[-7.1787,42.2369],[-7.1792,42.2379]],[[-7.1768,42.2413],[-7.1764,42.2405],[-7.1762,42.2405],[-7.1768,42.2413]],[[-7.1781,42.2438],[-7.1782,42.2425],[-7.1774,42.243],[-7.1781,42.2438]],[[-7.1778,42.246],[-7.1792,42.2455],[-7.1781,42.2448],[-7.1778,42.246]],[[-7.1847,42.24],[-7.185,42.2398],[-7.1845,42.24],[-7.1847,42.24]],[[-7.1947,42.2364],[-7.1965,42.2359],[-7.1945,42.2352],[-7.1947,42.2364]],[[-7.2531,42.2472],[-7.2531,42.2472],[-7.2531,42.2472],[-7.2531,42.2472]],[[-7.2743,42.1412],[-7.2742,42.1409],[-7.2741,42.1412],[-7.2743,42.1412]],[[-7.274,42.1415],[-7.274,42.1415],[-7.274,42.1415],[-7.274,42.1415]],[[-7.2741,42.1414],[-7.274,42.1412],[-7.274,42.1415],[-7.2741,42.1414]],[[-7.3572,42.1875],[-7.3573,42.1876],[-7.3573,42.1875],[-7.3572,42.1875]],[[-7.3629,42.1845],[-7.3628,42.1845],[-7.3629,42.1845],[-7.3629,42.1845]],[[-7.4288,42.2252],[-7.4288,42.2251],[-7.4288,42.2251],[-7.4288,42.2252]],[[-7.3895,42.2226],[-7.3897,42.2222],[-7.3894,42.2226],[-7.3895,42.2226]],[[-7.3844,42.2032],[-7.3844,42.2032],[-7.3844,42.2032],[-7.3844,42.2032]],[[-7.3102,42.1925],[-7.3106,42.1927],[-7.3107,42.1923],[-7.3102,42.1925]],[[-7.4275,42.2181],[-7.4275,42.2181],[-7.4275,42.2181],[-7.4275,42.2181]],[[-7.2881,42.1776],[-7.2881,42.1775],[-7.2881,42.1776],[-7.2881,42.1776]],[[-7.3017,42.1815],[-7.3017,42.1815],[-7.3017,42.1815],[-7.3017,42.1815]],[[-7.2884,42.1718],[-7.2884,42.1719],[-7.2884,42.1718],[-7.2884,42.1718]],[[-7.2809,42.1653],[-7.281,42.1652],[-7.2809,42.1652],[-7.2809,42.1653]],[[-7.4749,42.2449],[-7.4749,42.2449],[-7.4749,42.2449],[-7.4749,42.2449]],[[-7.3898,42.2222],[-7.3897,42.2222],[-7.3897,42.2222],[-7.3898,42.2222]],[[-7.3867,42.2292],[-7.3866,42.2293],[-7.3867,42.2293],[-7.3867,42.2292]],[[-7.2109,42.23],[-7.2108,42.2301],[-7.2109,42.2301],[-7.2109,42.23]],[[-7.4552,42.2153],[-7.4551,42.2153],[-7.4552,42.2153],[-7.4552,42.2153]],[[-7.4554,42.2154],[-7.4554,42.2155],[-7.4554,42.2154],[-7.4554,42.2154]],[[-7.5193,42.2072],[-7.5194,42.2072],[-7.5193,42.2072],[-7.5193,42.2072]],[[-7.3983,42.2439],[-7.3983,42.2439],[-7.3983,42.2439],[-7.3983,42.2439]],[[-7.4839,42.2116],[-7.4839,42.2116],[-7.4839,42.2116],[-7.4839,42.2116]],[[-7.3138,42.194],[-7.3137,42.194],[-7.3137,42.194],[-7.3138,42.194]],[[-7.2888,42.176],[-7.2886,42.176],[-7.2887,42.1763],[-7.2888,42.176]],[[-7.2883,42.1721],[-7.2883,42.1721],[-7.2883,42.1721],[-7.2883,42.1721]],[[-7.2767,42.1423],[-7.2765,42.1422],[-7.2765,42.1423],[-7.2767,42.1423]],[[-7.2765,42.1424],[-7.2764,42.1424],[-7.2765,42.1424],[-7.2765,42.1424]],[[-7.2765,42.1423],[-7.2765,42.1424],[-7.2765,42.1423],[-7.2765,42.1423]],[[-7.2333,42.1219],[-7.2334,42.122],[-7.2334,42.1219],[-7.2333,42.1219]],[[-7.2046,42.208],[-7.2047,42.208],[-7.2047,42.208],[-7.2046,42.208]],[[-7.351,42.2994],[-7.351,42.2994],[-7.351,42.2994],[-7.351,42.2994]],[[-7.3446,42.2586],[-7.3449,42.2583],[-7.3444,42.2581],[-7.3446,42.2586]],[[-7.2175,42.2935],[-7.2172,42.2944],[-7.2181,42.2939],[-7.2175,42.2935]],[[-7.4374,42.2078],[-7.4374,42.2079],[-7.4376,42.2078],[-7.4374,42.2078]],[[-7.4015,42.2358],[-7.4014,42.2357],[-7.4014,42.2358],[-7.4015,42.2358]],[[-7.3301,42.2724],[-7.33,42.2729],[-7.3303,42.2726],[-7.3301,42.2724]],[[-7.3327,42.2802],[-7.3328,42.279],[-7.3323,42.2799],[-7.3327,42.2802]],[[-7.3366,42.2795],[-7.3366,42.28],[-7.3372,42.2798],[-7.3366,42.2795]],[[-7.3376,42.2792],[-7.3378,42.2793],[-7.3377,42.2792],[-7.3376,42.2792]],[[-7.3384,42.2791],[-7.3384,42.2792],[-7.3385,42.2791],[-7.3384,42.2791]],[[-7.35,42.2733],[-7.3498,42.2735],[-7.3504,42.2733],[-7.35,42.2733]],[[-7.347,42.2683],[-7.347,42.2683],[-7.347,42.2683],[-7.347,42.2683]],[[-7.3492,42.2739],[-7.3491,42.2739],[-7.3491,42.2739],[-7.3492,42.2739]],[[-7.3478,42.2827],[-7.3472,42.283],[-7.3481,42.2835],[-7.3478,42.2827]],[[-7.3089,42.2893],[-7.3088,42.2894],[-7.3089,42.2894],[-7.3089,42.2893]],[[-7.2772,42.2377],[-7.2773,42.2377],[-7.2773,42.2377],[-7.2772,42.2377]],[[-7.2225,42.2073],[-7.2231,42.208],[-7.2236,42.2079],[-7.2236,42.2073],[-7.2225,42.2073]],[[-7.2237,42.208],[-7.2237,42.2079],[-7.2237,42.2079],[-7.2237,42.208]],[[-7.2371,42.2086],[-7.2371,42.2086],[-7.2371,42.2086],[-7.2371,42.2086]],[[-7.2233,42.2147],[-7.2232,42.2147],[-7.2232,42.2147],[-7.2233,42.2147]],[[-7.343,42.2189],[-7.343,42.2189],[-7.343,42.2189],[-7.343,42.2189]],[[-7.2902,42.2075],[-7.2893,42.2072],[-7.2903,42.2078],[-7.2902,42.2075]],[[-7.3475,42.1976],[-7.3476,42.1977],[-7.3476,42.1976],[-7.3475,42.1976]],[[-7.3818,42.2359],[-7.3819,42.2358],[-7.3818,42.2358],[-7.3818,42.2359]],[[-7.4085,42.2279],[-7.4086,42.2278],[-7.4084,42.2278],[-7.4085,42.2279]],[[-7.3726,42.1817],[-7.3728,42.1815],[-7.3726,42.1816],[-7.3726,42.1817]],[[-7.3562,42.1645],[-7.3561,42.1646],[-7.3562,42.1647],[-7.3562,42.1645]],[[-7.2947,42.1812],[-7.2947,42.1812],[-7.2947,42.1812],[-7.2947,42.1812]],[[-7.2738,42.1685],[-7.2738,42.1684],[-7.2738,42.1685],[-7.2738,42.1685]],[[-7.3076,42.1723],[-7.3079,42.1723],[-7.3078,42.1721],[-7.3076,42.1723]],[[-7.2257,42.2638],[-7.2258,42.2639],[-7.2258,42.2638],[-7.2257,42.2638]],[[-7.2342,42.2763],[-7.2352,42.2769],[-7.2348,42.2761],[-7.2342,42.2763]],[[-7.2284,42.2785],[-7.2276,42.2783],[-7.228,42.2787],[-7.2284,42.2785]],[[-7.3243,42.2376],[-7.3243,42.2376],[-7.3243,42.2375],[-7.3243,42.2376]],[[-7.3243,42.2373],[-7.3243,42.2374],[-7.3243,42.2373],[-7.3243,42.2373]],[[-7.3484,42.244],[-7.3482,42.2443],[-7.3485,42.2442],[-7.3484,42.244]],[[-7.3479,42.2447],[-7.3476,42.245],[-7.3482,42.2446],[-7.3479,42.2447]],[[-7.3469,42.2441],[-7.3458,42.2448],[-7.3471,42.2444],[-7.3469,42.2441]],[[-7.3477,42.247],[-7.3475,42.2467],[-7.3473,42.2471],[-7.3477,42.247]],[[-7.3478,42.2495],[-7.3482,42.2495],[-7.3485,42.2494],[-7.3478,42.2495]],[[-7.3505,42.2704],[-7.3504,42.2704],[-7.3505,42.2704],[-7.3505,42.2704]],[[-7.3558,42.2831],[-7.3555,42.2823],[-7.3556,42.283],[-7.3558,42.2831]],[[-7.3495,42.2811],[-7.3495,42.2813],[-7.3495,42.2811],[-7.3495,42.2811]],[[-7.3498,42.2815],[-7.3498,42.2815],[-7.3498,42.2815],[-7.3498,42.2815]],[[-7.3566,42.2823],[-7.3567,42.2823],[-7.3567,42.2822],[-7.3566,42.2823]],[[-7.3564,42.2822],[-7.3564,42.2823],[-7.3565,42.2823],[-7.3564,42.2822]],[[-7.3563,42.2821],[-7.3562,42.2822],[-7.3563,42.2822],[-7.3563,42.2821]],[[-7.3416,42.2219],[-7.3415,42.2219],[-7.3415,42.2219],[-7.3416,42.2219]],[[-7.3276,42.2209],[-7.3277,42.221],[-7.3277,42.2209],[-7.3276,42.2209]],[[-7.3278,42.221],[-7.3278,42.221],[-7.3278,42.221],[-7.3278,42.221]],[[-7.3279,42.221],[-7.328,42.2214],[-7.3282,42.2214],[-7.3279,42.221]],[[-7.2887,42.2101],[-7.2887,42.2101],[-7.2887,42.2101],[-7.2887,42.2101]],[[-7.3448,42.2701],[-7.3446,42.2701],[-7.3446,42.2701],[-7.3448,42.2701]],[[-7.3892,42.2273],[-7.3889,42.2272],[-7.3889,42.2275],[-7.3892,42.2273]],[[-7.395,42.2368],[-7.3954,42.2361],[-7.3945,42.236],[-7.395,42.2368]],[[-7.3939,42.237],[-7.3939,42.2367],[-7.3935,42.2368],[-7.3939,42.237]],[[-7.3956,42.2476],[-7.3954,42.2482],[-7.3958,42.2478],[-7.3956,42.2476]],[[-7.3974,42.2486],[-7.3971,42.2486],[-7.3975,42.2488],[-7.3974,42.2486]],[[-7.3972,42.2505],[-7.3969,42.2503],[-7.397,42.2506],[-7.3972,42.2505]],[[-7.3593,42.2478],[-7.3597,42.2477],[-7.3595,42.2477],[-7.3593,42.2478]],[[-7.3577,42.2497],[-7.3583,42.2499],[-7.3586,42.2496],[-7.3577,42.2497]],[[-7.364,42.2544],[-7.3638,42.2541],[-7.3637,42.2543],[-7.364,42.2544]],[[-7.3584,42.2713],[-7.3577,42.2719],[-7.3587,42.2713],[-7.3584,42.2713]],[[-7.3554,42.2934],[-7.3549,42.294],[-7.3556,42.2936],[-7.3554,42.2934]],[[-7.355,42.2948],[-7.3549,42.2942],[-7.3544,42.2946],[-7.355,42.2948]],[[-7.349,42.2739],[-7.349,42.2739],[-7.349,42.2739],[-7.349,42.2739]],[[-7.3489,42.2739],[-7.3489,42.274],[-7.349,42.274],[-7.349,42.2739],[-7.3489,42.2739]],[[-7.3459,42.2736],[-7.3459,42.2736],[-7.3459,42.2736],[-7.3459,42.2736]],[[-7.346,42.2736],[-7.3461,42.2737],[-7.3461,42.2736],[-7.346,42.2736]],[[-7.3477,42.274],[-7.3476,42.2741],[-7.3477,42.2741],[-7.3477,42.274]],[[-7.3475,42.2742],[-7.3474,42.2742],[-7.3474,42.2742],[-7.3475,42.2742]],[[-7.3475,42.2742],[-7.3475,42.2743],[-7.3475,42.2742],[-7.3475,42.2742]],[[-7.3475,42.2743],[-7.3476,42.2743],[-7.3476,42.2743],[-7.3475,42.2743]],[[-7.3527,42.2803],[-7.3527,42.2803],[-7.3528,42.2802],[-7.3527,42.2803]],[[-7.3527,42.2804],[-7.3527,42.2804],[-7.3527,42.2804],[-7.3527,42.2804]],[[-7.3485,42.2981],[-7.3484,42.2984],[-7.3487,42.2984],[-7.3485,42.2981]],[[-7.347,42.2993],[-7.347,42.2991],[-7.3467,42.2993],[-7.347,42.2993]],[[-7.3486,42.3001],[-7.3491,42.2997],[-7.3482,42.2998],[-7.3486,42.3001]],[[-7.3494,42.2997],[-7.3494,42.3001],[-7.3496,42.3],[-7.3494,42.2997]],[[-7.348,42.2998],[-7.3476,42.3005],[-7.348,42.3008],[-7.348,42.2998]],[[-7.3396,42.2718],[-7.3396,42.2719],[-7.3396,42.2718],[-7.3396,42.2718]],[[-7.3388,42.2743],[-7.3384,42.2743],[-7.3388,42.2745],[-7.3388,42.2743]],[[-7.34,42.2751],[-7.3399,42.2747],[-7.3397,42.2749],[-7.34,42.2751]],[[-7.3409,42.2749],[-7.342,42.2754],[-7.3418,42.2749],[-7.3409,42.2749]],[[-7.3415,42.2767],[-7.3421,42.2768],[-7.3419,42.2763],[-7.3415,42.2767]],[[-7.3384,42.2781],[-7.3379,42.2783],[-7.3386,42.2786],[-7.3384,42.2781]],[[-7.3383,42.2789],[-7.3383,42.2788],[-7.3383,42.2788],[-7.3383,42.2789]],[[-7.3382,42.2789],[-7.3379,42.2792],[-7.3382,42.2791],[-7.3382,42.2789]],[[-7.3425,42.279],[-7.3424,42.2789],[-7.3425,42.2791],[-7.3425,42.279]],[[-7.3427,42.2792],[-7.3426,42.2794],[-7.3427,42.2794],[-7.3427,42.2792]],[[-7.3435,42.2794],[-7.3431,42.2793],[-7.3433,42.2797],[-7.3435,42.2794]],[[-7.3438,42.2939],[-7.3437,42.294],[-7.3439,42.2939],[-7.3438,42.2939]],[[-7.337,42.2746],[-7.337,42.2746],[-7.337,42.2746],[-7.337,42.2746]],[[-7.3328,42.2776],[-7.33,42.2814],[-7.331,42.2812],[-7.3329,42.2785],[-7.3328,42.2776]],[[-7.3262,42.2832],[-7.3262,42.2833],[-7.3263,42.2831],[-7.3262,42.2832]],[[-7.3362,42.3127],[-7.3358,42.3127],[-7.3362,42.3129],[-7.3362,42.3127]],[[-7.3197,42.3163],[-7.3192,42.3158],[-7.3189,42.316],[-7.3197,42.3163]],[[-7.3201,42.3201],[-7.3201,42.3198],[-7.32,42.3201],[-7.3201,42.3201]],[[-7.3206,42.3229],[-7.3205,42.3226],[-7.3203,42.3227],[-7.3206,42.3229]],[[-7.3122,42.3253],[-7.3117,42.3247],[-7.3117,42.3252],[-7.3122,42.3253]],[[-7.3196,42.3303],[-7.3196,42.33],[-7.3193,42.3301],[-7.3196,42.3303]],[[-7.3213,42.3319],[-7.3214,42.3315],[-7.3209,42.3316],[-7.3213,42.3319]],[[-7.3103,42.3247],[-7.311,42.3247],[-7.3107,42.3245],[-7.3103,42.3247]],[[-7.2902,42.2921],[-7.2909,42.2917],[-7.2903,42.2917],[-7.2902,42.2921]],[[-7.292,42.3049],[-7.2922,42.3047],[-7.2921,42.3042],[-7.292,42.3049]],[[-7.2702,42.3023],[-7.2705,42.3023],[-7.2703,42.3021],[-7.2702,42.3023]],[[-7.2791,42.3116],[-7.2789,42.312],[-7.2794,42.3117],[-7.2791,42.3116]],[[-7.2769,42.3139],[-7.2771,42.3137],[-7.2769,42.3138],[-7.2769,42.3139]],[[-7.2094,42.282],[-7.2098,42.2821],[-7.2096,42.2815],[-7.2094,42.282]],[[-7.2266,42.2898],[-7.227,42.2888],[-7.2263,42.2893],[-7.2266,42.2898]],[[-7.2273,42.2913],[-7.2278,42.2911],[-7.2272,42.2912],[-7.2273,42.2913]],[[-7.227,42.2918],[-7.2272,42.2921],[-7.2274,42.2918],[-7.227,42.2918]],[[-7.2296,42.2924],[-7.2295,42.2921],[-7.2292,42.2923],[-7.2296,42.2924]],[[-7.2253,42.2949],[-7.2255,42.2952],[-7.2256,42.295],[-7.2253,42.2949]],[[-7.3683,42.2344],[-7.3682,42.2348],[-7.3685,42.2349],[-7.3683,42.2344]],[[-7.3554,42.248],[-7.3549,42.2483],[-7.3555,42.2479],[-7.3554,42.248]],[[-7.346,42.2701],[-7.3462,42.2702],[-7.3461,42.2697],[-7.346,42.2701]],[[-7.3474,42.2731],[-7.3467,42.2731],[-7.3462,42.2734],[-7.3474,42.2731]],[[-7.3507,42.276],[-7.3518,42.2762],[-7.3513,42.2757],[-7.3507,42.276]],[[-7.3496,42.2848],[-7.3502,42.2848],[-7.3498,42.2845],[-7.3496,42.2848]],[[-7.3442,42.2703],[-7.344,42.27],[-7.3438,42.2702],[-7.3442,42.2703]],[[-7.2995,42.304],[-7.2993,42.3038],[-7.2989,42.3041],[-7.2995,42.304]],[[-7.2939,42.3047],[-7.2938,42.3042],[-7.2936,42.3044],[-7.2939,42.3047]],[[-7.2705,42.3011],[-7.2707,42.302],[-7.2712,42.3011],[-7.2705,42.3011]],[[-7.2105,42.2823],[-7.2106,42.2829],[-7.2108,42.2825],[-7.2105,42.2823]],[[-7.2125,42.2848],[-7.2103,42.283],[-7.2103,42.285],[-7.2125,42.2848]],[[-7.2354,42.2866],[-7.2358,42.2866],[-7.2359,42.2865],[-7.2354,42.2866]],[[-7.2085,42.2866],[-7.208,42.2864],[-7.2079,42.2864],[-7.2081,42.2869],[-7.2085,42.2866]],[[-7.2287,42.2919],[-7.2292,42.2921],[-7.229,42.2918],[-7.2287,42.2919]],[[-7.2167,42.2982],[-7.2167,42.2978],[-7.2164,42.2981],[-7.2167,42.2982]],[[-7.3391,42.3156],[-7.3382,42.3165],[-7.3389,42.3163],[-7.3391,42.3156]],[[-7.3384,42.3166],[-7.3384,42.3166],[-7.3384,42.3166],[-7.3384,42.3166]],[[-7.3385,42.3165],[-7.3384,42.3166],[-7.3385,42.3166],[-7.3385,42.3165]],[[-7.3386,42.3166],[-7.338,42.3173],[-7.3385,42.3169],[-7.3386,42.3167],[-7.3386,42.3166]],[[-7.3378,42.3188],[-7.3364,42.3171],[-7.3345,42.3179],[-7.3378,42.3188]],[[-7.3351,42.3169],[-7.3346,42.317],[-7.3351,42.317],[-7.3351,42.3169]],[[-7.3344,42.3244],[-7.3343,42.3245],[-7.3344,42.3245],[-7.3344,42.3244]],[[-7.3382,42.3183],[-7.3382,42.3183],[-7.3382,42.3183],[-7.3382,42.3183]],[[-7.3359,42.3192],[-7.3356,42.3189],[-7.3354,42.3189],[-7.3359,42.3192]],[[-7.3338,42.3219],[-7.3338,42.3221],[-7.334,42.3221],[-7.3338,42.3219]],[[-7.3307,42.319],[-7.331,42.319],[-7.3308,42.3189],[-7.3307,42.319]],[[-7.3298,42.3196],[-7.3292,42.3199],[-7.3297,42.3201],[-7.3298,42.3196]],[[-7.3289,42.3208],[-7.3289,42.3208],[-7.3289,42.3208],[-7.3289,42.3208]],[[-7.3371,42.3207],[-7.3362,42.3208],[-7.3373,42.3209],[-7.3371,42.3207]],[[-7.2317,42.1116],[-7.2316,42.1117],[-7.2317,42.1117],[-7.2317,42.1116]],[[-7.2517,42.0967],[-7.2515,42.097],[-7.2517,42.097],[-7.2517,42.0967]],[[-7.2392,42.1768],[-7.2391,42.1763],[-7.2383,42.1764],[-7.2392,42.1768]],[[-7.2403,42.177],[-7.2391,42.1777],[-7.2391,42.1779],[-7.2403,42.177]],[[-7.2374,42.1758],[-7.2374,42.1758],[-7.2374,42.1758],[-7.2374,42.1758]],[[-7.2375,42.1757],[-7.2375,42.1757],[-7.2375,42.1756],[-7.2375,42.1757]],[[-7.2266,42.1724],[-7.2261,42.173],[-7.2269,42.1731],[-7.2266,42.1724]],[[-7.1725,42.2414],[-7.1726,42.2414],[-7.1725,42.2414],[-7.1725,42.2414]],[[-7.2146,42.2365],[-7.2146,42.2365],[-7.2146,42.2365],[-7.2146,42.2365]]],[[[-7.5424,42.2222],[-7.5407,42.2249],[-7.5393,42.2244],[-7.5374,42.226],[-7.535,42.226],[-7.5308,42.2187],[-7.5386,42.2146],[-7.5424,42.2147],[-7.5431,42.2177],[-7.5395,42.2181],[-7.5437,42.2212],[-7.5396,42.2213],[-7.5424,42.2222]],[[-7.5375,42.2252],[-7.5372,42.2256],[-7.5374,42.2254],[-7.5375,42.2252]],[[-7.5377,42.2251],[-7.5377,42.2251],[-7.5375,42.2251],[-7.5377,42.2251]],[[-7.5378,42.2246],[-7.5383,42.225],[-7.5384,42.2245],[-7.5378,42.2246]],[[-7.539,42.2179],[-7.5389,42.2176],[-7.5388,42.2178],[-7.539,42.2179]],[[-7.5408,42.2164],[-7.5404,42.2164],[-7.5405,42.2167],[-7.5408,42.2164]],[[-7.5402,42.2158],[-7.5399,42.2153],[-7.5399,42.2156],[-7.5402,42.2158]],[[-7.5418,42.2223],[-7.5417,42.2223],[-7.5417,42.2223],[-7.5418,42.2223]]],[[[-7.4404,42.224],[-7.4397,42.227],[-7.4351,42.2252],[-7.4358,42.2241],[-7.4404,42.224]],[[-7.4368,42.2255],[-7.4372,42.2256],[-7.4371,42.2253],[-7.4368,42.2255]]],[[[-7.354,42.2353],[-7.3577,42.2369],[-7.3575,42.2379],[-7.3546,42.2376],[-7.354,42.2353]],[[-7.3566,42.2371],[-7.3568,42.2369],[-7.3563,42.2369],[-7.3566,42.2371]]],[[[-7.413,42.2428],[-7.4115,42.2455],[-7.409,42.2447],[-7.4097,42.2431],[-7.413,42.2428]],[[-7.4108,42.2442],[-7.4112,42.2438],[-7.4109,42.244],[-7.4108,42.2442]],[[-7.4116,42.2449],[-7.4108,42.2444],[-7.4106,42.2447],[-7.4116,42.2449]],[[-7.4102,42.2439],[-7.4106,42.2437],[-7.41,42.2436],[-7.4102,42.2439]]],[[[-7.5169,42.2497],[-7.5136,42.2514],[-7.5135,42.2504],[-7.5169,42.2497]]],[[[-7.3626,42.289],[-7.3595,42.2877],[-7.3626,42.2869],[-7.3626,42.289]]],[[[-7.4436,42.3033],[-7.44,42.3055],[-7.4396,42.3058],[-7.4385,42.3055],[-7.4436,42.3033]]],[[[-7.4396,42.3084],[-7.4357,42.3053],[-7.4413,42.3077],[-7.4396,42.3084]]],[[[-7.1913,42.0209],[-7.1936,42.0204],[-7.1935,42.02],[-7.1935,42.0197],[-7.2012,42.0184],[-7.202,42.0188],[-7.199,42.0204],[-7.2019,42.0193],[-7.1992,42.0259],[-7.1959,42.0249],[-7.1981,42.0266],[-7.192,42.0292],[-7.1913,42.0209]],[[-7.198,42.0191],[-7.1979,42.0192],[-7.198,42.0192],[-7.198,42.0191]],[[-7.1967,42.0217],[-7.1982,42.0205],[-7.1966,42.0216],[-7.1955,42.0209],[-7.1946,42.021],[-7.1967,42.0217]],[[-7.1974,42.022],[-7.195,42.0244],[-7.1961,42.0241],[-7.1974,42.022]]],[[[-7.1908,42.0273],[-7.1897,42.03],[-7.1869,42.0282],[-7.1908,42.0273]]],[[[-7.1282,42.063],[-7.1318,42.0627],[-7.1336,42.063],[-7.1327,42.0637],[-7.1282,42.063]]],[[[-7.1109,42.1132],[-7.1096,42.111],[-7.1105,42.1099],[-7.1119,42.1097],[-7.1109,42.1132]],[[-7.1098,42.1111],[-7.1099,42.1111],[-7.1099,42.1111],[-7.1098,42.1111]],[[-7.111,42.1102],[-7.1108,42.1104],[-7.1107,42.1104],[-7.1109,42.1104],[-7.111,42.1102]],[[-7.1106,42.1104],[-7.1106,42.1104],[-7.1106,42.1104],[-7.1106,42.1104]],[[-7.1106,42.1103],[-7.1106,42.1103],[-7.1106,42.1103],[-7.1106,42.1103]]],[[[-7.2747,42.1601],[-7.2748,42.1635],[-7.2666,42.1619],[-7.2558,42.1525],[-7.2544,42.1489],[-7.2598,42.1474],[-7.2747,42.1601]],[[-7.2682,42.1557],[-7.2682,42.1557],[-7.2682,42.1558],[-7.2682,42.1557]],[[-7.2727,42.1617],[-7.2722,42.1617],[-7.2724,42.1619],[-7.2727,42.1617]],[[-7.2656,42.1593],[-7.2648,42.1587],[-7.2646,42.1594],[-7.2656,42.1593]],[[-7.2667,42.158],[-7.2658,42.1583],[-7.2667,42.1583],[-7.2667,42.158]],[[-7.265,42.1584],[-7.2639,42.1577],[-7.2641,42.1585],[-7.265,42.1584]],[[-7.2627,42.1549],[-7.2627,42.1557],[-7.2632,42.1561],[-7.2627,42.1549]],[[-7.2629,42.1562],[-7.2632,42.1564],[-7.2632,42.1561],[-7.2629,42.1562]],[[-7.2578,42.1513],[-7.2568,42.1509],[-7.2566,42.1513],[-7.2578,42.1513]],[[-7.2579,42.1502],[-7.2588,42.1502],[-7.258,42.15],[-7.2579,42.1502]]],[[[-7.2243,42.181],[-7.229,42.1796],[-7.2297,42.1808],[-7.2243,42.181]]],[[[-7.2074,42.1928],[-7.2039,42.191],[-7.2034,42.1892],[-7.2071,42.1902],[-7.2074,42.1928]]],[[[-7.3041,42.3061],[-7.3074,42.3063],[-7.3038,42.3078],[-7.3041,42.3061]]],[[[-7.3108,42.3169],[-7.313,42.3175],[-7.3071,42.3202],[-7.3073,42.3192],[-7.3087,42.3191],[-7.3097,42.3172],[-7.3108,42.3169]],[[-7.3118,42.3174],[-7.3118,42.3174],[-7.3118,42.3174],[-7.3118,42.3174]],[[-7.3105,42.3176],[-7.3101,42.3175],[-7.3101,42.3178],[-7.3105,42.3176]]],[[[-7.3268,42.3168],[-7.3266,42.3195],[-7.3251,42.3192],[-7.3268,42.3168]]],[[[-7.2338,42.3607],[-7.2388,42.367],[-7.2378,42.369],[-7.24,42.3682],[-7.2398,42.3693],[-7.232,42.3686],[-7.232,42.3625],[-7.2338,42.3607]],[[-7.2347,42.3621],[-7.233,42.3626],[-7.2339,42.363],[-7.2347,42.3621]],[[-7.2333,42.3638],[-7.2331,42.364],[-7.2335,42.3642],[-7.2333,42.3638]],[[-7.2346,42.3624],[-7.2345,42.3631],[-7.2348,42.3632],[-7.2348,42.3626],[-7.2346,42.3624]],[[-7.2354,42.363],[-7.2356,42.3635],[-7.2358,42.3633],[-7.2354,42.363]],[[-7.2346,42.3637],[-7.2341,42.3635],[-7.2342,42.3639],[-7.2346,42.3637]],[[-7.2368,42.3658],[-7.2359,42.3659],[-7.2361,42.3664],[-7.2368,42.3658]],[[-7.2374,42.3663],[-7.2369,42.3662],[-7.2368,42.3665],[-7.2374,42.3663]],[[-7.2382,42.3676],[-7.2377,42.3662],[-7.2376,42.3672],[-7.2382,42.3676]],[[-7.2351,42.3677],[-7.2364,42.3683],[-7.2351,42.3673],[-7.2351,42.3677]]],[[[-7.2533,42.368],[-7.2545,42.3692],[-7.2533,42.3719],[-7.2519,42.3734],[-7.2507,42.3735],[-7.2511,42.3694],[-7.2533,42.368]],[[-7.2532,42.3683],[-7.2529,42.3693],[-7.2535,42.369],[-7.2532,42.3683]],[[-7.2521,42.3726],[-7.2518,42.373],[-7.2523,42.3728],[-7.2521,42.3726]]],[[[-7.2692,42.3657],[-7.2725,42.3701],[-7.2678,42.3739],[-7.2699,42.3767],[-7.2698,42.3753],[-7.2729,42.3737],[-7.2715,42.3785],[-7.2782,42.3788],[-7.2766,42.3811],[-7.271,42.3827],[-7.2662,42.3808],[-7.2652,42.383],[-7.2617,42.3846],[-7.2601,42.3809],[-7.258,42.3864],[-7.2471,42.3895],[-7.2411,42.3897],[-7.2441,42.3872],[-7.2468,42.3889],[-7.2458,42.3868],[-7.2468,42.3853],[-7.2497,42.3864],[-7.2443,42.3833],[-7.2446,42.3814],[-7.2468,42.3808],[-7.2421,42.3801],[-7.2421,42.3778],[-7.2476,42.378],[-7.2542,42.3817],[-7.2551,42.3863],[-7.2593,42.3829],[-7.2577,42.3838],[-7.2567,42.3839],[-7.256,42.3834],[-7.2536,42.3759],[-7.258,42.3787],[-7.2559,42.374],[-7.2586,42.3718],[-7.2555,42.3703],[-7.2613,42.3675],[-7.2597,42.3657],[-7.2628,42.3658],[-7.2636,42.3623],[-7.2625,42.3651],[-7.2607,42.3648],[-7.2622,42.3608],[-7.2613,42.3604],[-7.2596,42.3642],[-7.2568,42.3582],[-7.2657,42.3577],[-7.2672,42.3635],[-7.2649,42.3636],[-7.2692,42.3657]],[[-7.271,42.3702],[-7.271,42.3701],[-7.2709,42.37],[-7.271,42.3702]],[[-7.27,42.3709],[-7.2704,42.3709],[-7.2702,42.3708],[-7.27,42.3709]],[[-7.2589,42.3816],[-7.2588,42.381],[-7.2586,42.3814],[-7.2589,42.3816]],[[-7.2702,42.3775],[-7.2704,42.3771],[-7.2701,42.3773],[-7.2702,42.3775]],[[-7.2719,42.3754],[-7.2713,42.3753],[-7.2713,42.3753],[-7.2719,42.3754]],[[-7.2652,42.359],[-7.2658,42.3587],[-7.2651,42.3589],[-7.2652,42.359]],[[-7.2626,42.3642],[-7.2626,42.3641],[-7.2626,42.3641],[-7.2626,42.3642]],[[-7.2598,42.3613],[-7.2598,42.3614],[-7.2599,42.3613],[-7.2598,42.3613]],[[-7.2599,42.3612],[-7.2603,42.3603],[-7.2597,42.3611],[-7.2599,42.3612]],[[-7.2651,42.3623],[-7.2652,42.3623],[-7.2651,42.3623],[-7.2651,42.3623]],[[-7.2678,42.3666],[-7.2674,42.3661],[-7.2672,42.367],[-7.2678,42.3666]],[[-7.2651,42.3723],[-7.2663,42.3702],[-7.2606,42.3681],[-7.2657,42.3702],[-7.2645,42.372],[-7.2651,42.3723]],[[-7.2616,42.369],[-7.2617,42.3694],[-7.2618,42.3694],[-7.2616,42.369]],[[-7.2684,42.3703],[-7.2685,42.3699],[-7.268,42.3702],[-7.2684,42.3703]],[[-7.2681,42.372],[-7.2679,42.3723],[-7.2682,42.3723],[-7.2681,42.372]],[[-7.2653,42.3729],[-7.2656,42.3727],[-7.2658,42.3726],[-7.2656,42.3726],[-7.2653,42.3729]],[[-7.2518,42.3868],[-7.2517,42.3868],[-7.2517,42.3869],[-7.2518,42.3868]],[[-7.2486,42.3889],[-7.2486,42.3885],[-7.2481,42.3887],[-7.2486,42.3889]],[[-7.2487,42.3885],[-7.2493,42.3887],[-7.2493,42.3884],[-7.2487,42.3885]],[[-7.2483,42.3872],[-7.2489,42.3878],[-7.2492,42.3874],[-7.2483,42.3872]],[[-7.2471,42.3866],[-7.2468,42.3871],[-7.2476,42.387],[-7.2471,42.3866]],[[-7.2692,42.3702],[-7.2695,42.3703],[-7.2695,42.37],[-7.2692,42.3702]],[[-7.2695,42.37],[-7.2695,42.3699],[-7.2695,42.37],[-7.2695,42.37]],[[-7.2676,42.3717],[-7.2675,42.3717],[-7.2675,42.3717],[-7.2676,42.3717]],[[-7.2672,42.3718],[-7.2673,42.3718],[-7.2672,42.3717],[-7.2672,42.3718]],[[-7.269,42.3765],[-7.2691,42.3765],[-7.2691,42.3764],[-7.269,42.3765]],[[-7.2687,42.3768],[-7.2692,42.377],[-7.2693,42.3769],[-7.2687,42.3768]],[[-7.2703,42.3791],[-7.27,42.3792],[-7.2702,42.3792],[-7.2703,42.3791]],[[-7.2654,42.3811],[-7.2655,42.381],[-7.2654,42.381],[-7.2654,42.3811]],[[-7.2642,42.3825],[-7.2613,42.3751],[-7.2639,42.374],[-7.2588,42.3704],[-7.2603,42.38],[-7.2642,42.3825]],[[-7.2589,42.3728],[-7.2586,42.3728],[-7.2586,42.373],[-7.2589,42.3728]],[[-7.2582,42.3798],[-7.2586,42.3793],[-7.2582,42.379],[-7.2582,42.3798]],[[-7.259,42.3805],[-7.2591,42.3801],[-7.2587,42.3801],[-7.259,42.3805]],[[-7.2569,42.3735],[-7.2566,42.3735],[-7.2566,42.3736],[-7.2568,42.3736],[-7.2569,42.3735]],[[-7.2541,42.3864],[-7.2538,42.3867],[-7.2541,42.3865],[-7.2541,42.3864]],[[-7.2522,42.3857],[-7.2513,42.3858],[-7.2523,42.3862],[-7.2522,42.3857]],[[-7.2672,42.369],[-7.2667,42.369],[-7.2667,42.3692],[-7.2672,42.369]],[[-7.2632,42.3599],[-7.2643,42.3601],[-7.2646,42.3596],[-7.2632,42.3599]],[[-7.2654,42.376],[-7.2657,42.3759],[-7.2651,42.3757],[-7.2654,42.376]],[[-7.2594,42.3755],[-7.2587,42.3753],[-7.2587,42.3755],[-7.2594,42.3755]],[[-7.2589,42.3756],[-7.2588,42.3757],[-7.2589,42.3757],[-7.2589,42.3756]],[[-7.2653,42.3798],[-7.2651,42.3798],[-7.2651,42.3798],[-7.2653,42.3798]],[[-7.2695,42.38],[-7.2699,42.38],[-7.2696,42.3798],[-7.2695,42.38]],[[-7.2699,42.3798],[-7.2705,42.3798],[-7.2699,42.3797],[-7.2699,42.3798]],[[-7.2748,42.3804],[-7.2743,42.3802],[-7.2742,42.3804],[-7.2748,42.3804]],[[-7.2711,42.3809],[-7.2718,42.3814],[-7.2721,42.3812],[-7.2711,42.3809]],[[-7.2531,42.3832],[-7.2493,42.3831],[-7.2523,42.3855],[-7.2531,42.3832]],[[-7.2494,42.3834],[-7.2499,42.3848],[-7.2505,42.3849],[-7.2494,42.3834]],[[-7.2505,42.3853],[-7.2494,42.3845],[-7.2492,42.3846],[-7.2505,42.3853]],[[-7.2507,42.3852],[-7.2514,42.3855],[-7.2507,42.3851],[-7.2507,42.3852]],[[-7.2518,42.3861],[-7.2512,42.3861],[-7.2519,42.3862],[-7.2518,42.3861]],[[-7.2429,42.3792],[-7.2424,42.3795],[-7.243,42.3793],[-7.2429,42.3792]],[[-7.2462,42.3791],[-7.2466,42.3797],[-7.2468,42.3797],[-7.2462,42.3791]],[[-7.2442,42.3794],[-7.2442,42.3798],[-7.2445,42.3798],[-7.2442,42.3794]],[[-7.2455,42.3793],[-7.245,42.38],[-7.2462,42.38],[-7.2455,42.3793]],[[-7.2495,42.3824],[-7.245,42.3821],[-7.2487,42.3842],[-7.2484,42.3832],[-7.2495,42.3824]],[[-7.249,42.3833],[-7.2492,42.3832],[-7.2491,42.3829],[-7.249,42.3833]],[[-7.259,42.3798],[-7.2593,42.3799],[-7.2594,42.3798],[-7.259,42.3798]],[[-7.2576,42.382],[-7.2576,42.3818],[-7.2575,42.3818],[-7.2576,42.382]],[[-7.2581,42.3827],[-7.2582,42.3827],[-7.258,42.3826],[-7.2581,42.3827]],[[-7.257,42.3833],[-7.2575,42.3835],[-7.2576,42.3834],[-7.257,42.3833]],[[-7.2683,42.3806],[-7.2684,42.3801],[-7.2681,42.3803],[-7.2683,42.3806]],[[-7.2667,42.379],[-7.2667,42.3795],[-7.2668,42.3796],[-7.2667,42.379]],[[-7.2658,42.3789],[-7.266,42.379],[-7.266,42.3788],[-7.2658,42.3789]],[[-7.2664,42.3769],[-7.266,42.3772],[-7.2669,42.3772],[-7.2664,42.3769]],[[-7.2627,42.3824],[-7.2619,42.3825],[-7.2618,42.3825],[-7.2624,42.3827],[-7.2627,42.3824]],[[-7.2523,42.3868],[-7.2531,42.3874],[-7.2523,42.3866],[-7.2523,42.3868]]],[[[-7.237,42.378],[-7.2402,42.3795],[-7.2396,42.3811],[-7.237,42.378]],[[-7.2376,42.3787],[-7.2381,42.3789],[-7.2386,42.3789],[-7.2376,42.3787]]],[[[-7.2381,42.3849],[-7.2361,42.3851],[-7.2363,42.3804],[-7.2374,42.3806],[-7.2387,42.3822],[-7.2381,42.3849]],[[-7.2372,42.3813],[-7.2377,42.3813],[-7.2372,42.3807],[-7.2372,42.3813]],[[-7.2378,42.3838],[-7.2375,42.382],[-7.2377,42.3838],[-7.2378,42.3838]]],[[[-7.2441,42.3828],[-7.2441,42.3863],[-7.2426,42.3855],[-7.2406,42.3825],[-7.2411,42.3807],[-7.2441,42.3828]],[[-7.2417,42.3822],[-7.2421,42.3837],[-7.2427,42.3826],[-7.2417,42.3822]],[[-7.2435,42.3825],[-7.2428,42.3843],[-7.2438,42.3832],[-7.2435,42.3825]]],[[[-7.1531,42.4544],[-7.1561,42.455],[-7.1534,42.4559],[-7.1531,42.4544]]],[[[-7.1916,42.4709],[-7.1893,42.4685],[-7.1914,42.4666],[-7.1916,42.4709]],[[-7.191,42.4699],[-7.1912,42.4699],[-7.191,42.4699],[-7.191,42.4699]]],[[[-7.0328,42.0286],[-7.0349,42.0287],[-7.0333,42.031],[-7.0328,42.0286]],[[-7.0337,42.03],[-7.0337,42.03],[-7.0337,42.03],[-7.0337,42.03]]],[[[-7.1845,42.0389],[-7.1796,42.0395],[-7.178,42.0464],[-7.1701,42.0453],[-7.1702,42.0514],[-7.1733,42.0528],[-7.1682,42.0572],[-7.1669,42.0664],[-7.1779,42.0736],[-7.1676,42.0939],[-7.1606,42.0945],[-7.1598,42.0936],[-7.1578,42.0941],[-7.1561,42.093],[-7.1548,42.0932],[-7.1567,42.1025],[-7.162,42.1012],[-7.163,42.1052],[-7.1522,42.1136],[-7.1478,42.1091],[-7.1448,42.1107],[-7.1443,42.1178],[-7.148,42.1211],[-7.1432,42.1244],[-7.1454,42.1265],[-7.144,42.127],[-7.1401,42.1242],[-7.1428,42.1225],[-7.1362,42.1205],[-7.1384,42.1247],[-7.1356,42.1263],[-7.1326,42.1223],[-7.1259,42.1214],[-7.1279,42.1193],[-7.1201,42.121],[-7.1175,42.1135],[-7.1218,42.1121],[-7.1174,42.1125],[-7.1165,42.112],[-7.1161,42.1112],[-7.1154,42.1111],[-7.115,42.109],[-7.1112,42.1084],[-7.1107,42.1053],[-7.1138,42.1053],[-7.1119,42.1017],[-7.1158,42.0916],[-7.1136,42.0934],[-7.1139,42.0909],[-7.1171,42.0847],[-7.1223,42.0849],[-7.1244,42.0813],[-7.1211,42.0781],[-7.1214,42.0803],[-7.1186,42.081],[-7.1172,42.0765],[-7.1142,42.084],[-7.1102,42.085],[-7.1146,42.0853],[-7.1146,42.0859],[-7.1099,42.095],[-7.1044,42.0961],[-7.1049,42.0991],[-7.1035,42.097],[-7.102,42.0978],[-7.1039,42.1024],[-7.1001,42.1038],[-7.097,42.1037],[-7.097,42.1039],[-7.0968,42.104],[-7.0967,42.1043],[-7.0965,42.104],[-7.0965,42.1045],[-7.0944,42.1041],[-7.0957,42.1078],[-7.09,42.1077],[-7.0913,42.1185],[-7.0843,42.1181],[-7.0831,42.1158],[-7.0819,42.1178],[-7.0782,42.1137],[-7.081,42.1124],[-7.0789,42.1083],[-7.069,42.1007],[-7.0706,42.0978],[-7.0657,42.0939],[-7.0547,42.0924],[-7.0565,42.0903],[-7.0503,42.0885],[-7.0494,42.0924],[-7.0444,42.0886],[-7.0424,42.0917],[-7.0399,42.0889],[-7.0451,42.0871],[-7.0445,42.0862],[-7.0356,42.0867],[-7.0339,42.0824],[-7.0242,42.0822],[-7.0261,42.0755],[-7.0138,42.0774],[-7.0119,42.0723],[-7.0162,42.0714],[-7.0133,42.0676],[-7.0161,42.0645],[-7.0124,42.064],[-7.0104,42.06],[-7.0141,42.0633],[-7.0117,42.0602],[-7.0189,42.0515],[-7.0245,42.0549],[-7.0342,42.0487],[-7.0377,42.0496],[-7.0392,42.046],[-7.0518,42.0473],[-7.0501,42.0456],[-7.0568,42.0444],[-7.0546,42.0424],[-7.0576,42.0432],[-7.0594,42.039],[-7.0564,42.0372],[-7.0581,42.0372],[-7.0584,42.0365],[-7.0589,42.0366],[-7.059,42.0363],[-7.0595,42.0362],[-7.0591,42.036],[-7.0591,42.0357],[-7.0602,42.0316],[-7.0625,42.0319],[-7.0607,42.0307],[-7.0587,42.0326],[-7.059,42.0295],[-7.0636,42.0264],[-7.0647,42.0285],[-7.0622,42.0217],[-7.0551,42.0287],[-7.0436,42.0278],[-7.0488,42.0314],[-7.0447,42.0334],[-7.0483,42.0336],[-7.0481,42.0348],[-7.046,42.0372],[-7.0421,42.0344],[-7.0408,42.0382],[-7.0358,42.0397],[-7.0186,42.0381],[-7.0251,42.0361],[-7.0243,42.0313],[-7.0318,42.0322],[-7.031,42.0326],[-7.0315,42.0344],[-7.0332,42.0322],[-7.0324,42.0344],[-7.0347,42.0349],[-7.033,42.0315],[-7.0372,42.0311],[-7.0302,42.0236],[-7.0279,42.0259],[-7.0302,42.0258],[-7.0303,42.0252],[-7.0316,42.0252],[-7.0313,42.0319],[-7.0235,42.0304],[-7.0221,42.0327],[-7.0235,42.0297],[-7.0273,42.0304],[-7.0283,42.0291],[-7.02,42.0278],[-7.0136,42.0242],[-7.0107,42.0248],[-7.0209,42.0292],[-7.0129,42.0324],[-6.9999,42.0342],[-6.9944,42.0332],[-6.9941,42.0314],[-6.9916,42.0319],[-6.9887,42.0295],[-6.9859,42.0292],[-6.9848,42.0306],[-6.9836,42.0307],[-6.9837,42.0281],[-6.9814,42.0307],[-6.98,42.0304],[-6.9801,42.0289],[-6.9773,42.0288],[-6.9763,42.0307],[-6.975,42.0305],[-6.9747,42.0244],[-6.9797,42.0193],[-6.9823,42.0198],[-6.9829,42.0225],[-6.9837,42.022],[-6.9826,42.018],[-6.9848,42.0172],[-6.9821,42.0147],[-6.9852,42.0141],[-6.9847,42.0072],[-6.9872,42.0047],[-6.9925,42.0055],[-6.991,42.0022],[-6.9928,42.0028],[-6.9937,42.0061],[-6.995,42.0],[-7.0147,42.0],[-7.0111,42.0035],[-7.0197,42.0064],[-7.023,42.0124],[-7.0189,42.0162],[-7.0168,42.0145],[-7.0179,42.0166],[-7.0127,42.0144],[-7.0117,42.0159],[-7.0244,42.0266],[-7.0254,42.0232],[-7.0357,42.0222],[-7.0337,42.0202],[-7.0342,42.0186],[-7.0452,42.0191],[-7.0529,42.016],[-7.0503,42.0143],[-7.0584,42.0083],[-7.0626,42.0102],[-7.0676,42.0005],[-7.0946,42.0],[-7.0926,42.0045],[-7.0901,42.0062],[-7.0908,42.0071],[-7.0957,42.0034],[-7.1081,42.0171],[-7.1056,42.0249],[-7.1021,42.0229],[-7.096,42.0266],[-7.1015,42.0255],[-7.1045,42.0276],[-7.1056,42.0251],[-7.106,42.0295],[-7.111,42.0302],[-7.1112,42.0318],[-7.1158,42.0358],[-7.1113,42.0279],[-7.1144,42.0299],[-7.1293,42.0229],[-7.1354,42.0232],[-7.1361,42.0189],[-7.145,42.0161],[-7.1438,42.0123],[-7.1569,42.009],[-7.1611,42.0113],[-7.1594,42.0128],[-7.1628,42.0114],[-7.1636,42.0159],[-7.1596,42.0163],[-7.1632,42.0177],[-7.159,42.0212],[-7.1602,42.024],[-7.1592,42.0236],[-7.1585,42.0238],[-7.1599,42.0247],[-7.1536,42.029],[-7.152,42.0288],[-7.1528,42.0334],[-7.1519,42.032],[-7.1491,42.0317],[-7.1527,42.0335],[-7.1511,42.0365],[-7.1407,42.0463],[-7.1347,42.0472],[-7.1322,42.0432],[-7.1315,42.0463],[-7.1277,42.0437],[-7.1287,42.0415],[-7.1257,42.0405],[-7.1185,42.0429],[-7.1067,42.0391],[-7.0919,42.0382],[-7.0919,42.0359],[-7.0858,42.0376],[-7.0913,42.0375],[-7.0916,42.0382],[-7.0992,42.0423],[-7.0982,42.0435],[-7.0984,42.0475],[-7.0971,42.0497],[-7.098,42.047],[-7.0951,42.047],[-7.0934,42.0424],[-7.0904,42.0503],[-7.1028,42.0551],[-7.1087,42.0545],[-7.1049,42.0503],[-7.1061,42.0476],[-7.1053,42.048],[-7.1019,42.0466],[-7.103,42.0436],[-7.1028,42.0432],[-7.1011,42.0431],[-7.0995,42.0426],[-7.0993,42.0424],[-7.1003,42.0418],[-7.1084,42.0415],[-7.1239,42.0459],[-7.1208,42.0486],[-7.1399,42.0479],[-7.1305,42.0529],[-7.1306,42.0536],[-7.1299,42.0547],[-7.1301,42.0551],[-7.1321,42.0525],[-7.1339,42.0526],[-7.1371,42.05],[-7.1392,42.0494],[-7.14,42.0497],[-7.1398,42.0533],[-7.137,42.0546],[-7.1354,42.0538],[-7.1354,42.0547],[-7.1339,42.0551],[-7.1344,42.0556],[-7.1322,42.056],[-7.1339,42.0589],[-7.1237,42.06],[-7.1277,42.065],[-7.1232,42.0683],[-7.1246,42.0689],[-7.1246,42.0681],[-7.1279,42.0661],[-7.1301,42.0662],[-7.128,42.0688],[-7.1325,42.069],[-7.1325,42.0767],[-7.1363,42.0758],[-7.1334,42.0778],[-7.139,42.0782],[-7.1372,42.0807],[-7.1438,42.0863],[-7.1474,42.0835],[-7.143,42.0793],[-7.1439,42.0748],[-7.1475,42.0752],[-7.1443,42.0685],[-7.15,42.0665],[-7.1495,42.0624],[-7.1517,42.0642],[-7.1515,42.0624],[-7.1556,42.0607],[-7.155,42.0631],[-7.1557,42.0639],[-7.1558,42.0601],[-7.1564,42.0596],[-7.1613,42.0624],[-7.1576,42.0586],[-7.1583,42.0562],[-7.1598,42.0563],[-7.1599,42.0575],[-7.1617,42.0555],[-7.16,42.0559],[-7.1588,42.0554],[-7.1585,42.0551],[-7.1642,42.0535],[-7.1629,42.05],[-7.1652,42.0519],[-7.1671,42.0515],[-7.1662,42.0515],[-7.1642,42.0506],[-7.164,42.0501],[-7.1675,42.0448],[-7.1624,42.0469],[-7.1657,42.0416],[-7.1595,42.0407],[-7.1644,42.0386],[-7.1633,42.0385],[-7.1621,42.0329],[-7.1627,42.0338],[-7.1631,42.0337],[-7.1632,42.0341],[-7.1638,42.0342],[-7.1638,42.0344],[-7.1641,42.0343],[-7.1596,42.03],[-7.1665,42.0222],[-7.1669,42.0236],[-7.1672,42.0224],[-7.1683,42.0225],[-7.1698,42.0234],[-7.1675,42.0231],[-7.165,42.0253],[-7.17,42.024],[-7.173,42.0278],[-7.1725,42.0304],[-7.1732,42.0301],[-7.1732,42.0259],[-7.1747,42.0248],[-7.1702,42.0211],[-7.1736,42.0215],[-7.1729,42.0182],[-7.1774,42.0149],[-7.1768,42.01],[-7.1801,42.0141],[-7.1802,42.0246],[-7.1758,42.025],[-7.1734,42.028],[-7.1762,42.0307],[-7.1769,42.0259],[-7.1821,42.0261],[-7.1799,42.0295],[-7.1779,42.0305],[-7.1793,42.0345],[-7.1848,42.0344],[-7.1838,42.0365],[-7.1821,42.036],[-7.1802,42.0367],[-7.1798,42.0373],[-7.1845,42.0389]],[[-7.1748,42.0442],[-7.1747,42.0442],[-7.1747,42.0442],[-7.1748,42.0442]],[[-7.1288,42.1211],[-7.1297,42.1209],[-7.1284,42.1208],[-7.1288,42.1211]],[[-7.0613,42.0216],[-7.0612,42.0196],[-7.0607,42.0205],[-7.0578,42.0197],[-7.0613,42.0216]],[[-7.061,42.0196],[-7.061,42.0196],[-7.061,42.0196],[-7.061,42.0196]],[[-7.0546,42.0283],[-7.0547,42.0281],[-7.0546,42.0281],[-7.0546,42.0283]],[[-7.0431,42.029],[-7.043,42.0291],[-7.0431,42.0291],[-7.0431,42.029]],[[-7.0243,42.0369],[-7.0243,42.0371],[-7.0243,42.0371],[-7.0243,42.0369]],[[-7.0372,42.0313],[-7.0359,42.0331],[-7.0372,42.0341],[-7.0369,42.0352],[-7.0379,42.0355],[-7.0367,42.0331],[-7.0381,42.0324],[-7.038,42.0314],[-7.0385,42.0312],[-7.0386,42.0313],[-7.0375,42.0263],[-7.0372,42.0313]],[[-7.0404,42.0317],[-7.0409,42.0319],[-7.0436,42.0298],[-7.0404,42.0317]],[[-7.16,42.0237],[-7.16,42.0237],[-7.16,42.0237],[-7.16,42.0237]],[[-7.1293,42.0424],[-7.1281,42.043],[-7.129,42.0429],[-7.1293,42.0424]],[[-7.1394,42.0534],[-7.1394,42.0534],[-7.1394,42.0534],[-7.1394,42.0534]],[[-7.1645,42.0537],[-7.1644,42.0555],[-7.1655,42.0566],[-7.1645,42.0537]],[[-7.1739,42.0203],[-7.1742,42.0206],[-7.1743,42.0203],[-7.1739,42.0203]],[[-7.1788,42.0136],[-7.1778,42.013],[-7.1779,42.0133],[-7.1788,42.0136]],[[-7.1784,42.0183],[-7.1777,42.0174],[-7.1782,42.0193],[-7.1799,42.0195],[-7.1784,42.0183]],[[-7.0425,42.0341],[-7.0422,42.0333],[-7.0422,42.0341],[-7.0425,42.0341]],[[-7.0313,42.0347],[-7.032,42.0347],[-7.032,42.0349],[-7.032,42.0347],[-7.0319,42.0346],[-7.0315,42.0345],[-7.0313,42.0347]],[[-7.0316,42.035],[-7.0317,42.035],[-7.0317,42.035],[-7.0316,42.035]],[[-7.0345,42.036],[-7.0348,42.0352],[-7.0344,42.0352],[-7.0345,42.036]],[[-7.0359,42.0259],[-7.0369,42.0252],[-7.0361,42.0254],[-7.036,42.0255],[-7.036,42.0257],[-7.0359,42.0257],[-7.0359,42.0259]],[[-7.0241,42.0282],[-7.0241,42.028],[-7.024,42.028],[-7.0241,42.0282]],[[-6.9917,42.0317],[-6.999,42.0288],[-6.9932,42.026],[-6.9928,42.0244],[-6.9926,42.0262],[-6.9936,42.0276],[-6.9917,42.0317]],[[-6.9908,42.0297],[-6.9907,42.0288],[-6.9906,42.0296],[-6.9892,42.0295],[-6.9908,42.0297]],[[-6.9941,42.0261],[-6.9941,42.0261],[-6.9941,42.0261],[-6.9941,42.0261]],[[-6.9899,42.0286],[-6.9902,42.0292],[-6.9906,42.0292],[-6.9899,42.0286]],[[-6.9844,42.0306],[-6.9844,42.0306],[-6.9844,42.0306],[-6.9844,42.0306]],[[-6.9837,42.0293],[-6.9837,42.0293],[-6.9837,42.0293],[-6.9837,42.0293]],[[-6.9806,42.0304],[-6.9806,42.0304],[-6.9806,42.0304],[-6.9806,42.0304]],[[-6.9768,42.0292],[-6.9767,42.0293],[-6.9768,42.0293],[-6.9768,42.0292]],[[-6.9766,42.0293],[-6.9766,42.0293],[-6.9767,42.0293],[-6.9766,42.0293]],[[-6.9764,42.0301],[-6.9764,42.0299],[-6.9764,42.0301],[-6.9764,42.0301]],[[-6.9761,42.0306],[-6.9761,42.0306],[-6.9761,42.0306],[-6.9761,42.0306]],[[-6.9936,42.0063],[-6.9931,42.0073],[-6.9944,42.0062],[-6.9936,42.0063]],[[-7.0524,42.0149],[-7.0524,42.0151],[-7.0525,42.0149],[-7.0524,42.0149]],[[-7.0393,42.0331],[-7.0397,42.0337],[-7.0401,42.0337],[-7.0399,42.0333],[-7.0393,42.0331]],[[-7.1797,42.0181],[-7.1793,42.0184],[-7.1797,42.0187],[-7.1797,42.0181]],[[-7.18,42.0221],[-7.1801,42.0221],[-7.18,42.0221],[-7.18,42.0221]],[[-7.1756,42.0182],[-7.1771,42.0187],[-7.1755,42.0176],[-7.1756,42.0182]],[[-7.1733,42.0186],[-7.1733,42.0186],[-7.1733,42.0186],[-7.1733,42.0186]],[[-7.1733,42.0185],[-7.1731,42.0185],[-7.1732,42.0186],[-7.1733,42.0185]],[[-7.1776,42.0219],[-7.1767,42.0226],[-7.1785,42.0214],[-7.1763,42.0201],[-7.1776,42.0219]],[[-7.1747,42.0211],[-7.1751,42.0213],[-7.175,42.0211],[-7.1747,42.0211]],[[-7.176,42.0244],[-7.1768,42.0238],[-7.1755,42.024],[-7.176,42.0244]],[[-7.1769,42.0211],[-7.1767,42.021],[-7.1767,42.0211],[-7.1769,42.0211]],[[-7.1665,42.037],[-7.1652,42.0348],[-7.1642,42.0346],[-7.1653,42.0358],[-7.1654,42.0362],[-7.1656,42.0362],[-7.1657,42.0364],[-7.1662,42.0366],[-7.1664,42.0369],[-7.1665,42.037]],[[-7.1818,42.0265],[-7.1818,42.0265],[-7.1818,42.0265],[-7.1818,42.0265]],[[-7.1818,42.0265],[-7.1818,42.0264],[-7.1818,42.0265],[-7.1818,42.0265]],[[-7.1786,42.0375],[-7.178,42.0373],[-7.178,42.0375],[-7.1773,42.0375],[-7.1768,42.0379],[-7.1765,42.0379],[-7.1764,42.038],[-7.1764,42.038],[-7.1786,42.0375]],[[-7.1684,42.0454],[-7.17,42.0407],[-7.1662,42.0419],[-7.1684,42.0454]],[[-7.1645,42.0385],[-7.1646,42.0384],[-7.1645,42.0383],[-7.1645,42.0385]],[[-7.1645,42.0378],[-7.164,42.0383],[-7.1643,42.0384],[-7.1645,42.0382],[-7.1645,42.0378]],[[-7.1643,42.0371],[-7.1643,42.0371],[-7.1643,42.0371],[-7.1643,42.0371]],[[-7.1661,42.0255],[-7.1658,42.0257],[-7.1662,42.0257],[-7.1661,42.0255]],[[-7.1772,42.0335],[-7.1759,42.0337],[-7.1758,42.0347],[-7.1772,42.0335]],[[-7.1749,42.0359],[-7.1734,42.0371],[-7.1742,42.0375],[-7.1749,42.0359]],[[-7.1679,42.0282],[-7.1683,42.0287],[-7.1683,42.028],[-7.1679,42.0282]],[[-7.168,42.0295],[-7.1666,42.032],[-7.1672,42.0318],[-7.1677,42.0314],[-7.168,42.0295]],[[-7.1801,42.0274],[-7.1794,42.0268],[-7.1793,42.0274],[-7.1801,42.0274]],[[-7.1748,42.0396],[-7.1752,42.0385],[-7.1753,42.0381],[-7.1748,42.038],[-7.1733,42.0386],[-7.1724,42.0381],[-7.1719,42.0386],[-7.1748,42.0396]],[[-7.1768,42.0443],[-7.176,42.0455],[-7.1766,42.0451],[-7.1768,42.0443]],[[-7.1743,42.044],[-7.1736,42.043],[-7.1737,42.0436],[-7.1743,42.044]],[[-7.1638,42.0343],[-7.1637,42.0343],[-7.1638,42.0343],[-7.1638,42.0343]],[[-7.1725,42.0304],[-7.1724,42.0304],[-7.1724,42.0304],[-7.1725,42.0304]],[[-7.1283,42.1188],[-7.1302,42.116],[-7.1303,42.1157],[-7.1293,42.1164],[-7.1292,42.1167],[-7.1239,42.1166],[-7.1238,42.1166],[-7.1283,42.1188]],[[-7.1165,42.112],[-7.1165,42.112],[-7.1165,42.112],[-7.1165,42.112]],[[-7.119,42.1068],[-7.1192,42.1075],[-7.1194,42.1069],[-7.119,42.1068]],[[-7.1157,42.1077],[-7.1155,42.1084],[-7.1164,42.1084],[-7.1157,42.1077]],[[-7.1133,42.1073],[-7.1145,42.106],[-7.1139,42.1054],[-7.1133,42.1073]],[[-7.1128,42.1032],[-7.1128,42.1032],[-7.1128,42.1032],[-7.1128,42.1032]],[[-7.1131,42.1002],[-7.1131,42.1002],[-7.1131,42.1002],[-7.1131,42.1002]],[[-7.1205,42.0793],[-7.1205,42.0793],[-7.1205,42.0793],[-7.1205,42.0793]],[[-7.1044,42.0961],[-7.1044,42.0961],[-7.1044,42.0961],[-7.1044,42.0961]],[[-7.1044,42.0958],[-7.103,42.0938],[-7.0991,42.0947],[-7.1021,42.0947],[-7.1044,42.0958]],[[-7.1018,42.103],[-7.1018,42.103],[-7.1018,42.103],[-7.1018,42.103]],[[-7.1017,42.103],[-7.1018,42.103],[-7.1018,42.103],[-7.1017,42.103]],[[-7.1003,42.1034],[-7.1002,42.1034],[-7.1003,42.1034],[-7.1003,42.1034]],[[-7.097,42.1038],[-7.097,42.1039],[-7.097,42.1039],[-7.097,42.1038]],[[-7.0931,42.106],[-7.0929,42.1053],[-7.0926,42.1059],[-7.0915,42.1059],[-7.0931,42.106]],[[-7.0918,42.1058],[-7.0919,42.1057],[-7.0918,42.1058],[-7.0918,42.1058]],[[-7.0916,42.106],[-7.0916,42.1061],[-7.0916,42.1061],[-7.0916,42.106]],[[-7.0915,42.106],[-7.0916,42.106],[-7.0916,42.106],[-7.0915,42.106]],[[-7.0941,42.107],[-7.0941,42.1071],[-7.0941,42.107],[-7.0941,42.107]],[[-7.0876,42.1174],[-7.0876,42.1173],[-7.0876,42.1174],[-7.0876,42.1174]],[[-7.0818,42.1124],[-7.0816,42.114],[-7.0825,42.1141],[-7.0818,42.1124]],[[-7.062,42.0891],[-7.0583,42.0894],[-7.057,42.0905],[-7.062,42.0891]],[[-7.0626,42.0474],[-7.0633,42.0477],[-7.0633,42.0474],[-7.0626,42.0474]],[[-7.0628,42.0483],[-7.0613,42.0493],[-7.0629,42.0495],[-7.0628,42.0483]],[[-7.0567,42.0481],[-7.0585,42.0471],[-7.0571,42.0467],[-7.0567,42.0481]],[[-7.0586,42.0482],[-7.0586,42.0482],[-7.0586,42.0482],[-7.0586,42.0482]],[[-7.0546,42.0469],[-7.0553,42.0474],[-7.0557,42.0467],[-7.0546,42.0469]],[[-7.0875,42.0496],[-7.0889,42.0505],[-7.0891,42.0505],[-7.0875,42.0496]],[[-7.096,42.0536],[-7.0923,42.0525],[-7.0931,42.0595],[-7.096,42.0536]],[[-7.0937,42.0602],[-7.0942,42.0597],[-7.0936,42.0597],[-7.0937,42.0602]],[[-7.0934,42.0603],[-7.0932,42.0611],[-7.0935,42.0611],[-7.0934,42.0603]],[[-7.0953,42.0561],[-7.0959,42.0564],[-7.0961,42.0561],[-7.0953,42.0561]],[[-7.0969,42.0567],[-7.0972,42.0562],[-7.0963,42.0562],[-7.0969,42.0567]],[[-7.0965,42.0536],[-7.0975,42.0537],[-7.0965,42.0535],[-7.0965,42.0536]],[[-7.101,42.0551],[-7.1004,42.0561],[-7.1032,42.0593],[-7.1031,42.0556],[-7.1079,42.0561],[-7.101,42.0551]],[[-7.125,42.0694],[-7.1243,42.0704],[-7.1251,42.07],[-7.125,42.0694]],[[-7.1252,42.0709],[-7.1243,42.0713],[-7.1253,42.0711],[-7.1252,42.0709]],[[-7.1264,42.0673],[-7.1264,42.0672],[-7.1264,42.0672],[-7.1264,42.0673]],[[-7.1286,42.0689],[-7.1286,42.0689],[-7.1286,42.0689],[-7.1286,42.0689]],[[-7.1356,42.0798],[-7.1364,42.0799],[-7.1363,42.0796],[-7.1356,42.0798]],[[-7.1509,42.0664],[-7.1506,42.0659],[-7.1503,42.0662],[-7.1509,42.0664]],[[-7.1503,42.065],[-7.1504,42.0651],[-7.1504,42.065],[-7.1503,42.065]],[[-7.1544,42.0621],[-7.154,42.0624],[-7.1547,42.0621],[-7.1544,42.0621]],[[-7.1538,42.0627],[-7.1536,42.0624],[-7.1536,42.0626],[-7.1538,42.0627]],[[-7.1594,42.0633],[-7.1597,42.0626],[-7.1595,42.0626],[-7.1594,42.0633]],[[-7.1526,42.0642],[-7.1525,42.0633],[-7.1521,42.0642],[-7.1526,42.0642]],[[-7.1526,42.0632],[-7.1526,42.0632],[-7.1526,42.0632],[-7.1526,42.0632]],[[-7.1686,42.0868],[-7.1663,42.0868],[-7.1687,42.087],[-7.1686,42.0868]],[[-7.1582,42.0649],[-7.1604,42.0647],[-7.1603,42.0632],[-7.1582,42.0649]],[[-7.1709,42.0794],[-7.1697,42.079],[-7.1697,42.0792],[-7.1709,42.0794]],[[-7.1711,42.0769],[-7.1749,42.0744],[-7.1698,42.0712],[-7.1651,42.0741],[-7.1711,42.0769]],[[-7.1619,42.0754],[-7.1535,42.0776],[-7.1578,42.0784],[-7.1627,42.0816],[-7.1613,42.079],[-7.1661,42.0784],[-7.1646,42.0752],[-7.1591,42.0784],[-7.1594,42.0776],[-7.1619,42.0754]],[[-7.1517,42.0777],[-7.1525,42.0768],[-7.1512,42.0764],[-7.1517,42.0777]],[[-7.1568,42.0786],[-7.1569,42.0786],[-7.1569,42.0786],[-7.1568,42.0786]],[[-7.1602,42.0803],[-7.1602,42.0803],[-7.1603,42.0803],[-7.1602,42.0803]],[[-7.1562,42.0845],[-7.1574,42.0844],[-7.1575,42.0842],[-7.1562,42.0845]],[[-7.1574,42.0839],[-7.1566,42.0829],[-7.1568,42.0838],[-7.1574,42.0839]],[[-7.1508,42.0756],[-7.1496,42.075],[-7.1493,42.0753],[-7.1508,42.0756]],[[-7.1548,42.0698],[-7.1553,42.0684],[-7.1549,42.0681],[-7.1548,42.0698]],[[-7.1489,42.0708],[-7.149,42.0703],[-7.1487,42.0707],[-7.1489,42.0708]],[[-7.1576,42.0751],[-7.1591,42.0723],[-7.1575,42.0744],[-7.1576,42.0751]],[[-7.1546,42.0909],[-7.1541,42.0899],[-7.1543,42.0908],[-7.1534,42.0911],[-7.1533,42.0917],[-7.1546,42.0909]],[[-7.1514,42.0922],[-7.1515,42.0913],[-7.1506,42.0931],[-7.1514,42.0922]],[[-7.1546,42.0873],[-7.155,42.0878],[-7.1547,42.087],[-7.1546,42.0873]],[[-7.1547,42.087],[-7.1546,42.0869],[-7.1546,42.087],[-7.1547,42.087]],[[-7.1558,42.0863],[-7.1553,42.0862],[-7.1552,42.0863],[-7.1558,42.0863]],[[-7.1558,42.0861],[-7.1561,42.086],[-7.156,42.0858],[-7.1559,42.0858],[-7.1558,42.0861]],[[-7.1506,42.0933],[-7.1484,42.0976],[-7.1451,42.0965],[-7.1447,42.0971],[-7.1465,42.0986],[-7.1471,42.0987],[-7.151,42.097],[-7.1506,42.0933]],[[-7.1472,42.0988],[-7.1473,42.0987],[-7.1472,42.0987],[-7.1472,42.0988]],[[-7.1505,42.1101],[-7.1528,42.1124],[-7.151,42.1092],[-7.1505,42.1101]],[[-7.1276,42.0709],[-7.1274,42.0711],[-7.128,42.0711],[-7.1276,42.0709]],[[-7.1274,42.0707],[-7.1279,42.0695],[-7.1268,42.0704],[-7.1274,42.0707]],[[-7.1283,42.0704],[-7.1281,42.0706],[-7.1285,42.0706],[-7.1283,42.0704]],[[-7.1279,42.0695],[-7.1282,42.0692],[-7.1274,42.0692],[-7.1279,42.0695]],[[-7.128,42.0706],[-7.1281,42.0707],[-7.1281,42.0706],[-7.128,42.0706]],[[-7.1273,42.0898],[-7.1286,42.0895],[-7.1272,42.0894],[-7.1273,42.0898]],[[-7.1352,42.1087],[-7.1359,42.1087],[-7.1358,42.1079],[-7.1352,42.1087]],[[-7.1423,42.1237],[-7.1423,42.1237],[-7.1423,42.1237],[-7.1423,42.1237]],[[-7.111,42.058],[-7.1095,42.0586],[-7.1119,42.0585],[-7.111,42.058]],[[-7.1115,42.0601],[-7.1112,42.0607],[-7.1118,42.0603],[-7.1115,42.0601]],[[-7.112,42.0593],[-7.1167,42.064],[-7.12,42.0636],[-7.1221,42.0657],[-7.1207,42.0633],[-7.1243,42.0636],[-7.1184,42.0629],[-7.1147,42.0579],[-7.112,42.0593]],[[-7.1202,42.0641],[-7.1203,42.064],[-7.1202,42.064],[-7.1202,42.0641]],[[-7.0595,42.0471],[-7.0596,42.0477],[-7.0597,42.0472],[-7.0595,42.0471]],[[-7.0585,42.0458],[-7.059,42.0458],[-7.0585,42.0455],[-7.0585,42.0458]],[[-7.0587,42.0445],[-7.0587,42.0447],[-7.059,42.045],[-7.0587,42.0445]],[[-7.1556,42.065],[-7.1569,42.0651],[-7.157,42.0657],[-7.1571,42.0651],[-7.1564,42.0646],[-7.1556,42.065]],[[-7.158,42.0665],[-7.1587,42.0675],[-7.1591,42.0667],[-7.158,42.0665]],[[-7.1601,42.0814],[-7.1605,42.0832],[-7.1611,42.0831],[-7.1601,42.0814]],[[-7.1589,42.0752],[-7.159,42.0747],[-7.1591,42.0747],[-7.1591,42.0745],[-7.1588,42.0748],[-7.1589,42.0752]],[[-7.1592,42.0745],[-7.1592,42.0745],[-7.1592,42.0745],[-7.1592,42.0745]],[[-7.117,42.0898],[-7.1162,42.0901],[-7.1152,42.0904],[-7.1158,42.0905],[-7.117,42.0898]],[[-7.12,42.0888],[-7.1184,42.0894],[-7.1185,42.0901],[-7.12,42.0888]],[[-7.1385,42.0896],[-7.1401,42.0874],[-7.1395,42.0878],[-7.1379,42.0879],[-7.1385,42.0896]],[[-7.1521,42.0864],[-7.1528,42.0858],[-7.1524,42.0857],[-7.1521,42.0864]],[[-7.1444,42.0864],[-7.1442,42.0867],[-7.1446,42.0863],[-7.1444,42.0864]],[[-7.1538,42.0983],[-7.1533,42.0989],[-7.1536,42.099],[-7.1538,42.0983]],[[-7.1391,42.104],[-7.1391,42.104],[-7.1391,42.104],[-7.1391,42.104]],[[-7.1394,42.1039],[-7.1393,42.1035],[-7.1392,42.104],[-7.1394,42.1039]],[[-7.1467,42.1022],[-7.1474,42.0994],[-7.1469,42.0999],[-7.1453,42.0995],[-7.1467,42.1022]],[[-7.146,42.0995],[-7.146,42.0995],[-7.146,42.0995],[-7.146,42.0995]],[[-7.155,42.1005],[-7.1555,42.1008],[-7.1557,42.1006],[-7.155,42.1005]],[[-7.1448,42.1032],[-7.1446,42.1041],[-7.1444,42.1052],[-7.1448,42.1032]],[[-7.1442,42.1054],[-7.1433,42.1053],[-7.1428,42.1057],[-7.1442,42.1054]],[[-7.146,42.1024],[-7.145,42.1025],[-7.145,42.1029],[-7.146,42.1024]],[[-7.1308,42.0969],[-7.1296,42.0971],[-7.1298,42.0979],[-7.1308,42.0969]],[[-7.1249,42.096],[-7.1238,42.0962],[-7.1237,42.0967],[-7.1249,42.096]],[[-7.1399,42.0945],[-7.1377,42.0925],[-7.1364,42.0937],[-7.138,42.096],[-7.1399,42.0945]],[[-7.1244,42.094],[-7.1235,42.0936],[-7.1234,42.0937],[-7.1244,42.094]],[[-7.1399,42.0854],[-7.1401,42.0859],[-7.1405,42.0854],[-7.1399,42.0854]],[[-7.1314,42.0844],[-7.1317,42.084],[-7.1314,42.084],[-7.1314,42.0844]],[[-7.1308,42.0828],[-7.1303,42.0825],[-7.1301,42.0827],[-7.1308,42.0828]],[[-7.1256,42.0791],[-7.1266,42.08],[-7.1268,42.0795],[-7.1256,42.0791]],[[-7.1272,42.0798],[-7.1273,42.0798],[-7.1273,42.0798],[-7.1272,42.0798]],[[-7.1193,42.0779],[-7.1192,42.0786],[-7.1194,42.0786],[-7.1193,42.0779]],[[-7.1232,42.0773],[-7.1238,42.0777],[-7.1244,42.0777],[-7.1242,42.0774],[-7.1236,42.0772],[-7.1232,42.0773]],[[-7.125,42.075],[-7.1241,42.0753],[-7.1256,42.0754],[-7.125,42.075]],[[-7.1212,42.0758],[-7.1215,42.0762],[-7.1217,42.0759],[-7.1212,42.0758]],[[-7.1211,42.0762],[-7.1211,42.0764],[-7.1212,42.0764],[-7.1211,42.0762]],[[-7.1164,42.0759],[-7.1155,42.0762],[-7.1165,42.0765],[-7.1164,42.0759]],[[-7.1157,42.0764],[-7.1158,42.0763],[-7.1157,42.0763],[-7.1157,42.0764]],[[-7.0918,42.077],[-7.0924,42.0759],[-7.0909,42.0765],[-7.0918,42.077]],[[-7.0912,42.0769],[-7.0914,42.077],[-7.0914,42.0769],[-7.0912,42.0769]],[[-7.0924,42.0769],[-7.0925,42.0769],[-7.0924,42.0769],[-7.0924,42.0769]],[[-7.0827,42.0762],[-7.0789,42.0744],[-7.0777,42.0777],[-7.081,42.0786],[-7.0827,42.0762]],[[-7.0743,42.0796],[-7.0786,42.0837],[-7.0826,42.082],[-7.0768,42.0778],[-7.0743,42.0796]],[[-7.0734,42.0804],[-7.0732,42.0812],[-7.074,42.0814],[-7.0734,42.0804]],[[-7.0804,42.0844],[-7.0802,42.0837],[-7.0794,42.084],[-7.0804,42.0844]],[[-7.0811,42.0845],[-7.081,42.0844],[-7.081,42.0845],[-7.0811,42.0845]],[[-7.0812,42.0844],[-7.0818,42.0837],[-7.0813,42.084],[-7.0812,42.0844]],[[-7.0827,42.0804],[-7.0831,42.0801],[-7.0825,42.08],[-7.0827,42.0804]],[[-7.083,42.0732],[-7.0832,42.0743],[-7.0843,42.0738],[-7.083,42.0732]],[[-7.0834,42.0684],[-7.0842,42.0737],[-7.0845,42.0738],[-7.0844,42.0743],[-7.0846,42.0743],[-7.086,42.0725],[-7.0854,42.0719],[-7.0891,42.0711],[-7.0856,42.0709],[-7.0867,42.0661],[-7.0855,42.0683],[-7.0834,42.0684]],[[-7.0909,42.0733],[-7.0909,42.0731],[-7.0905,42.0731],[-7.0909,42.0733]],[[-7.0903,42.0731],[-7.0904,42.073],[-7.0902,42.073],[-7.0903,42.0731]],[[-7.0902,42.0729],[-7.0902,42.073],[-7.0902,42.0729],[-7.0902,42.0729]],[[-7.0855,42.0679],[-7.0854,42.0679],[-7.0854,42.0679],[-7.0855,42.0679]],[[-7.0798,42.0666],[-7.0789,42.0671],[-7.0792,42.0679],[-7.0798,42.0666]],[[-7.0791,42.0679],[-7.0791,42.0679],[-7.0791,42.0679],[-7.0791,42.0679]],[[-7.0803,42.07],[-7.0827,42.0696],[-7.0798,42.0693],[-7.0803,42.07]],[[-7.0763,42.0679],[-7.0763,42.0686],[-7.0767,42.0681],[-7.0763,42.0679]],[[-7.0757,42.0661],[-7.0745,42.0668],[-7.0749,42.068],[-7.0757,42.0661]],[[-7.0745,42.0678],[-7.0742,42.068],[-7.0748,42.068],[-7.0745,42.0678]],[[-7.0823,42.0637],[-7.085,42.0636],[-7.0848,42.0626],[-7.0869,42.0612],[-7.0874,42.0613],[-7.0891,42.0606],[-7.0895,42.0616],[-7.0874,42.0617],[-7.0874,42.0652],[-7.0899,42.0616],[-7.0893,42.0644],[-7.0948,42.0634],[-7.0891,42.06],[-7.0851,42.0611],[-7.0823,42.0637]],[[-7.0879,42.0651],[-7.0879,42.0651],[-7.0879,42.0651],[-7.0879,42.0651]],[[-7.0943,42.0639],[-7.0942,42.0642],[-7.0943,42.0639],[-7.0943,42.0639]],[[-7.095,42.064],[-7.0945,42.0645],[-7.0949,42.0646],[-7.095,42.064]],[[-7.0913,42.06],[-7.0917,42.0607],[-7.0921,42.0601],[-7.0913,42.06]],[[-7.1055,42.063],[-7.1062,42.0621],[-7.1054,42.0623],[-7.1055,42.063]],[[-7.1208,42.059],[-7.1225,42.0594],[-7.1217,42.0589],[-7.1208,42.059]],[[-7.1204,42.0608],[-7.1195,42.0601],[-7.1193,42.0603],[-7.1204,42.0608]],[[-7.1219,42.0644],[-7.122,42.0643],[-7.1219,42.0643],[-7.1219,42.0644]],[[-7.0944,42.0652],[-7.094,42.0658],[-7.0953,42.0661],[-7.0944,42.0652]],[[-7.1214,42.067],[-7.1202,42.0668],[-7.1203,42.0668],[-7.1214,42.067]],[[-7.1015,42.067],[-7.1004,42.0667],[-7.1005,42.0672],[-7.1007,42.0668],[-7.1015,42.067]],[[-7.0975,42.0671],[-7.0959,42.067],[-7.0972,42.0679],[-7.0975,42.0671]],[[-7.0976,42.0679],[-7.098,42.0676],[-7.0975,42.0675],[-7.0976,42.0679]],[[-7.0991,42.068],[-7.0996,42.0682],[-7.0995,42.0678],[-7.0991,42.068]],[[-7.0997,42.0685],[-7.0996,42.0683],[-7.0994,42.0686],[-7.0997,42.0685]],[[-7.1206,42.0695],[-7.119,42.0701],[-7.1197,42.071],[-7.1206,42.0695]],[[-7.1231,42.0703],[-7.1223,42.0704],[-7.1231,42.0704],[-7.1231,42.0703]],[[-7.092,42.073],[-7.0908,42.0679],[-7.093,42.0676],[-7.0952,42.0691],[-7.0921,42.0699],[-7.0937,42.0704],[-7.0966,42.0686],[-7.0904,42.0667],[-7.092,42.073]],[[-7.0948,42.0701],[-7.0947,42.07],[-7.0948,42.0701],[-7.0948,42.0701]],[[-7.0914,42.0721],[-7.0914,42.0721],[-7.0914,42.0721],[-7.0914,42.0721]],[[-7.0924,42.0731],[-7.0921,42.0745],[-7.0924,42.0745],[-7.0924,42.0731]],[[-7.1222,42.0742],[-7.1216,42.0722],[-7.1211,42.0739],[-7.1222,42.0742]],[[-7.1208,42.0739],[-7.1202,42.0735],[-7.1203,42.074],[-7.1208,42.0739]],[[-7.1203,42.0741],[-7.1198,42.0733],[-7.1207,42.0748],[-7.1208,42.0742],[-7.1203,42.0741]],[[-7.1217,42.0745],[-7.1211,42.0754],[-7.1218,42.0747],[-7.1217,42.0745]],[[-7.0928,42.0743],[-7.0929,42.0745],[-7.093,42.0743],[-7.0928,42.0743]],[[-7.0929,42.0745],[-7.0929,42.0745],[-7.0929,42.0745],[-7.0929,42.0745]],[[-7.0929,42.0739],[-7.0929,42.0738],[-7.0929,42.0738],[-7.0929,42.0739]],[[-7.093,42.0739],[-7.093,42.0739],[-7.093,42.074],[-7.093,42.0739]],[[-7.0929,42.0741],[-7.0929,42.0742],[-7.093,42.074],[-7.0929,42.0741]],[[-7.0878,42.0699],[-7.0883,42.069],[-7.0863,42.0695],[-7.0878,42.0699]],[[-7.0876,42.0699],[-7.0876,42.0699],[-7.0876,42.0699],[-7.0876,42.0699]],[[-7.0876,42.0699],[-7.0876,42.0699],[-7.0876,42.0699],[-7.0876,42.0699]],[[-7.0879,42.0699],[-7.088,42.0699],[-7.0879,42.0699],[-7.0879,42.0699]],[[-7.0982,42.0682],[-7.0982,42.068],[-7.098,42.0682],[-7.0982,42.0682]],[[-7.0984,42.0683],[-7.0985,42.0685],[-7.0988,42.0682],[-7.0984,42.0683]],[[-7.0992,42.0683],[-7.0991,42.0684],[-7.0992,42.0684],[-7.0992,42.0683]],[[-7.0972,42.0681],[-7.0968,42.0683],[-7.0974,42.0684],[-7.0972,42.0681]],[[-7.0948,42.0704],[-7.0946,42.0711],[-7.0948,42.0706],[-7.0951,42.0709],[-7.0955,42.0707],[-7.0948,42.0704]],[[-7.0953,42.0708],[-7.0953,42.0708],[-7.0953,42.0708],[-7.0953,42.0708]],[[-7.094,42.069],[-7.0937,42.0687],[-7.0938,42.069],[-7.094,42.069]],[[-7.093,42.065],[-7.0926,42.0652],[-7.093,42.0653],[-7.093,42.065]],[[-7.0874,42.0615],[-7.087,42.0613],[-7.0868,42.0616],[-7.0874,42.0615]],[[-7.0893,42.0612],[-7.0886,42.0612],[-7.0884,42.0614],[-7.0893,42.0612]],[[-7.0835,42.0768],[-7.084,42.0771],[-7.0841,42.0769],[-7.0835,42.0768]],[[-7.0839,42.0771],[-7.0839,42.0771],[-7.0839,42.0771],[-7.0839,42.0771]],[[-7.0846,42.0791],[-7.0836,42.0781],[-7.0832,42.0789],[-7.0846,42.0791]],[[-7.1271,42.0755],[-7.1269,42.0752],[-7.1268,42.0754],[-7.1271,42.0755]],[[-7.0947,42.0582],[-7.095,42.0574],[-7.0946,42.0577],[-7.0947,42.0582]],[[-7.1004,42.0549],[-7.1007,42.0552],[-7.1007,42.055],[-7.1004,42.0549]],[[-7.0822,42.0592],[-7.0826,42.0588],[-7.0822,42.0589],[-7.0822,42.0592]],[[-7.0785,42.0521],[-7.0762,42.0519],[-7.0785,42.0535],[-7.0785,42.0521]],[[-7.0818,42.0525],[-7.0824,42.0543],[-7.0827,42.0544],[-7.0825,42.0531],[-7.0818,42.0525]],[[-7.084,42.0529],[-7.0845,42.0545],[-7.0837,42.0574],[-7.0852,42.054],[-7.084,42.0529]],[[-7.0847,42.0569],[-7.0847,42.0569],[-7.0847,42.0569],[-7.0847,42.0569]],[[-7.0878,42.0533],[-7.0881,42.0547],[-7.0892,42.0538],[-7.0878,42.0533]],[[-7.0915,42.0555],[-7.0918,42.0549],[-7.0911,42.0552],[-7.0915,42.0555]],[[-7.0811,42.0496],[-7.0806,42.0496],[-7.081,42.05],[-7.0811,42.0496]],[[-7.0811,42.0499],[-7.0811,42.0499],[-7.0811,42.0499],[-7.0811,42.0499]],[[-7.0613,42.0472],[-7.0607,42.0469],[-7.0607,42.0471],[-7.0613,42.0472]],[[-7.0613,42.0472],[-7.0614,42.0471],[-7.0613,42.0471],[-7.0613,42.0472]],[[-7.0608,42.0467],[-7.0614,42.0466],[-7.0611,42.0465],[-7.0608,42.0467]],[[-7.0672,42.0877],[-7.0665,42.087],[-7.066,42.087],[-7.0672,42.0877]],[[-7.1009,42.091],[-7.104,42.0929],[-7.1043,42.093],[-7.1021,42.091],[-7.1009,42.091]],[[-7.1023,42.0962],[-7.1029,42.0958],[-7.1021,42.0957],[-7.1023,42.0962]],[[-7.1018,42.0975],[-7.0963,42.097],[-7.0953,42.0975],[-7.1018,42.0975]],[[-7.0998,42.1005],[-7.0982,42.1],[-7.0972,42.1003],[-7.0998,42.1005]],[[-7.0977,42.101],[-7.0966,42.1007],[-7.0966,42.101],[-7.0977,42.101]],[[-7.0972,42.101],[-7.0973,42.101],[-7.0972,42.101],[-7.0972,42.101]],[[-7.0967,42.1015],[-7.0932,42.1004],[-7.0919,42.1022],[-7.0967,42.1015]],[[-7.0939,42.1003],[-7.0939,42.1003],[-7.0939,42.1003],[-7.0939,42.1003]],[[-7.0986,42.1015],[-7.0966,42.1018],[-7.097,42.1026],[-7.0986,42.1015]],[[-7.0983,42.1012],[-7.0982,42.1012],[-7.0982,42.1012],[-7.0983,42.1012]],[[-7.1022,42.102],[-7.1028,42.1016],[-7.1033,42.1014],[-7.1026,42.1014],[-7.1022,42.102]],[[-7.0963,42.103],[-7.0967,42.1038],[-7.0969,42.1036],[-7.0963,42.103]],[[-7.1387,42.109],[-7.1381,42.1094],[-7.1383,42.1093],[-7.1387,42.109]],[[-7.1347,42.1102],[-7.1359,42.1089],[-7.1343,42.1098],[-7.1351,42.1134],[-7.1332,42.1138],[-7.1337,42.1155],[-7.1362,42.1132],[-7.1347,42.1102]],[[-7.1337,42.1156],[-7.1334,42.1163],[-7.1335,42.1165],[-7.1337,42.1156]],[[-7.1336,42.1159],[-7.1336,42.1159],[-7.1336,42.1159],[-7.1336,42.1159]],[[-7.1491,42.1087],[-7.1488,42.1091],[-7.1485,42.1092],[-7.1487,42.1096],[-7.1491,42.1087]],[[-7.1344,42.1086],[-7.1343,42.1087],[-7.1344,42.1086],[-7.1344,42.1086]],[[-7.1345,42.1184],[-7.1347,42.1202],[-7.1354,42.1206],[-7.1349,42.1201],[-7.1351,42.1189],[-7.1345,42.1184]],[[-7.1424,42.1207],[-7.1408,42.1201],[-7.1406,42.1202],[-7.1424,42.1207]],[[-7.1772,42.0444],[-7.1774,42.0429],[-7.1771,42.043],[-7.1772,42.0444]],[[-7.1775,42.0431],[-7.1775,42.043],[-7.1775,42.0431],[-7.1775,42.0431]],[[-7.174,42.0403],[-7.1747,42.0406],[-7.175,42.0399],[-7.174,42.0403]],[[-7.1654,42.0395],[-7.1651,42.0404],[-7.1659,42.04],[-7.1654,42.0395]],[[-7.1731,42.0385],[-7.1731,42.0384],[-7.1731,42.0385],[-7.1731,42.0385]],[[-7.1727,42.039],[-7.1727,42.0391],[-7.1727,42.039],[-7.1727,42.039]],[[-7.1663,42.0389],[-7.1657,42.0388],[-7.1657,42.0391],[-7.1663,42.0389]],[[-7.1713,42.0392],[-7.1715,42.0389],[-7.1714,42.0389],[-7.1713,42.0392]],[[-7.1715,42.0389],[-7.1715,42.0389],[-7.1715,42.0389],[-7.1715,42.0389]],[[-7.1715,42.0389],[-7.1716,42.0388],[-7.1715,42.0389],[-7.1715,42.0389]],[[-7.1715,42.039],[-7.1715,42.0389],[-7.1715,42.0389],[-7.1715,42.039]],[[-7.1719,42.0386],[-7.1719,42.0386],[-7.1719,42.0386],[-7.1719,42.0386]],[[-7.1653,42.036],[-7.1653,42.0361],[-7.1653,42.036],[-7.1653,42.036]],[[-7.1782,42.0399],[-7.1786,42.0391],[-7.1784,42.0391],[-7.1782,42.0399]],[[-7.1802,42.028],[-7.1799,42.0287],[-7.1803,42.0279],[-7.1802,42.028]],[[-7.1803,42.0279],[-7.1804,42.0279],[-7.1803,42.0279],[-7.1803,42.0279]],[[-7.1625,42.0278],[-7.1622,42.0279],[-7.1625,42.028],[-7.1625,42.0278]],[[-7.1665,42.0236],[-7.1667,42.0237],[-7.1667,42.0234],[-7.1665,42.0236]],[[-7.1593,42.0569],[-7.1591,42.0571],[-7.1593,42.0571],[-7.1593,42.0569]],[[-7.1563,42.0608],[-7.1566,42.0601],[-7.1562,42.0602],[-7.1563,42.0608]],[[-7.1567,42.0193],[-7.1573,42.0196],[-7.1572,42.0191],[-7.1567,42.0193]],[[-7.1453,42.024],[-7.1478,42.0251],[-7.1488,42.0256],[-7.1502,42.0256],[-7.1453,42.024]],[[-7.1592,42.0781],[-7.1592,42.078],[-7.1592,42.078],[-7.1592,42.0781]],[[-7.1602,42.0772],[-7.1602,42.0772],[-7.1602,42.0772],[-7.1602,42.0772]],[[-7.1604,42.0771],[-7.1604,42.0771],[-7.1604,42.0771],[-7.1604,42.0771]],[[-7.1605,42.077],[-7.1604,42.0771],[-7.1605,42.0771],[-7.1605,42.077]],[[-7.1606,42.0769],[-7.1605,42.077],[-7.1606,42.077],[-7.1606,42.0769]],[[-7.1607,42.0768],[-7.1607,42.0769],[-7.1607,42.0768],[-7.1607,42.0768]],[[-7.1608,42.0767],[-7.1607,42.0767],[-7.1607,42.0768],[-7.1608,42.0767]],[[-7.1392,42.0253],[-7.1381,42.0269],[-7.1389,42.0273],[-7.1392,42.0253]],[[-7.1412,42.0343],[-7.1422,42.0338],[-7.1409,42.0335],[-7.1412,42.0343]],[[-7.1425,42.0398],[-7.1423,42.0403],[-7.1426,42.04],[-7.1427,42.0403],[-7.1432,42.0401],[-7.1425,42.0398]],[[-7.1423,42.0395],[-7.142,42.0388],[-7.1417,42.0395],[-7.1423,42.0395]],[[-7.1429,42.0388],[-7.1431,42.0387],[-7.1431,42.0388],[-7.1435,42.0389],[-7.144,42.0385],[-7.1429,42.0388]],[[-7.1384,42.0485],[-7.1384,42.0485],[-7.1384,42.0485],[-7.1384,42.0485]],[[-7.1304,42.0536],[-7.1304,42.0536],[-7.1304,42.0536],[-7.1304,42.0536]],[[-7.13,42.0543],[-7.13,42.0544],[-7.13,42.0543],[-7.13,42.0543]],[[-7.1391,42.0495],[-7.1392,42.0495],[-7.1392,42.0495],[-7.1391,42.0495]],[[-7.1352,42.0545],[-7.1353,42.0545],[-7.1353,42.0545],[-7.1352,42.0545]],[[-7.1108,42.0554],[-7.1109,42.0553],[-7.1108,42.0553],[-7.1108,42.0554]],[[-7.1105,42.0552],[-7.1107,42.0553],[-7.1108,42.0553],[-7.1105,42.0552]],[[-7.1105,42.0547],[-7.1095,42.0541],[-7.1093,42.0548],[-7.1105,42.0547]],[[-7.1071,42.0513],[-7.1075,42.0512],[-7.1075,42.0512],[-7.1073,42.0511],[-7.1071,42.0512],[-7.1071,42.0513]],[[-7.1064,42.0498],[-7.1078,42.0501],[-7.1065,42.0491],[-7.1064,42.0498]],[[-7.1043,42.0472],[-7.1043,42.0472],[-7.1043,42.0472],[-7.1043,42.0472]],[[-7.1006,42.0428],[-7.1005,42.0427],[-7.1005,42.0428],[-7.1006,42.0428]],[[-7.1395,42.0498],[-7.1386,42.0498],[-7.1385,42.0501],[-7.1389,42.0499],[-7.1395,42.0498]],[[-7.139,42.0499],[-7.139,42.0499],[-7.139,42.0499],[-7.139,42.0499]],[[-7.1396,42.0533],[-7.1396,42.0533],[-7.1396,42.0533],[-7.1396,42.0533]],[[-7.1397,42.0533],[-7.1397,42.0533],[-7.1397,42.0533],[-7.1397,42.0533]],[[-7.1295,42.0556],[-7.1282,42.0563],[-7.1304,42.057],[-7.1295,42.0556]],[[-7.1257,42.0571],[-7.1243,42.0572],[-7.1237,42.0578],[-7.1242,42.0578],[-7.1243,42.0577],[-7.1248,42.0576],[-7.1257,42.0571]],[[-7.1261,42.057],[-7.126,42.057],[-7.1258,42.057],[-7.1261,42.057]],[[-7.1258,42.0571],[-7.1258,42.057],[-7.1258,42.0571],[-7.1258,42.0571]],[[-7.1116,42.0546],[-7.1125,42.0551],[-7.1126,42.0548],[-7.1116,42.0546]],[[-7.13,42.0544],[-7.13,42.0533],[-7.1294,42.0545],[-7.13,42.0544]],[[-7.1333,42.0534],[-7.1325,42.0538],[-7.1334,42.0537],[-7.1333,42.0534]],[[-7.1178,42.0516],[-7.1165,42.0517],[-7.1177,42.052],[-7.1178,42.0516]],[[-7.1077,42.0502],[-7.11,42.0509],[-7.1103,42.0492],[-7.1077,42.0502]],[[-7.132,42.0494],[-7.1325,42.0503],[-7.1328,42.05],[-7.132,42.0494]],[[-7.121,42.0488],[-7.1205,42.0489],[-7.1205,42.0491],[-7.121,42.0488]],[[-7.1099,42.0466],[-7.1102,42.0466],[-7.1102,42.0465],[-7.1099,42.0466]],[[-7.1087,42.0465],[-7.1085,42.0474],[-7.1098,42.0466],[-7.1087,42.0465]],[[-7.1167,42.0454],[-7.1155,42.0455],[-7.1155,42.0457],[-7.1167,42.0454]],[[-7.1079,42.042],[-7.1072,42.0422],[-7.1086,42.0423],[-7.1079,42.042]],[[-7.1533,42.0277],[-7.1532,42.0278],[-7.1533,42.0278],[-7.1533,42.0277]],[[-7.1522,42.0286],[-7.1523,42.0286],[-7.1522,42.0286],[-7.1522,42.0286]],[[-7.1524,42.0285],[-7.1524,42.0285],[-7.1524,42.0285],[-7.1524,42.0285]],[[-7.1251,42.0405],[-7.125,42.0405],[-7.1251,42.0405],[-7.1251,42.0405]],[[-7.125,42.0406],[-7.125,42.0405],[-7.125,42.0406],[-7.125,42.0406]],[[-7.1229,42.0409],[-7.1226,42.0415],[-7.1231,42.0412],[-7.1229,42.0409]],[[-7.1127,42.0409],[-7.1126,42.0409],[-7.1126,42.0409],[-7.1127,42.0409]],[[-7.0928,42.0381],[-7.0928,42.038],[-7.0928,42.038],[-7.0928,42.0381]],[[-7.0926,42.0378],[-7.0926,42.0378],[-7.0926,42.0378],[-7.0926,42.0378]],[[-7.0913,42.0352],[-7.0913,42.0352],[-7.0913,42.0352],[-7.0913,42.0352]],[[-7.0975,42.0439],[-7.097,42.0431],[-7.0965,42.0437],[-7.0975,42.0439]],[[-7.1225,42.1177],[-7.1256,42.1186],[-7.1258,42.1177],[-7.1225,42.1177]],[[-7.0143,42.0636],[-7.0152,42.0636],[-7.0142,42.0633],[-7.0143,42.0636]],[[-7.0156,42.0601],[-7.0152,42.0594],[-7.0151,42.0601],[-7.0156,42.0601]],[[-7.0605,42.0405],[-7.0603,42.0417],[-7.0606,42.0416],[-7.0605,42.0405]],[[-7.0605,42.0419],[-7.0587,42.0435],[-7.0604,42.044],[-7.0605,42.0419]],[[-7.0591,42.0375],[-7.0591,42.0375],[-7.0591,42.0375],[-7.0591,42.0375]],[[-7.0594,42.0369],[-7.0595,42.0364],[-7.0595,42.0363],[-7.0592,42.0363],[-7.0591,42.0367],[-7.0594,42.0369]],[[-7.06,42.0324],[-7.0601,42.0324],[-7.06,42.0324],[-7.06,42.0324]],[[-7.0615,42.019],[-7.0628,42.0165],[-7.0612,42.0192],[-7.0615,42.019]],[[-7.0632,42.016],[-7.0628,42.0161],[-7.0628,42.0164],[-7.0632,42.016]],[[-7.0626,42.0124],[-7.0649,42.0143],[-7.0637,42.0116],[-7.0585,42.0114],[-7.0626,42.0124]],[[-7.0618,42.0135],[-7.0607,42.0131],[-7.0609,42.0137],[-7.0618,42.0135]],[[-7.0613,42.0188],[-7.0603,42.0188],[-7.0608,42.0195],[-7.0613,42.0188]],[[-7.0546,42.0155],[-7.0534,42.0177],[-7.0557,42.0186],[-7.0558,42.0154],[-7.0546,42.0155]],[[-7.0531,42.014],[-7.0531,42.014],[-7.0531,42.014],[-7.0531,42.014]],[[-7.0583,42.0094],[-7.0582,42.0093],[-7.0582,42.0094],[-7.0583,42.0094]],[[-7.0637,42.0098],[-7.0644,42.0112],[-7.0643,42.0099],[-7.0637,42.0098]],[[-7.0941,42.0008],[-7.0941,42.0009],[-7.0941,42.0008],[-7.0941,42.0008]],[[-7.0923,42.0075],[-7.0913,42.0093],[-7.0903,42.0098],[-7.0923,42.0093],[-7.0923,42.0075]],[[-7.104,42.0222],[-7.1034,42.0225],[-7.1032,42.0229],[-7.104,42.0222]],[[-7.0649,42.0115],[-7.0716,42.0126],[-7.0717,42.0132],[-7.0712,42.0134],[-7.071,42.0151],[-7.0709,42.0153],[-7.0706,42.0153],[-7.0705,42.0155],[-7.0762,42.0185],[-7.0746,42.0201],[-7.0741,42.0201],[-7.0711,42.0219],[-7.0705,42.022],[-7.0693,42.0214],[-7.0699,42.0225],[-7.0742,42.0227],[-7.074,42.0209],[-7.0793,42.0176],[-7.0752,42.0163],[-7.0767,42.0131],[-7.0751,42.0163],[-7.0735,42.0156],[-7.0701,42.0072],[-7.0688,42.0113],[-7.0649,42.0115]],[[-7.0704,42.0218],[-7.0704,42.0218],[-7.0704,42.0218],[-7.0704,42.0218]],[[-7.0761,42.0198],[-7.0761,42.0198],[-7.0761,42.0198],[-7.0761,42.0198]],[[-7.0767,42.0131],[-7.0767,42.0131],[-7.0767,42.0131],[-7.0767,42.0131]],[[-7.0692,42.0076],[-7.0692,42.0076],[-7.0692,42.0076],[-7.0692,42.0076]],[[-7.0957,42.104],[-7.0957,42.104],[-7.0957,42.104],[-7.0957,42.104]],[[-7.0281,42.074],[-7.0274,42.0744],[-7.0276,42.0739],[-7.0282,42.0739],[-7.0283,42.0737],[-7.0262,42.0733],[-7.027,42.0746],[-7.0277,42.0747],[-7.0281,42.074]],[[-7.0279,42.073],[-7.028,42.0731],[-7.028,42.073],[-7.0279,42.073]],[[-7.0289,42.0751],[-7.0293,42.0753],[-7.0293,42.0751],[-7.0289,42.0751]],[[-7.0272,42.0724],[-7.0266,42.0722],[-7.0264,42.0722],[-7.0255,42.0714],[-7.0254,42.0709],[-7.0248,42.0714],[-7.0252,42.0713],[-7.0264,42.0727],[-7.0272,42.0724]],[[-7.0265,42.0722],[-7.0264,42.0722],[-7.0264,42.0722],[-7.0265,42.0722]],[[-7.0254,42.0718],[-7.0254,42.0718],[-7.0254,42.0718],[-7.0254,42.0718]],[[-7.0253,42.0718],[-7.0253,42.0718],[-7.0253,42.0718],[-7.0253,42.0718]],[[-7.029,42.0726],[-7.0281,42.0727],[-7.0291,42.0729],[-7.029,42.0726]],[[-7.0272,42.0719],[-7.0271,42.0717],[-7.0271,42.0719],[-7.0272,42.0719]],[[-7.0263,42.0711],[-7.026,42.0713],[-7.026,42.0714],[-7.0261,42.0714],[-7.0261,42.0716],[-7.0265,42.0715],[-7.0263,42.0711]],[[-7.0259,42.0713],[-7.026,42.0713],[-7.0259,42.0713],[-7.0259,42.0713]],[[-7.0413,42.0475],[-7.0413,42.0475],[-7.0413,42.0475],[-7.0413,42.0475]],[[-7.0414,42.0472],[-7.0414,42.0471],[-7.0414,42.0472],[-7.0414,42.0472]],[[-7.059,42.0313],[-7.0591,42.0313],[-7.0591,42.0313],[-7.059,42.0313]],[[-7.0897,42.0099],[-7.0889,42.0097],[-7.0887,42.0099],[-7.0887,42.01],[-7.0886,42.01],[-7.0886,42.0101],[-7.0891,42.0098],[-7.0897,42.0099]],[[-7.0889,42.0103],[-7.0882,42.0104],[-7.0881,42.0107],[-7.0889,42.0103]],[[-7.0933,42.0097],[-7.0933,42.009],[-7.0926,42.0093],[-7.0933,42.0097]],[[-7.099,42.0266],[-7.0991,42.0266],[-7.099,42.0266],[-7.099,42.0266]],[[-7.1384,42.0188],[-7.1385,42.0188],[-7.1384,42.0188],[-7.1384,42.0188]],[[-7.1451,42.0161],[-7.1451,42.0161],[-7.1451,42.0161],[-7.1451,42.0161]],[[-7.1451,42.016],[-7.1451,42.016],[-7.1451,42.016],[-7.1451,42.016]],[[-7.1447,42.0134],[-7.1447,42.0134],[-7.1447,42.0134],[-7.1447,42.0134]],[[-7.146,42.0391],[-7.1464,42.0391],[-7.1461,42.0388],[-7.146,42.0391]],[[-7.135,42.0458],[-7.1363,42.0458],[-7.135,42.0456],[-7.135,42.0458]],[[-7.0957,42.0408],[-7.0954,42.0411],[-7.0959,42.0409],[-7.0957,42.0408]],[[-7.0961,42.0534],[-7.0962,42.0536],[-7.0963,42.0536],[-7.0961,42.0534]],[[-7.0977,42.0539],[-7.0985,42.054],[-7.0977,42.0538],[-7.0977,42.0539]],[[-7.0686,42.0224],[-7.0692,42.0219],[-7.0683,42.0216],[-7.0686,42.0224]],[[-7.1445,42.0368],[-7.1443,42.0366],[-7.144,42.037],[-7.1445,42.0368]],[[-7.1444,42.0366],[-7.1444,42.0366],[-7.1444,42.0366],[-7.1444,42.0366]],[[-7.1424,42.0387],[-7.1424,42.0388],[-7.1424,42.0388],[-7.1424,42.0387]],[[-7.1428,42.0413],[-7.1425,42.0409],[-7.1422,42.0422],[-7.1428,42.0413]],[[-7.1428,42.0418],[-7.1432,42.0417],[-7.143,42.0414],[-7.1428,42.0418]],[[-7.144,42.0397],[-7.1438,42.0403],[-7.1455,42.0409],[-7.1457,42.0404],[-7.144,42.0397]],[[-7.1434,42.0401],[-7.1436,42.04],[-7.1436,42.04],[-7.1434,42.0401]],[[-7.1455,42.0388],[-7.1446,42.0391],[-7.1455,42.0392],[-7.1455,42.0388]],[[-7.1334,42.1165],[-7.1334,42.1165],[-7.1334,42.1165],[-7.1334,42.1165]],[[-7.1413,42.1028],[-7.1402,42.1034],[-7.141,42.1034],[-7.1413,42.1028]],[[-7.1555,42.083],[-7.1557,42.0824],[-7.1544,42.0829],[-7.1555,42.083]],[[-7.127,42.0797],[-7.1271,42.0796],[-7.127,42.0796],[-7.127,42.0797]],[[-7.1026,42.0769],[-7.1044,42.0765],[-7.104,42.0764],[-7.1026,42.0769]],[[-7.0774,42.0769],[-7.0777,42.0774],[-7.0776,42.077],[-7.0774,42.0769]],[[-7.0838,42.0805],[-7.0836,42.0807],[-7.084,42.0804],[-7.0838,42.0805]],[[-7.0838,42.0807],[-7.0838,42.0807],[-7.0838,42.0807],[-7.0838,42.0807]],[[-7.0819,42.0837],[-7.0819,42.0836],[-7.0819,42.0836],[-7.0819,42.0837]],[[-7.0359,42.0816],[-7.0348,42.0811],[-7.0345,42.0814],[-7.0359,42.0816]],[[-7.0481,42.078],[-7.0473,42.0786],[-7.0483,42.0787],[-7.0481,42.078]],[[-7.0287,42.0777],[-7.0287,42.0774],[-7.0279,42.0765],[-7.0274,42.0767],[-7.0287,42.0777]],[[-7.0315,42.0706],[-7.0317,42.0713],[-7.0325,42.0713],[-7.0315,42.0706]],[[-7.0332,42.0711],[-7.0337,42.0713],[-7.0337,42.0711],[-7.0332,42.0711]],[[-7.0338,42.0711],[-7.0338,42.0711],[-7.0338,42.0711],[-7.0338,42.0711]],[[-7.0308,42.0702],[-7.03,42.0707],[-7.0301,42.0709],[-7.0308,42.0702]],[[-7.0325,42.0693],[-7.0323,42.0694],[-7.0325,42.0694],[-7.0325,42.0693]],[[-7.032,42.0688],[-7.0311,42.0668],[-7.0306,42.0684],[-7.0289,42.068],[-7.0289,42.0682],[-7.0288,42.0688],[-7.0279,42.0699],[-7.0285,42.07],[-7.0272,42.0714],[-7.0292,42.0695],[-7.032,42.0688]],[[-7.0304,42.068],[-7.0303,42.068],[-7.0303,42.068],[-7.0304,42.068]],[[-7.0303,42.068],[-7.0303,42.0681],[-7.0303,42.068],[-7.0303,42.068]],[[-7.0288,42.0687],[-7.0284,42.0684],[-7.0275,42.0692],[-7.0288,42.0687]],[[-7.0277,42.0693],[-7.0276,42.0693],[-7.0277,42.0693],[-7.0277,42.0693]],[[-7.0279,42.0693],[-7.028,42.0692],[-7.0279,42.0692],[-7.0279,42.0693]],[[-7.0282,42.071],[-7.0282,42.071],[-7.0282,42.071],[-7.0282,42.071]],[[-7.0304,42.0696],[-7.0305,42.0696],[-7.0304,42.0696],[-7.0304,42.0696]],[[-7.0313,42.0693],[-7.0313,42.0693],[-7.0313,42.0693],[-7.0313,42.0693]],[[-7.032,42.0694],[-7.0318,42.0692],[-7.0318,42.0694],[-7.032,42.0694]],[[-7.0299,42.0675],[-7.0297,42.0675],[-7.0297,42.0675],[-7.0299,42.0675]],[[-7.0285,42.0666],[-7.0283,42.0668],[-7.0284,42.0675],[-7.0285,42.0666]],[[-7.0284,42.0675],[-7.0285,42.0675],[-7.0284,42.0675],[-7.0284,42.0675]],[[-7.0272,42.0714],[-7.0271,42.0715],[-7.0272,42.0715],[-7.0272,42.0714]],[[-7.0239,42.0695],[-7.0242,42.0693],[-7.0237,42.0692],[-7.0239,42.0695]],[[-7.0428,42.06],[-7.0431,42.0598],[-7.0426,42.0595],[-7.0428,42.06]],[[-7.04,42.0605],[-7.0402,42.0605],[-7.0402,42.0601],[-7.04,42.0605]],[[-7.0399,42.0606],[-7.04,42.0607],[-7.04,42.0606],[-7.0399,42.0606]],[[-7.0415,42.051],[-7.0409,42.0509],[-7.0408,42.0514],[-7.0415,42.051]],[[-7.0407,42.0514],[-7.04,42.0505],[-7.0399,42.0515],[-7.0407,42.0514]],[[-7.042,42.0494],[-7.0414,42.0481],[-7.0413,42.0505],[-7.042,42.0494]],[[-7.0487,42.0501],[-7.0453,42.0501],[-7.0462,42.0515],[-7.0487,42.0501]],[[-7.0476,42.0488],[-7.0477,42.0483],[-7.0474,42.0486],[-7.0467,42.0488],[-7.0463,42.049],[-7.0463,42.0491],[-7.0476,42.0488]],[[-7.0467,42.0492],[-7.0466,42.0492],[-7.0466,42.0492],[-7.0467,42.0492]],[[-7.045,42.0486],[-7.0441,42.0483],[-7.044,42.0486],[-7.045,42.0486]],[[-7.0516,42.048],[-7.0541,42.0482],[-7.0508,42.0476],[-7.0516,42.048]],[[-7.0806,42.0453],[-7.0804,42.0476],[-7.0811,42.0477],[-7.0806,42.0453]],[[-7.0676,42.0445],[-7.0674,42.0456],[-7.0681,42.0454],[-7.0676,42.0445]],[[-7.0688,42.0439],[-7.0685,42.0442],[-7.069,42.044],[-7.0688,42.0439]],[[-7.083,42.0433],[-7.0826,42.0442],[-7.0831,42.0446],[-7.083,42.0433]],[[-7.0824,42.0436],[-7.0824,42.0436],[-7.0824,42.0436],[-7.0824,42.0436]],[[-7.0823,42.0435],[-7.0824,42.0432],[-7.0818,42.044],[-7.0823,42.0438],[-7.0823,42.0435]],[[-7.0815,42.0432],[-7.0808,42.043],[-7.0818,42.0436],[-7.0815,42.0432]],[[-7.0616,42.0422],[-7.0627,42.0428],[-7.0627,42.0428],[-7.0616,42.0422]],[[-7.0895,42.0429],[-7.0884,42.0424],[-7.0886,42.043],[-7.0895,42.0429]],[[-7.0881,42.0424],[-7.0885,42.0422],[-7.0882,42.0421],[-7.0881,42.0424]],[[-7.0641,42.0405],[-7.0619,42.0403],[-7.0623,42.0417],[-7.0641,42.0405]],[[-7.0618,42.0403],[-7.0613,42.0406],[-7.0616,42.0407],[-7.0618,42.0403]],[[-7.0784,42.0327],[-7.0794,42.0402],[-7.083,42.0355],[-7.0784,42.0327]],[[-7.0808,42.0388],[-7.0808,42.0388],[-7.0808,42.0389],[-7.0808,42.0388]],[[-7.0805,42.0404],[-7.0811,42.0411],[-7.0812,42.0411],[-7.0808,42.0404],[-7.0805,42.0404]],[[-7.0777,42.0346],[-7.0776,42.0346],[-7.0776,42.0348],[-7.0777,42.0347],[-7.0777,42.0346]],[[-7.0616,42.0373],[-7.061,42.0372],[-7.0608,42.0376],[-7.0613,42.0378],[-7.0616,42.0373]],[[-7.0669,42.0352],[-7.0677,42.0361],[-7.0694,42.0358],[-7.0669,42.0352]],[[-7.0665,42.0362],[-7.0655,42.0351],[-7.0646,42.0361],[-7.0665,42.0362]],[[-7.0627,42.0338],[-7.0623,42.0331],[-7.0622,42.0337],[-7.0627,42.0338]],[[-7.0693,42.0308],[-7.0672,42.0329],[-7.0683,42.033],[-7.0693,42.0308]],[[-7.0652,42.0307],[-7.0655,42.0313],[-7.0658,42.0313],[-7.0652,42.0307]],[[-7.0658,42.0313],[-7.0659,42.0314],[-7.0659,42.0313],[-7.0658,42.0313]],[[-7.0815,42.0319],[-7.0823,42.0315],[-7.0815,42.0307],[-7.0815,42.0319]],[[-7.0805,42.03],[-7.0808,42.0295],[-7.0808,42.0279],[-7.0805,42.03]],[[-7.079,42.0285],[-7.079,42.0288],[-7.0792,42.0284],[-7.079,42.0285]],[[-7.0859,42.0268],[-7.0892,42.03],[-7.0868,42.0249],[-7.0859,42.0268]],[[-7.0878,42.03],[-7.0871,42.0326],[-7.091,42.0332],[-7.0894,42.0327],[-7.0878,42.03]],[[-7.0899,42.0323],[-7.0903,42.0318],[-7.0898,42.0317],[-7.0899,42.0323]],[[-7.0806,42.0271],[-7.0809,42.0264],[-7.0805,42.0263],[-7.0806,42.0271]],[[-7.0823,42.024],[-7.0813,42.0252],[-7.0815,42.0255],[-7.0823,42.024]],[[-7.102,42.0281],[-7.1039,42.0298],[-7.1044,42.0296],[-7.102,42.0281]],[[-7.1022,42.0278],[-7.1013,42.0274],[-7.1012,42.0275],[-7.1022,42.0278]],[[-7.0959,42.0292],[-7.095,42.03],[-7.0967,42.0293],[-7.0959,42.0292]],[[-7.0958,42.0318],[-7.0975,42.0315],[-7.0959,42.031],[-7.0958,42.0318]],[[-7.084,42.0333],[-7.0832,42.0334],[-7.0842,42.0335],[-7.084,42.0333]],[[-7.0829,42.0329],[-7.0821,42.0326],[-7.0829,42.0334],[-7.0829,42.0329]],[[-7.084,42.0291],[-7.0842,42.0298],[-7.0842,42.0291],[-7.0847,42.0287],[-7.084,42.0291]],[[-7.0845,42.0293],[-7.0844,42.0294],[-7.0845,42.0294],[-7.0845,42.0293]],[[-7.0839,42.0352],[-7.0838,42.0353],[-7.0839,42.0353],[-7.0839,42.0352]],[[-7.0821,42.039],[-7.0834,42.0399],[-7.0844,42.0389],[-7.0821,42.039]],[[-7.0891,42.0421],[-7.0886,42.0418],[-7.0885,42.042],[-7.0891,42.0421]],[[-7.0872,42.0442],[-7.0868,42.0433],[-7.0866,42.0435],[-7.0867,42.0441],[-7.0872,42.0442],[-7.0866,42.0444],[-7.0872,42.0442]],[[-7.0697,42.0456],[-7.0692,42.046],[-7.0696,42.046],[-7.0697,42.0456]],[[-7.0836,42.0458],[-7.0832,42.0453],[-7.083,42.046],[-7.0836,42.0458]],[[-7.0831,42.0461],[-7.0831,42.0461],[-7.0831,42.0461],[-7.0831,42.0461]],[[-7.0847,42.0464],[-7.0852,42.0457],[-7.0843,42.0459],[-7.0847,42.0464]],[[-7.081,42.0486],[-7.081,42.0486],[-7.081,42.0486],[-7.081,42.0486]],[[-7.0539,42.048],[-7.0541,42.0479],[-7.0539,42.0479],[-7.0539,42.048]],[[-7.0482,42.0471],[-7.0454,42.0467],[-7.0486,42.0474],[-7.0482,42.0471]],[[-7.0484,42.0513],[-7.0488,42.0521],[-7.0492,42.052],[-7.0484,42.0513]],[[-7.0423,42.0503],[-7.0432,42.0503],[-7.0432,42.0499],[-7.0423,42.0503]],[[-7.0165,42.055],[-7.0165,42.0549],[-7.0165,42.055],[-7.0165,42.055]],[[-7.1179,42.0588],[-7.1164,42.0583],[-7.118,42.059],[-7.1179,42.0588]],[[-7.116,42.0666],[-7.115,42.0672],[-7.1162,42.0667],[-7.116,42.0666]],[[-7.101,42.0671],[-7.101,42.0671],[-7.101,42.0671],[-7.101,42.0671]],[[-7.0403,42.0701],[-7.0402,42.0702],[-7.0403,42.0702],[-7.0403,42.0701]],[[-7.0399,42.0701],[-7.0401,42.0704],[-7.0402,42.0702],[-7.0399,42.0701]],[[-7.0403,42.0701],[-7.0408,42.0699],[-7.0404,42.0699],[-7.0403,42.0701]],[[-7.0408,42.0701],[-7.0408,42.0702],[-7.0408,42.0702],[-7.0408,42.0701]],[[-7.0316,42.0659],[-7.0326,42.0657],[-7.0315,42.0656],[-7.0316,42.0659]],[[-7.0769,42.0647],[-7.0754,42.0655],[-7.0767,42.0652],[-7.0769,42.0647]],[[-7.0437,42.066],[-7.0435,42.0662],[-7.0433,42.0666],[-7.0434,42.0667],[-7.0437,42.066]],[[-7.1483,42.0366],[-7.1482,42.0374],[-7.1492,42.0372],[-7.1483,42.0366]],[[-7.1427,42.0335],[-7.1425,42.034],[-7.1428,42.0339],[-7.1427,42.0335]],[[-7.1447,42.0283],[-7.1448,42.0286],[-7.145,42.0283],[-7.1447,42.0283]],[[-7.1445,42.0285],[-7.1443,42.0286],[-7.1445,42.0286],[-7.1445,42.0285]],[[-7.145,42.0283],[-7.1451,42.0282],[-7.145,42.0282],[-7.145,42.0283]],[[-7.1451,42.0282],[-7.1452,42.0281],[-7.1451,42.0281],[-7.1451,42.0282]],[[-7.1457,42.0278],[-7.1434,42.0239],[-7.1407,42.0278],[-7.1417,42.0303],[-7.1434,42.0282],[-7.1457,42.0278]],[[-7.1319,42.0254],[-7.1304,42.0262],[-7.1311,42.0263],[-7.1319,42.0254]],[[-7.1324,42.0253],[-7.1312,42.024],[-7.131,42.0246],[-7.1324,42.0253]],[[-7.1561,42.0226],[-7.1554,42.0229],[-7.1562,42.0231],[-7.1561,42.0226]],[[-7.1528,42.0221],[-7.1523,42.0225],[-7.1527,42.0226],[-7.1528,42.0221]],[[-7.1388,42.0224],[-7.1398,42.0219],[-7.1382,42.0219],[-7.1388,42.0224]],[[-7.1367,42.0223],[-7.138,42.022],[-7.1381,42.0218],[-7.1369,42.0218],[-7.1367,42.0223]],[[-7.1479,42.0212],[-7.1473,42.0201],[-7.1465,42.0199],[-7.1479,42.0212]],[[-7.1439,42.0204],[-7.1444,42.0195],[-7.1441,42.0195],[-7.1439,42.0204]],[[-7.1559,42.0196],[-7.1557,42.0198],[-7.156,42.0198],[-7.1559,42.0196]],[[-7.159,42.0148],[-7.1585,42.0157],[-7.1595,42.016],[-7.159,42.0148]],[[-7.1582,42.013],[-7.159,42.0132],[-7.159,42.0129],[-7.1582,42.013]],[[-7.1523,42.0124],[-7.1513,42.0122],[-7.1516,42.0129],[-7.1523,42.0124]],[[-7.0882,42.0229],[-7.087,42.0212],[-7.0871,42.0231],[-7.0882,42.0229]],[[-7.0879,42.0195],[-7.0888,42.0181],[-7.0871,42.0147],[-7.0879,42.0195]],[[-7.0794,42.0172],[-7.0824,42.0132],[-7.0792,42.0158],[-7.0794,42.0172]],[[-7.0876,42.0105],[-7.0861,42.0111],[-7.0877,42.0112],[-7.0876,42.0105]],[[-7.0836,42.0101],[-7.0864,42.0062],[-7.0843,42.0052],[-7.0836,42.0101]],[[-7.0851,42.0103],[-7.0848,42.0107],[-7.0853,42.0105],[-7.0851,42.0103]],[[-7.0849,42.0107],[-7.0846,42.0108],[-7.0849,42.0108],[-7.0849,42.0107]],[[-7.0851,42.0107],[-7.085,42.0108],[-7.0852,42.0108],[-7.0851,42.0107]],[[-7.0856,42.0108],[-7.0852,42.0107],[-7.0852,42.0108],[-7.0856,42.0108]],[[-7.0871,42.008],[-7.0875,42.0077],[-7.0868,42.0072],[-7.0871,42.008]],[[-7.0824,42.0096],[-7.0816,42.0097],[-7.0823,42.0099],[-7.0824,42.0096]],[[-7.0814,42.0099],[-7.0795,42.0087],[-7.0788,42.0103],[-7.0814,42.0099]],[[-7.0793,42.0092],[-7.0792,42.0092],[-7.0792,42.0092],[-7.0793,42.0092]],[[-7.0767,42.0058],[-7.0763,42.0052],[-7.0758,42.0059],[-7.0767,42.0058]],[[-7.0759,42.0052],[-7.0752,42.0049],[-7.0749,42.0057],[-7.0759,42.0052]],[[-7.0711,42.0044],[-7.0698,42.0024],[-7.0702,42.0054],[-7.0711,42.0044]],[[-7.0712,42.0046],[-7.0719,42.0042],[-7.0719,42.0041],[-7.0716,42.004],[-7.0712,42.0046]],[[-7.072,42.0026],[-7.073,42.005],[-7.0762,42.0032],[-7.072,42.0026]],[[-7.075,42.0041],[-7.075,42.0041],[-7.0749,42.0041],[-7.075,42.0041]],[[-7.0798,42.0053],[-7.0794,42.0048],[-7.0789,42.0052],[-7.0798,42.0053]],[[-7.067,42.0089],[-7.0677,42.0091],[-7.0674,42.0085],[-7.067,42.0089]],[[-7.0583,42.0131],[-7.0578,42.0115],[-7.0574,42.0134],[-7.0583,42.0131]],[[-7.0551,42.0887],[-7.0547,42.088],[-7.0547,42.0889],[-7.0551,42.0887]],[[-7.0814,42.1124],[-7.0815,42.1123],[-7.0814,42.1123],[-7.0814,42.1124]],[[-7.0303,42.0679],[-7.0302,42.068],[-7.0303,42.068],[-7.0303,42.0679]],[[-7.16,42.0807],[-7.16,42.0808],[-7.16,42.0807],[-7.16,42.0807]],[[-7.1384,42.033],[-7.1383,42.0334],[-7.1387,42.0334],[-7.1384,42.033]],[[-7.1584,42.0112],[-7.1589,42.0113],[-7.1587,42.0109],[-7.1584,42.0112]],[[-7.1277,42.1189],[-7.1283,42.1191],[-7.1283,42.119],[-7.1277,42.1189]],[[-7.0708,42.0153],[-7.0708,42.0153],[-7.0708,42.0153],[-7.0708,42.0153]],[[-7.0747,42.02],[-7.0746,42.02],[-7.0746,42.02],[-7.0747,42.02]],[[-7.0745,42.02],[-7.0745,42.0201],[-7.0746,42.0201],[-7.0745,42.02]],[[-7.06,42.0198],[-7.0598,42.0198],[-7.0598,42.0198],[-7.06,42.0198]],[[-7.0575,42.0197],[-7.0558,42.0187],[-7.0571,42.0202],[-7.0575,42.0197]],[[-7.0523,42.0138],[-7.0523,42.0137],[-7.0522,42.0137],[-7.0523,42.0138]],[[-7.0611,42.0195],[-7.061,42.0193],[-7.061,42.0195],[-7.0611,42.0195]],[[-7.0615,42.0185],[-7.0615,42.0185],[-7.0615,42.0185],[-7.0615,42.0185]],[[-7.0694,42.013],[-7.0694,42.013],[-7.0694,42.013],[-7.0694,42.013]],[[-7.0585,42.0187],[-7.0578,42.0187],[-7.0587,42.019],[-7.0585,42.0187]],[[-7.1521,42.0287],[-7.1522,42.0288],[-7.1522,42.0287],[-7.1521,42.0287]],[[-7.058,42.0382],[-7.058,42.0382],[-7.058,42.0382],[-7.058,42.0382]],[[-7.0553,42.0211],[-7.0545,42.0208],[-7.0536,42.021],[-7.0553,42.0211]],[[-7.0555,42.021],[-7.0554,42.0208],[-7.0553,42.021],[-7.0555,42.021]],[[-7.0552,42.0204],[-7.0555,42.02],[-7.0551,42.0201],[-7.0552,42.0204]],[[-7.0543,42.0207],[-7.0543,42.0207],[-7.0543,42.0207],[-7.0543,42.0207]],[[-7.0564,42.02],[-7.0565,42.0198],[-7.0564,42.0198],[-7.0564,42.02]],[[-7.0567,42.0201],[-7.0565,42.0201],[-7.0567,42.0201],[-7.0567,42.0201]],[[-7.0567,42.0202],[-7.0568,42.0202],[-7.0568,42.0202],[-7.0567,42.0202]],[[-7.0572,42.0205],[-7.0569,42.0209],[-7.0572,42.0207],[-7.0572,42.0205]],[[-7.0548,42.027],[-7.0553,42.0281],[-7.0557,42.0277],[-7.0548,42.027]],[[-7.0541,42.0279],[-7.0543,42.0278],[-7.0543,42.0277],[-7.0541,42.0277],[-7.0541,42.0279]],[[-7.0323,42.0251],[-7.0322,42.0252],[-7.0323,42.0252],[-7.0323,42.0251]],[[-7.0237,42.0278],[-7.0242,42.0275],[-7.0239,42.0275],[-7.0237,42.0278]],[[-7.0185,42.0255],[-7.0185,42.0255],[-7.0185,42.0255],[-7.0185,42.0255]],[[-7.0163,42.03],[-7.0163,42.03],[-7.0163,42.03],[-7.0163,42.03]],[[-7.0067,42.0326],[-7.007,42.0325],[-7.0066,42.0324],[-7.0067,42.0326]],[[-6.9998,42.034],[-7.0003,42.0339],[-7.0003,42.0339],[-6.9999,42.0338],[-6.9998,42.034]],[[-6.9997,42.034],[-6.9997,42.0339],[-6.9997,42.034],[-6.9997,42.034]],[[-6.9986,42.0332],[-6.9984,42.0335],[-6.9989,42.0335],[-6.9986,42.0332]],[[-6.9979,42.0302],[-6.9986,42.03],[-6.999,42.03],[-6.9993,42.0298],[-6.998,42.03],[-6.9979,42.0302]],[[-6.9994,42.0297],[-6.9995,42.0297],[-6.9994,42.0297],[-6.9994,42.0297]],[[-6.998,42.0313],[-6.998,42.0312],[-6.998,42.0311],[-6.998,42.0313]],[[-6.9993,42.0278],[-7.0013,42.029],[-7.0019,42.029],[-6.9993,42.0278]],[[-7.002,42.029],[-7.002,42.029],[-7.002,42.029],[-7.002,42.029]],[[-7.0019,42.0288],[-7.0019,42.0289],[-7.0019,42.0289],[-7.0019,42.0288]],[[-7.0018,42.0288],[-7.0018,42.0288],[-7.0018,42.0288],[-7.0018,42.0288]],[[-6.9902,42.0262],[-6.9911,42.0261],[-6.9904,42.0258],[-6.9902,42.0262]],[[-6.9833,42.0276],[-6.983,42.0277],[-6.9833,42.0277],[-6.9833,42.0276]],[[-6.9823,42.0271],[-6.9797,42.0241],[-6.9804,42.0268],[-6.9775,42.0266],[-6.9808,42.0272],[-6.9808,42.0298],[-6.9823,42.0271]],[[-6.9806,42.0247],[-6.9809,42.0246],[-6.9806,42.0246],[-6.9806,42.0247]],[[-6.9807,42.0275],[-6.9808,42.0275],[-6.9808,42.0275],[-6.9807,42.0275]],[[-6.9821,42.0208],[-6.9821,42.0209],[-6.9822,42.0209],[-6.9822,42.0208],[-6.9821,42.0208]],[[-6.9836,42.0226],[-6.9827,42.023],[-6.9823,42.0232],[-6.9824,42.0234],[-6.9831,42.0235],[-6.9829,42.0238],[-6.9831,42.0241],[-6.9836,42.0226]],[[-6.9927,42.0034],[-6.9928,42.0034],[-6.9927,42.0034],[-6.9927,42.0034]],[[-6.9957,42.0031],[-6.9973,42.0037],[-6.9967,42.0032],[-6.9957,42.0031]],[[-7.0189,42.016],[-7.019,42.016],[-7.0189,42.016],[-7.0189,42.016]],[[-7.038,42.0209],[-7.0381,42.0207],[-7.0379,42.0208],[-7.038,42.0209]],[[-7.0071,42.0306],[-7.0082,42.0287],[-7.0075,42.0287],[-7.0071,42.0306]],[[-7.0057,42.0289],[-7.0032,42.0292],[-7.0017,42.028],[-7.0043,42.0304],[-7.0057,42.0289]],[[-7.0038,42.0281],[-7.0039,42.0281],[-7.0038,42.0281],[-7.0038,42.0281]],[[-7.0043,42.0305],[-7.0041,42.0305],[-7.0043,42.0305],[-7.0043,42.0305]],[[-7.0043,42.0307],[-7.0041,42.0306],[-7.0041,42.0307],[-7.0043,42.0307]],[[-7.0593,42.0369],[-7.0593,42.0369],[-7.0593,42.0369],[-7.0593,42.0369]],[[-7.0833,42.0368],[-7.0832,42.0366],[-7.0827,42.0366],[-7.0833,42.0368]],[[-7.1445,42.0374],[-7.1441,42.0374],[-7.1443,42.038],[-7.1445,42.0374]],[[-7.1293,42.0418],[-7.1291,42.0415],[-7.1288,42.0418],[-7.129,42.0419],[-7.1293,42.0418]],[[-7.1426,42.0404],[-7.1432,42.0406],[-7.1433,42.0404],[-7.1426,42.0404]],[[-7.0856,42.0102],[-7.0855,42.0102],[-7.0855,42.0102],[-7.0856,42.0102]],[[-7.0588,42.0238],[-7.0585,42.0246],[-7.059,42.0244],[-7.0588,42.0238]],[[-7.0595,42.0226],[-7.0599,42.0225],[-7.0596,42.0224],[-7.0595,42.0226]],[[-7.0587,42.0208],[-7.0589,42.021],[-7.0589,42.0208],[-7.0587,42.0208]],[[-7.0055,42.0265],[-7.0061,42.0259],[-7.006,42.0255],[-7.0055,42.0265]],[[-7.006,42.0254],[-7.0059,42.0251],[-7.0058,42.0254],[-7.006,42.0254]],[[-7.0059,42.0248],[-7.0058,42.025],[-7.0059,42.025],[-7.0059,42.0248]],[[-6.9942,42.0218],[-6.9962,42.0219],[-6.9953,42.0215],[-6.996,42.0204],[-6.9947,42.0208],[-6.9942,42.0218]],[[-6.9961,42.0209],[-6.9962,42.0213],[-6.9961,42.0209],[-6.9961,42.0209]],[[-6.9962,42.0142],[-6.9961,42.0143],[-6.9962,42.0143],[-6.9962,42.0142]],[[-6.9971,42.0143],[-6.9967,42.0137],[-6.9963,42.0144],[-6.9971,42.0143]],[[-6.9919,42.0111],[-6.9934,42.0091],[-6.9927,42.0076],[-6.9919,42.0111]],[[-6.9929,42.008],[-6.9929,42.0079],[-6.9929,42.0079],[-6.9929,42.008]],[[-6.9928,42.0125],[-6.9931,42.0128],[-6.9931,42.0124],[-6.9928,42.0125]],[[-7.0095,42.0077],[-7.0102,42.0058],[-7.0088,42.0068],[-7.0095,42.0077]],[[-7.0044,42.0046],[-7.0037,42.0043],[-7.0042,42.0047],[-7.0035,42.0053],[-7.0044,42.0046]],[[-7.0045,42.0036],[-7.0045,42.0038],[-7.0046,42.0036],[-7.0045,42.0036]],[[-7.0047,42.0033],[-7.0048,42.0033],[-7.0047,42.0033],[-7.0047,42.0033]],[[-7.001,42.002],[-7.0009,42.0024],[-7.0011,42.0024],[-7.001,42.002]],[[-6.9998,42.002],[-7.0002,42.0021],[-7.0002,42.0018],[-6.9998,42.002]],[[-7.0088,42.0084],[-7.0074,42.0092],[-7.0074,42.0094],[-7.0088,42.0084]],[[-7.0193,42.014],[-7.0195,42.0135],[-7.0191,42.014],[-7.0193,42.014]],[[-7.0061,42.0193],[-7.0061,42.0193],[-7.0061,42.0193],[-7.0061,42.0193]],[[-7.0078,42.0199],[-7.0075,42.0201],[-7.008,42.0199],[-7.0078,42.0199]],[[-7.0092,42.0202],[-7.0072,42.0215],[-7.0096,42.0211],[-7.0092,42.0202]],[[-7.0096,42.0223],[-7.0099,42.0217],[-7.0098,42.0212],[-7.0092,42.0212],[-7.0096,42.0223]],[[-7.0099,42.0216],[-7.0099,42.0216],[-7.0099,42.0216],[-7.0099,42.0216]],[[-7.0088,42.0199],[-7.0088,42.0199],[-7.0088,42.0199],[-7.0088,42.0199]],[[-7.0071,42.0238],[-7.007,42.0239],[-7.0071,42.0238],[-7.0071,42.0238]],[[-7.0071,42.024],[-7.0068,42.0246],[-7.0071,42.0239],[-7.0071,42.024]],[[-7.0065,42.0245],[-7.0066,42.0244],[-7.0065,42.0243],[-7.0065,42.0245]],[[-7.0154,42.0294],[-7.0153,42.0288],[-7.0148,42.0293],[-7.0154,42.0294]],[[-7.0243,42.0279],[-7.0243,42.0279],[-7.0243,42.0279],[-7.0243,42.0279]],[[-7.0266,42.0251],[-7.0272,42.0242],[-7.0261,42.025],[-7.0266,42.0251]],[[-7.0254,42.0248],[-7.0254,42.0248],[-7.0254,42.0248],[-7.0254,42.0248]],[[-7.0302,42.0234],[-7.0302,42.0235],[-7.0302,42.0234],[-7.0302,42.0234]],[[-7.0297,42.023],[-7.0297,42.0233],[-7.0299,42.023],[-7.0297,42.023]],[[-7.0522,42.0209],[-7.0523,42.021],[-7.0523,42.0209],[-7.0522,42.0209]],[[-7.0522,42.0209],[-7.0521,42.0209],[-7.0521,42.0209],[-7.0522,42.0209]],[[-7.0517,42.0207],[-7.0516,42.0206],[-7.0516,42.0207],[-7.0517,42.0207]],[[-7.0516,42.0207],[-7.0515,42.0207],[-7.0516,42.0207],[-7.0516,42.0207]],[[-7.0516,42.0208],[-7.0516,42.0208],[-7.0516,42.0207],[-7.0516,42.0208]],[[-7.0517,42.0211],[-7.0517,42.021],[-7.0517,42.021],[-7.0517,42.0211]],[[-7.0567,42.0235],[-7.0569,42.024],[-7.0575,42.0242],[-7.0567,42.0235]],[[-7.0495,42.0247],[-7.0497,42.0246],[-7.0497,42.0244],[-7.0495,42.0247]],[[-7.045,42.0248],[-7.0451,42.0239],[-7.0439,42.0255],[-7.0453,42.0256],[-7.045,42.0248]],[[-7.0451,42.025],[-7.0451,42.025],[-7.0451,42.025],[-7.0451,42.025]],[[-7.045,42.0273],[-7.0444,42.0271],[-7.0442,42.0274],[-7.045,42.0273]],[[-7.0442,42.0272],[-7.0443,42.0272],[-7.0443,42.0272],[-7.0442,42.0272],[-7.0442,42.0272]],[[-7.0443,42.0271],[-7.0443,42.0271],[-7.0443,42.0271],[-7.0443,42.0271]],[[-7.045,42.0266],[-7.045,42.0266],[-7.045,42.0266],[-7.045,42.0266]],[[-7.0397,42.0265],[-7.0401,42.0261],[-7.0397,42.0261],[-7.0397,42.0265]],[[-7.036,42.0237],[-7.0366,42.0238],[-7.0366,42.0232],[-7.036,42.0237]],[[-7.0403,42.0287],[-7.0406,42.0283],[-7.0402,42.0281],[-7.0403,42.0287]],[[-7.0409,42.0289],[-7.0411,42.0296],[-7.0415,42.0294],[-7.0409,42.0289]],[[-7.0538,42.0133],[-7.0535,42.0135],[-7.0537,42.0135],[-7.0538,42.0133]],[[-7.0543,42.0149],[-7.0543,42.0149],[-7.0543,42.0148],[-7.0543,42.0149]],[[-6.9872,42.0072],[-6.9866,42.0071],[-6.9866,42.0072],[-6.9872,42.0072]],[[-6.989,42.0068],[-6.9898,42.0061],[-6.9892,42.0059],[-6.989,42.0068]],[[-6.9846,42.0254],[-6.9842,42.0268],[-6.9847,42.0267],[-6.9846,42.0254]],[[-6.9932,42.024],[-6.9938,42.0238],[-6.9932,42.0239],[-6.9932,42.024]],[[-6.9929,42.024],[-6.9922,42.0242],[-6.9922,42.0243],[-6.9932,42.0241],[-6.9932,42.024],[-6.9929,42.024]],[[-6.9765,42.0267],[-6.9764,42.0266],[-6.9764,42.0267],[-6.9765,42.0267]],[[-7.0069,42.0106],[-7.0071,42.0099],[-7.0068,42.0096],[-7.0069,42.0106]],[[-6.9915,42.0275],[-6.9921,42.0282],[-6.9921,42.0279],[-6.9915,42.0275]],[[-6.9905,42.0283],[-6.9908,42.0274],[-6.9907,42.0274],[-6.9905,42.0283]],[[-6.9903,42.0279],[-6.9904,42.028],[-6.9904,42.0279],[-6.9903,42.0279]],[[-6.9905,42.0285],[-6.9906,42.0284],[-6.9905,42.0284],[-6.9905,42.0285]],[[-6.9853,42.0291],[-6.9857,42.0284],[-6.9846,42.0288],[-6.9853,42.0291]],[[-7.0287,42.0372],[-7.0285,42.0366],[-7.0284,42.0372],[-7.0287,42.0372]],[[-7.029,42.037],[-7.029,42.037],[-7.029,42.037],[-7.029,42.037]],[[-6.9917,42.0306],[-6.9916,42.0306],[-6.9916,42.0307],[-6.9917,42.0306]],[[-7.0512,42.028],[-7.0511,42.028],[-7.0512,42.028],[-7.0512,42.028]],[[-7.0519,42.0208],[-7.0519,42.0207],[-7.0519,42.0207],[-7.0519,42.0208]],[[-7.0106,42.0231],[-7.0102,42.0237],[-7.0115,42.0232],[-7.0106,42.0231]],[[-6.9979,42.031],[-6.9979,42.031],[-6.9979,42.0309],[-6.9979,42.031]],[[-6.992,42.0302],[-6.992,42.0302],[-6.992,42.0302],[-6.992,42.0302]],[[-6.9919,42.0303],[-6.992,42.0303],[-6.9919,42.0303],[-6.9919,42.0303]],[[-7.028,42.069],[-7.028,42.0691],[-7.028,42.069],[-7.028,42.069]],[[-7.0364,42.0339],[-7.0364,42.0339],[-7.0364,42.0339],[-7.0364,42.0339]],[[-7.0366,42.0338],[-7.0363,42.0339],[-7.0362,42.034],[-7.0366,42.0338]],[[-7.0363,42.034],[-7.0362,42.034],[-7.0362,42.034],[-7.0363,42.034]],[[-7.0381,42.0319],[-7.0381,42.0319],[-7.0381,42.0319],[-7.0381,42.0319]],[[-7.0386,42.0313],[-7.0386,42.0313],[-7.0386,42.0313],[-7.0386,42.0313]],[[-7.0252,42.0373],[-7.0253,42.0373],[-7.0253,42.0372],[-7.0252,42.0373]],[[-7.0377,42.0339],[-7.0382,42.0335],[-7.0376,42.0331],[-7.0377,42.0339]],[[-7.0389,42.0327],[-7.0389,42.0328],[-7.0389,42.0328],[-7.0389,42.0327]],[[-7.039,42.0329],[-7.0389,42.0329],[-7.039,42.0329],[-7.039,42.0329]],[[-7.039,42.0328],[-7.0391,42.0327],[-7.039,42.0327],[-7.039,42.0328]]],[[[-7.0324,42.0845],[-7.0297,42.0887],[-7.0228,42.0842],[-7.0325,42.0833],[-7.0328,42.0843],[-7.0324,42.0845]],[[-7.0327,42.0842],[-7.0326,42.0842],[-7.0327,42.0842],[-7.0327,42.0842]]],[[[-6.6917,42.1966],[-6.6927,42.1912],[-6.694,42.1896],[-6.6942,42.1944],[-6.6917,42.1966]],[[-6.693,42.1942],[-6.6926,42.1938],[-6.6928,42.1942],[-6.693,42.1942]],[[-6.693,42.1929],[-6.6928,42.193],[-6.6927,42.1932],[-6.693,42.1929]]],[[[-6.8703,42.1462],[-6.8803,42.1541],[-6.8815,42.1516],[-6.8812,42.1539],[-6.8928,42.1591],[-6.8992,42.158],[-6.9013,42.1593],[-6.8962,42.1663],[-6.8889,42.1668],[-6.89,42.1652],[-6.889,42.1647],[-6.8901,42.1635],[-6.8892,42.1624],[-6.8854,42.1631],[-6.885,42.1673],[-6.8774,42.1687],[-6.8772,42.1722],[-6.8721,42.1794],[-6.873,42.1882],[-6.8696,42.1921],[-6.864,42.1925],[-6.8673,42.1949],[-6.8633,42.2044],[-6.8655,42.2058],[-6.8611,42.207],[-6.8585,42.2112],[-6.8603,42.2097],[-6.8605,42.2113],[-6.8578,42.2144],[-6.8511,42.2153],[-6.8561,42.2173],[-6.8477,42.2245],[-6.8512,42.2334],[-6.8568,42.2338],[-6.8558,42.2422],[-6.8848,42.2506],[-6.8829,42.2522],[-6.8793,42.2525],[-6.8652,42.2491],[-6.8609,42.2517],[-6.851,42.2532],[-6.8489,42.2523],[-6.8504,42.2542],[-6.856,42.2541],[-6.853,42.2554],[-6.8561,42.2584],[-6.8554,42.2603],[-6.854,42.2613],[-6.8573,42.2604],[-6.859,42.2689],[-6.8433,42.2704],[-6.8414,42.2749],[-6.8353,42.2763],[-6.8447,42.2867],[-6.8397,42.2939],[-6.8378,42.3247],[-6.8314,42.3328],[-6.8334,42.3345],[-6.829,42.3349],[-6.8256,42.3333],[-6.8288,42.3302],[-6.8248,42.3276],[-6.8241,42.3261],[-6.8307,42.3228],[-6.8173,42.3236],[-6.8173,42.3185],[-6.823,42.314],[-6.8152,42.3178],[-6.8129,42.3245],[-6.8104,42.3182],[-6.8153,42.3178],[-6.8122,42.3148],[-6.8142,42.312],[-6.8217,42.3102],[-6.8188,42.3081],[-6.8188,42.3053],[-6.8227,42.3063],[-6.8226,42.3042],[-6.8249,42.3027],[-6.8206,42.3028],[-6.8182,42.3],[-6.8235,42.2942],[-6.8206,42.2935],[-6.8181,42.2992],[-6.8176,42.2994],[-6.8161,42.2993],[-6.8163,42.2995],[-6.8151,42.2998],[-6.8191,42.3017],[-6.8157,42.3041],[-6.8134,42.3036],[-6.8155,42.3046],[-6.8129,42.3072],[-6.806,42.3044],[-6.804,42.3029],[-6.8036,42.3019],[-6.8112,42.2992],[-6.8027,42.3011],[-6.7998,42.2982],[-6.8054,42.2962],[-6.8092,42.2934],[-6.8063,42.2942],[-6.805,42.2927],[-6.8055,42.2946],[-6.8054,42.295],[-6.8045,42.2956],[-6.8048,42.2956],[-6.7996,42.298],[-6.7967,42.2961],[-6.7966,42.2959],[-6.7974,42.2955],[-6.7979,42.2956],[-6.7984,42.2941],[-6.7958,42.2948],[-6.7946,42.2893],[-6.8003,42.2879],[-6.802,42.2857],[-6.7975,42.2882],[-6.7955,42.2885],[-6.7973,42.2848],[-6.7943,42.2835],[-6.795,42.2814],[-6.7926,42.2799],[-6.7919,42.2761],[-6.7914,42.2795],[-6.78,42.2787],[-6.7825,42.2735],[-6.7783,42.2682],[-6.7766,42.2696],[-6.7749,42.2696],[-6.7786,42.2709],[-6.7801,42.2771],[-6.7717,42.2775],[-6.7693,42.2781],[-6.7722,42.2779],[-6.7757,42.2844],[-6.7745,42.285],[-6.7632,42.2809],[-6.756,42.2831],[-6.7493,42.2773],[-6.745,42.279],[-6.7436,42.2764],[-6.7497,42.2734],[-6.7469,42.2712],[-6.7502,42.2712],[-6.7424,42.2666],[-6.739,42.2686],[-6.7391,42.264],[-6.7308,42.2649],[-6.7371,42.2562],[-6.7228,42.2616],[-6.7143,42.2592],[-6.7022,42.2666],[-6.6952,42.2681],[-6.6923,42.2669],[-6.699,42.2736],[-6.6923,42.2735],[-6.6832,42.2659],[-6.6841,42.2656],[-6.6854,42.2661],[-6.6899,42.2666],[-6.6909,42.2664],[-6.6848,42.2643],[-6.6805,42.2654],[-6.679,42.2618],[-6.6767,42.2638],[-6.6795,42.2547],[-6.6942,42.2465],[-6.6954,42.2462],[-6.6976,42.2465],[-6.6998,42.2461],[-6.7007,42.2463],[-6.699,42.2473],[-6.6975,42.2473],[-6.6982,42.2476],[-6.7047,42.2465],[-6.7042,42.2453],[-6.7051,42.2442],[-6.7082,42.2428],[-6.7085,42.2399],[-6.7034,42.2422],[-6.7057,42.2426],[-6.705,42.2439],[-6.7009,42.2448],[-6.6986,42.2432],[-6.6945,42.2445],[-6.6987,42.2452],[-6.6979,42.2458],[-6.692,42.2461],[-6.6838,42.252],[-6.6756,42.255],[-6.6703,42.2545],[-6.6701,42.2509],[-6.6714,42.2494],[-6.6723,42.2491],[-6.673,42.2494],[-6.6735,42.2488],[-6.6715,42.2485],[-6.6715,42.2468],[-6.6752,42.2465],[-6.6799,42.2421],[-6.6875,42.2388],[-6.69,42.2326],[-6.6896,42.2354],[-6.6919,42.2351],[-6.6911,42.2335],[-6.6926,42.234],[-6.692,42.2325],[-6.6938,42.2321],[-6.6933,42.2289],[-6.6891,42.2308],[-6.6872,42.2359],[-6.6816,42.2384],[-6.6819,42.24],[-6.6737,42.2459],[-6.6723,42.2455],[-6.6707,42.2431],[-6.6735,42.2411],[-6.6729,42.2405],[-6.6699,42.2433],[-6.668,42.2414],[-6.6697,42.241],[-6.6691,42.2402],[-6.672,42.2374],[-6.6732,42.2372],[-6.6709,42.2357],[-6.6717,42.2331],[-6.6745,42.2325],[-6.6726,42.2317],[-6.6752,42.2304],[-6.6726,42.2313],[-6.6713,42.2332],[-6.6696,42.233],[-6.6693,42.2341],[-6.6685,42.2344],[-6.6694,42.2356],[-6.6689,42.2362],[-6.668,42.2353],[-6.668,42.2342],[-6.6683,42.2342],[-6.6676,42.2339],[-6.6671,42.2333],[-6.6661,42.2345],[-6.6633,42.2341],[-6.667,42.2352],[-6.668,42.2365],[-6.6671,42.2382],[-6.6656,42.2392],[-6.6592,42.2397],[-6.662,42.2422],[-6.6517,42.2461],[-6.6464,42.252],[-6.6432,42.2527],[-6.6385,42.251],[-6.638,42.2547],[-6.6329,42.2567],[-6.6303,42.2537],[-6.6297,42.2514],[-6.6312,42.2495],[-6.6298,42.2483],[-6.6348,42.2458],[-6.6314,42.2421],[-6.6364,42.2429],[-6.6381,42.2429],[-6.6381,42.2425],[-6.6316,42.2417],[-6.6292,42.244],[-6.6251,42.2436],[-6.6243,42.2452],[-6.619,42.2394],[-6.6231,42.2392],[-6.6208,42.2344],[-6.6255,42.2343],[-6.6321,42.2213],[-6.6281,42.2205],[-6.6272,42.2171],[-6.6285,42.2158],[-6.6318,42.2192],[-6.6319,42.2183],[-6.6338,42.219],[-6.6331,42.2178],[-6.6351,42.218],[-6.6379,42.2192],[-6.6383,42.2212],[-6.6353,42.2236],[-6.6366,42.2242],[-6.6328,42.2249],[-6.6394,42.229],[-6.6414,42.2271],[-6.6392,42.2236],[-6.6449,42.2264],[-6.6428,42.2238],[-6.6442,42.2207],[-6.6421,42.2188],[-6.6456,42.2196],[-6.6481,42.2226],[-6.6478,42.218],[-6.6531,42.2142],[-6.671,42.2125],[-6.668,42.2123],[-6.677,42.2088],[-6.682,42.2028],[-6.6873,42.2041],[-6.6878,42.2054],[-6.6892,42.2057],[-6.69,42.2067],[-6.6935,42.2004],[-6.6955,42.201],[-6.6988,42.204],[-6.696,42.2073],[-6.6987,42.2104],[-6.7039,42.2094],[-6.716,42.2145],[-6.7103,42.1983],[-6.7041,42.1944],[-6.7061,42.19],[-6.7042,42.1917],[-6.7006,42.1854],[-6.6936,42.1816],[-6.6882,42.1809],[-6.6812,42.1784],[-6.6811,42.1773],[-6.6801,42.1775],[-6.6784,42.1771],[-6.6734,42.1735],[-6.6691,42.1728],[-6.6665,42.1711],[-6.6653,42.1699],[-6.6688,42.1693],[-6.6721,42.1703],[-6.6739,42.1723],[-6.6782,42.1717],[-6.6798,42.1727],[-6.6805,42.1725],[-6.6793,42.1712],[-6.6803,42.1709],[-6.6811,42.1712],[-6.6808,42.1716],[-6.6818,42.1715],[-6.6797,42.1702],[-6.6822,42.168],[-6.6786,42.1687],[-6.6759,42.1686],[-6.6753,42.168],[-6.6837,42.1651],[-6.6787,42.165],[-6.6738,42.1684],[-6.6732,42.1678],[-6.6797,42.1627],[-6.6803,42.1627],[-6.6807,42.1632],[-6.6818,42.1633],[-6.6777,42.1598],[-6.6752,42.1649],[-6.6745,42.1629],[-6.6748,42.1624],[-6.6757,42.1625],[-6.6762,42.1616],[-6.6745,42.1617],[-6.6734,42.1638],[-6.6723,42.1639],[-6.6744,42.1644],[-6.6742,42.1658],[-6.6721,42.1679],[-6.6667,42.1676],[-6.6684,42.1643],[-6.6734,42.1607],[-6.6759,42.1605],[-6.6745,42.1596],[-6.6763,42.1568],[-6.6725,42.1524],[-6.6761,42.1511],[-6.6821,42.1574],[-6.6856,42.1536],[-6.6892,42.1577],[-6.6922,42.148],[-6.6985,42.1552],[-6.7028,42.1544],[-6.704,42.1564],[-6.7103,42.1538],[-6.7115,42.1537],[-6.7121,42.1552],[-6.7153,42.1544],[-6.7143,42.1509],[-6.7204,42.1515],[-6.7201,42.1488],[-6.7297,42.1501],[-6.7245,42.1503],[-6.7211,42.1543],[-6.7261,42.1555],[-6.7288,42.1587],[-6.7321,42.158],[-6.7281,42.1546],[-6.7307,42.1527],[-6.7431,42.156],[-6.7463,42.1537],[-6.7461,42.1502],[-6.7476,42.149],[-6.7443,42.1503],[-6.7414,42.1466],[-6.7456,42.1432],[-6.745,42.1376],[-6.741,42.1364],[-6.7443,42.1352],[-6.7415,42.1312],[-6.7428,42.1282],[-6.7461,42.129],[-6.7422,42.1275],[-6.7444,42.1262],[-6.7458,42.1263],[-6.747,42.1276],[-6.7479,42.1298],[-6.7476,42.1304],[-6.7493,42.131],[-6.7496,42.1327],[-6.7509,42.1332],[-6.7522,42.1361],[-6.7529,42.1295],[-6.7484,42.1265],[-6.749,42.125],[-6.7532,42.1237],[-6.7649,42.1233],[-6.7699,42.1246],[-6.7704,42.1238],[-6.7776,42.1285],[-6.7782,42.1259],[-6.7858,42.1289],[-6.7951,42.1279],[-6.7984,42.1293],[-6.7943,42.1288],[-6.7939,42.1304],[-6.8008,42.1345],[-6.8009,42.1311],[-6.8081,42.1333],[-6.8045,42.1301],[-6.8106,42.1298],[-6.8119,42.1269],[-6.8266,42.1408],[-6.838,42.1411],[-6.8465,42.15],[-6.8615,42.1504],[-6.8666,42.1457],[-6.8703,42.1462]],[[-6.8169,42.2993],[-6.8169,42.2993],[-6.8169,42.2993],[-6.8169,42.2993]],[[-6.8171,42.3024],[-6.818,42.3021],[-6.8174,42.3021],[-6.8171,42.3024]],[[-6.7996,42.297],[-6.7996,42.297],[-6.7995,42.297],[-6.7996,42.297]],[[-6.705,42.243],[-6.7046,42.2432],[-6.7047,42.2432],[-6.705,42.243]],[[-6.6589,42.2399],[-6.6585,42.2397],[-6.6583,42.2399],[-6.6592,42.24],[-6.6589,42.2399]],[[-6.6292,42.2428],[-6.6291,42.2427],[-6.6291,42.2428],[-6.6292,42.2428]],[[-6.7152,42.2144],[-6.7151,42.2145],[-6.7152,42.2145],[-6.7152,42.2144]],[[-6.6752,42.1596],[-6.6767,42.1597],[-6.6771,42.1596],[-6.6752,42.1596]],[[-6.7309,42.1585],[-6.731,42.1585],[-6.731,42.1585],[-6.7309,42.1585]],[[-6.8988,42.1616],[-6.8994,42.1604],[-6.8983,42.1615],[-6.8988,42.1616]],[[-6.8991,42.1612],[-6.8991,42.1612],[-6.8991,42.1612],[-6.8991,42.1612]],[[-6.8991,42.1612],[-6.8991,42.1612],[-6.8991,42.1612],[-6.8991,42.1612]],[[-6.8991,42.1613],[-6.8991,42.1612],[-6.8991,42.1613],[-6.8991,42.1613]],[[-6.8896,42.1608],[-6.8893,42.1618],[-6.8898,42.1611],[-6.8896,42.1608]],[[-6.8827,42.1605],[-6.8827,42.1612],[-6.883,42.1604],[-6.8827,42.1605]],[[-6.8982,42.16],[-6.8979,42.1605],[-6.8984,42.1601],[-6.8982,42.16]],[[-6.8988,42.1617],[-6.8988,42.1617],[-6.8988,42.1617],[-6.8988,42.1617]],[[-6.8736,42.1723],[-6.8731,42.1726],[-6.8739,42.1723],[-6.8736,42.1723]],[[-6.8734,42.1723],[-6.8734,42.1723],[-6.8734,42.1723],[-6.8734,42.1723]],[[-6.8654,42.1752],[-6.8665,42.1752],[-6.8675,42.1748],[-6.8654,42.1752]],[[-6.8719,42.1731],[-6.8722,42.1728],[-6.8719,42.1729],[-6.8719,42.1731]],[[-6.8099,42.2781],[-6.8085,42.2769],[-6.8099,42.2764],[-6.8125,42.2761],[-6.8123,42.2735],[-6.8077,42.2775],[-6.8048,42.2781],[-6.8014,42.2782],[-6.8022,42.2762],[-6.8038,42.2752],[-6.8014,42.2757],[-6.7956,42.282],[-6.8099,42.2781]],[[-6.809,42.2768],[-6.8091,42.2769],[-6.8092,42.2768],[-6.809,42.2768]],[[-6.807,42.2767],[-6.8067,42.2762],[-6.8056,42.2768],[-6.8055,42.2772],[-6.8066,42.2765],[-6.8065,42.2767],[-6.807,42.2767]],[[-6.8018,42.2756],[-6.8006,42.2753],[-6.798,42.2752],[-6.7983,42.2754],[-6.798,42.276],[-6.7971,42.2762],[-6.796,42.2754],[-6.7941,42.2764],[-6.7936,42.2753],[-6.7921,42.2751],[-6.7934,42.274],[-6.7948,42.2742],[-6.7969,42.2686],[-6.8019,42.2654],[-6.8006,42.2628],[-6.7948,42.2699],[-6.7891,42.2714],[-6.7914,42.2718],[-6.7923,42.2734],[-6.7917,42.2754],[-6.7943,42.2767],[-6.7928,42.2777],[-6.8018,42.2756]],[[-6.7934,42.2747],[-6.7934,42.2747],[-6.7934,42.2747],[-6.7934,42.2747]],[[-6.7714,42.2596],[-6.7721,42.26],[-6.7721,42.2595],[-6.7714,42.2596]],[[-6.7763,42.2641],[-6.7757,42.2687],[-6.7774,42.2686],[-6.7763,42.2641]],[[-6.758,42.2561],[-6.7556,42.2544],[-6.7585,42.2538],[-6.7557,42.2512],[-6.7572,42.251],[-6.758,42.2504],[-6.758,42.2498],[-6.7554,42.2506],[-6.7543,42.2524],[-6.7525,42.2511],[-6.7538,42.2543],[-6.7499,42.2569],[-6.7536,42.2547],[-6.7563,42.2578],[-6.758,42.2561]],[[-6.7571,42.2481],[-6.7571,42.2481],[-6.7571,42.2481],[-6.7571,42.2481]],[[-6.7574,42.2482],[-6.7571,42.2488],[-6.7576,42.2482],[-6.7574,42.2482]],[[-6.7571,42.2493],[-6.7573,42.2496],[-6.7575,42.2493],[-6.7577,42.2493],[-6.7579,42.2493],[-6.7579,42.2492],[-6.7571,42.2493]],[[-6.7526,42.2509],[-6.7525,42.251],[-6.7526,42.251],[-6.7526,42.2509]],[[-6.7528,42.251],[-6.7527,42.251],[-6.7527,42.2511],[-6.7528,42.251]],[[-6.752,42.2518],[-6.7516,42.2517],[-6.7515,42.2518],[-6.752,42.2518]],[[-6.7442,42.264],[-6.7456,42.263],[-6.7463,42.2627],[-6.7463,42.2625],[-6.7442,42.264]],[[-6.7475,42.2631],[-6.7478,42.2627],[-6.7471,42.2625],[-6.7475,42.2631]],[[-6.7487,42.2592],[-6.7475,42.2599],[-6.7484,42.26],[-6.7487,42.2592]],[[-6.7469,42.2609],[-6.7472,42.2616],[-6.7473,42.2611],[-6.7469,42.2609]],[[-6.7461,42.2615],[-6.7461,42.2623],[-6.7465,42.2616],[-6.7461,42.2615]],[[-6.7066,42.236],[-6.7066,42.236],[-6.7066,42.2359],[-6.7066,42.236]],[[-6.7067,42.2361],[-6.7067,42.236],[-6.7067,42.236],[-6.7067,42.2361]],[[-6.7068,42.2361],[-6.7068,42.2361],[-6.7068,42.2361],[-6.7068,42.2361]],[[-6.7067,42.2362],[-6.7067,42.2362],[-6.7067,42.2362],[-6.7067,42.2362]],[[-6.7065,42.2365],[-6.7065,42.2364],[-6.7065,42.2365],[-6.7065,42.2365]],[[-6.7063,42.2382],[-6.7061,42.238],[-6.7051,42.2381],[-6.7052,42.2383],[-6.7063,42.2382]],[[-6.7048,42.237],[-6.7047,42.2374],[-6.705,42.2374],[-6.7048,42.237]],[[-6.7044,42.2371],[-6.7044,42.2371],[-6.7044,42.2371],[-6.7044,42.2371]],[[-6.7043,42.2371],[-6.7043,42.2371],[-6.7043,42.2371],[-6.7043,42.2371]],[[-6.7042,42.2371],[-6.7045,42.2374],[-6.7047,42.2374],[-6.7042,42.2371]],[[-6.7006,42.2351],[-6.7026,42.2339],[-6.7013,42.2331],[-6.7016,42.2344],[-6.7006,42.2351]],[[-6.7022,42.2355],[-6.7017,42.2354],[-6.7008,42.2354],[-6.7022,42.2355]],[[-6.7026,42.2335],[-6.7026,42.2336],[-6.7026,42.2337],[-6.7026,42.2335]],[[-6.7027,42.2335],[-6.7027,42.2335],[-6.7027,42.2335],[-6.7027,42.2335]],[[-6.7028,42.2336],[-6.7028,42.2336],[-6.7028,42.2336],[-6.7028,42.2336]],[[-6.7028,42.2337],[-6.7028,42.2337],[-6.7028,42.2337],[-6.7028,42.2337]],[[-6.7034,42.2337],[-6.7031,42.2336],[-6.7029,42.2337],[-6.7034,42.2337]],[[-6.7043,42.2339],[-6.7033,42.2344],[-6.7043,42.2347],[-6.7043,42.2339]],[[-6.7295,42.2066],[-6.7268,42.2102],[-6.7276,42.2112],[-6.7286,42.2106],[-6.7295,42.2066]],[[-6.7292,42.2103],[-6.7304,42.2123],[-6.7309,42.2127],[-6.7292,42.2103]],[[-6.7296,42.2189],[-6.7295,42.2189],[-6.7295,42.2189],[-6.7296,42.2189]],[[-6.7296,42.2189],[-6.7285,42.2193],[-6.7298,42.2192],[-6.7296,42.2189]],[[-6.7331,42.2172],[-6.7356,42.2158],[-6.7309,42.2183],[-6.7331,42.2172]],[[-6.7721,42.2071],[-6.7729,42.2071],[-6.7721,42.207],[-6.7721,42.2071]],[[-6.7757,42.2066],[-6.7757,42.2066],[-6.7757,42.2066],[-6.7757,42.2066]],[[-6.7756,42.2066],[-6.7756,42.2066],[-6.7756,42.2066],[-6.7756,42.2066]],[[-6.7693,42.2039],[-6.7604,42.2061],[-6.7588,42.209],[-6.7643,42.2081],[-6.7693,42.2039]],[[-6.7353,42.1971],[-6.7349,42.1967],[-6.7345,42.197],[-6.7353,42.1971]],[[-6.7348,42.1974],[-6.7351,42.1975],[-6.7354,42.1975],[-6.7348,42.1974]],[[-6.7338,42.1985],[-6.7323,42.1971],[-6.7326,42.1959],[-6.7318,42.1951],[-6.7314,42.1973],[-6.7338,42.1985]],[[-6.7301,42.194],[-6.7302,42.1933],[-6.7298,42.1935],[-6.7303,42.1944],[-6.7301,42.194]],[[-6.7161,42.1725],[-6.7163,42.1726],[-6.7163,42.1725],[-6.7161,42.1725]],[[-6.7104,42.1679],[-6.7093,42.1676],[-6.7089,42.1678],[-6.7091,42.168],[-6.7104,42.1679]],[[-6.7091,42.1667],[-6.7097,42.1661],[-6.7105,42.1659],[-6.7097,42.1653],[-6.7091,42.1667]],[[-6.7099,42.1666],[-6.71,42.1668],[-6.71,42.1666],[-6.7099,42.1666]],[[-6.7097,42.1652],[-6.7097,42.1652],[-6.7097,42.1652],[-6.7097,42.1652]],[[-6.7097,42.165],[-6.7101,42.1646],[-6.7096,42.1641],[-6.7097,42.165]],[[-6.7121,42.1619],[-6.7123,42.1626],[-6.7131,42.1629],[-6.7121,42.1619]],[[-6.712,42.1629],[-6.712,42.1629],[-6.712,42.1629],[-6.712,42.1629]],[[-6.713,42.163],[-6.7131,42.163],[-6.7131,42.163],[-6.713,42.163]],[[-6.7135,42.1617],[-6.7134,42.1625],[-6.7135,42.1625],[-6.7136,42.1626],[-6.7138,42.1626],[-6.7135,42.1617]],[[-6.7131,42.1624],[-6.713,42.1627],[-6.7132,42.1627],[-6.7131,42.1624]],[[-6.725,42.1649],[-6.7256,42.165],[-6.7279,42.166],[-6.725,42.1639],[-6.725,42.1649]],[[-6.7169,42.1531],[-6.7178,42.153],[-6.7178,42.1527],[-6.7182,42.1524],[-6.7163,42.1524],[-6.7169,42.1531]],[[-6.718,42.1527],[-6.718,42.1527],[-6.718,42.1526],[-6.718,42.1527]],[[-6.7188,42.1528],[-6.7184,42.1526],[-6.7184,42.1527],[-6.7188,42.1528]],[[-6.722,42.1547],[-6.722,42.1547],[-6.722,42.1547],[-6.722,42.1547]],[[-6.7328,42.1594],[-6.7328,42.1594],[-6.7328,42.1595],[-6.7328,42.1594]],[[-6.7497,42.1556],[-6.7504,42.1559],[-6.7511,42.1559],[-6.7514,42.1556],[-6.7497,42.1556]],[[-6.7664,42.1676],[-6.7665,42.1674],[-6.7663,42.1673],[-6.7664,42.1676]],[[-6.7749,42.1782],[-6.775,42.1773],[-6.7744,42.1775],[-6.7744,42.1769],[-6.7736,42.1764],[-6.7749,42.1782]],[[-6.7794,42.1799],[-6.7841,42.1819],[-6.7804,42.1778],[-6.7794,42.1799]],[[-6.7973,42.1682],[-6.7951,42.1694],[-6.7959,42.1717],[-6.7973,42.1682]],[[-6.7943,42.1705],[-6.7943,42.1705],[-6.7943,42.1705],[-6.7943,42.1705]],[[-6.7943,42.1684],[-6.7943,42.1684],[-6.7943,42.1685],[-6.7943,42.1684]],[[-6.7854,42.1405],[-6.7887,42.1359],[-6.786,42.1349],[-6.7857,42.1384],[-6.7831,42.1354],[-6.7854,42.1405]],[[-6.794,42.1405],[-6.7947,42.1412],[-6.7949,42.1409],[-6.794,42.1405]],[[-6.8043,42.1483],[-6.8071,42.1454],[-6.8032,42.1432],[-6.8027,42.1443],[-6.8043,42.1483]],[[-6.8106,42.1541],[-6.812,42.1539],[-6.8107,42.1536],[-6.8106,42.1541]],[[-6.813,42.1536],[-6.8118,42.1522],[-6.8131,42.1539],[-6.813,42.1536]],[[-6.8133,42.1506],[-6.8135,42.1517],[-6.814,42.1519],[-6.8149,42.1525],[-6.8155,42.1522],[-6.8158,42.153],[-6.8164,42.1522],[-6.8171,42.1541],[-6.8148,42.156],[-6.8116,42.1556],[-6.8103,42.157],[-6.8205,42.1572],[-6.8312,42.1601],[-6.8351,42.1589],[-6.8371,42.1592],[-6.8368,42.1553],[-6.8403,42.1531],[-6.8267,42.1533],[-6.8267,42.1555],[-6.8221,42.1574],[-6.819,42.1547],[-6.819,42.1529],[-6.8133,42.1506]],[[-6.8154,42.1593],[-6.8163,42.1598],[-6.8161,42.1593],[-6.8154,42.1593]],[[-6.8092,42.1617],[-6.8054,42.1641],[-6.8056,42.1661],[-6.8092,42.1617]],[[-6.8046,42.1668],[-6.8046,42.1668],[-6.8046,42.1668],[-6.8046,42.1668]],[[-6.8046,42.1669],[-6.8036,42.1671],[-6.8041,42.1676],[-6.8046,42.1669]],[[-6.8059,42.1684],[-6.8064,42.1709],[-6.8082,42.1707],[-6.8067,42.1697],[-6.8064,42.1682],[-6.8082,42.1687],[-6.8074,42.1657],[-6.8105,42.1645],[-6.8076,42.1648],[-6.8059,42.1684]],[[-6.8311,42.1504],[-6.831,42.1504],[-6.831,42.1504],[-6.8311,42.1504]],[[-6.8309,42.1504],[-6.8286,42.1467],[-6.8255,42.1484],[-6.8309,42.1504]],[[-6.8254,42.1483],[-6.8255,42.1483],[-6.8254,42.1483],[-6.8254,42.1483]],[[-6.817,42.1496],[-6.8169,42.1463],[-6.8158,42.1463],[-6.8144,42.1495],[-6.817,42.1496]],[[-6.8172,42.149],[-6.8171,42.149],[-6.8172,42.149],[-6.8172,42.149]],[[-6.8134,42.1477],[-6.8116,42.146],[-6.8104,42.1461],[-6.812,42.1479],[-6.8134,42.1477]],[[-6.7871,42.1347],[-6.7876,42.135],[-6.7873,42.1345],[-6.7871,42.1347]],[[-6.7878,42.1348],[-6.7878,42.1348],[-6.7878,42.1348],[-6.7878,42.1348]],[[-6.7876,42.1347],[-6.7877,42.1347],[-6.7876,42.1346],[-6.7876,42.1347]],[[-6.7869,42.133],[-6.7872,42.1325],[-6.7869,42.1323],[-6.7869,42.133]],[[-6.8128,42.1321],[-6.8124,42.1323],[-6.8133,42.1325],[-6.8128,42.1321]],[[-6.8153,42.1322],[-6.8153,42.1324],[-6.8154,42.1323],[-6.8153,42.1322]],[[-6.8042,42.1378],[-6.8039,42.1373],[-6.8036,42.1377],[-6.8038,42.1378],[-6.8042,42.1378]],[[-6.8033,42.1369],[-6.8039,42.1372],[-6.8039,42.1367],[-6.8033,42.1369]],[[-6.7961,42.153],[-6.7971,42.1568],[-6.8013,42.1557],[-6.7961,42.153]],[[-6.7992,42.1573],[-6.7985,42.1586],[-6.8006,42.1581],[-6.7992,42.1573]],[[-6.8089,42.1755],[-6.8074,42.1774],[-6.81,42.1774],[-6.8089,42.1755]],[[-6.8215,42.1897],[-6.8209,42.1877],[-6.82,42.1888],[-6.8215,42.1897]],[[-6.8204,42.1813],[-6.82,42.1825],[-6.8207,42.1824],[-6.8204,42.1813]],[[-6.8205,42.1861],[-6.8196,42.1849],[-6.8199,42.1862],[-6.8205,42.1861]],[[-6.8201,42.1873],[-6.8202,42.1865],[-6.8199,42.1863],[-6.8201,42.1873]],[[-6.8467,42.1718],[-6.8458,42.1725],[-6.8477,42.1719],[-6.8467,42.1718]],[[-6.8456,42.1726],[-6.8456,42.1725],[-6.8456,42.1726],[-6.8456,42.1726]],[[-6.8453,42.1728],[-6.8453,42.1731],[-6.8453,42.1727],[-6.8453,42.1728]],[[-6.8483,42.1711],[-6.8478,42.1717],[-6.8481,42.1718],[-6.8483,42.1711]],[[-6.8478,42.1767],[-6.8477,42.1765],[-6.8471,42.1768],[-6.8468,42.1776],[-6.8478,42.1767]],[[-6.8482,42.1816],[-6.8485,42.1819],[-6.8487,42.1817],[-6.8482,42.1816]],[[-6.8455,42.1807],[-6.846,42.1809],[-6.846,42.1807],[-6.8455,42.1807]],[[-6.7946,42.1356],[-6.7927,42.1354],[-6.7937,42.1366],[-6.7946,42.1356]],[[-6.7913,42.1362],[-6.7914,42.1359],[-6.7912,42.1361],[-6.7913,42.1362]],[[-6.7954,42.1844],[-6.7991,42.1847],[-6.7989,42.1839],[-6.7954,42.1844]],[[-6.7883,42.1962],[-6.7926,42.199],[-6.7937,42.1966],[-6.7883,42.1962]],[[-6.8086,42.1314],[-6.8087,42.1316],[-6.8088,42.1314],[-6.8086,42.1314]],[[-6.8066,42.1304],[-6.8065,42.1303],[-6.8064,42.1304],[-6.8066,42.1304]],[[-6.8181,42.1414],[-6.8165,42.1424],[-6.8177,42.142],[-6.8181,42.1414]],[[-6.8191,42.1421],[-6.8197,42.1418],[-6.8191,42.1418],[-6.8191,42.1421]],[[-6.8158,42.1398],[-6.8158,42.1398],[-6.8159,42.1398],[-6.8158,42.1398]],[[-6.8112,42.1355],[-6.8116,42.1355],[-6.8114,42.1354],[-6.8112,42.1355]],[[-6.8106,42.131],[-6.8109,42.1316],[-6.811,42.1314],[-6.8106,42.131]],[[-6.8086,42.1304],[-6.8087,42.1304],[-6.8087,42.1303],[-6.8086,42.1304]],[[-6.8115,42.1314],[-6.8117,42.1316],[-6.8119,42.1316],[-6.8115,42.1314]],[[-6.791,42.1327],[-6.7912,42.1331],[-6.7914,42.1328],[-6.791,42.1327]],[[-6.7971,42.1348],[-6.7969,42.135],[-6.7972,42.1349],[-6.7971,42.1348]],[[-6.7945,42.1388],[-6.7941,42.1388],[-6.7945,42.139],[-6.7945,42.1388]],[[-6.7899,42.1345],[-6.7895,42.1345],[-6.7895,42.1349],[-6.7899,42.1345]],[[-6.8113,42.1446],[-6.8119,42.1439],[-6.8115,42.1438],[-6.8118,42.1439],[-6.8116,42.1442],[-6.8113,42.1444],[-6.8113,42.1446]],[[-6.8115,42.144],[-6.8115,42.144],[-6.8115,42.144],[-6.8115,42.144]],[[-6.8114,42.1443],[-6.8114,42.1442],[-6.8113,42.1443],[-6.8114,42.1443]],[[-6.8113,42.1443],[-6.8113,42.1444],[-6.8113,42.1443],[-6.8113,42.1443]],[[-6.8178,42.1382],[-6.819,42.1388],[-6.8187,42.1384],[-6.8178,42.1382]],[[-6.8159,42.1385],[-6.816,42.1395],[-6.8163,42.1385],[-6.8159,42.1385]],[[-6.8207,42.1391],[-6.8199,42.1387],[-6.8196,42.1391],[-6.8207,42.1391]],[[-6.8243,42.1482],[-6.8239,42.1481],[-6.8237,42.1481],[-6.8243,42.1482]],[[-6.8433,42.1567],[-6.8429,42.1573],[-6.8441,42.1572],[-6.8433,42.1567]],[[-6.7968,42.149],[-6.7968,42.1488],[-6.7966,42.1489],[-6.7968,42.149]],[[-6.7933,42.1441],[-6.793,42.1433],[-6.7929,42.1435],[-6.7933,42.1441]],[[-6.8002,42.1647],[-6.8,42.1645],[-6.7999,42.1647],[-6.8002,42.1647]],[[-6.8,42.1648],[-6.7997,42.1658],[-6.8001,42.1659],[-6.8,42.1651],[-6.8001,42.1649],[-6.8002,42.1649],[-6.8002,42.1648],[-6.8,42.1648]],[[-6.8,42.1651],[-6.8001,42.1651],[-6.8,42.1651],[-6.8,42.1651]],[[-6.7995,42.162],[-6.801,42.1639],[-6.802,42.1627],[-6.8005,42.1629],[-6.7995,42.162]],[[-6.8012,42.1637],[-6.8013,42.1637],[-6.8013,42.1637],[-6.8012,42.1637]],[[-6.7979,42.1667],[-6.7973,42.1661],[-6.7973,42.1669],[-6.7979,42.1667]],[[-6.8017,42.1656],[-6.802,42.1651],[-6.8019,42.165],[-6.8017,42.1656]],[[-6.8431,42.1729],[-6.8431,42.1729],[-6.8431,42.1729],[-6.8431,42.1729]],[[-6.8421,42.1732],[-6.8426,42.1732],[-6.8427,42.1732],[-6.8427,42.1731],[-6.8427,42.1731],[-6.8427,42.1731],[-6.8427,42.1731],[-6.8427,42.1731],[-6.8421,42.1732]],[[-6.8472,42.171],[-6.8468,42.171],[-6.8471,42.1716],[-6.8472,42.171]],[[-6.8458,42.1745],[-6.8462,42.1747],[-6.8462,42.1745],[-6.8458,42.1745]],[[-6.8468,42.1754],[-6.8472,42.1757],[-6.8473,42.1756],[-6.8468,42.1754]],[[-6.8044,42.1985],[-6.8047,42.1991],[-6.8054,42.1989],[-6.8044,42.1985]],[[-6.8048,42.1992],[-6.8048,42.1992],[-6.8048,42.1991],[-6.8048,42.1992]],[[-6.8407,42.1736],[-6.8407,42.1739],[-6.8411,42.1735],[-6.8407,42.1736]],[[-6.7962,42.1674],[-6.7971,42.1676],[-6.7963,42.1669],[-6.7962,42.1674]],[[-6.8131,42.1928],[-6.8134,42.1937],[-6.8139,42.1939],[-6.8138,42.1931],[-6.8135,42.1927],[-6.8131,42.1928]],[[-6.8141,42.1821],[-6.8135,42.1816],[-6.8137,42.1818],[-6.814,42.1821],[-6.8141,42.1821]],[[-6.8128,42.1806],[-6.813,42.1808],[-6.8131,42.1809],[-6.8128,42.1806]],[[-6.8132,42.1809],[-6.8131,42.181],[-6.8132,42.181],[-6.8132,42.1809]],[[-6.8132,42.181],[-6.8133,42.181],[-6.8132,42.181],[-6.8132,42.181]],[[-6.8133,42.1811],[-6.8135,42.1814],[-6.8135,42.1814],[-6.8133,42.1811]],[[-6.7967,42.1873],[-6.7954,42.1865],[-6.7949,42.1866],[-6.7967,42.1873]],[[-6.8054,42.1811],[-6.8024,42.1811],[-6.8009,42.1837],[-6.8044,42.183],[-6.8054,42.1811]],[[-6.8064,42.1905],[-6.8061,42.191],[-6.8066,42.1906],[-6.8064,42.1905]],[[-6.8038,42.2019],[-6.8036,42.2027],[-6.8048,42.2025],[-6.8038,42.2019]],[[-6.7923,42.2056],[-6.792,42.2061],[-6.7925,42.2059],[-6.7923,42.2056]],[[-6.7892,42.2687],[-6.7893,42.2698],[-6.7897,42.2696],[-6.7892,42.2687]],[[-6.7433,42.1632],[-6.7429,42.1629],[-6.7424,42.1629],[-6.7433,42.1632]],[[-6.7431,42.1639],[-6.7404,42.1642],[-6.7421,42.1651],[-6.7421,42.1646],[-6.7457,42.164],[-6.7469,42.1626],[-6.7445,42.1611],[-6.7436,42.162],[-6.7457,42.1626],[-6.7455,42.1636],[-6.7431,42.1639]],[[-6.7404,42.1643],[-6.7402,42.1643],[-6.7402,42.1643],[-6.7404,42.1643]],[[-6.74,42.1643],[-6.7395,42.1641],[-6.7394,42.1643],[-6.74,42.1643]],[[-6.7394,42.1644],[-6.7396,42.1646],[-6.7396,42.1645],[-6.7394,42.1644]],[[-6.7394,42.1647],[-6.7394,42.1647],[-6.7394,42.1647],[-6.7394,42.1647]],[[-6.7393,42.1648],[-6.7393,42.1648],[-6.7392,42.1648],[-6.7393,42.1648]],[[-6.7411,42.1659],[-6.741,42.1657],[-6.7408,42.1659],[-6.7411,42.1659]],[[-6.7406,42.1667],[-6.7411,42.1673],[-6.741,42.1667],[-6.7406,42.1667]],[[-6.7432,42.165],[-6.7437,42.1648],[-6.7427,42.165],[-6.7432,42.165]],[[-6.7342,42.1691],[-6.7309,42.1721],[-6.7336,42.1728],[-6.735,42.1738],[-6.737,42.1712],[-6.7342,42.1691]],[[-6.7315,42.1723],[-6.7274,42.1744],[-6.7272,42.1752],[-6.731,42.177],[-6.7315,42.1723]],[[-6.7268,42.1745],[-6.7273,42.1744],[-6.7268,42.1745],[-6.7268,42.1745]],[[-6.7332,42.1602],[-6.734,42.1619],[-6.7349,42.1606],[-6.7332,42.1602]],[[-6.7277,42.1596],[-6.7272,42.1606],[-6.7278,42.1603],[-6.7277,42.1596]],[[-6.7296,42.1605],[-6.7296,42.1605],[-6.7296,42.1606],[-6.7296,42.1605]],[[-6.7294,42.1609],[-6.7293,42.1608],[-6.7293,42.1609],[-6.7294,42.1609]],[[-6.7291,42.161],[-6.7292,42.1609],[-6.7291,42.1611],[-6.7291,42.161]],[[-6.7297,42.1611],[-6.7298,42.1611],[-6.7298,42.1611],[-6.7297,42.1611]],[[-6.7231,42.161],[-6.7238,42.1612],[-6.7231,42.1609],[-6.7231,42.161]],[[-6.724,42.1613],[-6.7242,42.161],[-6.724,42.161],[-6.724,42.1613]],[[-6.7381,42.165],[-6.7387,42.1652],[-6.7386,42.1651],[-6.7388,42.1648],[-6.7381,42.165]],[[-6.7387,42.165],[-6.7387,42.1651],[-6.7387,42.165],[-6.7387,42.165]],[[-6.7377,42.1654],[-6.7377,42.1653],[-6.7377,42.1654],[-6.7377,42.1654]],[[-6.7843,42.2219],[-6.781,42.2204],[-6.7804,42.224],[-6.7843,42.2219]],[[-6.7801,42.2139],[-6.7809,42.2147],[-6.7809,42.214],[-6.7801,42.2139]],[[-6.78,42.2149],[-6.7797,42.2156],[-6.7802,42.2155],[-6.78,42.2149]],[[-6.749,42.1787],[-6.7503,42.1781],[-6.7492,42.178],[-6.749,42.1787]],[[-6.7459,42.1783],[-6.746,42.1789],[-6.7465,42.1788],[-6.7459,42.1783]],[[-6.7482,42.1795],[-6.7484,42.1801],[-6.7488,42.1799],[-6.7482,42.1795]],[[-6.7458,42.201],[-6.7457,42.2017],[-6.746,42.2018],[-6.7458,42.201]],[[-6.7578,42.1704],[-6.7582,42.1707],[-6.7582,42.1705],[-6.7578,42.1704]],[[-6.7222,42.1772],[-6.7199,42.1753],[-6.7201,42.1761],[-6.7222,42.1772]],[[-6.7225,42.1775],[-6.7233,42.1774],[-6.7232,42.1769],[-6.7225,42.1774],[-6.7222,42.1773],[-6.7225,42.1775]],[[-6.7228,42.1771],[-6.7228,42.1771],[-6.7228,42.1771],[-6.7228,42.1771]],[[-6.7229,42.1767],[-6.7237,42.1757],[-6.7229,42.1757],[-6.7229,42.1767]],[[-6.7183,42.1739],[-6.7196,42.1745],[-6.7208,42.1747],[-6.7186,42.1735],[-6.7183,42.1739]],[[-6.7189,42.1747],[-6.7184,42.1741],[-6.718,42.1743],[-6.7185,42.1746],[-6.7187,42.1747],[-6.7189,42.1747]],[[-6.7385,42.178],[-6.7382,42.1786],[-6.7386,42.1791],[-6.7385,42.178]],[[-6.7464,42.1852],[-6.7455,42.1859],[-6.747,42.1865],[-6.7464,42.1852]],[[-6.7285,42.1845],[-6.7285,42.1845],[-6.7285,42.1845],[-6.7285,42.1845]],[[-6.7285,42.1845],[-6.7286,42.1845],[-6.7285,42.1845],[-6.7285,42.1845]],[[-6.7348,42.1978],[-6.735,42.1981],[-6.7352,42.198],[-6.7348,42.1978]],[[-6.8036,42.2202],[-6.803,42.2207],[-6.8039,42.2203],[-6.8036,42.2202]],[[-6.7857,42.1993],[-6.7867,42.1983],[-6.7877,42.198],[-6.788,42.1969],[-6.7857,42.1993]],[[-6.7859,42.2117],[-6.7856,42.2128],[-6.7861,42.2116],[-6.7859,42.2117]],[[-6.7863,42.2135],[-6.7869,42.2136],[-6.787,42.2131],[-6.7863,42.2135]],[[-6.7887,42.215],[-6.7893,42.2134],[-6.789,42.2134],[-6.7884,42.2142],[-6.7887,42.215]],[[-6.7874,42.2156],[-6.7875,42.2153],[-6.7868,42.2153],[-6.7874,42.2156]],[[-6.7908,42.2199],[-6.7898,42.2202],[-6.7904,42.2205],[-6.7908,42.2199]],[[-6.7892,42.2209],[-6.79,42.2209],[-6.7903,42.2205],[-6.7895,42.2205],[-6.7892,42.2209]],[[-6.7417,42.2228],[-6.742,42.2231],[-6.7422,42.2226],[-6.7417,42.2228]],[[-6.7224,42.2223],[-6.7232,42.2222],[-6.7221,42.2219],[-6.7224,42.2223]],[[-6.7269,42.2202],[-6.7243,42.2198],[-6.7241,42.2203],[-6.7269,42.2202]],[[-6.7237,42.22],[-6.7229,42.2209],[-6.724,42.2207],[-6.7232,42.2206],[-6.724,42.2203],[-6.7237,42.22]],[[-6.7377,42.2218],[-6.7382,42.2209],[-6.7372,42.2207],[-6.7369,42.2207],[-6.7369,42.2208],[-6.7377,42.2218]],[[-6.72,42.2078],[-6.7204,42.2076],[-6.7199,42.2077],[-6.72,42.2078]],[[-6.7243,42.2157],[-6.7238,42.216],[-6.7245,42.2159],[-6.7243,42.2157]],[[-6.7505,42.2465],[-6.7505,42.2465],[-6.7505,42.2465],[-6.7505,42.2465]],[[-6.7504,42.2466],[-6.7506,42.2491],[-6.751,42.2495],[-6.7504,42.2466]],[[-6.7506,42.2504],[-6.7511,42.2496],[-6.7509,42.2495],[-6.7506,42.2504]],[[-6.7506,42.2504],[-6.7506,42.2512],[-6.7506,42.2516],[-6.7509,42.2506],[-6.7506,42.2504]],[[-6.751,42.2459],[-6.751,42.2459],[-6.751,42.2459],[-6.751,42.2459]],[[-6.7509,42.2461],[-6.7509,42.2461],[-6.7509,42.246],[-6.7509,42.2461]],[[-6.7507,42.2463],[-6.7509,42.2462],[-6.7507,42.2462],[-6.7507,42.2463]],[[-6.7882,42.233],[-6.7889,42.234],[-6.7894,42.2333],[-6.7882,42.233]],[[-6.7404,42.2293],[-6.7399,42.2295],[-6.7412,42.2294],[-6.7404,42.2293]],[[-6.7538,42.235],[-6.7533,42.2345],[-6.7538,42.235],[-6.7538,42.235]],[[-6.7537,42.2376],[-6.7533,42.2387],[-6.7542,42.2381],[-6.7537,42.2376]],[[-6.7435,42.2409],[-6.7441,42.2403],[-6.7424,42.241],[-6.7437,42.2411],[-6.7435,42.2409]],[[-6.7404,42.2389],[-6.7392,42.2385],[-6.7399,42.2391],[-6.7404,42.2389]],[[-6.7318,42.224],[-6.7329,42.2257],[-6.7328,42.2249],[-6.7318,42.224]],[[-6.7323,42.2337],[-6.7328,42.2341],[-6.7335,42.234],[-6.7323,42.2337]],[[-6.7324,42.2344],[-6.7333,42.2345],[-6.7319,42.2341],[-6.7324,42.2344]],[[-6.7333,42.2416],[-6.7335,42.242],[-6.7337,42.2419],[-6.7333,42.2416]],[[-6.8056,42.2242],[-6.8058,42.2245],[-6.8063,42.2243],[-6.8056,42.2242]],[[-6.7879,42.1412],[-6.7876,42.1409],[-6.7878,42.1412],[-6.7879,42.1412]],[[-6.7768,42.1979],[-6.7768,42.1979],[-6.7773,42.1979],[-6.7768,42.1979]],[[-6.7555,42.2445],[-6.7558,42.2449],[-6.7559,42.2448],[-6.7555,42.2445]],[[-6.7547,42.172],[-6.7545,42.172],[-6.7546,42.1722],[-6.7547,42.172]],[[-6.883,42.1639],[-6.883,42.1627],[-6.8823,42.1629],[-6.883,42.1639]],[[-6.8926,42.1652],[-6.8931,42.1655],[-6.893,42.1651],[-6.8926,42.1652]],[[-6.8929,42.1658],[-6.8928,42.1658],[-6.8928,42.1658],[-6.8929,42.1658]],[[-6.8842,42.1653],[-6.884,42.1648],[-6.8838,42.1646],[-6.8834,42.1647],[-6.8834,42.1644],[-6.8833,42.1648],[-6.8842,42.1653]],[[-6.8922,42.1644],[-6.8937,42.1648],[-6.8941,42.1641],[-6.8922,42.1644]],[[-6.8898,42.1665],[-6.8898,42.1664],[-6.8898,42.1664],[-6.8898,42.1665]],[[-6.8516,42.2392],[-6.8526,42.2379],[-6.8498,42.2394],[-6.8516,42.2392]],[[-6.8546,42.2364],[-6.852,42.2374],[-6.8511,42.2368],[-6.8504,42.2386],[-6.8546,42.2364]],[[-6.8553,42.2345],[-6.8551,42.2349],[-6.8553,42.2345],[-6.8553,42.2345]],[[-6.8593,42.2479],[-6.8591,42.2462],[-6.8587,42.2471],[-6.8593,42.2479]],[[-6.8687,42.2484],[-6.8683,42.2492],[-6.8689,42.2489],[-6.8687,42.2484]],[[-6.88,42.2524],[-6.8798,42.2524],[-6.88,42.2524],[-6.88,42.2524]],[[-6.8592,42.251],[-6.8599,42.25],[-6.8586,42.2502],[-6.8592,42.251]],[[-6.8529,42.2515],[-6.8534,42.2506],[-6.8519,42.2506],[-6.8529,42.2515]],[[-6.8538,42.2519],[-6.8539,42.252],[-6.8539,42.2519],[-6.8538,42.2519]],[[-6.8548,42.2606],[-6.8548,42.2606],[-6.8548,42.2606],[-6.8548,42.2606]],[[-6.8562,42.2611],[-6.856,42.2609],[-6.856,42.261],[-6.8562,42.2611]],[[-6.8072,42.1486],[-6.808,42.1487],[-6.807,42.148],[-6.8072,42.1486]],[[-6.8162,42.1527],[-6.8162,42.1527],[-6.8162,42.1527],[-6.8162,42.1527]],[[-6.8087,42.1534],[-6.8057,42.1529],[-6.8067,42.1545],[-6.8061,42.1541],[-6.805,42.1542],[-6.8068,42.1555],[-6.8087,42.1534]],[[-6.8071,42.1563],[-6.8064,42.157],[-6.8076,42.1575],[-6.8071,42.1563]],[[-6.8193,42.1594],[-6.8187,42.1597],[-6.819,42.16],[-6.8193,42.1594]],[[-6.8106,42.163],[-6.8105,42.1636],[-6.8102,42.1636],[-6.8099,42.1634],[-6.8102,42.1638],[-6.8113,42.1639],[-6.8106,42.163]],[[-6.8083,42.1656],[-6.8083,42.1656],[-6.8083,42.1656],[-6.8083,42.1656]],[[-6.8216,42.1856],[-6.8207,42.1835],[-6.8209,42.1855],[-6.8216,42.1856]],[[-6.8216,42.1843],[-6.8216,42.1843],[-6.8216,42.1843],[-6.8216,42.1843]],[[-6.8216,42.1843],[-6.8216,42.1843],[-6.8216,42.1843],[-6.8216,42.1843]],[[-6.8509,42.2155],[-6.851,42.2154],[-6.8509,42.2154],[-6.8509,42.2155]],[[-6.8508,42.2155],[-6.8508,42.2155],[-6.8509,42.2155],[-6.8509,42.2155],[-6.8508,42.2155]],[[-6.8576,42.212],[-6.8562,42.2139],[-6.8566,42.2139],[-6.8576,42.212]],[[-6.8525,42.2364],[-6.8525,42.2364],[-6.8525,42.2364],[-6.8525,42.2364]],[[-6.852,42.2372],[-6.852,42.2372],[-6.8519,42.2372],[-6.852,42.2372]],[[-6.8463,42.2388],[-6.847,42.2409],[-6.8465,42.241],[-6.8465,42.2411],[-6.8479,42.2409],[-6.8482,42.2396],[-6.8463,42.2388]],[[-6.8491,42.2397],[-6.8496,42.2415],[-6.8497,42.2397],[-6.8491,42.2397]],[[-6.8476,42.2423],[-6.8466,42.2424],[-6.8475,42.2426],[-6.8476,42.2423]],[[-6.8328,42.2427],[-6.8303,42.2418],[-6.8303,42.2432],[-6.8328,42.2427]],[[-6.8351,42.2422],[-6.8352,42.2412],[-6.8335,42.2436],[-6.8351,42.2422]],[[-6.831,42.2431],[-6.831,42.2431],[-6.831,42.2431],[-6.831,42.2431]],[[-6.847,42.2487],[-6.8464,42.2493],[-6.8476,42.2483],[-6.847,42.2487]],[[-6.8536,42.252],[-6.8536,42.252],[-6.8536,42.2519],[-6.8536,42.252]],[[-6.8534,42.2522],[-6.8535,42.2521],[-6.8535,42.2521],[-6.8534,42.2522]],[[-6.8532,42.2524],[-6.8534,42.2524],[-6.8534,42.2522],[-6.8532,42.2524]],[[-6.8517,42.2519],[-6.8517,42.2518],[-6.8515,42.2521],[-6.8517,42.2519]],[[-6.8528,42.2558],[-6.8521,42.2556],[-6.8519,42.2558],[-6.8528,42.2558]],[[-6.853,42.2556],[-6.853,42.2555],[-6.853,42.2556],[-6.853,42.2556]],[[-6.8345,42.2631],[-6.8305,42.2626],[-6.8293,42.2628],[-6.8327,42.2639],[-6.8355,42.2628],[-6.8352,42.2626],[-6.8345,42.2631]],[[-6.8326,42.2613],[-6.8331,42.2617],[-6.8333,42.2618],[-6.8326,42.2613]],[[-6.8341,42.2631],[-6.8342,42.263],[-6.834,42.2631],[-6.8341,42.2631]],[[-6.7999,42.2626],[-6.7998,42.2627],[-6.7998,42.2627],[-6.7999,42.2626]],[[-6.7997,42.2628],[-6.7998,42.2628],[-6.7998,42.2627],[-6.7997,42.2628]],[[-6.7992,42.2629],[-6.7999,42.2618],[-6.7992,42.2614],[-6.7992,42.2629]],[[-6.8086,42.2752],[-6.8086,42.2754],[-6.8089,42.2754],[-6.809,42.2753],[-6.8086,42.2752]],[[-6.8105,42.2764],[-6.8105,42.2764],[-6.8105,42.2764],[-6.8105,42.2764]],[[-6.8198,42.278],[-6.8165,42.2772],[-6.8135,42.2821],[-6.8138,42.2827],[-6.8133,42.2832],[-6.8134,42.2847],[-6.8155,42.2802],[-6.817,42.279],[-6.8198,42.278]],[[-6.8139,42.284],[-6.8139,42.284],[-6.8139,42.284],[-6.8139,42.284]],[[-6.8168,42.2796],[-6.8169,42.2797],[-6.8169,42.2797],[-6.8168,42.2796]],[[-6.8168,42.2797],[-6.8168,42.2797],[-6.8168,42.2797],[-6.8168,42.2797]],[[-6.8169,42.2796],[-6.8169,42.2796],[-6.8169,42.2797],[-6.8169,42.2796]],[[-6.8171,42.2793],[-6.817,42.2793],[-6.8168,42.2794],[-6.8171,42.2794],[-6.8171,42.2793]],[[-6.8071,42.2767],[-6.8071,42.2767],[-6.8071,42.2767],[-6.8071,42.2767]],[[-6.8049,42.2772],[-6.8032,42.2773],[-6.8032,42.2774],[-6.8049,42.2772]],[[-6.8048,42.2773],[-6.8047,42.2773],[-6.8048,42.2773],[-6.8048,42.2773]],[[-6.8047,42.2773],[-6.8047,42.2773],[-6.8046,42.2773],[-6.8047,42.2773]],[[-6.8062,42.2768],[-6.8059,42.277],[-6.8059,42.2771],[-6.8062,42.2768]],[[-6.8073,42.2775],[-6.8073,42.2775],[-6.8073,42.2775],[-6.8073,42.2775]],[[-6.8057,42.2773],[-6.8057,42.2773],[-6.8057,42.2772],[-6.8057,42.2773]],[[-6.8058,42.2775],[-6.8059,42.2773],[-6.8058,42.2774],[-6.8058,42.2775]],[[-6.8026,42.2769],[-6.8026,42.2769],[-6.8026,42.2769],[-6.8026,42.2769]],[[-6.8284,42.2797],[-6.8287,42.2796],[-6.8285,42.2795],[-6.8284,42.2797]],[[-6.829,42.2808],[-6.829,42.2809],[-6.829,42.2808],[-6.829,42.2808]],[[-6.829,42.2816],[-6.8251,42.2819],[-6.8233,42.2874],[-6.8256,42.2829],[-6.829,42.2816]],[[-6.8047,42.2821],[-6.801,42.2837],[-6.7972,42.2844],[-6.7991,42.2846],[-6.805,42.2823],[-6.8062,42.2823],[-6.8056,42.2813],[-6.8047,42.2821]],[[-6.7977,42.2846],[-6.7977,42.2847],[-6.7977,42.2846],[-6.7977,42.2846]],[[-6.8146,42.283],[-6.8146,42.283],[-6.8146,42.283],[-6.8146,42.283]],[[-6.8388,42.2852],[-6.8366,42.2839],[-6.8381,42.2892],[-6.831,42.2961],[-6.8333,42.2978],[-6.831,42.2998],[-6.8321,42.3007],[-6.8311,42.3011],[-6.8303,42.3066],[-6.8271,42.311],[-6.826,42.3108],[-6.8221,42.314],[-6.8251,42.3118],[-6.8265,42.3112],[-6.8278,42.3111],[-6.8306,42.3084],[-6.8347,42.2929],[-6.8406,42.2883],[-6.8391,42.2877],[-6.8387,42.2873],[-6.8393,42.2873],[-6.8387,42.2856],[-6.8388,42.2852]],[[-6.831,42.3012],[-6.8309,42.301],[-6.8309,42.3011],[-6.831,42.3012]],[[-6.8396,42.2851],[-6.8396,42.2851],[-6.8396,42.2851],[-6.8396,42.2851]],[[-6.8391,42.2852],[-6.8391,42.2853],[-6.8393,42.2852],[-6.8391,42.2852]],[[-6.8079,42.2882],[-6.8027,42.2899],[-6.8017,42.2918],[-6.8028,42.2909],[-6.8066,42.2895],[-6.8079,42.2882]],[[-6.8179,42.293],[-6.818,42.2914],[-6.819,42.2902],[-6.8198,42.2909],[-6.8205,42.2899],[-6.8197,42.2902],[-6.8191,42.2901],[-6.8182,42.2881],[-6.8176,42.2882],[-6.8172,42.2878],[-6.8156,42.2879],[-6.8153,42.2877],[-6.8153,42.2878],[-6.8142,42.2876],[-6.8135,42.2848],[-6.8136,42.2876],[-6.815,42.2882],[-6.8155,42.288],[-6.817,42.288],[-6.8179,42.293]],[[-6.8183,42.2913],[-6.8183,42.2913],[-6.8183,42.2913],[-6.8183,42.2913]],[[-6.8184,42.2912],[-6.8184,42.2912],[-6.8184,42.2912],[-6.8184,42.2912]],[[-6.8151,42.2877],[-6.8151,42.2877],[-6.8151,42.2877],[-6.8151,42.2877]],[[-6.8062,42.2933],[-6.8061,42.2933],[-6.8061,42.2933],[-6.8062,42.2933]],[[-6.8159,42.2945],[-6.8165,42.2958],[-6.8176,42.2949],[-6.8159,42.2945]],[[-6.8055,42.3022],[-6.806,42.3031],[-6.8068,42.3028],[-6.8055,42.3022]],[[-6.8218,42.3023],[-6.8219,42.3024],[-6.8219,42.3024],[-6.8218,42.3023]],[[-6.8219,42.3023],[-6.8223,42.3021],[-6.822,42.302],[-6.8219,42.3023]],[[-6.825,42.3134],[-6.825,42.3134],[-6.825,42.3134],[-6.825,42.3134]],[[-6.8295,42.3134],[-6.8252,42.314],[-6.829,42.3144],[-6.8295,42.3134]],[[-6.8347,42.3238],[-6.8343,42.3234],[-6.8341,42.3237],[-6.8347,42.3238]],[[-6.7938,42.1301],[-6.7935,42.13],[-6.7934,42.13],[-6.7938,42.1301]],[[-6.7932,42.1299],[-6.7934,42.1293],[-6.7928,42.1294],[-6.7932,42.1299]],[[-6.7778,42.129],[-6.7792,42.1295],[-6.7779,42.1287],[-6.7778,42.129]],[[-6.7766,42.132],[-6.775,42.1315],[-6.7746,42.1331],[-6.7766,42.132]],[[-6.7875,42.1345],[-6.7875,42.1345],[-6.7875,42.1345],[-6.7875,42.1345]],[[-6.7743,42.1371],[-6.7771,42.1382],[-6.7779,42.1372],[-6.7747,42.1362],[-6.7743,42.1371]],[[-6.7784,42.1454],[-6.7778,42.1437],[-6.7771,42.1442],[-6.7784,42.1454]],[[-6.782,42.1499],[-6.7846,42.1499],[-6.7847,42.1454],[-6.7822,42.1454],[-6.782,42.1499]],[[-6.7853,42.1467],[-6.7851,42.147],[-6.7851,42.1469],[-6.7853,42.1467]],[[-6.7763,42.1566],[-6.7851,42.1579],[-6.7816,42.1556],[-6.7804,42.156],[-6.7777,42.156],[-6.7762,42.1552],[-6.7742,42.1563],[-6.7674,42.1563],[-6.7763,42.1566]],[[-6.7785,42.1605],[-6.78,42.1595],[-6.7798,42.1592],[-6.7785,42.1605]],[[-6.7815,42.1648],[-6.7818,42.1645],[-6.7811,42.1645],[-6.7815,42.1648]],[[-6.7838,42.165],[-6.7844,42.1653],[-6.7853,42.1653],[-6.785,42.1651],[-6.7838,42.165]],[[-6.7919,42.1651],[-6.7908,42.1657],[-6.7923,42.1653],[-6.7919,42.1651]],[[-6.791,42.1654],[-6.791,42.1653],[-6.791,42.1654],[-6.791,42.1654]],[[-6.7837,42.1658],[-6.7821,42.1659],[-6.7819,42.1662],[-6.7837,42.1658]],[[-6.7861,42.1673],[-6.7855,42.1656],[-6.7847,42.1662],[-6.7861,42.1673]],[[-6.7875,42.1685],[-6.7838,42.1686],[-6.7868,42.1706],[-6.7865,42.1699],[-6.7875,42.1685]],[[-6.7851,42.1702],[-6.7852,42.1702],[-6.7852,42.1702],[-6.7851,42.1702]],[[-6.7851,42.1702],[-6.7851,42.1702],[-6.7851,42.1702],[-6.7851,42.1702]],[[-6.785,42.1702],[-6.785,42.1702],[-6.785,42.1702],[-6.785,42.1702]],[[-6.785,42.1701],[-6.785,42.1701],[-6.785,42.1701],[-6.785,42.1701]],[[-6.7851,42.17],[-6.785,42.17],[-6.785,42.1701],[-6.7851,42.1701],[-6.7851,42.17]],[[-6.7747,42.1705],[-6.7741,42.1705],[-6.7741,42.1708],[-6.7747,42.1705]],[[-6.7909,42.1732],[-6.788,42.1728],[-6.788,42.1736],[-6.7909,42.1732]],[[-6.7922,42.1714],[-6.792,42.1714],[-6.792,42.1714],[-6.7922,42.1714]],[[-6.7865,42.1745],[-6.7873,42.1738],[-6.7875,42.174],[-6.7881,42.1736],[-6.7872,42.1738],[-6.7865,42.1745]],[[-6.7875,42.174],[-6.7873,42.174],[-6.7873,42.174],[-6.7875,42.174]],[[-6.7885,42.1852],[-6.7872,42.1861],[-6.7884,42.1865],[-6.7885,42.1852]],[[-6.7906,42.1861],[-6.79,42.1868],[-6.7903,42.1867],[-6.7906,42.1861]],[[-6.7765,42.1963],[-6.7778,42.1963],[-6.7775,42.1958],[-6.7765,42.1963]],[[-6.7394,42.2674],[-6.7394,42.2673],[-6.7394,42.2673],[-6.7394,42.2674]],[[-6.7093,42.2616],[-6.7092,42.2616],[-6.7093,42.2616],[-6.7093,42.2616]],[[-6.7,42.267],[-6.7,42.267],[-6.7,42.267],[-6.7,42.267]],[[-6.6999,42.267],[-6.6999,42.267],[-6.6999,42.267],[-6.6999,42.267]],[[-6.6996,42.2671],[-6.6996,42.2672],[-6.6996,42.2671],[-6.6996,42.2671]],[[-6.6994,42.2672],[-6.6994,42.2672],[-6.6994,42.2672],[-6.6994,42.2672]],[[-6.6929,42.2482],[-6.6928,42.2482],[-6.6929,42.2482],[-6.6929,42.2482]],[[-6.6996,42.2463],[-6.6997,42.2464],[-6.6997,42.2463],[-6.6996,42.2463]],[[-6.7003,42.2462],[-6.7002,42.2463],[-6.7003,42.2463],[-6.7003,42.2462]],[[-6.7002,42.2465],[-6.7002,42.2465],[-6.7002,42.2465],[-6.7002,42.2465]],[[-6.6706,42.2508],[-6.6706,42.2507],[-6.6706,42.2508],[-6.6706,42.2508]],[[-6.6727,42.2482],[-6.6724,42.2471],[-6.672,42.2474],[-6.6727,42.2482]],[[-6.6725,42.2471],[-6.6725,42.2471],[-6.6725,42.2471],[-6.6725,42.2471]],[[-6.6685,42.2354],[-6.6691,42.2354],[-6.6686,42.2353],[-6.6685,42.2354]],[[-6.6684,42.2355],[-6.6685,42.2356],[-6.6685,42.2355],[-6.6684,42.2355]],[[-6.6682,42.2349],[-6.6683,42.2348],[-6.6683,42.2346],[-6.6682,42.2349]],[[-6.6682,42.2344],[-6.6682,42.2345],[-6.6682,42.2343],[-6.6682,42.2344]],[[-6.6684,42.2343],[-6.6684,42.2343],[-6.6684,42.2343],[-6.6684,42.2343]],[[-6.6684,42.2341],[-6.6685,42.2341],[-6.6684,42.2341],[-6.6684,42.2341]],[[-6.6684,42.2341],[-6.6684,42.2341],[-6.6684,42.2341],[-6.6684,42.2341]],[[-6.6684,42.2342],[-6.6684,42.2342],[-6.6684,42.2342],[-6.6684,42.2342]],[[-6.6668,42.2353],[-6.6667,42.2352],[-6.6667,42.2353],[-6.6668,42.2353]],[[-6.6668,42.2353],[-6.6668,42.2353],[-6.6668,42.2353],[-6.6668,42.2353]],[[-6.6677,42.2364],[-6.6678,42.2365],[-6.6678,42.2364],[-6.6677,42.2364]],[[-6.6666,42.2385],[-6.6667,42.2385],[-6.6666,42.2385],[-6.6666,42.2385]],[[-6.6665,42.2385],[-6.6665,42.2385],[-6.6665,42.2385],[-6.6665,42.2385]],[[-6.6592,42.2399],[-6.6592,42.2398],[-6.6592,42.2399],[-6.6592,42.2399]],[[-6.6595,42.24],[-6.6594,42.2399],[-6.6594,42.24],[-6.6595,42.24]],[[-6.6332,42.2555],[-6.6333,42.2555],[-6.6332,42.2555],[-6.6332,42.2555]],[[-6.6274,42.217],[-6.6275,42.217],[-6.6274,42.217],[-6.6274,42.217]],[[-6.6274,42.217],[-6.6274,42.217],[-6.6274,42.217],[-6.6274,42.217]],[[-6.7067,42.2111],[-6.7067,42.2111],[-6.7067,42.2111],[-6.7067,42.2111]],[[-6.6667,42.171],[-6.6668,42.171],[-6.6667,42.1709],[-6.6667,42.171]],[[-6.6666,42.1709],[-6.6666,42.1709],[-6.6666,42.1709],[-6.6666,42.1709]],[[-6.6666,42.1709],[-6.6666,42.1709],[-6.6666,42.1709],[-6.6666,42.1709]],[[-6.6808,42.1713],[-6.6805,42.1712],[-6.6806,42.1714],[-6.6808,42.1713]],[[-6.6744,42.1678],[-6.6744,42.1678],[-6.6744,42.1678],[-6.6744,42.1678]],[[-6.6749,42.1615],[-6.6749,42.1615],[-6.6749,42.1615],[-6.6749,42.1615]],[[-6.702,42.1554],[-6.702,42.1554],[-6.7021,42.1555],[-6.702,42.1554]],[[-6.702,42.1554],[-6.702,42.1554],[-6.702,42.1554],[-6.702,42.1554]],[[-6.8297,42.3345],[-6.8299,42.3346],[-6.83,42.3345],[-6.8297,42.3345]],[[-6.8261,42.3279],[-6.8261,42.3278],[-6.8261,42.3278],[-6.8261,42.3279]],[[-6.8326,42.3233],[-6.8332,42.3234],[-6.8334,42.3231],[-6.8326,42.3233]],[[-6.832,42.3225],[-6.8338,42.3223],[-6.8338,42.322],[-6.832,42.3225]],[[-6.8339,42.3219],[-6.8345,42.3215],[-6.8343,42.3215],[-6.834,42.3216],[-6.8339,42.3219]],[[-6.835,42.321],[-6.8351,42.3214],[-6.8353,42.3211],[-6.835,42.321]],[[-6.8344,42.3215],[-6.8344,42.3215],[-6.8344,42.3215],[-6.8344,42.3215]],[[-6.8344,42.3215],[-6.8343,42.3215],[-6.8344,42.3215],[-6.8344,42.3215]],[[-6.8216,42.3153],[-6.8216,42.3154],[-6.8217,42.3153],[-6.8216,42.3153]],[[-6.8295,42.3131],[-6.8295,42.3134],[-6.8296,42.3132],[-6.8295,42.3131]],[[-6.8291,42.313],[-6.8291,42.313],[-6.8292,42.313],[-6.8291,42.313]],[[-6.8391,42.2876],[-6.8391,42.2876],[-6.8391,42.2876],[-6.8391,42.2876]],[[-6.839,42.2844],[-6.8391,42.2844],[-6.8391,42.2844],[-6.839,42.2844]],[[-6.8352,42.2863],[-6.8344,42.2855],[-6.834,42.285],[-6.8337,42.285],[-6.8352,42.2863]],[[-6.8364,42.2897],[-6.8364,42.2897],[-6.8364,42.2897],[-6.8364,42.2897]],[[-6.8365,42.2897],[-6.8365,42.2897],[-6.8365,42.2897],[-6.8365,42.2897]],[[-6.8364,42.2892],[-6.8364,42.2894],[-6.8366,42.2892],[-6.8364,42.2892]],[[-6.8355,42.2896],[-6.8355,42.2896],[-6.8355,42.2896],[-6.8355,42.2896]],[[-6.8341,42.2919],[-6.8342,42.2919],[-6.8342,42.2919],[-6.8341,42.2919]],[[-6.8319,42.2934],[-6.8312,42.2914],[-6.8305,42.2913],[-6.8319,42.2934]],[[-6.8323,42.2939],[-6.8323,42.2939],[-6.8323,42.2939],[-6.8323,42.2939]],[[-6.8312,42.2964],[-6.8312,42.2964],[-6.8312,42.2964],[-6.8312,42.2964]],[[-6.8329,42.2976],[-6.8329,42.2976],[-6.8329,42.2976],[-6.8329,42.2976]],[[-6.8307,42.3003],[-6.8309,42.3001],[-6.8307,42.3002],[-6.8307,42.3003]],[[-6.8279,42.3093],[-6.828,42.3093],[-6.828,42.3093],[-6.8279,42.3093]],[[-6.8202,42.2999],[-6.8213,42.2991],[-6.8195,42.2998],[-6.8202,42.2999]],[[-6.824,42.295],[-6.8241,42.295],[-6.8241,42.295],[-6.824,42.295]],[[-6.8177,42.2988],[-6.8178,42.2988],[-6.8178,42.2987],[-6.8177,42.2988]],[[-6.8159,42.2995],[-6.8159,42.2995],[-6.8159,42.2995],[-6.8159,42.2995]],[[-6.8159,42.2995],[-6.8159,42.2995],[-6.8159,42.2995],[-6.8159,42.2995]],[[-6.815,42.2999],[-6.815,42.2999],[-6.815,42.2999],[-6.815,42.2999]],[[-6.8157,42.3038],[-6.8157,42.3037],[-6.8156,42.3036],[-6.8157,42.3038]],[[-6.8129,42.3031],[-6.8131,42.3034],[-6.8131,42.303],[-6.8129,42.3031]],[[-6.8129,42.3031],[-6.8129,42.3031],[-6.8129,42.3031],[-6.8129,42.3031]],[[-6.8125,42.3034],[-6.8126,42.3034],[-6.8128,42.3032],[-6.8125,42.3034]],[[-6.8133,42.3034],[-6.8136,42.3032],[-6.8133,42.303],[-6.8133,42.3034]],[[-6.8041,42.3026],[-6.8041,42.3026],[-6.8041,42.3026],[-6.8041,42.3026]],[[-6.8023,42.3004],[-6.8023,42.3004],[-6.8023,42.3004],[-6.8023,42.3004]],[[-6.8003,42.2985],[-6.8003,42.2984],[-6.8003,42.2984],[-6.8003,42.2985]],[[-6.8011,42.2979],[-6.8011,42.2979],[-6.8011,42.2979],[-6.8011,42.2979]],[[-6.8014,42.2979],[-6.8013,42.2978],[-6.8013,42.2979],[-6.8014,42.2979]],[[-6.8027,42.2973],[-6.8027,42.2973],[-6.8027,42.2973],[-6.8027,42.2973]],[[-6.8086,42.2927],[-6.8087,42.2926],[-6.8088,42.2926],[-6.8088,42.2926],[-6.8086,42.2927]],[[-6.8052,42.295],[-6.8053,42.295],[-6.8053,42.295],[-6.8052,42.295]],[[-6.8009,42.2974],[-6.8009,42.2974],[-6.8009,42.2974],[-6.8009,42.2974]],[[-6.7994,42.2975],[-6.7994,42.2975],[-6.7994,42.2975],[-6.7994,42.2975]],[[-6.7972,42.2963],[-6.7972,42.2963],[-6.7973,42.2964],[-6.7972,42.2963]],[[-6.7969,42.2959],[-6.7969,42.2958],[-6.7969,42.2959],[-6.7969,42.2959]],[[-6.7969,42.2959],[-6.7969,42.2959],[-6.7969,42.2959],[-6.7969,42.2959]],[[-6.7969,42.2959],[-6.7968,42.2959],[-6.7968,42.2959],[-6.7969,42.2959]],[[-6.7973,42.2956],[-6.7973,42.2956],[-6.7973,42.2956],[-6.7973,42.2956]],[[-6.8005,42.2878],[-6.8005,42.2878],[-6.8005,42.2878],[-6.8005,42.2878]],[[-6.7989,42.2849],[-6.799,42.2847],[-6.7988,42.2849],[-6.7989,42.2849]],[[-6.803,42.2831],[-6.803,42.2831],[-6.803,42.2831],[-6.803,42.2831]],[[-6.8043,42.2821],[-6.8044,42.282],[-6.8043,42.2821],[-6.8043,42.2821]],[[-6.7866,42.2781],[-6.7862,42.2779],[-6.7861,42.2784],[-6.7866,42.2781]],[[-6.7853,42.2785],[-6.7853,42.2784],[-6.7853,42.2785],[-6.7853,42.2785]],[[-6.7852,42.2785],[-6.7851,42.2785],[-6.7851,42.2786],[-6.7852,42.2785]],[[-6.7757,42.2691],[-6.7758,42.2688],[-6.7757,42.2687],[-6.7757,42.2691]],[[-6.779,42.2752],[-6.779,42.2752],[-6.779,42.2752],[-6.779,42.2752]],[[-6.7769,42.2771],[-6.7767,42.277],[-6.7767,42.2772],[-6.7769,42.2771]],[[-6.769,42.2784],[-6.7692,42.2783],[-6.769,42.2782],[-6.769,42.2784]],[[-6.7441,42.2767],[-6.7444,42.2768],[-6.7444,42.2768],[-6.7441,42.2767]],[[-6.7394,42.267],[-6.7394,42.267],[-6.7394,42.267],[-6.7394,42.267]],[[-6.7394,42.2669],[-6.7394,42.267],[-6.7394,42.2669],[-6.7394,42.2669]],[[-6.7395,42.2664],[-6.7395,42.2664],[-6.7395,42.2664],[-6.7395,42.2664]],[[-6.7395,42.2663],[-6.7395,42.2663],[-6.7395,42.2663],[-6.7395,42.2663]],[[-6.6809,42.2553],[-6.6809,42.2553],[-6.6808,42.2553],[-6.6809,42.2553]],[[-6.6806,42.2554],[-6.6809,42.2556],[-6.6809,42.2555],[-6.6806,42.2554]],[[-6.6839,42.2533],[-6.6838,42.2534],[-6.6838,42.2534],[-6.6839,42.2533]],[[-6.6933,42.2488],[-6.6935,42.2487],[-6.6933,42.2487],[-6.6933,42.2488]],[[-6.6968,42.2464],[-6.6968,42.2465],[-6.6968,42.2465],[-6.6968,42.2464]],[[-6.6984,42.2477],[-6.6985,42.2477],[-6.6985,42.2477],[-6.6984,42.2477]],[[-6.6985,42.2477],[-6.6986,42.2477],[-6.6986,42.2477],[-6.6985,42.2477]],[[-6.7047,42.246],[-6.7047,42.246],[-6.7047,42.246],[-6.7047,42.246]],[[-6.7094,42.2403],[-6.7094,42.2403],[-6.7094,42.2403],[-6.7094,42.2403]],[[-6.7092,42.2403],[-6.7093,42.2402],[-6.7092,42.2402],[-6.7092,42.2403]],[[-6.7035,42.2421],[-6.7035,42.2421],[-6.7035,42.2421],[-6.7035,42.2421]],[[-6.7035,42.2422],[-6.7035,42.2421],[-6.7035,42.2422],[-6.7035,42.2422]],[[-6.7035,42.2422],[-6.7035,42.2422],[-6.7035,42.2422],[-6.7035,42.2422]],[[-6.7031,42.2427],[-6.703,42.2423],[-6.7029,42.2425],[-6.7031,42.2427]],[[-6.7024,42.2442],[-6.7024,42.2442],[-6.7024,42.2442],[-6.7024,42.2442]],[[-6.6999,42.2434],[-6.6992,42.2431],[-6.6989,42.2432],[-6.6999,42.2434]],[[-6.6986,42.2432],[-6.6986,42.2432],[-6.6986,42.2432],[-6.6986,42.2432]],[[-6.6943,42.2452],[-6.693,42.2448],[-6.6932,42.2455],[-6.6943,42.2452]],[[-6.6931,42.2453],[-6.693,42.2452],[-6.6931,42.2453],[-6.6931,42.2453]],[[-6.683,42.2414],[-6.683,42.2414],[-6.683,42.2414],[-6.683,42.2414]],[[-6.683,42.2413],[-6.6831,42.2413],[-6.683,42.2413],[-6.683,42.2413]],[[-6.683,42.2413],[-6.6831,42.2413],[-6.683,42.2413],[-6.683,42.2413]],[[-6.6897,42.2356],[-6.6896,42.2354],[-6.6896,42.2355],[-6.6897,42.2356]],[[-6.6896,42.2356],[-6.6896,42.2356],[-6.6896,42.2356],[-6.6896,42.2356]],[[-6.6892,42.2308],[-6.6892,42.2308],[-6.6892,42.2308],[-6.6892,42.2308]],[[-6.6813,42.2387],[-6.6813,42.2387],[-6.6813,42.2387],[-6.6813,42.2387]],[[-6.6806,42.2391],[-6.6809,42.2392],[-6.6812,42.239],[-6.6806,42.2391]],[[-6.6799,42.2397],[-6.68,42.2395],[-6.6803,42.2393],[-6.68,42.2394],[-6.6799,42.2397]],[[-6.6799,42.2401],[-6.6798,42.2399],[-6.6798,42.2402],[-6.6799,42.2401]],[[-6.6796,42.2407],[-6.68,42.2408],[-6.6802,42.2407],[-6.6798,42.2406],[-6.6798,42.2402],[-6.6796,42.2407]],[[-6.6767,42.2434],[-6.6768,42.2436],[-6.6769,42.2433],[-6.6767,42.2434]],[[-6.6765,42.2438],[-6.6765,42.2438],[-6.6765,42.2438],[-6.6765,42.2438]],[[-6.6722,42.2447],[-6.6722,42.2447],[-6.6722,42.2447],[-6.6722,42.2447]],[[-6.6722,42.2446],[-6.6722,42.2446],[-6.6721,42.2446],[-6.6722,42.2446]],[[-6.6718,42.2433],[-6.6718,42.2433],[-6.6718,42.2433],[-6.6718,42.2433]],[[-6.6725,42.2422],[-6.6725,42.2422],[-6.6725,42.2422],[-6.6725,42.2422]],[[-6.6696,42.2405],[-6.6697,42.2406],[-6.6697,42.2405],[-6.6696,42.2405]],[[-6.6694,42.2405],[-6.6696,42.2404],[-6.6693,42.2404],[-6.6694,42.2405]],[[-6.6721,42.2376],[-6.6721,42.2376],[-6.6721,42.2376],[-6.6721,42.2376]],[[-6.672,42.2351],[-6.6716,42.235],[-6.6716,42.2352],[-6.672,42.2351]],[[-6.6725,42.2334],[-6.6725,42.2334],[-6.6724,42.2334],[-6.6724,42.2334],[-6.6725,42.2334]],[[-6.6725,42.2334],[-6.6726,42.2334],[-6.6725,42.2334],[-6.6725,42.2334]],[[-6.6726,42.2334],[-6.6726,42.2334],[-6.6726,42.2334],[-6.6726,42.2334]],[[-6.6745,42.2296],[-6.6741,42.2291],[-6.6741,42.2296],[-6.6745,42.2296]],[[-6.6734,42.2283],[-6.6733,42.2276],[-6.6726,42.228],[-6.6734,42.2283]],[[-6.6722,42.2281],[-6.6724,42.2284],[-6.6727,42.2283],[-6.6727,42.2285],[-6.6729,42.2285],[-6.673,42.2288],[-6.6732,42.2288],[-6.6731,42.2283],[-6.6724,42.228],[-6.6717,42.228],[-6.6722,42.2281]],[[-6.6703,42.2235],[-6.6702,42.2236],[-6.6703,42.2236],[-6.6703,42.2235]],[[-6.685,42.2139],[-6.687,42.2143],[-6.6876,42.2147],[-6.6871,42.2143],[-6.6862,42.2139],[-6.685,42.2139]],[[-6.7118,42.2144],[-6.7118,42.2144],[-6.7118,42.2144],[-6.7118,42.2144]],[[-6.7141,42.2142],[-6.714,42.2141],[-6.714,42.2141],[-6.7141,42.2142]],[[-6.7143,42.2142],[-6.7143,42.2142],[-6.7143,42.2142],[-6.7143,42.2142]],[[-6.7144,42.2142],[-6.7144,42.2142],[-6.7144,42.2142],[-6.7144,42.2142]],[[-6.7047,42.194],[-6.7047,42.194],[-6.7047,42.194],[-6.7047,42.194]],[[-6.7051,42.1937],[-6.7052,42.1938],[-6.7053,42.1936],[-6.7051,42.1937]],[[-6.6913,42.1723],[-6.7078,42.1784],[-6.7009,42.1723],[-6.7045,42.1686],[-6.7033,42.1659],[-6.6932,42.1623],[-6.6913,42.1723]],[[-6.7034,42.1658],[-6.7032,42.1658],[-6.7034,42.1658],[-6.7034,42.1658]],[[-6.6862,42.1562],[-6.6862,42.1562],[-6.6862,42.1562],[-6.6862,42.1562]],[[-6.6884,42.1575],[-6.6884,42.1575],[-6.6884,42.1575],[-6.6884,42.1575]],[[-6.7008,42.1555],[-6.7009,42.1555],[-6.7009,42.1555],[-6.7008,42.1555]],[[-6.7021,42.1556],[-6.7022,42.1556],[-6.7022,42.1556],[-6.7021,42.1556]],[[-6.7036,42.1563],[-6.7035,42.1562],[-6.7035,42.1562],[-6.7036,42.1563]],[[-6.7088,42.1554],[-6.7088,42.1554],[-6.7088,42.1554],[-6.7088,42.1554]],[[-6.71,42.155],[-6.7098,42.1548],[-6.7097,42.155],[-6.71,42.155]],[[-6.7101,42.1543],[-6.7103,42.1544],[-6.7103,42.1543],[-6.7101,42.1543]],[[-6.7157,42.1546],[-6.7154,42.1544],[-6.7154,42.1544],[-6.7157,42.1546]],[[-6.7158,42.1547],[-6.716,42.1549],[-6.716,42.1547],[-6.7158,42.1547]],[[-6.7213,42.1547],[-6.7214,42.1547],[-6.7215,42.1547],[-6.7213,42.1547]],[[-6.7218,42.1547],[-6.7218,42.1547],[-6.7218,42.1547],[-6.7218,42.1547]],[[-6.7321,42.1581],[-6.7321,42.1581],[-6.7321,42.1581],[-6.7321,42.1581]],[[-6.7471,42.1501],[-6.7471,42.1501],[-6.7471,42.1501],[-6.7471,42.1501]],[[-6.7471,42.1496],[-6.7471,42.1497],[-6.7471,42.1497],[-6.7471,42.1496]],[[-6.7473,42.1496],[-6.7473,42.1495],[-6.7472,42.1496],[-6.7473,42.1496]],[[-6.7483,42.1478],[-6.7486,42.1502],[-6.7487,42.1482],[-6.75,42.147],[-6.7483,42.1478]],[[-6.7493,42.1484],[-6.7493,42.1484],[-6.7493,42.1484],[-6.7493,42.1484]],[[-6.7437,42.1466],[-6.7447,42.1462],[-6.7449,42.1461],[-6.7441,42.1459],[-6.7437,42.1466]],[[-6.7446,42.1453],[-6.7447,42.1454],[-6.7447,42.1453],[-6.7446,42.1453]],[[-6.746,42.1382],[-6.7466,42.1389],[-6.747,42.1387],[-6.746,42.1382]],[[-6.7473,42.1406],[-6.7469,42.1461],[-6.7508,42.1462],[-6.751,42.1477],[-6.7519,42.1463],[-6.7548,42.1458],[-6.7545,42.1466],[-6.7548,42.1466],[-6.7548,42.1463],[-6.7551,42.1463],[-6.7551,42.146],[-6.7554,42.146],[-6.7554,42.1466],[-6.7563,42.1468],[-6.755,42.1451],[-6.7541,42.1451],[-6.7544,42.1419],[-6.7564,42.1423],[-6.7559,42.1415],[-6.7539,42.1412],[-6.7538,42.1427],[-6.7526,42.1421],[-6.753,42.1414],[-6.7518,42.1412],[-6.7532,42.1435],[-6.7499,42.1437],[-6.7477,42.1414],[-6.7494,42.1408],[-6.75,42.1412],[-6.7499,42.1422],[-6.7503,42.1422],[-6.7503,42.1424],[-6.7505,42.1424],[-6.7511,42.1385],[-6.7498,42.1408],[-6.7473,42.1406]],[[-6.747,42.1412],[-6.747,42.1412],[-6.747,42.1412],[-6.747,42.1412]],[[-6.7551,42.1465],[-6.755,42.1465],[-6.7551,42.1465],[-6.7551,42.1465]],[[-6.7551,42.1463],[-6.7552,42.1462],[-6.7551,42.1462],[-6.7551,42.1463]],[[-6.7564,42.1469],[-6.7564,42.1469],[-6.7566,42.1469],[-6.7564,42.1469]],[[-6.7564,42.1468],[-6.7564,42.1468],[-6.7564,42.1468],[-6.7564,42.1468]],[[-6.7563,42.1468],[-6.7563,42.1468],[-6.7563,42.1468],[-6.7563,42.1468]],[[-6.7539,42.1407],[-6.7538,42.1411],[-6.7542,42.141],[-6.7539,42.1407]],[[-6.7539,42.1407],[-6.7539,42.1406],[-6.7539,42.1406],[-6.7539,42.1407]],[[-6.7538,42.1406],[-6.7538,42.1405],[-6.7538,42.1405],[-6.7538,42.1406]],[[-6.7536,42.14],[-6.7536,42.1402],[-6.7536,42.1401],[-6.7536,42.14]],[[-6.7536,42.1399],[-6.7533,42.1395],[-6.7533,42.1399],[-6.7536,42.1399]],[[-6.7539,42.1392],[-6.7536,42.1395],[-6.7539,42.1394],[-6.7539,42.1392]],[[-6.7536,42.1392],[-6.7538,42.1391],[-6.7535,42.1391],[-6.7536,42.1392]],[[-6.7534,42.1388],[-6.7529,42.1389],[-6.7535,42.1393],[-6.7534,42.1388]],[[-6.7532,42.1381],[-6.7529,42.1385],[-6.7532,42.1387],[-6.7532,42.1381]],[[-6.7528,42.1376],[-6.7528,42.1376],[-6.7528,42.1376],[-6.7528,42.1376]],[[-6.7528,42.1375],[-6.7538,42.1379],[-6.7532,42.1373],[-6.7528,42.1375]],[[-6.7524,42.1244],[-6.7524,42.1244],[-6.7524,42.1244],[-6.7524,42.1244]],[[-6.763,42.1236],[-6.763,42.1236],[-6.763,42.1236],[-6.763,42.1236]],[[-6.8717,42.1495],[-6.8717,42.1495],[-6.8717,42.1495],[-6.8717,42.1495]],[[-6.8966,42.1591],[-6.8965,42.1592],[-6.8967,42.1592],[-6.8966,42.1591]],[[-6.8818,42.1672],[-6.8818,42.1673],[-6.8818,42.1673],[-6.8818,42.1672]],[[-6.8583,42.2115],[-6.8579,42.2119],[-6.8583,42.2117],[-6.8583,42.2115]],[[-6.8599,42.2106],[-6.8599,42.2106],[-6.8599,42.2106],[-6.8599,42.2106]],[[-6.86,42.2105],[-6.86,42.2105],[-6.86,42.2105],[-6.86,42.2105]],[[-6.86,42.2104],[-6.86,42.2104],[-6.86,42.2104],[-6.86,42.2104]],[[-6.8525,42.2143],[-6.8527,42.2145],[-6.8527,42.2144],[-6.8525,42.2143]],[[-6.7969,42.2907],[-6.7968,42.2905],[-6.7965,42.2905],[-6.7969,42.2907]],[[-6.7968,42.2907],[-6.7968,42.2907],[-6.7968,42.2907],[-6.7968,42.2907]],[[-6.7969,42.2907],[-6.7969,42.2908],[-6.7969,42.2907],[-6.7969,42.2907]],[[-6.7922,42.2778],[-6.7922,42.2778],[-6.7922,42.2778],[-6.7922,42.2778]],[[-6.8196,42.2768],[-6.8196,42.2767],[-6.8196,42.2768],[-6.8196,42.2768]],[[-6.8186,42.2767],[-6.8167,42.2765],[-6.8165,42.2771],[-6.8186,42.2767]],[[-6.8168,42.2763],[-6.8169,42.2763],[-6.8168,42.2763],[-6.8168,42.2763]],[[-6.8166,42.2764],[-6.8165,42.2765],[-6.8167,42.2764],[-6.8166,42.2764]],[[-6.8165,42.2765],[-6.8165,42.2765],[-6.8165,42.2765],[-6.8165,42.2765]],[[-6.8131,42.2832],[-6.8131,42.2833],[-6.8132,42.2832],[-6.8131,42.2832]],[[-6.8157,42.2882],[-6.8154,42.2881],[-6.8154,42.2882],[-6.8155,42.2882],[-6.8157,42.2882]],[[-6.8158,42.2882],[-6.8158,42.2882],[-6.8158,42.2882],[-6.8158,42.2882]],[[-6.8168,42.2892],[-6.8168,42.2892],[-6.8168,42.2892],[-6.8168,42.2892]],[[-6.8178,42.2931],[-6.8165,42.2932],[-6.816,42.2942],[-6.8178,42.2931]],[[-6.8165,42.2959],[-6.8165,42.2959],[-6.8165,42.2959],[-6.8165,42.2959]],[[-6.8165,42.296],[-6.8165,42.296],[-6.8165,42.296],[-6.8165,42.296]],[[-6.8165,42.296],[-6.8165,42.2961],[-6.8165,42.296],[-6.8165,42.296]],[[-6.8193,42.2893],[-6.8202,42.2891],[-6.8218,42.289],[-6.8227,42.2878],[-6.8193,42.2893]],[[-6.8257,42.2831],[-6.8257,42.2831],[-6.8257,42.2831],[-6.8257,42.2831]],[[-6.8286,42.2808],[-6.8287,42.2808],[-6.8287,42.2808],[-6.8286,42.2808]],[[-6.8262,42.2808],[-6.8262,42.2808],[-6.8262,42.2808],[-6.8262,42.2808]],[[-6.8262,42.2804],[-6.8261,42.2804],[-6.8261,42.2804],[-6.8262,42.2804]],[[-6.8261,42.2805],[-6.8261,42.2804],[-6.8261,42.2805],[-6.8261,42.2805]],[[-6.826,42.2805],[-6.826,42.2805],[-6.8259,42.2806],[-6.826,42.2805]],[[-6.8241,42.2814],[-6.8241,42.2814],[-6.8241,42.2814],[-6.8241,42.2814]],[[-6.824,42.2816],[-6.8241,42.2814],[-6.8239,42.2815],[-6.824,42.2816]],[[-6.8243,42.2822],[-6.8243,42.2817],[-6.824,42.2817],[-6.8243,42.2822]],[[-6.8235,42.2861],[-6.8235,42.2861],[-6.8235,42.2861],[-6.8235,42.2861]],[[-6.823,42.2875],[-6.823,42.2875],[-6.8231,42.2875],[-6.823,42.2875]],[[-6.8205,42.2884],[-6.8206,42.2883],[-6.8204,42.2884],[-6.8205,42.2884]],[[-6.8203,42.2884],[-6.8204,42.2884],[-6.8204,42.2884],[-6.8203,42.2884]],[[-6.8193,42.2898],[-6.8193,42.2898],[-6.8193,42.2898],[-6.8193,42.2898]],[[-6.8182,42.288],[-6.8182,42.288],[-6.8182,42.2879],[-6.8182,42.288]],[[-6.8148,42.2877],[-6.8148,42.2877],[-6.8148,42.2877],[-6.8148,42.2877]],[[-6.8139,42.2841],[-6.8139,42.2841],[-6.8139,42.2841],[-6.8139,42.2841]],[[-6.8155,42.2838],[-6.8155,42.2838],[-6.8155,42.2838],[-6.8155,42.2838]],[[-6.8155,42.2838],[-6.8155,42.2838],[-6.8155,42.2838],[-6.8155,42.2838]],[[-6.8156,42.2836],[-6.8155,42.2835],[-6.8155,42.2836],[-6.8156,42.2836]],[[-6.8156,42.2811],[-6.8156,42.2811],[-6.8156,42.2811],[-6.8156,42.2811]],[[-6.8165,42.2765],[-6.8165,42.2765],[-6.8165,42.2765],[-6.8165,42.2765]],[[-6.799,42.2849],[-6.799,42.2849],[-6.799,42.2849],[-6.799,42.2849]],[[-6.6933,42.2641],[-6.6976,42.2624],[-6.6983,42.2615],[-6.701,42.2615],[-6.702,42.2611],[-6.6994,42.2608],[-6.6942,42.2633],[-6.6896,42.2643],[-6.6933,42.2641]],[[-6.7039,42.2597],[-6.7126,42.2547],[-6.7149,42.2555],[-6.7206,42.2543],[-6.7226,42.2523],[-6.71,42.2554],[-6.706,42.2575],[-6.7039,42.2597]],[[-6.7127,42.255],[-6.7126,42.255],[-6.7126,42.2551],[-6.7127,42.255]],[[-6.7197,42.2522],[-6.7196,42.2522],[-6.7196,42.2522],[-6.7197,42.2522]],[[-6.7038,42.2597],[-6.7038,42.2597],[-6.7038,42.2597],[-6.7038,42.2597]],[[-6.7038,42.2597],[-6.7038,42.2597],[-6.7038,42.2597],[-6.7038,42.2597]],[[-6.7044,42.2598],[-6.7023,42.2607],[-6.7022,42.2609],[-6.7044,42.2598]],[[-6.7226,42.2523],[-6.7226,42.2523],[-6.7226,42.2523],[-6.7226,42.2523]],[[-6.7182,42.252],[-6.7214,42.2516],[-6.721,42.2509],[-6.7222,42.2504],[-6.723,42.2496],[-6.7235,42.2494],[-6.7237,42.2492],[-6.7237,42.2491],[-6.7182,42.252]],[[-6.7211,42.2517],[-6.721,42.2518],[-6.7212,42.2518],[-6.7211,42.2517]],[[-6.7178,42.2525],[-6.7183,42.2524],[-6.7178,42.2524],[-6.7178,42.2525]],[[-6.7129,42.2544],[-6.7129,42.2544],[-6.7129,42.2544],[-6.7129,42.2544]],[[-6.71,42.2552],[-6.71,42.2553],[-6.71,42.2553],[-6.71,42.2552]],[[-6.71,42.2553],[-6.71,42.2553],[-6.71,42.2553],[-6.71,42.2553]],[[-6.7099,42.2554],[-6.7099,42.2554],[-6.7099,42.2554],[-6.7099,42.2554]],[[-6.6876,42.2552],[-6.687,42.2556],[-6.6875,42.2559],[-6.6876,42.2552]],[[-6.7074,42.237],[-6.7074,42.237],[-6.7074,42.2371],[-6.7074,42.237]],[[-6.7074,42.237],[-6.7073,42.237],[-6.7073,42.237],[-6.7074,42.237]],[[-6.7059,42.238],[-6.7059,42.238],[-6.7059,42.238],[-6.7059,42.238]],[[-6.7016,42.2357],[-6.7016,42.2357],[-6.7016,42.2357],[-6.7016,42.2357]],[[-6.702,42.2356],[-6.702,42.2356],[-6.702,42.2356],[-6.702,42.2356]],[[-6.702,42.2356],[-6.702,42.2356],[-6.702,42.2356],[-6.702,42.2356]],[[-6.7049,42.2378],[-6.7048,42.2375],[-6.7046,42.2376],[-6.7049,42.2378]],[[-6.7008,42.2348],[-6.7008,42.2347],[-6.7007,42.2348],[-6.7008,42.2348]],[[-6.6938,42.2327],[-6.6934,42.2328],[-6.6938,42.2328],[-6.6938,42.2327]],[[-6.6874,42.2336],[-6.6876,42.2336],[-6.6877,42.2335],[-6.6874,42.2336]],[[-6.6859,42.2335],[-6.6869,42.2341],[-6.6868,42.2338],[-6.6871,42.2336],[-6.6859,42.2335]],[[-6.6869,42.2338],[-6.687,42.2339],[-6.6871,42.2338],[-6.6869,42.2338]],[[-6.6861,42.2341],[-6.686,42.2344],[-6.6866,42.2344],[-6.6861,42.2341]],[[-6.6857,42.2345],[-6.6848,42.2353],[-6.6865,42.2349],[-6.6857,42.2345]],[[-6.6848,42.2349],[-6.6849,42.2348],[-6.685,42.2348],[-6.6849,42.2348],[-6.6848,42.2349]],[[-6.6848,42.235],[-6.6848,42.2351],[-6.6848,42.235],[-6.6848,42.235]],[[-6.6848,42.2351],[-6.6848,42.2351],[-6.6848,42.2351],[-6.6848,42.2351]],[[-6.681,42.2245],[-6.68,42.2235],[-6.6803,42.2243],[-6.681,42.2245]],[[-6.6804,42.2232],[-6.6799,42.2231],[-6.68,42.2234],[-6.6804,42.2232]],[[-6.68,42.2235],[-6.68,42.2235],[-6.68,42.2235],[-6.68,42.2235]],[[-6.6804,42.2244],[-6.6803,42.225],[-6.6808,42.2246],[-6.6804,42.2244]],[[-6.6799,42.2245],[-6.6797,42.2251],[-6.6793,42.2252],[-6.6796,42.2254],[-6.6799,42.2245]],[[-6.6795,42.2255],[-6.6797,42.2259],[-6.6799,42.2258],[-6.6795,42.2255]],[[-6.6792,42.2259],[-6.6791,42.2261],[-6.6793,42.226],[-6.6792,42.2259]],[[-6.6793,42.2262],[-6.6786,42.2263],[-6.6788,42.2268],[-6.6793,42.2262]],[[-6.6837,42.2161],[-6.6839,42.215],[-6.683,42.2159],[-6.6824,42.2155],[-6.6826,42.2161],[-6.6837,42.2161]],[[-6.6827,42.2154],[-6.6828,42.2156],[-6.683,42.2155],[-6.6827,42.2154]],[[-6.6848,42.2151],[-6.6852,42.2157],[-6.6853,42.2153],[-6.6848,42.2151]],[[-6.6821,42.2158],[-6.6819,42.2162],[-6.6816,42.2163],[-6.6819,42.2163],[-6.6821,42.2158]],[[-6.7094,42.1958],[-6.7093,42.1957],[-6.7093,42.1958],[-6.7094,42.1958]],[[-6.7093,42.196],[-6.7093,42.196],[-6.7093,42.1959],[-6.7093,42.196]],[[-6.705,42.1821],[-6.705,42.181],[-6.7036,42.1813],[-6.705,42.1821]],[[-6.7107,42.1785],[-6.7128,42.1803],[-6.7135,42.1798],[-6.7107,42.1785]],[[-6.7137,42.1799],[-6.7139,42.1827],[-6.7134,42.1828],[-6.7137,42.1831],[-6.7144,42.1827],[-6.7144,42.1816],[-6.7161,42.1823],[-6.7173,42.1818],[-6.7137,42.1799]],[[-6.7136,42.1799],[-6.7136,42.1799],[-6.7136,42.1799],[-6.7136,42.1799]],[[-6.7172,42.1819],[-6.7172,42.1819],[-6.7172,42.1819],[-6.7172,42.1819]],[[-6.7112,42.1771],[-6.7112,42.1771],[-6.7112,42.1771],[-6.7112,42.1771]],[[-6.7112,42.1771],[-6.7113,42.1771],[-6.7112,42.177],[-6.7112,42.1771]],[[-6.7104,42.1771],[-6.7106,42.1768],[-6.7104,42.1763],[-6.7104,42.1771]],[[-6.7113,42.1772],[-6.7114,42.177],[-6.7113,42.177],[-6.7113,42.1772]],[[-6.7099,42.1757],[-6.7099,42.1757],[-6.7099,42.1757],[-6.7099,42.1757]],[[-6.7089,42.1735],[-6.711,42.1734],[-6.7103,42.1727],[-6.7089,42.1735]],[[-6.7089,42.1738],[-6.7089,42.1739],[-6.7089,42.1737],[-6.7089,42.1738]],[[-6.7091,42.1745],[-6.7091,42.1745],[-6.7091,42.1745],[-6.7091,42.1745]],[[-6.7091,42.1748],[-6.7091,42.1748],[-6.7091,42.1748],[-6.7091,42.1748]],[[-6.7095,42.1754],[-6.7095,42.1754],[-6.7095,42.1754],[-6.7095,42.1754]],[[-6.7086,42.1735],[-6.7086,42.1736],[-6.7086,42.1735],[-6.7086,42.1735]],[[-6.7079,42.1747],[-6.7085,42.1748],[-6.7085,42.1744],[-6.7079,42.1747]],[[-6.7083,42.1751],[-6.7083,42.1751],[-6.7083,42.1748],[-6.7083,42.1751]],[[-6.7085,42.1755],[-6.7088,42.1754],[-6.7085,42.1753],[-6.7085,42.1755]],[[-6.7115,42.1537],[-6.7115,42.1538],[-6.7115,42.1537],[-6.7115,42.1537]],[[-6.7115,42.1545],[-6.7115,42.1546],[-6.7115,42.1546],[-6.7115,42.1545]],[[-6.7494,42.1483],[-6.7494,42.1483],[-6.7494,42.1483],[-6.7494,42.1483]],[[-6.7465,42.146],[-6.7465,42.146],[-6.7464,42.146],[-6.7465,42.146]],[[-6.7464,42.146],[-6.7464,42.1461],[-6.7464,42.1461],[-6.7464,42.146]],[[-6.7487,42.1467],[-6.7487,42.1467],[-6.7487,42.1467],[-6.7487,42.1467]],[[-6.6939,42.2284],[-6.6995,42.2286],[-6.6966,42.2267],[-6.6939,42.2284]],[[-6.6986,42.2278],[-6.6986,42.2278],[-6.6986,42.2278],[-6.6986,42.2278]],[[-6.695,42.2238],[-6.6952,42.2238],[-6.695,42.2237],[-6.695,42.2238]],[[-6.695,42.2236],[-6.695,42.2236],[-6.695,42.2236],[-6.695,42.2236]],[[-6.7,42.2245],[-6.7001,42.2246],[-6.7001,42.2245],[-6.7,42.2245]],[[-6.702,42.2237],[-6.7002,42.2248],[-6.6995,42.2252],[-6.7001,42.2256],[-6.7017,42.2257],[-6.7021,42.226],[-6.702,42.2237]],[[-6.7024,42.2237],[-6.7022,42.2234],[-6.7021,42.2236],[-6.7024,42.2237]],[[-6.7017,42.2258],[-6.7017,42.2259],[-6.7017,42.2259],[-6.7017,42.2258]],[[-6.7069,42.2261],[-6.7069,42.2267],[-6.7076,42.2267],[-6.7069,42.2261]],[[-6.7069,42.2261],[-6.707,42.2261],[-6.707,42.2261],[-6.7069,42.2261]],[[-6.7069,42.2267],[-6.7069,42.2268],[-6.707,42.2267],[-6.7069,42.2267]],[[-6.7068,42.2268],[-6.7068,42.2267],[-6.7068,42.2267],[-6.7068,42.2268]],[[-6.7098,42.2225],[-6.7097,42.2224],[-6.7097,42.2225],[-6.7098,42.2225]],[[-6.7104,42.2221],[-6.7103,42.2221],[-6.7103,42.2221],[-6.7104,42.2221]],[[-6.7099,42.2223],[-6.7102,42.2221],[-6.7099,42.2221],[-6.7099,42.2223]],[[-6.7099,42.2223],[-6.7099,42.2223],[-6.7099,42.2223],[-6.7099,42.2223]],[[-6.7055,42.2233],[-6.7049,42.2233],[-6.7055,42.2236],[-6.7055,42.2233]],[[-6.7069,42.2234],[-6.7069,42.2231],[-6.7061,42.223],[-6.7069,42.2234]],[[-6.705,42.2227],[-6.7048,42.2227],[-6.7048,42.2227],[-6.705,42.2227]],[[-6.7226,42.2233],[-6.7223,42.2238],[-6.7228,42.2236],[-6.7226,42.2233]],[[-6.7225,42.214],[-6.7225,42.2138],[-6.7225,42.2136],[-6.7225,42.214]],[[-6.7212,42.2128],[-6.7199,42.2128],[-6.7214,42.2133],[-6.7212,42.2128]],[[-6.7164,42.207],[-6.7165,42.206],[-6.7157,42.2066],[-6.7164,42.207]],[[-6.717,42.2024],[-6.7163,42.2015],[-6.7157,42.2015],[-6.717,42.2024]],[[-6.7165,42.2015],[-6.7165,42.2015],[-6.7164,42.2015],[-6.7165,42.2015]],[[-6.7128,42.1966],[-6.7121,42.1962],[-6.7119,42.1955],[-6.712,42.1962],[-6.7128,42.1966]],[[-6.714,42.196],[-6.714,42.196],[-6.714,42.196],[-6.714,42.196]],[[-6.7136,42.1961],[-6.7134,42.1959],[-6.7134,42.1959],[-6.7136,42.1961]],[[-6.7138,42.1955],[-6.7138,42.1954],[-6.7138,42.1955],[-6.7138,42.1955]],[[-6.714,42.1956],[-6.7143,42.1955],[-6.7139,42.1955],[-6.714,42.1956]],[[-6.7129,42.1948],[-6.7138,42.1929],[-6.7116,42.1937],[-6.7116,42.1947],[-6.7129,42.1948]],[[-6.7115,42.1946],[-6.7115,42.1946],[-6.7115,42.1946],[-6.7115,42.1946]],[[-6.7115,42.1946],[-6.7115,42.1946],[-6.7115,42.1946],[-6.7115,42.1946]],[[-6.7152,42.1955],[-6.7152,42.1956],[-6.7152,42.1956],[-6.7152,42.1955]],[[-6.7157,42.1957],[-6.7153,42.1954],[-6.7153,42.1954],[-6.7152,42.1954],[-6.7157,42.1957]],[[-6.7128,42.1949],[-6.7129,42.1949],[-6.7129,42.1949],[-6.7128,42.1949]],[[-6.7129,42.195],[-6.713,42.1949],[-6.7129,42.1949],[-6.7129,42.195]],[[-6.7137,42.1954],[-6.7137,42.1954],[-6.7137,42.1954],[-6.7137,42.1954]],[[-6.7144,42.1841],[-6.7139,42.1842],[-6.7145,42.1842],[-6.7144,42.1841]],[[-6.8554,42.2487],[-6.8566,42.2504],[-6.8576,42.2494],[-6.8554,42.2487]],[[-6.8551,42.2491],[-6.8551,42.2486],[-6.8542,42.2484],[-6.8547,42.2493],[-6.8551,42.2491]],[[-6.8502,42.2464],[-6.85,42.2465],[-6.8501,42.2466],[-6.8502,42.2464]],[[-6.8488,42.2563],[-6.8488,42.2563],[-6.8488,42.2563],[-6.8488,42.2563]],[[-6.8488,42.2562],[-6.8518,42.2557],[-6.8498,42.255],[-6.8488,42.2562]],[[-6.8019,42.2917],[-6.8019,42.2917],[-6.8019,42.2917],[-6.8019,42.2917]],[[-6.8047,42.2903],[-6.8047,42.2903],[-6.8046,42.2903],[-6.8047,42.2903]],[[-6.8047,42.2903],[-6.8047,42.2903],[-6.8047,42.2903],[-6.8047,42.2903]],[[-6.8063,42.2896],[-6.8063,42.2896],[-6.8062,42.2896],[-6.8063,42.2896]],[[-6.8014,42.286],[-6.8014,42.2859],[-6.8012,42.2861],[-6.8014,42.286]],[[-6.8042,42.2768],[-6.8042,42.2768],[-6.8042,42.2768],[-6.8042,42.2768]],[[-6.8027,42.2766],[-6.8027,42.2766],[-6.8027,42.2766],[-6.8027,42.2766]],[[-6.7981,42.2755],[-6.798,42.2755],[-6.798,42.2755],[-6.7981,42.2755]],[[-6.7976,42.2759],[-6.7975,42.2759],[-6.7976,42.2759],[-6.7976,42.2759]],[[-6.7938,42.2743],[-6.7938,42.2743],[-6.7938,42.2743],[-6.7938,42.2743]],[[-6.8012,42.2662],[-6.8012,42.2662],[-6.8012,42.2662],[-6.8012,42.2662]],[[-6.7901,42.2724],[-6.7901,42.2724],[-6.7901,42.2724],[-6.7901,42.2724]],[[-6.7956,42.2821],[-6.7956,42.2821],[-6.7956,42.2821],[-6.7956,42.2821]],[[-6.7916,42.2734],[-6.7915,42.2733],[-6.7915,42.2734],[-6.7916,42.2734]],[[-6.7998,42.2678],[-6.8002,42.2675],[-6.7996,42.2676],[-6.7998,42.2678]],[[-6.7399,42.2675],[-6.7439,42.2645],[-6.7419,42.2653],[-6.7398,42.2669],[-6.7399,42.2675]],[[-6.744,42.2648],[-6.7442,42.2646],[-6.7441,42.2646],[-6.744,42.2648]],[[-6.7447,42.2644],[-6.7443,42.2643],[-6.7441,42.2645],[-6.7447,42.2644]],[[-6.6994,42.2479],[-6.7025,42.2485],[-6.7012,42.2477],[-6.6994,42.2479]],[[-6.7004,42.2497],[-6.7005,42.2495],[-6.7004,42.2495],[-6.7004,42.2497]],[[-6.7058,42.2466],[-6.7054,42.2461],[-6.7049,42.2461],[-6.7058,42.2466]],[[-6.7052,42.2463],[-6.7052,42.2464],[-6.7052,42.2464],[-6.7052,42.2463]],[[-6.7147,42.1988],[-6.7152,42.1988],[-6.7148,42.1986],[-6.7147,42.1988]],[[-6.7149,42.1986],[-6.7149,42.1986],[-6.7149,42.1986],[-6.7149,42.1986]],[[-6.7087,42.1872],[-6.7079,42.1874],[-6.7089,42.1879],[-6.7087,42.1872]],[[-6.7076,42.1878],[-6.7076,42.1877],[-6.7076,42.1877],[-6.7076,42.1878]],[[-6.7052,42.185],[-6.7052,42.1854],[-6.7054,42.1851],[-6.7052,42.185]],[[-6.7046,42.1852],[-6.7043,42.1856],[-6.7047,42.1855],[-6.7046,42.1852]],[[-6.7053,42.1855],[-6.7052,42.1855],[-6.7053,42.1855],[-6.7053,42.1855]],[[-6.7149,42.1827],[-6.7146,42.1828],[-6.7155,42.1828],[-6.7149,42.1827]],[[-6.7108,42.1755],[-6.7108,42.1756],[-6.7108,42.1756],[-6.7108,42.1755]],[[-6.7108,42.1756],[-6.7108,42.1756],[-6.7108,42.1756],[-6.7108,42.1756]],[[-6.7014,42.1641],[-6.7015,42.1641],[-6.7015,42.164],[-6.7014,42.1641]],[[-6.7024,42.164],[-6.7024,42.164],[-6.7024,42.164],[-6.7024,42.164]],[[-6.7021,42.1638],[-6.7025,42.1638],[-6.7037,42.1641],[-6.7031,42.1636],[-6.7021,42.1638]],[[-6.7029,42.164],[-6.7029,42.164],[-6.7029,42.164],[-6.7029,42.164]],[[-6.702,42.164],[-6.7011,42.1636],[-6.7011,42.1637],[-6.702,42.164]],[[-6.7038,42.1632],[-6.7034,42.1634],[-6.7038,42.1634],[-6.7038,42.1632]],[[-6.703,42.1628],[-6.7033,42.1625],[-6.703,42.1627],[-6.703,42.1628]],[[-6.7037,42.1629],[-6.7036,42.1628],[-6.7036,42.1629],[-6.7037,42.1629]],[[-6.703,42.1632],[-6.703,42.1631],[-6.703,42.1632],[-6.703,42.1632]],[[-6.7031,42.1631],[-6.7032,42.1631],[-6.7032,42.1631],[-6.7031,42.1631]],[[-6.7099,42.1639],[-6.7091,42.1626],[-6.7089,42.1653],[-6.7094,42.1638],[-6.7099,42.1639]],[[-6.7083,42.1628],[-6.7083,42.1627],[-6.7083,42.1628],[-6.7083,42.1628]],[[-6.7085,42.1629],[-6.7087,42.1628],[-6.7084,42.1628],[-6.7085,42.1629]],[[-6.7087,42.1648],[-6.7088,42.1647],[-6.7086,42.1647],[-6.7087,42.1648],[-6.7087,42.1648]],[[-6.7087,42.1648],[-6.7087,42.1648],[-6.7087,42.1648],[-6.7087,42.1648]],[[-6.7093,42.1659],[-6.7091,42.1659],[-6.7093,42.166],[-6.7093,42.1659]],[[-6.718,42.1529],[-6.718,42.153],[-6.7181,42.153],[-6.718,42.1529]],[[-6.7567,42.147],[-6.7566,42.147],[-6.7566,42.147],[-6.7567,42.147]],[[-6.7569,42.1471],[-6.7568,42.147],[-6.7568,42.1471],[-6.7569,42.1471]],[[-6.757,42.1471],[-6.757,42.1473],[-6.7571,42.1472],[-6.757,42.1471]],[[-6.7588,42.1482],[-6.7609,42.1501],[-6.7634,42.1508],[-6.7613,42.1486],[-6.7588,42.1482]],[[-6.7628,42.1463],[-6.7636,42.1454],[-6.7626,42.1458],[-6.7628,42.1463]],[[-6.754,42.1332],[-6.7542,42.1325],[-6.7534,42.1333],[-6.754,42.1332]],[[-6.7673,42.1269],[-6.7677,42.1263],[-6.7665,42.1258],[-6.7673,42.1269]],[[-6.7674,42.1257],[-6.768,42.1243],[-6.7664,42.1252],[-6.7674,42.1257]],[[-6.7687,42.1259],[-6.7702,42.1267],[-6.7705,42.126],[-6.7687,42.1259]],[[-6.7706,42.1276],[-6.7704,42.1269],[-6.7703,42.1269],[-6.7706,42.1276]],[[-6.7793,42.1296],[-6.7793,42.1296],[-6.7794,42.1296],[-6.7793,42.1296]],[[-6.7932,42.1299],[-6.7933,42.13],[-6.7933,42.1299],[-6.7932,42.1299]],[[-6.8124,42.1277],[-6.8124,42.1277],[-6.8124,42.1277],[-6.8124,42.1277]],[[-6.8895,42.1644],[-6.8895,42.1644],[-6.8895,42.1644],[-6.8895,42.1644]],[[-6.8893,42.1622],[-6.8893,42.1622],[-6.8893,42.1622],[-6.8893,42.1622]],[[-6.8893,42.1619],[-6.8893,42.1618],[-6.8893,42.1618],[-6.8893,42.1619]],[[-6.7165,42.1938],[-6.7165,42.1938],[-6.7165,42.1938],[-6.7165,42.1938]],[[-6.7164,42.1938],[-6.7155,42.1935],[-6.7155,42.194],[-6.7164,42.1938]],[[-6.716,42.1933],[-6.716,42.1935],[-6.7162,42.1934],[-6.716,42.1933]],[[-6.7654,42.1538],[-6.7657,42.1542],[-6.7664,42.1539],[-6.7654,42.1538]],[[-6.7648,42.1546],[-6.7648,42.1546],[-6.7648,42.1546],[-6.7648,42.1546]],[[-6.7647,42.1546],[-6.7648,42.1546],[-6.7648,42.1546],[-6.7647,42.1546]],[[-6.7645,42.1546],[-6.7591,42.1557],[-6.7601,42.1594],[-6.7567,42.159],[-6.7565,42.1594],[-6.7599,42.1595],[-6.7684,42.1621],[-6.7678,42.1615],[-6.7702,42.1617],[-6.7606,42.1586],[-6.7602,42.1569],[-6.7613,42.1554],[-6.7674,42.1564],[-6.7659,42.156],[-6.7645,42.1546]],[[-6.7705,42.1618],[-6.7701,42.1619],[-6.7704,42.1618],[-6.7705,42.1618]],[[-6.7617,42.1543],[-6.7618,42.1543],[-6.7618,42.1543],[-6.7617,42.1543]],[[-6.7586,42.1595],[-6.7587,42.1595],[-6.7587,42.1595],[-6.7586,42.1595]],[[-6.7595,42.1596],[-6.7596,42.1595],[-6.7595,42.1596],[-6.7595,42.1596]],[[-6.7647,42.1615],[-6.7644,42.1614],[-6.7644,42.1615],[-6.7647,42.1615]],[[-6.7702,42.161],[-6.77,42.1612],[-6.7701,42.1612],[-6.7702,42.161]],[[-6.766,42.1559],[-6.7659,42.1559],[-6.766,42.156],[-6.766,42.1559]],[[-6.7673,42.1599],[-6.7673,42.1599],[-6.7673,42.1599],[-6.7673,42.1599]],[[-6.7673,42.1601],[-6.7673,42.1601],[-6.7673,42.1601],[-6.7673,42.1601]],[[-6.7672,42.1601],[-6.7671,42.1601],[-6.7671,42.1601],[-6.7672,42.1601]],[[-6.7668,42.1598],[-6.7668,42.1598],[-6.7668,42.1598],[-6.7668,42.1598]],[[-6.7668,42.1598],[-6.7668,42.1598],[-6.7668,42.1598],[-6.7668,42.1598]],[[-6.7613,42.1559],[-6.7611,42.156],[-6.7611,42.1561],[-6.7611,42.1561],[-6.7613,42.156],[-6.7613,42.1559]],[[-6.7837,42.158],[-6.7837,42.158],[-6.7838,42.158],[-6.7837,42.158]],[[-6.7787,42.1559],[-6.779,42.1558],[-6.7787,42.1559],[-6.7787,42.1559]],[[-6.7733,42.1558],[-6.7733,42.1558],[-6.7733,42.1558],[-6.7733,42.1558]],[[-6.7551,42.1564],[-6.7572,42.1547],[-6.7551,42.1558],[-6.7551,42.1564]],[[-6.755,42.1566],[-6.7551,42.1565],[-6.755,42.1565],[-6.755,42.1566]],[[-6.7557,42.1566],[-6.7557,42.1566],[-6.7557,42.1566],[-6.7557,42.1566]],[[-6.756,42.1566],[-6.756,42.1566],[-6.756,42.1566],[-6.756,42.1566]],[[-6.756,42.1566],[-6.7551,42.1569],[-6.7564,42.1573],[-6.756,42.1566]],[[-6.7685,42.1622],[-6.7685,42.1622],[-6.7686,42.1622],[-6.7685,42.1622]],[[-6.7684,42.1621],[-6.7684,42.1622],[-6.7684,42.1622],[-6.7684,42.1621]],[[-6.7685,42.1621],[-6.7686,42.1621],[-6.7686,42.1621],[-6.7685,42.1621]],[[-6.7686,42.1622],[-6.7686,42.1622],[-6.7686,42.1622],[-6.7686,42.1622]],[[-6.7686,42.162],[-6.7686,42.162],[-6.7686,42.162],[-6.7686,42.162]],[[-6.7686,42.162],[-6.7685,42.162],[-6.7685,42.162],[-6.7686,42.162]],[[-6.7637,42.1575],[-6.7636,42.1576],[-6.7638,42.1576],[-6.7637,42.1575]],[[-6.7639,42.1575],[-6.7639,42.1577],[-6.7644,42.1577],[-6.7637,42.1571],[-6.7639,42.1575]],[[-6.7639,42.1576],[-6.7638,42.1575],[-6.7638,42.1576],[-6.7639,42.1576]],[[-6.7642,42.1573],[-6.7641,42.1573],[-6.7641,42.1573],[-6.7642,42.1573]],[[-6.7643,42.1577],[-6.7643,42.1577],[-6.7643,42.1577],[-6.7643,42.1577]],[[-6.7711,42.1585],[-6.7711,42.1585],[-6.7711,42.1585],[-6.7711,42.1585]],[[-6.7704,42.1565],[-6.7704,42.1565],[-6.7704,42.1565],[-6.7704,42.1565]],[[-6.7716,42.157],[-6.7721,42.1568],[-6.7713,42.1568],[-6.7716,42.157]],[[-6.7739,42.1541],[-6.7748,42.1538],[-6.7741,42.1535],[-6.7739,42.1541]],[[-6.775,42.1539],[-6.775,42.1539],[-6.775,42.1539],[-6.775,42.1539]],[[-6.7749,42.1539],[-6.7749,42.1539],[-6.7749,42.1539],[-6.7749,42.1539]],[[-6.7746,42.1545],[-6.7748,42.1546],[-6.7748,42.1546],[-6.7746,42.1545]],[[-6.7721,42.1561],[-6.772,42.1561],[-6.7721,42.1561],[-6.7721,42.1561]],[[-6.7693,42.1555],[-6.7707,42.1549],[-6.7692,42.1545],[-6.7693,42.1555]],[[-6.7692,42.1545],[-6.7692,42.1545],[-6.7692,42.1545],[-6.7692,42.1545]],[[-6.7582,42.1531],[-6.7592,42.153],[-6.758,42.1526],[-6.7582,42.1531]],[[-6.7593,42.153],[-6.7593,42.153],[-6.7593,42.153],[-6.7593,42.153]],[[-6.7593,42.1531],[-6.7594,42.153],[-6.7593,42.153],[-6.7593,42.1531]],[[-6.754,42.1543],[-6.7544,42.1546],[-6.7553,42.1548],[-6.754,42.1543]],[[-6.7528,42.1567],[-6.7529,42.1565],[-6.7527,42.1566],[-6.7527,42.1571],[-6.7531,42.1573],[-6.7541,42.1566],[-6.7532,42.1571],[-6.7528,42.1567]],[[-6.753,42.1567],[-6.753,42.1567],[-6.753,42.1566],[-6.753,42.1567]],[[-6.7564,42.159],[-6.7554,42.1587],[-6.7553,42.1587],[-6.7555,42.159],[-6.7564,42.159]],[[-6.7562,42.1595],[-6.7562,42.1592],[-6.7561,42.1595],[-6.7562,42.1595]],[[-6.7697,42.1666],[-6.7701,42.1665],[-6.7698,42.1665],[-6.7697,42.1666]],[[-6.7713,42.1673],[-6.7718,42.1677],[-6.7717,42.1681],[-6.7725,42.168],[-6.7713,42.1673]],[[-6.7715,42.1679],[-6.7715,42.1679],[-6.7715,42.1679],[-6.7715,42.1679]],[[-6.7714,42.1681],[-6.7714,42.1682],[-6.7719,42.1682],[-6.7714,42.1681]],[[-6.7846,42.1751],[-6.7846,42.1751],[-6.7847,42.1751],[-6.7846,42.1751]],[[-6.7847,42.175],[-6.7847,42.175],[-6.7847,42.175],[-6.7847,42.175]],[[-6.785,42.1749],[-6.785,42.1749],[-6.785,42.1749],[-6.785,42.1749]],[[-6.7851,42.1747],[-6.7852,42.1748],[-6.7852,42.1748],[-6.7851,42.1747]],[[-6.7854,42.1744],[-6.7857,42.1741],[-6.7855,42.1741],[-6.7854,42.1744]],[[-6.7858,42.1741],[-6.7858,42.1741],[-6.7858,42.1741],[-6.7858,42.1741]],[[-6.788,42.1727],[-6.7882,42.1726],[-6.788,42.1724],[-6.788,42.1727]],[[-6.788,42.1727],[-6.788,42.1727],[-6.788,42.1727],[-6.788,42.1727]],[[-6.7879,42.1728],[-6.7879,42.1728],[-6.7879,42.1728],[-6.7879,42.1728]],[[-6.7852,42.1748],[-6.7852,42.1748],[-6.7852,42.1748],[-6.7852,42.1748]],[[-6.7853,42.1748],[-6.7852,42.1748],[-6.7852,42.1748],[-6.7853,42.1748]],[[-6.7926,42.166],[-6.7939,42.1649],[-6.7932,42.1647],[-6.7926,42.166]],[[-6.7938,42.1668],[-6.7939,42.1668],[-6.7939,42.1668],[-6.7938,42.1668]],[[-6.792,42.1661],[-6.7913,42.1663],[-6.7914,42.1665],[-6.792,42.1661]],[[-6.7943,42.1711],[-6.794,42.1711],[-6.7943,42.1711],[-6.7943,42.1711]],[[-6.7941,42.1709],[-6.7941,42.1709],[-6.7941,42.1709],[-6.7941,42.1709]],[[-6.7941,42.1717],[-6.7941,42.1717],[-6.7941,42.1717],[-6.7941,42.1717]],[[-6.7943,42.1713],[-6.7943,42.1714],[-6.7943,42.1714],[-6.7943,42.1713]],[[-6.7943,42.1713],[-6.7943,42.1713],[-6.7943,42.1713],[-6.7943,42.1713]],[[-6.7943,42.1712],[-6.7943,42.1712],[-6.7943,42.1712],[-6.7943,42.1712]],[[-6.786,42.165],[-6.7865,42.1628],[-6.7835,42.163],[-6.786,42.165]],[[-6.7869,42.1699],[-6.7869,42.1699],[-6.7869,42.1699],[-6.7869,42.1699]],[[-6.7929,42.17],[-6.7929,42.1701],[-6.7929,42.1701],[-6.7929,42.17]],[[-6.7929,42.1701],[-6.7929,42.1701],[-6.7929,42.1701],[-6.7929,42.1701]],[[-6.7936,42.1707],[-6.7936,42.1707],[-6.7936,42.1707],[-6.7936,42.1707]],[[-6.7935,42.1706],[-6.7935,42.1706],[-6.7935,42.1706],[-6.7935,42.1706]],[[-6.7935,42.1706],[-6.7933,42.1705],[-6.7933,42.1705],[-6.7934,42.1706],[-6.7935,42.1706]],[[-6.7932,42.1704],[-6.7932,42.1704],[-6.7933,42.1704],[-6.7932,42.1704]],[[-6.7932,42.1704],[-6.7932,42.1704],[-6.7932,42.1704],[-6.7932,42.1704]],[[-6.793,42.1702],[-6.793,42.1702],[-6.793,42.1701],[-6.793,42.1702]],[[-6.7876,42.1715],[-6.7876,42.1719],[-6.7879,42.1721],[-6.7876,42.1715]],[[-6.7862,42.1747],[-6.7862,42.1747],[-6.7862,42.1747],[-6.7862,42.1747]],[[-6.7863,42.1746],[-6.7865,42.1746],[-6.7863,42.1746],[-6.7863,42.1746]],[[-6.7921,42.1718],[-6.7919,42.1724],[-6.7923,42.1718],[-6.7921,42.1718]],[[-6.7736,42.1535],[-6.7737,42.1535],[-6.7737,42.1534],[-6.7736,42.1535]],[[-6.8232,42.2637],[-6.8231,42.264],[-6.8233,42.2637],[-6.8232,42.2637]],[[-6.8231,42.2638],[-6.8231,42.2638],[-6.8231,42.2638],[-6.8231,42.2638]],[[-6.8258,42.2647],[-6.8282,42.264],[-6.8296,42.2633],[-6.8258,42.2647]],[[-6.8062,42.2642],[-6.8063,42.2642],[-6.8068,42.2642],[-6.8062,42.2642]],[[-6.807,42.2644],[-6.8069,42.2643],[-6.8068,42.2644],[-6.807,42.2644]],[[-6.7808,42.2585],[-6.7802,42.258],[-6.7804,42.2586],[-6.7808,42.2585]],[[-6.7481,42.26],[-6.7482,42.2601],[-6.7482,42.26],[-6.7481,42.26]],[[-6.7738,42.2604],[-6.7735,42.2599],[-6.7741,42.2599],[-6.7743,42.2598],[-6.7738,42.2604]],[[-6.7547,42.2517],[-6.7547,42.2517],[-6.7547,42.2518],[-6.7547,42.2518],[-6.7547,42.2517]],[[-6.7581,42.25],[-6.7581,42.25],[-6.7581,42.25],[-6.7581,42.25]],[[-6.758,42.2497],[-6.7581,42.2497],[-6.7582,42.2496],[-6.758,42.2497]],[[-6.7581,42.2497],[-6.758,42.2498],[-6.7581,42.2498],[-6.7581,42.2497]],[[-6.758,42.2498],[-6.758,42.2498],[-6.758,42.2498],[-6.758,42.2498]],[[-6.7516,42.252],[-6.7515,42.2521],[-6.7516,42.2521],[-6.7516,42.252]],[[-6.7522,42.2519],[-6.7522,42.2518],[-6.7521,42.2518],[-6.7522,42.2519]],[[-6.7526,42.2566],[-6.7526,42.2566],[-6.7526,42.2566],[-6.7526,42.2566]],[[-6.7584,42.2491],[-6.7586,42.2491],[-6.7584,42.2491],[-6.7584,42.2491]],[[-6.7582,42.2489],[-6.7579,42.249],[-6.7582,42.249],[-6.7582,42.2489]],[[-6.7575,42.2481],[-6.7572,42.248],[-6.7571,42.2481],[-6.7575,42.2481]],[[-6.7583,42.2551],[-6.7581,42.2549],[-6.758,42.2551],[-6.7583,42.2551]],[[-6.7592,42.2528],[-6.7592,42.253],[-6.7595,42.2531],[-6.7592,42.2528]],[[-6.7237,42.2513],[-6.7222,42.2512],[-6.7221,42.2519],[-6.7237,42.2513]],[[-6.7511,42.2495],[-6.7511,42.2495],[-6.7511,42.2495],[-6.7511,42.2495]],[[-6.7389,42.249],[-6.741,42.247],[-6.7382,42.2475],[-6.7389,42.249]],[[-6.7412,42.2472],[-6.7412,42.2471],[-6.7411,42.2471],[-6.7412,42.2472]],[[-6.7411,42.2466],[-6.741,42.2467],[-6.7411,42.2467],[-6.7411,42.2466]],[[-6.7409,42.2467],[-6.7409,42.2467],[-6.7409,42.2468],[-6.7409,42.2467]],[[-6.7409,42.2469],[-6.7409,42.247],[-6.7409,42.247],[-6.7409,42.2469]],[[-6.7416,42.2481],[-6.7421,42.2471],[-6.741,42.2476],[-6.7416,42.2481]],[[-6.7302,42.2452],[-6.731,42.2448],[-6.7301,42.2449],[-6.7302,42.2452]],[[-6.7309,42.2447],[-6.7309,42.2447],[-6.7309,42.2447],[-6.7309,42.2447]],[[-6.7589,42.2496],[-6.7595,42.25],[-6.7594,42.2496],[-6.7589,42.2496]],[[-6.779,42.2494],[-6.7783,42.2498],[-6.7794,42.2502],[-6.779,42.2497],[-6.779,42.2494]],[[-6.7801,42.2489],[-6.7795,42.2491],[-6.7804,42.2491],[-6.7801,42.2489]],[[-6.7771,42.248],[-6.7772,42.2475],[-6.7769,42.2477],[-6.7771,42.248]],[[-6.8571,42.2651],[-6.8572,42.2652],[-6.8572,42.2651],[-6.8571,42.2651]],[[-6.8572,42.2652],[-6.8573,42.2653],[-6.8573,42.2652],[-6.8572,42.2652]],[[-6.8352,42.2412],[-6.8352,42.2412],[-6.8352,42.2412],[-6.8352,42.2412]],[[-6.8473,42.2418],[-6.8473,42.2418],[-6.8473,42.2418],[-6.8473,42.2418]],[[-6.8537,42.2361],[-6.854,42.2358],[-6.8534,42.2362],[-6.8537,42.2361]],[[-6.8549,42.2355],[-6.8549,42.2355],[-6.8549,42.2355],[-6.8549,42.2355]],[[-6.855,42.2354],[-6.8547,42.2354],[-6.8547,42.2354],[-6.855,42.2354]],[[-6.7491,42.2352],[-6.7484,42.2343],[-6.7485,42.2353],[-6.7491,42.2352]],[[-6.7487,42.234],[-6.7483,42.2327],[-6.7481,42.2325],[-6.7481,42.2335],[-6.7487,42.234]],[[-6.7479,42.2324],[-6.7479,42.2324],[-6.7479,42.2324],[-6.7479,42.2324]],[[-6.7476,42.2333],[-6.7479,42.2334],[-6.7477,42.233],[-6.7476,42.2333]],[[-6.7472,42.2353],[-6.7469,42.2344],[-6.7467,42.2347],[-6.7472,42.2353]],[[-6.7477,42.2341],[-6.7477,42.2368],[-6.7488,42.2376],[-6.7477,42.2341]],[[-6.7486,42.2366],[-6.7498,42.2367],[-6.7484,42.2354],[-6.7486,42.2366]],[[-6.7541,42.2378],[-6.7544,42.2372],[-6.7536,42.2371],[-6.7541,42.2378]],[[-6.7544,42.2373],[-6.7544,42.2373],[-6.7544,42.2373],[-6.7544,42.2373]],[[-6.7536,42.2371],[-6.7535,42.2371],[-6.7535,42.2371],[-6.7536,42.2371]],[[-6.7436,42.2409],[-6.7437,42.241],[-6.7437,42.2409],[-6.7436,42.2409]],[[-6.7418,42.2343],[-6.7405,42.2337],[-6.7411,42.2342],[-6.7418,42.2343]],[[-6.7409,42.2327],[-6.737,42.2305],[-6.7356,42.2306],[-6.7373,42.2328],[-6.7409,42.2327]],[[-6.7396,42.2334],[-6.7408,42.2334],[-6.7391,42.2333],[-6.7396,42.2334]],[[-6.7493,42.2308],[-6.7484,42.2307],[-6.7481,42.2308],[-6.7493,42.2308]],[[-6.7731,42.2281],[-6.7754,42.2311],[-6.7741,42.232],[-6.7753,42.2326],[-6.7747,42.2365],[-6.7755,42.2367],[-6.7762,42.2327],[-6.7822,42.2299],[-6.7762,42.2269],[-6.7749,42.2287],[-6.7731,42.2281]],[[-6.774,42.2315],[-6.774,42.2316],[-6.7741,42.2316],[-6.774,42.2315]],[[-6.7778,42.2326],[-6.7778,42.2326],[-6.7778,42.2326],[-6.7778,42.2326]],[[-6.7781,42.2319],[-6.7781,42.2319],[-6.7781,42.2319],[-6.7781,42.2319]],[[-6.7792,42.2323],[-6.7792,42.2324],[-6.7792,42.2323],[-6.7792,42.2323]],[[-6.7815,42.2283],[-6.781,42.2284],[-6.7815,42.2285],[-6.7815,42.2283]],[[-6.7753,42.2266],[-6.7752,42.2266],[-6.7751,42.2272],[-6.7752,42.2273],[-6.7753,42.2266]],[[-6.7427,42.2288],[-6.7435,42.229],[-6.7437,42.2287],[-6.7427,42.2288]],[[-6.7715,42.2295],[-6.771,42.2291],[-6.771,42.2295],[-6.7715,42.2295]],[[-6.7722,42.229],[-6.7716,42.2274],[-6.7706,42.2275],[-6.7709,42.2285],[-6.7722,42.229]],[[-6.7723,42.2289],[-6.7723,42.2289],[-6.7723,42.2289],[-6.7723,42.2289]],[[-6.7329,42.2258],[-6.733,42.2259],[-6.7329,42.2258],[-6.7329,42.2258]],[[-6.7313,42.2263],[-6.7318,42.2257],[-6.731,42.2258],[-6.7313,42.2263]],[[-6.7702,42.222],[-6.7753,42.2259],[-6.7694,42.2206],[-6.766,42.2199],[-6.7656,42.2207],[-6.7673,42.2204],[-6.7702,42.222]],[[-6.7659,42.2211],[-6.7663,42.2213],[-6.7663,42.2212],[-6.7662,42.2212],[-6.7662,42.2211],[-6.7659,42.2209],[-6.7659,42.2211]],[[-6.7683,42.2228],[-6.769,42.2226],[-6.7683,42.2224],[-6.7683,42.2228]],[[-6.7277,42.2218],[-6.7279,42.2216],[-6.7274,42.2217],[-6.7277,42.2218]],[[-6.7234,42.221],[-6.7234,42.2211],[-6.7234,42.2211],[-6.7234,42.221]],[[-6.7238,42.2205],[-6.7239,42.2205],[-6.7239,42.2205],[-6.7238,42.2205]],[[-6.7301,42.219],[-6.7299,42.2193],[-6.7302,42.219],[-6.7301,42.219]],[[-6.7359,42.2182],[-6.7354,42.2183],[-6.7353,42.2184],[-6.7359,42.2182]],[[-6.7238,42.2162],[-6.7233,42.216],[-6.7233,42.2163],[-6.7238,42.2162]],[[-6.7461,42.2052],[-6.7462,42.2057],[-6.7469,42.2057],[-6.7461,42.2052]],[[-6.737,42.2143],[-6.7369,42.214],[-6.7368,42.214],[-6.737,42.2143]],[[-6.7383,42.2149],[-6.7367,42.2152],[-6.7359,42.2158],[-6.7383,42.2149]],[[-6.7386,42.2148],[-6.7389,42.2151],[-6.7389,42.2148],[-6.7386,42.2148]],[[-6.7398,42.2146],[-6.742,42.2154],[-6.7432,42.2153],[-6.7398,42.2135],[-6.7398,42.2141],[-6.7386,42.2143],[-6.7386,42.2145],[-6.7384,42.2145],[-6.7383,42.2146],[-6.7383,42.2147],[-6.7398,42.2146]],[[-6.7347,42.2143],[-6.7336,42.2142],[-6.7327,42.2142],[-6.734,42.2148],[-6.7347,42.2143]],[[-6.7346,42.2141],[-6.7346,42.2141],[-6.7346,42.2141],[-6.7346,42.2141]],[[-6.7309,42.2129],[-6.7309,42.2129],[-6.7309,42.2128],[-6.7309,42.2129]],[[-6.7267,42.2103],[-6.7268,42.2102],[-6.7267,42.2102],[-6.7267,42.2103]],[[-6.7203,42.208],[-6.7203,42.208],[-6.7203,42.208],[-6.7203,42.208]],[[-6.7203,42.208],[-6.7203,42.2081],[-6.7203,42.2081],[-6.7203,42.208]],[[-6.7204,42.2081],[-6.7204,42.2081],[-6.7204,42.2081],[-6.7204,42.2081]],[[-6.7167,42.2071],[-6.7168,42.2071],[-6.7166,42.207],[-6.7167,42.2071]],[[-6.7342,42.207],[-6.7333,42.2071],[-6.7341,42.2076],[-6.7342,42.207]],[[-6.734,42.2076],[-6.734,42.2076],[-6.734,42.2076],[-6.734,42.2076]],[[-6.7408,42.2098],[-6.7406,42.2089],[-6.7401,42.2092],[-6.7408,42.2098]],[[-6.7415,42.2094],[-6.7417,42.2094],[-6.7417,42.2094],[-6.7415,42.2094]],[[-6.7417,42.2094],[-6.7419,42.2095],[-6.7419,42.2095],[-6.7417,42.2094]],[[-6.7669,42.2026],[-6.7669,42.2026],[-6.7669,42.2026],[-6.7669,42.2026]],[[-6.7669,42.2026],[-6.7669,42.2026],[-6.7669,42.2026],[-6.7669,42.2026]],[[-6.7668,42.2026],[-6.7668,42.2026],[-6.7668,42.2026],[-6.7668,42.2026]],[[-6.7462,42.2008],[-6.7462,42.2008],[-6.7462,42.2008],[-6.7462,42.2008]],[[-6.7461,42.2007],[-6.746,42.2007],[-6.746,42.2007],[-6.7461,42.2007]],[[-6.746,42.2008],[-6.746,42.2009],[-6.746,42.2008],[-6.746,42.2008]],[[-6.7226,42.2017],[-6.7226,42.2017],[-6.7226,42.2017],[-6.7226,42.2017]],[[-6.7227,42.2019],[-6.7228,42.2017],[-6.7227,42.2017],[-6.7227,42.2019]],[[-6.7225,42.2015],[-6.7225,42.2015],[-6.7225,42.2015],[-6.7225,42.2015]],[[-6.7223,42.2014],[-6.7223,42.2014],[-6.7223,42.2014],[-6.7223,42.2014]],[[-6.7336,42.1992],[-6.7334,42.1997],[-6.7337,42.1998],[-6.7336,42.1992]],[[-6.7345,42.2],[-6.7341,42.1991],[-6.7347,42.2006],[-6.7345,42.2]],[[-6.737,42.1995],[-6.7371,42.1997],[-6.7371,42.1995],[-6.737,42.1995]],[[-6.738,42.1987],[-6.7378,42.1988],[-6.738,42.199],[-6.738,42.1987]],[[-6.7378,42.1989],[-6.7377,42.1989],[-6.7378,42.1989],[-6.7378,42.1989]],[[-6.7378,42.1991],[-6.7378,42.199],[-6.7378,42.199],[-6.7378,42.1991]],[[-6.7373,42.1984],[-6.7377,42.1978],[-6.7363,42.1975],[-6.7373,42.1984]],[[-6.7363,42.1975],[-6.7363,42.1975],[-6.7363,42.1975],[-6.7363,42.1975]],[[-6.7378,42.1984],[-6.7377,42.1984],[-6.7377,42.1984],[-6.7378,42.1984]],[[-6.7358,42.1974],[-6.7358,42.1974],[-6.7358,42.1974],[-6.7358,42.1974]],[[-6.7355,42.1974],[-6.7357,42.1974],[-6.7355,42.1974],[-6.7355,42.1974]],[[-6.7354,42.1974],[-6.7354,42.1974],[-6.7354,42.1974],[-6.7354,42.1974]],[[-6.7305,42.194],[-6.7305,42.194],[-6.7305,42.194],[-6.7305,42.194]],[[-6.7302,42.1941],[-6.7302,42.1941],[-6.7302,42.1941],[-6.7302,42.1941]],[[-6.7302,42.1941],[-6.7303,42.1941],[-6.7303,42.1941],[-6.7302,42.1941]],[[-6.7286,42.1917],[-6.7258,42.1882],[-6.7239,42.1894],[-6.7246,42.1914],[-6.7249,42.1905],[-6.726,42.1912],[-6.7258,42.1909],[-6.7263,42.1908],[-6.7268,42.1909],[-6.7271,42.1915],[-6.7286,42.1917]],[[-6.7277,42.1902],[-6.7277,42.1902],[-6.7277,42.1902],[-6.7277,42.1902]],[[-6.7183,42.1894],[-6.7182,42.1894],[-6.7185,42.1895],[-6.7183,42.1894]],[[-6.7187,42.1896],[-6.7188,42.1896],[-6.7186,42.1896],[-6.7187,42.1896]],[[-6.7189,42.1896],[-6.7189,42.1897],[-6.7189,42.1897],[-6.7189,42.1896]],[[-6.7142,42.1908],[-6.7139,42.1914],[-6.7144,42.1913],[-6.7142,42.1908]],[[-6.7144,42.1878],[-6.7144,42.1883],[-6.7146,42.1883],[-6.7144,42.1878]],[[-6.7142,42.1884],[-6.7141,42.1883],[-6.7141,42.1884],[-6.7142,42.1884]],[[-6.7135,42.1878],[-6.7138,42.188],[-6.7138,42.1878],[-6.7135,42.1878]],[[-6.7135,42.1865],[-6.7137,42.1862],[-6.7135,42.1862],[-6.7135,42.1865]],[[-6.714,42.1861],[-6.7139,42.1862],[-6.7139,42.1862],[-6.714,42.1861]],[[-6.714,42.1862],[-6.714,42.1862],[-6.7139,42.1863],[-6.714,42.1862]],[[-6.7141,42.1854],[-6.7141,42.1855],[-6.7141,42.1855],[-6.7141,42.1854]],[[-6.714,42.1854],[-6.7137,42.1855],[-6.714,42.1855],[-6.714,42.1854]],[[-6.7287,42.1845],[-6.7288,42.1846],[-6.7288,42.1846],[-6.7287,42.1845]],[[-6.729,42.1847],[-6.7292,42.1848],[-6.7292,42.1847],[-6.729,42.1847]],[[-6.7292,42.1846],[-6.7291,42.1843],[-6.7288,42.1843],[-6.7292,42.1846]],[[-6.7288,42.1843],[-6.7286,42.1842],[-6.7286,42.1842],[-6.7288,42.1843]],[[-6.7163,42.1833],[-6.7162,42.1832],[-6.7163,42.1834],[-6.7163,42.1833]],[[-6.7162,42.1835],[-6.7162,42.1836],[-6.7162,42.1835],[-6.7162,42.1835]],[[-6.7163,42.1837],[-6.7163,42.1836],[-6.7163,42.1837],[-6.7163,42.1837]],[[-6.7167,42.1828],[-6.717,42.1829],[-6.7168,42.1828],[-6.7167,42.1828]],[[-6.741,42.1784],[-6.74,42.1794],[-6.7417,42.1794],[-6.741,42.1784]],[[-6.739,42.178],[-6.7386,42.1781],[-6.739,42.1781],[-6.739,42.178]],[[-6.7464,42.1789],[-6.7464,42.1789],[-6.7464,42.1789],[-6.7464,42.1789]],[[-6.7225,42.1771],[-6.7225,42.1771],[-6.7225,42.1771],[-6.7225,42.1771]],[[-6.7224,42.1772],[-6.7225,42.1772],[-6.7224,42.1772],[-6.7224,42.1772]],[[-6.7281,42.1733],[-6.7282,42.1733],[-6.7282,42.1733],[-6.7281,42.1733]],[[-6.7069,42.1708],[-6.7076,42.171],[-6.7075,42.1708],[-6.7069,42.1708]],[[-6.7106,42.1694],[-6.7115,42.1694],[-6.7087,42.1691],[-6.7106,42.1694]],[[-6.7096,42.1698],[-6.7093,42.1707],[-6.7096,42.1708],[-6.7094,42.1705],[-6.7096,42.1698]],[[-6.7102,42.1697],[-6.7103,42.1697],[-6.7103,42.1697],[-6.7102,42.1697]],[[-6.7103,42.1697],[-6.7103,42.1697],[-6.7103,42.1697],[-6.7103,42.1697]],[[-6.7049,42.1688],[-6.7049,42.1699],[-6.7053,42.1697],[-6.7049,42.1688]],[[-6.7049,42.17],[-6.7049,42.1699],[-6.7049,42.17],[-6.7049,42.17]],[[-6.7054,42.1695],[-6.7058,42.1695],[-6.7054,42.1694],[-6.7054,42.1695]],[[-6.7058,42.1697],[-6.7063,42.1697],[-6.7059,42.1696],[-6.7058,42.1697]],[[-6.7368,42.1719],[-6.7368,42.1719],[-6.7368,42.1719],[-6.7368,42.1719]],[[-6.7459,42.1639],[-6.7459,42.1639],[-6.7459,42.1639],[-6.7459,42.1639]],[[-6.7434,42.1631],[-6.7435,42.1632],[-6.7435,42.1631],[-6.7434,42.1631]],[[-6.7493,42.1606],[-6.7488,42.161],[-6.7497,42.1611],[-6.7499,42.1606],[-6.7516,42.1603],[-6.7493,42.1606]],[[-6.7509,42.1593],[-6.7531,42.1593],[-6.7506,42.1589],[-6.7509,42.1593]],[[-6.752,42.1588],[-6.752,42.1588],[-6.752,42.1588],[-6.752,42.1588]],[[-6.7502,42.1607],[-6.7502,42.1606],[-6.7502,42.1607],[-6.7502,42.1607]],[[-6.7519,42.1587],[-6.7519,42.1587],[-6.7519,42.1587],[-6.7519,42.1587]],[[-6.7522,42.1585],[-6.7522,42.1584],[-6.7522,42.1584],[-6.7522,42.1585]],[[-6.7513,42.1587],[-6.7513,42.1587],[-6.7513,42.1587],[-6.7513,42.1587]],[[-6.7506,42.1587],[-6.7506,42.1587],[-6.7506,42.1587],[-6.7506,42.1587]],[[-6.7507,42.1588],[-6.7507,42.1588],[-6.7507,42.1588],[-6.7507,42.1588]],[[-6.7505,42.1586],[-6.7497,42.1584],[-6.7501,42.1587],[-6.7505,42.1586]],[[-6.7504,42.1586],[-6.7504,42.1586],[-6.7504,42.1586],[-6.7504,42.1586]],[[-6.7502,42.1587],[-6.7501,42.1588],[-6.7502,42.1588],[-6.7502,42.1587]],[[-6.7503,42.1587],[-6.7503,42.1588],[-6.7504,42.1588],[-6.7503,42.1587]],[[-6.7502,42.1587],[-6.7502,42.1587],[-6.7502,42.1587],[-6.7502,42.1587]],[[-6.7502,42.1587],[-6.7502,42.1587],[-6.7502,42.1587],[-6.7502,42.1587]],[[-6.7505,42.1587],[-6.7506,42.1587],[-6.7506,42.1586],[-6.7505,42.1587]],[[-6.7499,42.1581],[-6.7499,42.158],[-6.7499,42.158],[-6.7499,42.1581]],[[-6.7498,42.1575],[-6.7504,42.1578],[-6.7511,42.1579],[-6.7511,42.1578],[-6.7512,42.1578],[-6.7511,42.1577],[-6.7514,42.1575],[-6.7514,42.1573],[-6.7515,42.1573],[-6.7515,42.1571],[-6.7498,42.1575]],[[-6.7511,42.1578],[-6.7511,42.1578],[-6.7511,42.1578],[-6.7511,42.1578]],[[-6.7503,42.1583],[-6.7501,42.1582],[-6.7501,42.1583],[-6.7503,42.1583]],[[-6.7505,42.158],[-6.7505,42.158],[-6.7505,42.158],[-6.7505,42.158]],[[-6.7505,42.158],[-6.7505,42.158],[-6.7505,42.158],[-6.7505,42.158]],[[-6.7516,42.1573],[-6.7515,42.1572],[-6.7515,42.1573],[-6.7516,42.1573]],[[-6.7502,42.1583],[-6.7502,42.1583],[-6.7502,42.1583],[-6.7502,42.1583]],[[-6.7517,42.1573],[-6.7517,42.1573],[-6.7517,42.1573],[-6.7517,42.1573]],[[-6.7503,42.1589],[-6.7503,42.1589],[-6.7503,42.1589],[-6.7503,42.1589]],[[-6.7503,42.1589],[-6.7503,42.1589],[-6.7503,42.1589],[-6.7503,42.1589],[-6.7503,42.1589]],[[-6.7503,42.1589],[-6.7503,42.1589],[-6.7503,42.1589],[-6.7503,42.1589]],[[-6.7518,42.1561],[-6.752,42.1561],[-6.7518,42.1561],[-6.7518,42.1561]],[[-6.7521,42.1563],[-6.7521,42.1563],[-6.7521,42.1563],[-6.7521,42.1563]],[[-6.7519,42.156],[-6.7519,42.156],[-6.7519,42.1559],[-6.7519,42.156]],[[-6.7503,42.1566],[-6.7502,42.1566],[-6.7502,42.1566],[-6.7503,42.1566]],[[-6.7514,42.1557],[-6.7516,42.156],[-6.7516,42.1558],[-6.7514,42.1557]],[[-6.7514,42.1557],[-6.7514,42.1557],[-6.7514,42.1557],[-6.7514,42.1557]],[[-6.7494,42.1551],[-6.7498,42.1547],[-6.7495,42.1548],[-6.7493,42.1549],[-6.7494,42.1551]],[[-6.748,42.1539],[-6.7489,42.1545],[-6.7486,42.154],[-6.7492,42.1537],[-6.748,42.1539]],[[-6.7488,42.1544],[-6.7488,42.1544],[-6.7488,42.1544],[-6.7488,42.1544]],[[-6.7493,42.1546],[-6.749,42.1545],[-6.749,42.1546],[-6.7493,42.1546]],[[-6.7489,42.1542],[-6.7489,42.1542],[-6.7488,42.1542],[-6.7489,42.1542]],[[-6.7488,42.1542],[-6.7488,42.1542],[-6.7488,42.1542],[-6.7488,42.1542]],[[-6.7493,42.1544],[-6.7494,42.1544],[-6.7494,42.1544],[-6.7493,42.1544]],[[-6.7422,42.1573],[-6.7422,42.1577],[-6.7426,42.1575],[-6.7422,42.1573]],[[-6.7422,42.1577],[-6.7423,42.1577],[-6.7423,42.1577],[-6.7422,42.1577]],[[-6.7397,42.1572],[-6.7395,42.1575],[-6.7397,42.1576],[-6.7397,42.1572]],[[-6.7463,42.1559],[-6.746,42.1562],[-6.7463,42.1561],[-6.7463,42.1559]],[[-6.7544,42.1594],[-6.7543,42.1595],[-6.7544,42.1595],[-6.7544,42.1594]],[[-6.7543,42.1592],[-6.7546,42.1592],[-6.7545,42.159],[-6.7543,42.1592]],[[-6.7665,42.1678],[-6.7665,42.1678],[-6.7665,42.1678],[-6.7665,42.1678]],[[-6.7629,42.1633],[-6.7631,42.1633],[-6.7629,42.1632],[-6.7629,42.1633]],[[-6.7629,42.1633],[-6.7625,42.1639],[-6.7632,42.1636],[-6.7629,42.1633]],[[-6.7627,42.1642],[-6.7627,42.1647],[-6.7633,42.1645],[-6.7631,42.1648],[-6.7632,42.165],[-6.7638,42.1651],[-6.7639,42.1653],[-6.7639,42.1652],[-6.7641,42.1652],[-6.7632,42.1649],[-6.7636,42.1647],[-6.7627,42.1642]],[[-6.7627,42.1647],[-6.7627,42.1647],[-6.7626,42.1647],[-6.7627,42.1647]],[[-6.7634,42.165],[-6.7634,42.165],[-6.7634,42.165],[-6.7634,42.165]],[[-6.7616,42.1641],[-6.7622,42.1641],[-6.7619,42.1638],[-6.7616,42.1641]],[[-6.7621,42.164],[-6.7621,42.164],[-6.7621,42.164],[-6.7621,42.164]],[[-6.7623,42.1644],[-6.7622,42.1644],[-6.7623,42.1644],[-6.7623,42.1644]],[[-6.7634,42.165],[-6.7634,42.165],[-6.7634,42.165],[-6.7634,42.165]],[[-6.7641,42.1658],[-6.7641,42.1659],[-6.7641,42.1658],[-6.7641,42.1658]],[[-6.7642,42.166],[-6.7642,42.1659],[-6.7642,42.1659],[-6.7642,42.166]],[[-6.7643,42.166],[-6.7643,42.1661],[-6.7643,42.1661],[-6.7643,42.166]],[[-6.7685,42.1666],[-6.7693,42.1663],[-6.7678,42.1661],[-6.7685,42.1666]],[[-6.7686,42.1667],[-6.7687,42.1667],[-6.7686,42.1667],[-6.7686,42.1667]],[[-6.7672,42.1686],[-6.7672,42.1686],[-6.7672,42.1686],[-6.7672,42.1686]],[[-6.7671,42.1684],[-6.7672,42.1685],[-6.7672,42.1685],[-6.7672,42.1684],[-6.7671,42.1684]],[[-6.7671,42.1685],[-6.7671,42.1685],[-6.7671,42.1685],[-6.7671,42.1685]],[[-6.7671,42.1699],[-6.7671,42.1701],[-6.7672,42.17],[-6.7671,42.1699]],[[-6.7671,42.1695],[-6.7671,42.1695],[-6.7671,42.1695],[-6.7671,42.1695]],[[-6.767,42.1693],[-6.7671,42.1694],[-6.7671,42.1692],[-6.767,42.1693]],[[-6.7671,42.1692],[-6.767,42.1692],[-6.767,42.1693],[-6.7671,42.1692]],[[-6.767,42.1693],[-6.7669,42.1693],[-6.767,42.1693],[-6.767,42.1693]],[[-6.7673,42.1713],[-6.7674,42.1706],[-6.7672,42.1704],[-6.7671,42.1711],[-6.7673,42.1713]],[[-6.7678,42.1726],[-6.768,42.1727],[-6.768,42.1725],[-6.7678,42.1726]],[[-6.7675,42.1727],[-6.7671,42.1728],[-6.7678,42.173],[-6.7675,42.1727]],[[-6.768,42.1715],[-6.7676,42.1714],[-6.7681,42.1716],[-6.768,42.1715]],[[-6.7428,42.1693],[-6.7425,42.1694],[-6.7427,42.1694],[-6.7428,42.1693]],[[-6.7702,42.1743],[-6.7701,42.1747],[-6.7703,42.1747],[-6.7702,42.1743]],[[-6.7694,42.1746],[-6.7699,42.1747],[-6.7696,42.1745],[-6.7694,42.1746]],[[-6.7947,42.175],[-6.7944,42.1758],[-6.7951,42.1752],[-6.7947,42.175]],[[-6.8215,42.1762],[-6.822,42.1769],[-6.8226,42.1764],[-6.8215,42.1762]],[[-6.8219,42.1836],[-6.8217,42.1837],[-6.8218,42.1838],[-6.8219,42.1836]],[[-6.8224,42.192],[-6.8225,42.192],[-6.8225,42.192],[-6.8224,42.192]],[[-6.822,42.1928],[-6.8222,42.1928],[-6.8222,42.1928],[-6.822,42.1928]],[[-6.8219,42.1928],[-6.8217,42.1928],[-6.8217,42.1928],[-6.8219,42.1928]],[[-6.8304,42.174],[-6.8305,42.1739],[-6.8304,42.1739],[-6.8304,42.174]],[[-6.83,42.1733],[-6.8289,42.1733],[-6.83,42.1735],[-6.83,42.1733]],[[-6.8064,42.1739],[-6.8058,42.1731],[-6.8058,42.174],[-6.8064,42.1739]],[[-6.8058,42.1729],[-6.8057,42.173],[-6.8058,42.173],[-6.8058,42.1729]],[[-6.8001,42.165],[-6.8001,42.165],[-6.8001,42.165],[-6.8001,42.165]],[[-6.8001,42.165],[-6.8001,42.165],[-6.8001,42.165],[-6.8001,42.165]],[[-6.8056,42.1662],[-6.8056,42.1662],[-6.8056,42.1662],[-6.8056,42.1662]],[[-6.8106,42.1625],[-6.8104,42.1628],[-6.8106,42.163],[-6.8106,42.1625]],[[-6.81,42.1615],[-6.8091,42.1613],[-6.8106,42.1624],[-6.81,42.1615]],[[-6.8054,42.1664],[-6.8053,42.1663],[-6.8051,42.1664],[-6.8054,42.1664]],[[-6.8055,42.1662],[-6.8055,42.1663],[-6.8056,42.1662],[-6.8055,42.1662]],[[-6.8044,42.1682],[-6.8044,42.1683],[-6.8046,42.1682],[-6.8044,42.1682]],[[-6.8049,42.1681],[-6.8048,42.1682],[-6.8051,42.1682],[-6.8049,42.1681]],[[-6.8082,42.1658],[-6.8082,42.1658],[-6.8082,42.1658],[-6.8082,42.1658]],[[-6.7996,42.1621],[-6.7996,42.1621],[-6.7996,42.1621],[-6.7996,42.1621]],[[-6.8032,42.1634],[-6.8026,42.1635],[-6.8026,42.1638],[-6.8025,42.1638],[-6.8025,42.1639],[-6.8029,42.1638],[-6.8032,42.1636],[-6.8032,42.1634]],[[-6.8821,42.1629],[-6.8818,42.1627],[-6.8814,42.1629],[-6.8821,42.1629]],[[-6.8814,42.1628],[-6.8813,42.1627],[-6.8813,42.1627],[-6.8814,42.1628]],[[-6.8812,42.1629],[-6.881,42.1629],[-6.8812,42.1629],[-6.8812,42.1629]],[[-6.8799,42.164],[-6.8802,42.1637],[-6.8794,42.1636],[-6.8799,42.164]],[[-6.8797,42.1652],[-6.8788,42.1656],[-6.8789,42.1659],[-6.8797,42.1652]],[[-6.8497,42.1707],[-6.8495,42.1705],[-6.8495,42.1706],[-6.8497,42.1707]],[[-6.8457,42.1725],[-6.8457,42.1725],[-6.8457,42.1725],[-6.8457,42.1725]],[[-6.8457,42.1725],[-6.8457,42.1725],[-6.8457,42.1725],[-6.8457,42.1725]],[[-6.8456,42.1726],[-6.8456,42.1726],[-6.8456,42.1726],[-6.8456,42.1726]],[[-6.8455,42.1726],[-6.8455,42.1726],[-6.8455,42.1726],[-6.8455,42.1726]],[[-6.8453,42.1727],[-6.8453,42.1727],[-6.8453,42.1727],[-6.8453,42.1727]],[[-6.8734,42.1723],[-6.8735,42.1723],[-6.8734,42.1723],[-6.8734,42.1723]],[[-6.8751,42.1726],[-6.8753,42.1727],[-6.8753,42.1726],[-6.8751,42.1726]],[[-6.8754,42.1728],[-6.8754,42.1728],[-6.8753,42.1728],[-6.8754,42.1728]],[[-6.8679,42.1739],[-6.867,42.1743],[-6.8687,42.1741],[-6.8679,42.1739]],[[-6.8423,42.1733],[-6.8423,42.1733],[-6.8423,42.1733],[-6.8423,42.1733]],[[-6.8625,42.174],[-6.8627,42.174],[-6.8624,42.174],[-6.8625,42.174]],[[-6.8635,42.1742],[-6.8634,42.1741],[-6.8634,42.1742],[-6.8635,42.1742]],[[-6.863,42.1742],[-6.8632,42.1741],[-6.863,42.1741],[-6.863,42.1742]],[[-6.7996,42.1668],[-6.7999,42.1674],[-6.7999,42.167],[-6.7996,42.1668]],[[-6.8,42.1674],[-6.8,42.1673],[-6.8,42.1674],[-6.8,42.1674]],[[-6.8006,42.1667],[-6.8004,42.1665],[-6.8005,42.1668],[-6.8006,42.1667]],[[-6.8006,42.1664],[-6.8006,42.1663],[-6.8006,42.1664],[-6.8006,42.1664]],[[-6.8696,42.1869],[-6.8675,42.1861],[-6.8675,42.1865],[-6.8696,42.1869]],[[-6.8007,42.2014],[-6.8003,42.2005],[-6.8001,42.2012],[-6.8007,42.2014]],[[-6.7381,42.1964],[-6.7381,42.1964],[-6.738,42.1964],[-6.7381,42.1964]],[[-6.7383,42.1972],[-6.7373,42.1972],[-6.738,42.1975],[-6.7383,42.1972]],[[-6.8056,42.1989],[-6.8053,42.1991],[-6.8056,42.1992],[-6.8056,42.1989]],[[-6.779,42.1941],[-6.7799,42.194],[-6.7791,42.1936],[-6.779,42.1941]],[[-6.78,42.194],[-6.78,42.1939],[-6.78,42.194],[-6.78,42.194]],[[-6.7299,42.1898],[-6.7297,42.1901],[-6.7296,42.1903],[-6.7299,42.1901],[-6.7299,42.1898],[-6.7299,42.1898]],[[-6.7297,42.1897],[-6.7299,42.1897],[-6.7296,42.1896],[-6.7297,42.1897]],[[-6.7294,42.1897],[-6.7293,42.1896],[-6.7294,42.1898],[-6.7294,42.1897]],[[-6.7293,42.1902],[-6.7295,42.19],[-6.7294,42.1899],[-6.7293,42.1902]],[[-6.7291,42.1903],[-6.7293,42.1904],[-6.7292,42.1902],[-6.7291,42.1903]],[[-6.7294,42.1904],[-6.7293,42.1904],[-6.7294,42.1904],[-6.7294,42.1904]],[[-6.7405,42.1914],[-6.7404,42.1917],[-6.7407,42.1917],[-6.7405,42.1914]],[[-6.7411,42.1917],[-6.7408,42.1917],[-6.7411,42.1918],[-6.7411,42.1917]],[[-6.7893,42.1869],[-6.7897,42.1868],[-6.7893,42.1868],[-6.7893,42.1869]],[[-6.8047,42.1827],[-6.8047,42.1827],[-6.8047,42.1827],[-6.8047,42.1827]],[[-6.787,42.1857],[-6.7869,42.1857],[-6.7869,42.1857],[-6.787,42.1857]],[[-6.7964,42.1793],[-6.7973,42.1785],[-6.7961,42.1789],[-6.7964,42.1793]],[[-6.8139,42.1762],[-6.8144,42.1764],[-6.8146,42.1759],[-6.8139,42.1762]],[[-6.7748,42.1768],[-6.7746,42.177],[-6.7749,42.1769],[-6.7748,42.1768]],[[-6.7748,42.1769],[-6.7749,42.1769],[-6.7749,42.1769],[-6.7748,42.1769]],[[-6.7745,42.1767],[-6.7747,42.1768],[-6.7747,42.1767],[-6.7745,42.1767]],[[-6.7739,42.1762],[-6.774,42.1763],[-6.774,42.1762],[-6.7739,42.1762]],[[-6.775,42.1772],[-6.7749,42.1773],[-6.775,42.1772],[-6.775,42.1772]],[[-6.7778,42.1782],[-6.7779,42.1782],[-6.7779,42.1782],[-6.7778,42.1782]],[[-6.7779,42.1781],[-6.7779,42.1781],[-6.7779,42.1781],[-6.7779,42.1781]],[[-6.7778,42.1781],[-6.7778,42.1781],[-6.7778,42.1781],[-6.7778,42.1781],[-6.7778,42.1781]],[[-6.7778,42.1781],[-6.7778,42.1781],[-6.7778,42.1781],[-6.7778,42.1781]],[[-6.7789,42.1782],[-6.779,42.1783],[-6.779,42.1783],[-6.779,42.1782],[-6.7789,42.1782]],[[-6.7789,42.1782],[-6.7788,42.1782],[-6.7788,42.1782],[-6.7789,42.1782]],[[-6.7788,42.1782],[-6.7787,42.1782],[-6.7787,42.1782],[-6.7788,42.1782]],[[-6.7787,42.1782],[-6.7787,42.1782],[-6.7787,42.1782],[-6.7787,42.1782]],[[-6.7787,42.1782],[-6.7786,42.1783],[-6.7787,42.1783],[-6.7787,42.1782]],[[-6.7781,42.1782],[-6.7781,42.1782],[-6.7781,42.1782],[-6.7781,42.1782]],[[-6.778,42.1783],[-6.778,42.1783],[-6.778,42.1783],[-6.778,42.1783]],[[-6.778,42.1784],[-6.778,42.1784],[-6.778,42.1784],[-6.778,42.1784]],[[-6.7789,42.1787],[-6.7791,42.1786],[-6.7788,42.1786],[-6.7789,42.1787]],[[-6.7792,42.1783],[-6.7792,42.1783],[-6.7792,42.1783],[-6.7792,42.1783]],[[-6.7792,42.1785],[-6.7794,42.1785],[-6.7794,42.1784],[-6.7792,42.1785]],[[-6.7793,42.1784],[-6.7793,42.1784],[-6.7793,42.1784],[-6.7793,42.1784]],[[-6.7467,42.1783],[-6.7468,42.1782],[-6.7467,42.1782],[-6.7467,42.1783]],[[-6.7472,42.1784],[-6.7472,42.178],[-6.747,42.178],[-6.7472,42.1784]],[[-6.7473,42.1785],[-6.7472,42.1785],[-6.7473,42.1785],[-6.7473,42.1785]],[[-6.7389,42.1774],[-6.7391,42.1774],[-6.7389,42.1771],[-6.7389,42.1774]],[[-6.7408,42.1769],[-6.7404,42.1769],[-6.7408,42.177],[-6.7408,42.1769]],[[-6.7719,42.1771],[-6.7719,42.1771],[-6.7719,42.1771],[-6.7719,42.1771]],[[-6.7719,42.1772],[-6.7719,42.1771],[-6.7719,42.1772],[-6.7719,42.1772]],[[-6.7755,42.2065],[-6.7755,42.2065],[-6.7755,42.2065],[-6.7755,42.2065]],[[-6.7757,42.207],[-6.7753,42.2074],[-6.7749,42.2078],[-6.7753,42.2079],[-6.7757,42.207]],[[-6.7743,42.2079],[-6.7745,42.2068],[-6.7741,42.2071],[-6.7743,42.2079]],[[-6.7739,42.2086],[-6.7751,42.2083],[-6.7739,42.2084],[-6.7739,42.2086]],[[-6.7751,42.2083],[-6.7751,42.2083],[-6.7751,42.2083],[-6.7751,42.2083]],[[-6.7862,42.2111],[-6.7861,42.2112],[-6.7861,42.2112],[-6.7862,42.2111]],[[-6.7845,42.2224],[-6.7849,42.2238],[-6.7854,42.2242],[-6.7857,42.2234],[-6.7845,42.2224]],[[-6.8456,42.2247],[-6.846,42.2247],[-6.8452,42.2246],[-6.8456,42.2247]],[[-6.8459,42.2247],[-6.8459,42.2247],[-6.8459,42.2247],[-6.8459,42.2247]],[[-6.845,42.2261],[-6.8449,42.226],[-6.8449,42.2261],[-6.845,42.2261]],[[-6.7725,42.2228],[-6.7732,42.2218],[-6.7726,42.2219],[-6.7725,42.2228]],[[-6.789,42.2212],[-6.7887,42.2214],[-6.7891,42.2213],[-6.789,42.2212]],[[-6.7385,42.2197],[-6.7385,42.2197],[-6.7385,42.2197],[-6.7385,42.2197]],[[-6.7386,42.2199],[-6.7385,42.22],[-6.7386,42.22],[-6.7386,42.2199]],[[-6.7653,42.2209],[-6.7654,42.221],[-6.7654,42.2209],[-6.7653,42.2209]],[[-6.7757,42.2256],[-6.7763,42.2252],[-6.7754,42.2255],[-6.776,42.2262],[-6.7762,42.2257],[-6.7758,42.2257],[-6.7757,42.2256]],[[-6.7759,42.2256],[-6.7758,42.2256],[-6.7758,42.2256],[-6.7759,42.2256]],[[-6.8482,42.2279],[-6.8483,42.2274],[-6.848,42.2276],[-6.8482,42.2279]],[[-6.7466,42.2252],[-6.7461,42.2254],[-6.7496,42.2253],[-6.7466,42.2252]],[[-6.8436,42.2318],[-6.8436,42.2311],[-6.8431,42.2324],[-6.8436,42.2318]],[[-6.7943,42.2309],[-6.7948,42.2316],[-6.7952,42.231],[-6.7943,42.2309]],[[-6.7948,42.2316],[-6.7948,42.2316],[-6.7948,42.2316],[-6.7948,42.2316]],[[-6.7949,42.2316],[-6.7949,42.2316],[-6.7949,42.2316],[-6.7949,42.2316]],[[-6.7921,42.2334],[-6.7914,42.2338],[-6.7922,42.2342],[-6.7921,42.2334]],[[-6.8388,42.2374],[-6.8389,42.2372],[-6.8387,42.2373],[-6.8388,42.2374]],[[-6.8377,42.2373],[-6.8379,42.2375],[-6.8379,42.2374],[-6.8377,42.2373]],[[-6.7108,42.2415],[-6.7108,42.2415],[-6.7111,42.2418],[-6.7108,42.2415]],[[-6.725,42.2414],[-6.7234,42.2413],[-6.7251,42.2418],[-6.725,42.2414]],[[-6.8672,42.1912],[-6.8673,42.1914],[-6.8674,42.1913],[-6.8672,42.1912]],[[-6.8671,42.1916],[-6.867,42.1914],[-6.867,42.1916],[-6.8671,42.1916]],[[-6.7888,42.1593],[-6.7888,42.159],[-6.7887,42.1592],[-6.7888,42.1593]],[[-6.8065,42.1486],[-6.8065,42.1486],[-6.8065,42.1486],[-6.8065,42.1486]],[[-6.8048,42.1536],[-6.8049,42.1536],[-6.8048,42.1536],[-6.8048,42.1536]],[[-6.8046,42.1539],[-6.8049,42.1542],[-6.805,42.1541],[-6.8046,42.1539]],[[-6.8204,42.1572],[-6.8204,42.1572],[-6.8204,42.1572],[-6.8204,42.1572]],[[-6.8194,42.1535],[-6.8195,42.1533],[-6.8197,42.153],[-6.8192,42.153],[-6.8194,42.1535]],[[-6.8207,42.1575],[-6.8206,42.1575],[-6.8207,42.1576],[-6.8207,42.1575]],[[-6.8352,42.1598],[-6.8352,42.16],[-6.8354,42.1598],[-6.8352,42.1598]],[[-6.8072,42.1478],[-6.807,42.1479],[-6.8073,42.1479],[-6.8072,42.1478]],[[-6.8117,42.1489],[-6.8114,42.148],[-6.8108,42.1481],[-6.8117,42.1489]],[[-6.8104,42.1478],[-6.8101,42.1475],[-6.8098,42.1473],[-6.8099,42.1475],[-6.8102,42.1478],[-6.8104,42.1478]],[[-6.8097,42.1471],[-6.8097,42.1471],[-6.8097,42.1473],[-6.8097,42.1471]],[[-6.8087,42.147],[-6.8091,42.1475],[-6.8091,42.1474],[-6.8087,42.147]],[[-6.8079,42.1456],[-6.8072,42.146],[-6.808,42.1463],[-6.8079,42.1456]],[[-6.8403,42.1502],[-6.8402,42.1503],[-6.8403,42.1503],[-6.8403,42.1502]],[[-6.84,42.1505],[-6.8401,42.1503],[-6.8399,42.1503],[-6.84,42.1505]],[[-6.8543,42.1523],[-6.8534,42.1518],[-6.8536,42.1525],[-6.8543,42.1523]],[[-6.8541,42.1516],[-6.8541,42.1516],[-6.8542,42.1516],[-6.8541,42.1516]],[[-6.8542,42.1516],[-6.8542,42.1516],[-6.8542,42.1516],[-6.8542,42.1516]],[[-6.8823,42.1615],[-6.8824,42.1614],[-6.8824,42.1614],[-6.8823,42.1615]],[[-6.819,42.1601],[-6.819,42.1601],[-6.819,42.1601],[-6.819,42.1601]],[[-6.8189,42.1602],[-6.819,42.1601],[-6.8189,42.1601],[-6.8189,42.1602]],[[-6.8007,42.1582],[-6.8007,42.1582],[-6.8007,42.1582],[-6.8007,42.1582]],[[-6.7827,42.1503],[-6.7827,42.1502],[-6.7827,42.1503],[-6.7827,42.1503]],[[-6.7798,42.1462],[-6.7805,42.1462],[-6.7798,42.1458],[-6.7798,42.1462]],[[-6.7803,42.1461],[-6.7803,42.146],[-6.7803,42.146],[-6.7803,42.1461]],[[-6.7809,42.148],[-6.7803,42.147],[-6.7794,42.1466],[-6.7809,42.148]],[[-6.7795,42.1466],[-6.7795,42.1466],[-6.7794,42.1466],[-6.7795,42.1466]],[[-6.7796,42.1466],[-6.7796,42.1465],[-6.7795,42.1466],[-6.7796,42.1466]],[[-6.7726,42.1499],[-6.7716,42.1491],[-6.7715,42.1497],[-6.7726,42.1499]],[[-6.7725,42.1489],[-6.7724,42.1489],[-6.7725,42.1489],[-6.7725,42.1489]],[[-6.7949,42.1489],[-6.7938,42.1479],[-6.7944,42.1491],[-6.7949,42.1489]],[[-6.795,42.1488],[-6.795,42.1488],[-6.7949,42.1488],[-6.795,42.1488]],[[-6.7933,42.1468],[-6.7929,42.1476],[-6.7934,42.1478],[-6.7933,42.1468]],[[-6.7965,42.1477],[-6.7967,42.1474],[-6.7962,42.1472],[-6.7965,42.1477]],[[-6.7961,42.1481],[-6.7953,42.1481],[-6.7961,42.1483],[-6.7961,42.1481]],[[-6.7961,42.1489],[-6.7966,42.1484],[-6.7971,42.1485],[-6.7974,42.1483],[-6.7964,42.1483],[-6.7961,42.1489]],[[-6.7971,42.1487],[-6.797,42.1486],[-6.797,42.1488],[-6.7971,42.1487]],[[-6.7841,42.151],[-6.7837,42.151],[-6.7841,42.1511],[-6.7841,42.151]],[[-6.795,42.1516],[-6.796,42.1512],[-6.7943,42.1506],[-6.795,42.1516]],[[-6.7681,42.147],[-6.768,42.1468],[-6.7678,42.1467],[-6.7681,42.147]],[[-6.7707,42.1423],[-6.7713,42.1414],[-6.7703,42.1416],[-6.7707,42.1423]],[[-6.7584,42.1406],[-6.7575,42.1398],[-6.7568,42.1397],[-6.7584,42.1406]],[[-6.7553,42.139],[-6.7554,42.1395],[-6.7557,42.139],[-6.7553,42.139]],[[-6.7554,42.1395],[-6.7555,42.1396],[-6.7556,42.1395],[-6.7554,42.1395]],[[-6.7552,42.1396],[-6.7549,42.1403],[-6.7553,42.1405],[-6.7552,42.1396]],[[-6.7876,42.1346],[-6.7876,42.1346],[-6.7876,42.1346],[-6.7876,42.1346]],[[-6.8073,42.1379],[-6.807,42.1383],[-6.8074,42.1383],[-6.8073,42.1379]],[[-6.7903,42.1385],[-6.7904,42.1384],[-6.7903,42.1384],[-6.7903,42.1385]],[[-6.7997,42.1371],[-6.7992,42.1365],[-6.799,42.1373],[-6.7997,42.1371]],[[-6.8013,42.1355],[-6.8005,42.135],[-6.8011,42.1357],[-6.8013,42.1355]],[[-6.8033,42.1423],[-6.8023,42.1423],[-6.8033,42.1425],[-6.8033,42.1423]],[[-6.8295,42.1435],[-6.8299,42.1429],[-6.8296,42.1429],[-6.8295,42.1435]],[[-6.7917,42.1431],[-6.7917,42.1431],[-6.7917,42.1431],[-6.7917,42.1431]],[[-6.7924,42.1425],[-6.7919,42.1419],[-6.7917,42.1431],[-6.7924,42.1425]],[[-6.7891,42.1444],[-6.7891,42.1444],[-6.7891,42.1444],[-6.7891,42.1444],[-6.7891,42.1444]],[[-6.7888,42.1456],[-6.7892,42.1454],[-6.7888,42.1449],[-6.7888,42.1456]],[[-6.7901,42.1457],[-6.7901,42.1462],[-6.7903,42.1459],[-6.7901,42.1457]],[[-6.7888,42.1443],[-6.7886,42.1447],[-6.7888,42.1448],[-6.7888,42.1443]],[[-6.7825,42.1454],[-6.7824,42.1453],[-6.7824,42.1454],[-6.7825,42.1454]],[[-6.7698,42.1438],[-6.7691,42.1444],[-6.7692,42.1448],[-6.7698,42.1438]],[[-6.7887,42.1417],[-6.7884,42.1413],[-6.7883,42.1418],[-6.7887,42.1417]],[[-6.7633,42.1401],[-6.7641,42.1397],[-6.7634,42.1393],[-6.7633,42.1401]],[[-6.7572,42.1387],[-6.7568,42.1389],[-6.7577,42.139],[-6.7572,42.1387]],[[-6.7551,42.1387],[-6.7549,42.1386],[-6.7549,42.1387],[-6.7551,42.1387]],[[-6.7555,42.1388],[-6.7551,42.1387],[-6.7552,42.1389],[-6.7555,42.1388]],[[-6.754,42.1381],[-6.754,42.1381],[-6.754,42.1381],[-6.754,42.1381]],[[-6.7542,42.1383],[-6.7541,42.1383],[-6.7542,42.1383],[-6.7542,42.1383]],[[-6.7806,42.1372],[-6.7806,42.1374],[-6.7807,42.1373],[-6.7806,42.1372]],[[-6.7826,42.1386],[-6.7826,42.1386],[-6.7826,42.1386],[-6.7826,42.1386]],[[-6.776,42.1353],[-6.7761,42.1348],[-6.7758,42.1348],[-6.776,42.1353]],[[-6.779,42.1344],[-6.7791,42.1348],[-6.7795,42.1349],[-6.779,42.1344]],[[-6.7694,42.1344],[-6.7696,42.1333],[-6.7685,42.1335],[-6.7694,42.1344]],[[-6.7611,42.1311],[-6.7618,42.1313],[-6.762,42.1312],[-6.7611,42.1311]],[[-6.76,42.1306],[-6.7609,42.1305],[-6.76,42.1302],[-6.76,42.1306]],[[-6.7582,42.133],[-6.7595,42.1326],[-6.7582,42.1325],[-6.7582,42.133]],[[-6.7596,42.1328],[-6.7596,42.1328],[-6.7596,42.1328],[-6.7596,42.1328]],[[-6.7592,42.1283],[-6.7592,42.1283],[-6.7592,42.1283],[-6.7592,42.1283]],[[-6.7587,42.1291],[-6.7568,42.1287],[-6.757,42.1298],[-6.7587,42.1291]],[[-6.7602,42.1278],[-6.7662,42.1292],[-6.7668,42.1289],[-6.7602,42.1278]],[[-6.767,42.1293],[-6.7682,42.1291],[-6.7669,42.1284],[-6.767,42.1293]],[[-6.771,42.1282],[-6.7714,42.1293],[-6.7717,42.1293],[-6.771,42.1282]],[[-6.7715,42.1293],[-6.7715,42.1293],[-6.7715,42.1293],[-6.7715,42.1293]],[[-6.7806,42.1344],[-6.7807,42.1345],[-6.7807,42.1342],[-6.7806,42.1344]],[[-6.7812,42.1345],[-6.7812,42.1341],[-6.781,42.1345],[-6.7812,42.1345]],[[-6.7848,42.1349],[-6.7843,42.1347],[-6.7842,42.1349],[-6.7848,42.1349]],[[-6.7777,42.1351],[-6.7777,42.1355],[-6.7779,42.1351],[-6.7777,42.1351]],[[-6.8081,42.1449],[-6.8085,42.1452],[-6.8084,42.1448],[-6.8081,42.1449]],[[-6.808,42.145],[-6.8079,42.1449],[-6.8078,42.1449],[-6.808,42.145]],[[-6.7533,42.1321],[-6.7533,42.1322],[-6.7534,42.1322],[-6.7533,42.1321]],[[-6.7754,42.1673],[-6.7761,42.1673],[-6.7762,42.1668],[-6.7754,42.1673]],[[-6.7581,42.1524],[-6.7577,42.1523],[-6.7581,42.1524],[-6.7581,42.1524]],[[-6.7571,42.1518],[-6.7567,42.152],[-6.7571,42.152],[-6.7571,42.1518]],[[-6.7175,42.1579],[-6.7176,42.1579],[-6.7175,42.1579],[-6.7175,42.1579]],[[-6.7161,42.1571],[-6.7159,42.1566],[-6.7158,42.1566],[-6.7158,42.157],[-6.7161,42.1571]],[[-6.7472,42.2628],[-6.7469,42.2627],[-6.7467,42.2627],[-6.7468,42.2629],[-6.7472,42.2628]],[[-6.7043,42.2267],[-6.7042,42.2272],[-6.7044,42.2272],[-6.7043,42.2267]],[[-6.768,42.1554],[-6.7686,42.1551],[-6.768,42.1553],[-6.768,42.1554]],[[-6.7655,42.1546],[-6.7654,42.1546],[-6.7655,42.1546],[-6.7655,42.1546]],[[-6.7977,42.2914],[-6.7984,42.2921],[-6.7988,42.2911],[-6.7995,42.291],[-6.7977,42.2914]],[[-6.7994,42.2906],[-6.7994,42.2906],[-6.7994,42.2906],[-6.7994,42.2906],[-6.7994,42.2906]],[[-6.7991,42.2911],[-6.7991,42.2912],[-6.7991,42.2911],[-6.7991,42.2911]],[[-6.7978,42.2894],[-6.7989,42.2888],[-6.7999,42.2881],[-6.7978,42.2894]],[[-6.7994,42.2888],[-6.7993,42.2889],[-6.7993,42.289],[-6.7994,42.2888]],[[-6.8962,42.1631],[-6.8971,42.1633],[-6.8972,42.1629],[-6.8975,42.1629],[-6.8975,42.1627],[-6.8962,42.1631]],[[-6.8964,42.1632],[-6.8964,42.1632],[-6.8964,42.1632],[-6.8964,42.1632]],[[-6.8971,42.1631],[-6.8972,42.1631],[-6.8972,42.1631],[-6.8971,42.1631]],[[-6.8527,42.2488],[-6.853,42.2486],[-6.8526,42.2485],[-6.8527,42.2488]],[[-6.8535,42.248],[-6.853,42.2486],[-6.8539,42.2485],[-6.8535,42.248]],[[-6.8596,42.2498],[-6.859,42.2494],[-6.8588,42.2496],[-6.8596,42.2498]],[[-6.8606,42.2498],[-6.8602,42.2498],[-6.8607,42.2498],[-6.8606,42.2498]],[[-6.8417,42.1749],[-6.8421,42.1749],[-6.8423,42.1743],[-6.8417,42.1749]],[[-6.8326,42.1814],[-6.8331,42.1815],[-6.833,42.1812],[-6.8326,42.1814]],[[-6.8323,42.1887],[-6.8324,42.1885],[-6.8323,42.1886],[-6.8323,42.1887]],[[-6.822,42.1547],[-6.8218,42.1552],[-6.8221,42.1552],[-6.822,42.1547]],[[-6.825,42.1546],[-6.8257,42.1552],[-6.826,42.1548],[-6.825,42.1546]],[[-6.8251,42.1553],[-6.8246,42.1552],[-6.8249,42.1554],[-6.8251,42.1553]],[[-6.828,42.1883],[-6.8282,42.1886],[-6.8288,42.1884],[-6.828,42.1883]],[[-6.7955,42.2789],[-6.7955,42.2789],[-6.7954,42.2789],[-6.7955,42.2789]],[[-6.7954,42.279],[-6.7956,42.2794],[-6.7958,42.279],[-6.7954,42.279]],[[-6.7804,42.1501],[-6.7806,42.1507],[-6.7808,42.1503],[-6.7804,42.1501]],[[-6.7728,42.1486],[-6.7727,42.1487],[-6.7727,42.1488],[-6.7728,42.1486]],[[-6.7638,42.1493],[-6.7638,42.1499],[-6.7645,42.1498],[-6.7638,42.1493]],[[-6.7645,42.1498],[-6.7645,42.1498],[-6.7645,42.1498],[-6.7645,42.1498]],[[-6.7771,42.2625],[-6.7763,42.2639],[-6.7773,42.2625],[-6.7771,42.2625]],[[-6.7765,42.2639],[-6.7765,42.2639],[-6.7765,42.2639],[-6.7765,42.2639]],[[-6.7629,42.1479],[-6.7619,42.1481],[-6.763,42.1481],[-6.7629,42.1479]],[[-6.7632,42.1491],[-6.7621,42.1487],[-6.7619,42.1489],[-6.7632,42.1491]],[[-6.7576,42.1577],[-6.7575,42.1572],[-6.7569,42.1572],[-6.7576,42.1577]],[[-6.7578,42.1577],[-6.7578,42.1576],[-6.7578,42.1577],[-6.7578,42.1577]],[[-6.7574,42.1647],[-6.7572,42.1651],[-6.7588,42.1651],[-6.7587,42.1646],[-6.7589,42.1647],[-6.7591,42.1646],[-6.7591,42.1646],[-6.7591,42.1645],[-6.7574,42.1647]],[[-6.7591,42.1646],[-6.7591,42.1646],[-6.7591,42.1646],[-6.7591,42.1646]],[[-6.7574,42.1652],[-6.7574,42.1652],[-6.7574,42.1652],[-6.7574,42.1652]],[[-6.7591,42.1645],[-6.7592,42.1645],[-6.7592,42.1645],[-6.7591,42.1645]],[[-6.7591,42.1649],[-6.7592,42.1662],[-6.7599,42.166],[-6.7591,42.1649]],[[-6.7602,42.1659],[-6.76,42.166],[-6.7602,42.166],[-6.7602,42.1659]],[[-6.7635,42.1663],[-6.7633,42.1658],[-6.7629,42.1658],[-6.7635,42.1663]],[[-6.7629,42.1659],[-6.7628,42.1658],[-6.7628,42.1659],[-6.7629,42.1659]],[[-6.7575,42.1825],[-6.7573,42.1834],[-6.7577,42.1834],[-6.7575,42.1825]],[[-6.7543,42.185],[-6.7543,42.185],[-6.7543,42.185],[-6.7543,42.185]],[[-6.7543,42.185],[-6.7543,42.185],[-6.7543,42.185],[-6.7543,42.185]],[[-6.7544,42.1851],[-6.7537,42.1852],[-6.7545,42.1853],[-6.7544,42.1851]],[[-6.755,42.1852],[-6.7548,42.1848],[-6.7549,42.1846],[-6.7547,42.1851],[-6.755,42.1852]],[[-6.7443,42.1472],[-6.7437,42.1469],[-6.7433,42.147],[-6.7443,42.1472]],[[-6.7457,42.1474],[-6.7451,42.1485],[-6.746,42.1483],[-6.7457,42.1474]],[[-6.7448,42.148],[-6.7449,42.1479],[-6.7448,42.1479],[-6.7448,42.148]],[[-6.7458,42.1474],[-6.7458,42.1474],[-6.7458,42.1474],[-6.7458,42.1474]],[[-6.7307,42.1966],[-6.7299,42.1967],[-6.731,42.197],[-6.7307,42.1966]],[[-6.731,42.1983],[-6.7312,42.1977],[-6.7306,42.1977],[-6.731,42.1983]],[[-6.6965,42.1561],[-6.6967,42.1564],[-6.6969,42.1563],[-6.6965,42.1561]],[[-6.7059,42.1634],[-6.7062,42.1638],[-6.7063,42.1638],[-6.7059,42.1634]],[[-6.7063,42.1635],[-6.7063,42.1634],[-6.7063,42.1634],[-6.7063,42.1635]],[[-6.7062,42.1633],[-6.7062,42.1633],[-6.7062,42.1633],[-6.7062,42.1633]],[[-6.7062,42.1632],[-6.7062,42.1633],[-6.7062,42.1632],[-6.7062,42.1632]],[[-6.7069,42.1629],[-6.7063,42.1626],[-6.7064,42.1629],[-6.7069,42.1629]],[[-6.7072,42.1621],[-6.7072,42.1621],[-6.7072,42.1621],[-6.7072,42.1621]],[[-6.7061,42.163],[-6.7062,42.1629],[-6.7061,42.1629],[-6.7061,42.163]],[[-6.7061,42.1639],[-6.7061,42.1639],[-6.7061,42.1639],[-6.7061,42.1639]],[[-6.7059,42.1643],[-6.706,42.1642],[-6.7059,42.1642],[-6.7059,42.1643]],[[-6.7061,42.1642],[-6.7061,42.164],[-6.706,42.164],[-6.7061,42.1642]],[[-6.7062,42.1641],[-6.7062,42.1642],[-6.7062,42.1641],[-6.7062,42.1641]],[[-6.7065,42.1879],[-6.7065,42.1877],[-6.7064,42.1879],[-6.7065,42.1879]],[[-6.7285,42.1952],[-6.7288,42.1957],[-6.7292,42.1955],[-6.7285,42.1952]],[[-6.7105,42.2283],[-6.7096,42.2278],[-6.7092,42.2274],[-6.7095,42.228],[-6.7105,42.2283]],[[-6.8026,42.2939],[-6.8026,42.2929],[-6.8019,42.2933],[-6.8026,42.2939]],[[-6.7909,42.1634],[-6.7905,42.1642],[-6.7909,42.1641],[-6.7909,42.1634]],[[-6.7829,42.1635],[-6.7829,42.1635],[-6.7827,42.1635],[-6.7829,42.1635]],[[-6.7825,42.1634],[-6.7816,42.1641],[-6.7827,42.1638],[-6.7825,42.1634]],[[-6.782,42.1647],[-6.7822,42.1647],[-6.782,42.1647],[-6.782,42.1647]],[[-6.7793,42.1652],[-6.7795,42.165],[-6.7796,42.1647],[-6.7792,42.1648],[-6.7793,42.1652]],[[-6.7796,42.1649],[-6.7796,42.1649],[-6.7796,42.1649],[-6.7796,42.1649]],[[-6.7834,42.1656],[-6.7834,42.1656],[-6.7834,42.1655],[-6.7834,42.1656]],[[-6.7035,42.2264],[-6.7036,42.2263],[-6.7035,42.2263],[-6.7035,42.2264]],[[-6.7035,42.2261],[-6.7038,42.2261],[-6.7038,42.2258],[-6.7035,42.2261]],[[-6.6855,42.2242],[-6.6854,42.2245],[-6.6856,42.2242],[-6.6855,42.2242]],[[-6.6999,42.218],[-6.7001,42.218],[-6.7,42.2179],[-6.6999,42.218]],[[-6.7002,42.2192],[-6.7003,42.219],[-6.7002,42.2189],[-6.7002,42.2192]],[[-6.7035,42.2228],[-6.7035,42.2232],[-6.7041,42.2232],[-6.7035,42.2228]],[[-6.7091,42.2549],[-6.7047,42.256],[-6.7035,42.2577],[-6.7091,42.2549]],[[-6.7048,42.2556],[-6.7051,42.2555],[-6.7051,42.2553],[-6.7049,42.2553],[-6.7048,42.2556]],[[-6.6966,42.2621],[-6.6967,42.262],[-6.6964,42.2621],[-6.6966,42.2621]],[[-6.6992,42.2608],[-6.6992,42.2609],[-6.6992,42.2608],[-6.6992,42.2608]],[[-6.697,42.257],[-6.6951,42.2565],[-6.6941,42.2569],[-6.697,42.257]],[[-6.8284,42.28],[-6.8283,42.28],[-6.8284,42.28],[-6.8284,42.28]],[[-6.8282,42.2801],[-6.8282,42.28],[-6.8282,42.2801],[-6.8282,42.2801]],[[-6.8266,42.281],[-6.8268,42.281],[-6.8267,42.2809],[-6.8266,42.281]],[[-6.8267,42.2808],[-6.8267,42.2809],[-6.8267,42.2808],[-6.8267,42.2808]],[[-6.8267,42.2808],[-6.8268,42.2808],[-6.8268,42.2808],[-6.8267,42.2808]],[[-6.8339,42.2847],[-6.8339,42.2847],[-6.8339,42.2847],[-6.8339,42.2847]],[[-6.8287,42.2795],[-6.8286,42.2795],[-6.8287,42.2795],[-6.8287,42.2795]],[[-6.8286,42.2795],[-6.8286,42.2792],[-6.8286,42.2792],[-6.8286,42.2795]],[[-6.7973,42.2956],[-6.7973,42.2956],[-6.7973,42.2956],[-6.7973,42.2956]],[[-6.7972,42.2957],[-6.7972,42.2957],[-6.7972,42.2957],[-6.7972,42.2957]],[[-6.7978,42.2966],[-6.7979,42.2966],[-6.7979,42.2965],[-6.7978,42.2966],[-6.7978,42.2966]],[[-6.8178,42.2966],[-6.8176,42.2965],[-6.8176,42.2967],[-6.8178,42.2966]],[[-6.8179,42.2966],[-6.818,42.2967],[-6.818,42.2966],[-6.8179,42.2966]],[[-6.8259,42.298],[-6.826,42.2991],[-6.8266,42.298],[-6.8259,42.298]],[[-6.8402,42.2875],[-6.8402,42.2876],[-6.8404,42.2875],[-6.8402,42.2875]],[[-6.8398,42.2876],[-6.8401,42.2877],[-6.8402,42.2877],[-6.8398,42.2876]],[[-6.8284,42.3209],[-6.8285,42.3197],[-6.8279,42.3199],[-6.8284,42.3209]],[[-6.8294,42.3314],[-6.8312,42.33],[-6.83,42.3295],[-6.8294,42.3314]],[[-6.8315,42.3306],[-6.8315,42.3306],[-6.8315,42.3306],[-6.8315,42.3306]],[[-6.8301,42.3317],[-6.8301,42.3317],[-6.8302,42.3317],[-6.8301,42.3317]],[[-6.6835,42.2581],[-6.6829,42.2587],[-6.6851,42.2588],[-6.6835,42.2581]],[[-6.6845,42.2592],[-6.686,42.2592],[-6.6877,42.259],[-6.6845,42.2592]],[[-6.6877,42.259],[-6.6877,42.2591],[-6.6877,42.2591],[-6.6877,42.259]],[[-6.6877,42.259],[-6.6877,42.259],[-6.6877,42.259],[-6.6877,42.259]],[[-6.6869,42.2588],[-6.6869,42.2588],[-6.6869,42.2588],[-6.6869,42.2588]],[[-6.6869,42.2588],[-6.6869,42.2588],[-6.6869,42.2588],[-6.6869,42.2588]],[[-6.6847,42.2592],[-6.6847,42.2591],[-6.6847,42.2592],[-6.6847,42.2592]],[[-6.6849,42.2589],[-6.6849,42.2589],[-6.6849,42.2589],[-6.6849,42.2589]],[[-6.6849,42.2589],[-6.6849,42.2589],[-6.6849,42.2589],[-6.6849,42.2589]],[[-6.7112,42.255],[-6.7112,42.255],[-6.7112,42.255],[-6.7112,42.255]],[[-6.6894,42.2364],[-6.6891,42.2368],[-6.6896,42.2367],[-6.6894,42.2364]],[[-6.6909,42.2364],[-6.6909,42.2362],[-6.6902,42.2363],[-6.6909,42.2364]],[[-6.6931,42.2326],[-6.6931,42.2326],[-6.6932,42.2326],[-6.6931,42.2326]],[[-6.705,42.2229],[-6.7053,42.223],[-6.7054,42.223],[-6.7052,42.2228],[-6.705,42.2229]],[[-6.6994,42.1842],[-6.6994,42.1841],[-6.699,42.1842],[-6.6994,42.1842]],[[-6.6993,42.1837],[-6.6994,42.1838],[-6.6994,42.1836],[-6.6993,42.1837]],[[-6.7047,42.184],[-6.7044,42.1839],[-6.7047,42.1841],[-6.7047,42.184]],[[-6.6998,42.1833],[-6.6998,42.1832],[-6.6998,42.1832],[-6.6998,42.1833]],[[-6.6995,42.1831],[-6.6997,42.1831],[-6.6997,42.1831],[-6.6995,42.1831]],[[-6.6996,42.1835],[-6.6996,42.1833],[-6.6996,42.1834],[-6.6996,42.1835]],[[-6.6995,42.183],[-6.6995,42.1831],[-6.6995,42.183],[-6.6995,42.183]],[[-6.6993,42.1829],[-6.6994,42.1829],[-6.6995,42.1829],[-6.6993,42.1829]],[[-6.703,42.183],[-6.7022,42.1828],[-6.702,42.1828],[-6.703,42.183]],[[-6.6993,42.1824],[-6.6993,42.1822],[-6.6991,42.1823],[-6.6993,42.1824]],[[-6.6984,42.182],[-6.6987,42.1822],[-6.699,42.1822],[-6.6989,42.182],[-6.6984,42.182]],[[-6.6978,42.1821],[-6.6966,42.1817],[-6.6958,42.1821],[-6.6978,42.1821]],[[-6.7844,42.175],[-6.7845,42.175],[-6.7845,42.175],[-6.7844,42.175]],[[-6.7845,42.175],[-6.7845,42.175],[-6.7845,42.175],[-6.7845,42.175]],[[-6.7846,42.175],[-6.7846,42.175],[-6.7847,42.175],[-6.7846,42.175]],[[-6.7847,42.1749],[-6.7847,42.1749],[-6.7846,42.1749],[-6.7847,42.1749]],[[-6.7842,42.1749],[-6.7847,42.1744],[-6.7844,42.1744],[-6.7842,42.1749]],[[-6.7847,42.1745],[-6.7847,42.1745],[-6.7847,42.1745],[-6.7847,42.1745]],[[-6.7848,42.1749],[-6.7848,42.1748],[-6.7848,42.1749],[-6.7848,42.1749]],[[-6.7614,42.1588],[-6.7614,42.1589],[-6.7614,42.1589],[-6.7614,42.1588],[-6.7614,42.1588]],[[-6.7757,42.1568],[-6.7758,42.1569],[-6.7758,42.1568],[-6.7757,42.1568]],[[-6.7759,42.1569],[-6.7758,42.1569],[-6.7759,42.1569],[-6.7759,42.1569]],[[-6.7916,42.1672],[-6.7918,42.1676],[-6.7919,42.1673],[-6.7916,42.1672]],[[-6.7934,42.1705],[-6.7934,42.1705],[-6.7934,42.1705],[-6.7934,42.1705]],[[-6.7934,42.1705],[-6.7934,42.1705],[-6.7934,42.1705],[-6.7934,42.1705]],[[-6.7935,42.1705],[-6.7935,42.1705],[-6.7935,42.1705],[-6.7935,42.1705]],[[-6.7614,42.1558],[-6.7614,42.1558],[-6.7614,42.1557],[-6.7614,42.1558]],[[-6.7033,42.1786],[-6.703,42.1782],[-6.7029,42.1783],[-6.7033,42.1786]],[[-6.7024,42.1784],[-6.7021,42.179],[-6.7028,42.179],[-6.7024,42.1784]],[[-6.7033,42.1791],[-6.7031,42.179],[-6.703,42.179],[-6.7031,42.1791],[-6.7033,42.1791],[-6.7033,42.1791]],[[-6.683,42.2436],[-6.6827,42.243],[-6.6824,42.2434],[-6.683,42.2436]],[[-6.682,42.2442],[-6.6815,42.2431],[-6.6814,42.2441],[-6.682,42.2442]],[[-6.6839,42.245],[-6.6846,42.2449],[-6.6834,42.2446],[-6.6839,42.245]],[[-6.7507,42.1385],[-6.7508,42.1386],[-6.7509,42.1386],[-6.7507,42.1385]],[[-6.7497,42.1392],[-6.7497,42.1392],[-6.7497,42.1392],[-6.7497,42.1392]],[[-6.75,42.1389],[-6.75,42.1388],[-6.75,42.1389],[-6.75,42.1389]],[[-6.7462,42.1382],[-6.7462,42.1382],[-6.7462,42.1382],[-6.7462,42.1382]],[[-6.7452,42.1382],[-6.7453,42.1383],[-6.7453,42.1381],[-6.7452,42.1382]],[[-6.7451,42.1377],[-6.7451,42.1377],[-6.7451,42.1377],[-6.7451,42.1377]],[[-6.7446,42.1368],[-6.7445,42.1367],[-6.7445,42.1368],[-6.7446,42.1368]],[[-6.7448,42.1368],[-6.7447,42.1367],[-6.7446,42.1367],[-6.7448,42.1368]],[[-6.745,42.1366],[-6.7453,42.1365],[-6.745,42.1365],[-6.745,42.1366]],[[-6.7453,42.1363],[-6.7456,42.1361],[-6.7467,42.1358],[-6.7458,42.1354],[-6.7453,42.1363]],[[-6.7451,42.1333],[-6.7459,42.1331],[-6.7449,42.1329],[-6.7451,42.1333]],[[-6.7461,42.1347],[-6.7463,42.1342],[-6.7458,42.1344],[-6.7461,42.1347]],[[-6.7475,42.1336],[-6.7472,42.1334],[-6.7471,42.1334],[-6.7474,42.1336],[-6.7475,42.1336]],[[-6.7471,42.1331],[-6.7471,42.133],[-6.7471,42.1331],[-6.7471,42.1331]],[[-6.747,42.1326],[-6.7468,42.1327],[-6.7469,42.1328],[-6.747,42.1326]],[[-6.7421,42.1316],[-6.7421,42.1314],[-6.7421,42.1315],[-6.7421,42.1316]],[[-6.7423,42.1315],[-6.7423,42.1315],[-6.7423,42.1315],[-6.7423,42.1315]],[[-6.7422,42.1316],[-6.7422,42.1316],[-6.7422,42.1316],[-6.7422,42.1316]],[[-6.7422,42.1316],[-6.7422,42.1316],[-6.7422,42.1316],[-6.7422,42.1316]],[[-6.7446,42.1293],[-6.7446,42.1293],[-6.7446,42.1293],[-6.7446,42.1293]],[[-6.7448,42.1265],[-6.7448,42.1265],[-6.7448,42.1265],[-6.7448,42.1265]],[[-6.7448,42.1264],[-6.7447,42.1264],[-6.7447,42.1265],[-6.7448,42.1265],[-6.7448,42.1264]],[[-6.7447,42.1264],[-6.7446,42.1264],[-6.7446,42.1264],[-6.7447,42.1264]],[[-6.7464,42.1273],[-6.7465,42.1274],[-6.7465,42.1273],[-6.7464,42.1273]],[[-6.7468,42.1287],[-6.7467,42.1286],[-6.7467,42.1287],[-6.7468,42.1287]],[[-6.7475,42.1293],[-6.7474,42.1294],[-6.7476,42.1294],[-6.7475,42.1293]],[[-6.7508,42.1332],[-6.7508,42.1332],[-6.7508,42.1332],[-6.7508,42.1332]],[[-6.7667,42.1665],[-6.7667,42.1665],[-6.7668,42.1665],[-6.7667,42.1665]],[[-6.7669,42.1665],[-6.7669,42.1666],[-6.7669,42.1665],[-6.7669,42.1665]],[[-6.7669,42.1666],[-6.767,42.1666],[-6.767,42.1666],[-6.7669,42.1666]],[[-6.7667,42.1673],[-6.7667,42.1673],[-6.7667,42.1672],[-6.7667,42.1673]],[[-6.7667,42.1672],[-6.7667,42.1672],[-6.7667,42.1672],[-6.7667,42.1672]],[[-6.8305,42.3314],[-6.8305,42.3314],[-6.8305,42.3314],[-6.8305,42.3314]],[[-6.8317,42.3237],[-6.8317,42.3237],[-6.8317,42.3237],[-6.8317,42.3237]],[[-6.8283,42.3229],[-6.8282,42.3229],[-6.8282,42.3229],[-6.8283,42.3229]],[[-6.8155,42.3176],[-6.8155,42.3176],[-6.8155,42.3176],[-6.8155,42.3176]],[[-6.8156,42.3124],[-6.8161,42.3121],[-6.816,42.3118],[-6.8156,42.312],[-6.8156,42.3124]],[[-6.8162,42.3118],[-6.8161,42.3119],[-6.8162,42.3119],[-6.8162,42.3118]],[[-6.8164,42.3116],[-6.8164,42.3115],[-6.8164,42.3115],[-6.8164,42.3116]],[[-6.817,42.3115],[-6.817,42.3115],[-6.817,42.3114],[-6.817,42.3115]],[[-6.8169,42.3117],[-6.8169,42.3117],[-6.8169,42.3117],[-6.8169,42.3117]],[[-6.8193,42.3067],[-6.8195,42.3066],[-6.8196,42.3066],[-6.8193,42.3067]],[[-6.8196,42.3066],[-6.8196,42.3066],[-6.8196,42.3066],[-6.8196,42.3066]],[[-6.8229,42.3053],[-6.8228,42.3052],[-6.8228,42.3053],[-6.8229,42.3053]],[[-6.8229,42.3053],[-6.8229,42.3053],[-6.8229,42.3053],[-6.8229,42.3053]],[[-6.82,42.3007],[-6.8202,42.3007],[-6.82,42.3007],[-6.82,42.3007]],[[-6.8206,42.2998],[-6.8206,42.2998],[-6.8206,42.2998],[-6.8206,42.2998]],[[-6.7994,42.2975],[-6.7994,42.2974],[-6.7994,42.2974],[-6.7994,42.2975]],[[-6.6801,42.256],[-6.6799,42.256],[-6.6799,42.2561],[-6.6801,42.256]],[[-6.6968,42.2453],[-6.6968,42.2453],[-6.6968,42.2453],[-6.6968,42.2453]],[[-6.6712,42.2542],[-6.6712,42.2543],[-6.6712,42.2544],[-6.6712,42.2542]],[[-6.6706,42.2537],[-6.6706,42.2537],[-6.6706,42.2537],[-6.6706,42.2537]],[[-6.6706,42.2537],[-6.6706,42.2536],[-6.6706,42.2536],[-6.6706,42.2537]],[[-6.6706,42.2536],[-6.6705,42.2536],[-6.6705,42.2536],[-6.6706,42.2536]],[[-6.6702,42.2523],[-6.6702,42.2522],[-6.6702,42.2523],[-6.6702,42.2523]],[[-6.6722,42.2494],[-6.6723,42.2494],[-6.6723,42.2493],[-6.6722,42.2494]],[[-6.6719,42.2502],[-6.6719,42.2499],[-6.6718,42.2502],[-6.6719,42.2502]],[[-6.6726,42.2494],[-6.6727,42.2496],[-6.6729,42.2494],[-6.6726,42.2494]],[[-6.6734,42.2481],[-6.6733,42.248],[-6.6734,42.2481],[-6.6734,42.2481]],[[-6.6733,42.2478],[-6.6733,42.2478],[-6.6733,42.2478],[-6.6733,42.2478]],[[-6.6733,42.2476],[-6.6733,42.2476],[-6.6733,42.2477],[-6.6733,42.2476]],[[-6.6736,42.2473],[-6.6733,42.2471],[-6.6733,42.2475],[-6.6736,42.2473]],[[-6.673,42.2469],[-6.673,42.247],[-6.673,42.2471],[-6.673,42.2469]],[[-6.673,42.2472],[-6.6729,42.2472],[-6.6729,42.2473],[-6.673,42.2473],[-6.673,42.2472]],[[-6.6784,42.2438],[-6.6784,42.2438],[-6.6784,42.2438],[-6.6784,42.2438]],[[-6.6782,42.2439],[-6.6783,42.2439],[-6.6783,42.2439],[-6.6782,42.2439]],[[-6.686,42.2364],[-6.6859,42.2364],[-6.686,42.2364],[-6.686,42.2364]],[[-6.686,42.2364],[-6.686,42.2364],[-6.686,42.2364],[-6.686,42.2364]],[[-6.6707,42.2331],[-6.6707,42.2331],[-6.6707,42.2331],[-6.6707,42.2331]],[[-6.67,42.2327],[-6.67,42.2326],[-6.67,42.2326],[-6.67,42.2327]],[[-6.6688,42.2341],[-6.6688,42.2341],[-6.6688,42.2341],[-6.6688,42.2341]],[[-6.6685,42.2341],[-6.6685,42.234],[-6.6685,42.2341],[-6.6685,42.2341]],[[-6.6674,42.2335],[-6.6674,42.2336],[-6.6674,42.2335],[-6.6674,42.2335]],[[-6.6594,42.2395],[-6.6594,42.2395],[-6.6594,42.2395],[-6.6594,42.2395]],[[-6.6597,42.2393],[-6.6597,42.2393],[-6.6597,42.2393],[-6.6597,42.2393]],[[-6.6598,42.2393],[-6.6599,42.2394],[-6.6599,42.2394],[-6.6598,42.2393]],[[-6.6617,42.2374],[-6.6617,42.2374],[-6.6617,42.2374],[-6.6617,42.2374]],[[-6.662,42.2367],[-6.6625,42.2377],[-6.6634,42.2375],[-6.662,42.2367]],[[-6.6619,42.2375],[-6.6619,42.2375],[-6.6619,42.2375],[-6.6619,42.2375]],[[-6.6601,42.2343],[-6.6637,42.2351],[-6.6648,42.2351],[-6.6634,42.2345],[-6.6601,42.2343]],[[-6.6649,42.235],[-6.6649,42.235],[-6.6649,42.235],[-6.6649,42.235]],[[-6.6648,42.235],[-6.6647,42.235],[-6.6647,42.235],[-6.6648,42.235]],[[-6.6589,42.2395],[-6.659,42.2394],[-6.659,42.2394],[-6.6589,42.2394],[-6.6589,42.2395]],[[-6.6409,42.2513],[-6.6409,42.2514],[-6.641,42.2514],[-6.6409,42.2513],[-6.6409,42.2513]],[[-6.6299,42.2519],[-6.6299,42.2519],[-6.6299,42.2519],[-6.6299,42.2519]],[[-6.6309,42.2488],[-6.6308,42.249],[-6.631,42.2489],[-6.6309,42.2488]],[[-6.6348,42.2459],[-6.6348,42.2459],[-6.6348,42.2459],[-6.6348,42.2459]],[[-6.6328,42.2436],[-6.6328,42.2436],[-6.6328,42.2436],[-6.6328,42.2436]],[[-6.6333,42.2428],[-6.6333,42.2427],[-6.6332,42.2427],[-6.6333,42.2428]],[[-6.6351,42.2412],[-6.635,42.2412],[-6.635,42.2413],[-6.6351,42.2412]],[[-6.6351,42.241],[-6.6352,42.2411],[-6.6352,42.2411],[-6.6351,42.241]],[[-6.6338,42.2412],[-6.6337,42.2412],[-6.6339,42.2412],[-6.6338,42.2412]],[[-6.6339,42.2413],[-6.6339,42.2412],[-6.6339,42.2413],[-6.6339,42.2413]],[[-6.6339,42.2413],[-6.6339,42.2413],[-6.6339,42.2413],[-6.6339,42.2413]],[[-6.6339,42.2413],[-6.6339,42.2413],[-6.6339,42.2413],[-6.6339,42.2413]],[[-6.634,42.2413],[-6.6339,42.2413],[-6.6339,42.2413],[-6.634,42.2413]],[[-6.6341,42.2414],[-6.634,42.2414],[-6.634,42.2414],[-6.6341,42.2414]],[[-6.6298,42.2425],[-6.6301,42.2426],[-6.6299,42.2425],[-6.6298,42.2425]],[[-6.6217,42.2416],[-6.6217,42.2417],[-6.6218,42.2418],[-6.6217,42.2416]],[[-6.6271,42.2315],[-6.6271,42.2315],[-6.6271,42.2315],[-6.6271,42.2315]],[[-6.631,42.2203],[-6.631,42.2203],[-6.631,42.2203],[-6.631,42.2203]],[[-6.6282,42.2203],[-6.6282,42.2202],[-6.6282,42.2203],[-6.6282,42.2203]],[[-6.6286,42.2185],[-6.6286,42.2185],[-6.6286,42.2185],[-6.6286,42.2185]],[[-6.6277,42.2175],[-6.6277,42.2176],[-6.6277,42.2175],[-6.6277,42.2175]],[[-6.6276,42.2173],[-6.6275,42.2173],[-6.6276,42.2173],[-6.6276,42.2173]],[[-6.6293,42.2167],[-6.6292,42.2166],[-6.6292,42.2167],[-6.6293,42.2167]],[[-6.6315,42.2196],[-6.6318,42.2194],[-6.6318,42.2193],[-6.6315,42.2196]],[[-6.6322,42.2186],[-6.6322,42.2186],[-6.6322,42.2186],[-6.6322,42.2186]],[[-6.6355,42.2182],[-6.6355,42.2182],[-6.6356,42.2182],[-6.6355,42.2182]],[[-6.6378,42.22],[-6.6379,42.22],[-6.6379,42.22],[-6.6379,42.2199],[-6.6378,42.22]],[[-6.6377,42.2203],[-6.6377,42.2203],[-6.6377,42.2203],[-6.6377,42.2204],[-6.6377,42.2203]],[[-6.6367,42.2217],[-6.6359,42.2212],[-6.6363,42.2216],[-6.6367,42.2217]],[[-6.6362,42.2222],[-6.6362,42.2221],[-6.6361,42.2222],[-6.6362,42.2222]],[[-6.6359,42.2219],[-6.6359,42.2219],[-6.6359,42.2219],[-6.6359,42.2219]],[[-6.6342,42.2259],[-6.6336,42.226],[-6.6342,42.226],[-6.6342,42.2259]],[[-6.6506,42.2233],[-6.6475,42.2231],[-6.6463,42.2222],[-6.6454,42.2221],[-6.6477,42.2237],[-6.6484,42.2266],[-6.6469,42.2273],[-6.6512,42.228],[-6.648,42.2238],[-6.6506,42.2233]],[[-6.6501,42.2282],[-6.6501,42.2282],[-6.6501,42.2282],[-6.6501,42.2282]],[[-6.648,42.2185],[-6.648,42.2184],[-6.648,42.2184],[-6.648,42.2185]],[[-6.6484,42.218],[-6.6485,42.218],[-6.6485,42.218],[-6.6484,42.218]],[[-6.6484,42.218],[-6.6483,42.2179],[-6.6483,42.218],[-6.6484,42.218]],[[-6.6482,42.218],[-6.6483,42.218],[-6.6482,42.218],[-6.6482,42.218]],[[-6.6509,42.2169],[-6.6508,42.2168],[-6.6508,42.2168],[-6.6509,42.2169]],[[-6.6504,42.2165],[-6.6505,42.2164],[-6.6504,42.2164],[-6.6504,42.2165]],[[-6.6536,42.2144],[-6.6536,42.2144],[-6.6536,42.2144],[-6.6536,42.2144]],[[-6.6549,42.2266],[-6.6549,42.2266],[-6.6549,42.2265],[-6.6549,42.2266]],[[-6.6553,42.2272],[-6.6548,42.2266],[-6.6548,42.227],[-6.6553,42.2272]],[[-6.6726,42.2132],[-6.6729,42.2132],[-6.6729,42.2132],[-6.6726,42.2132]],[[-6.6726,42.2132],[-6.6726,42.2132],[-6.6726,42.2132],[-6.6726,42.2132]],[[-6.6714,42.2126],[-6.6714,42.2126],[-6.6714,42.2126],[-6.6714,42.2126]],[[-6.6711,42.2125],[-6.6711,42.2125],[-6.6711,42.2125],[-6.6711,42.2125]],[[-6.689,42.2057],[-6.689,42.2058],[-6.689,42.2059],[-6.689,42.2057]],[[-6.689,42.206],[-6.689,42.2059],[-6.689,42.2059],[-6.689,42.206]],[[-6.6891,42.206],[-6.689,42.206],[-6.6891,42.206],[-6.6891,42.206]],[[-6.6944,42.2008],[-6.6944,42.2008],[-6.6944,42.2008],[-6.6944,42.2008]],[[-6.6787,42.177],[-6.6785,42.1771],[-6.6787,42.1772],[-6.6787,42.177]],[[-6.67,42.17],[-6.6696,42.1699],[-6.6696,42.17],[-6.67,42.17]],[[-6.6728,42.1713],[-6.6729,42.1713],[-6.6728,42.1713],[-6.6728,42.1713]],[[-6.6782,42.1721],[-6.6782,42.1719],[-6.6781,42.172],[-6.6782,42.1721]],[[-6.6838,42.1732],[-6.6815,42.1725],[-6.6812,42.172],[-6.6816,42.1738],[-6.6838,42.1732]],[[-6.6818,42.1724],[-6.6819,42.1725],[-6.6819,42.1724],[-6.6818,42.1724]],[[-6.6819,42.1714],[-6.6823,42.1712],[-6.6819,42.171],[-6.6819,42.1714]],[[-6.6821,42.1715],[-6.6821,42.1715],[-6.6821,42.1715],[-6.6821,42.1715]],[[-6.6812,42.1703],[-6.6812,42.17],[-6.6809,42.1703],[-6.6812,42.1703]],[[-6.6817,42.1677],[-6.6818,42.1677],[-6.682,42.1676],[-6.6817,42.1677]],[[-6.682,42.1676],[-6.682,42.1676],[-6.682,42.1676],[-6.682,42.1676]],[[-6.6821,42.1676],[-6.6821,42.1676],[-6.6821,42.1676],[-6.6821,42.1676]],[[-6.6821,42.1676],[-6.6833,42.1676],[-6.6832,42.1675],[-6.6821,42.1676]],[[-6.6779,42.1654],[-6.6779,42.1654],[-6.6779,42.1654],[-6.6779,42.1654]],[[-6.6803,42.1628],[-6.6803,42.1628],[-6.6803,42.1628],[-6.6803,42.1628]],[[-6.6802,42.1628],[-6.6802,42.1628],[-6.6802,42.1628],[-6.6802,42.1628]],[[-6.6768,42.1599],[-6.677,42.1599],[-6.6769,42.1598],[-6.6768,42.1599]],[[-6.6751,42.163],[-6.6751,42.163],[-6.6751,42.1629],[-6.6751,42.1629],[-6.6751,42.163]],[[-6.7527,42.1376],[-6.7527,42.1376],[-6.7527,42.1376],[-6.7527,42.1376]],[[-6.7527,42.1376],[-6.7527,42.1376],[-6.7527,42.1376],[-6.7527,42.1376]],[[-6.7528,42.1375],[-6.7528,42.1375],[-6.7528,42.1375],[-6.7528,42.1375]],[[-6.7532,42.1394],[-6.7533,42.1395],[-6.7533,42.1394],[-6.7532,42.1394]],[[-6.7534,42.1401],[-6.7534,42.1401],[-6.7534,42.1401],[-6.7534,42.1401]],[[-6.7534,42.1401],[-6.7534,42.1401],[-6.7534,42.1401],[-6.7534,42.1401]],[[-6.7532,42.1418],[-6.7532,42.1418],[-6.7532,42.1418],[-6.7532,42.1418]],[[-6.86,42.2104],[-6.8601,42.2103],[-6.86,42.2103],[-6.86,42.2104]],[[-6.6352,42.241],[-6.6352,42.2405],[-6.6352,42.2408],[-6.6352,42.241]],[[-6.6753,42.1594],[-6.6753,42.1594],[-6.6753,42.1594],[-6.6753,42.1594]],[[-6.8198,42.2909],[-6.8198,42.291],[-6.8198,42.2909],[-6.8198,42.2909]],[[-6.8207,42.2883],[-6.8207,42.2883],[-6.8207,42.2883],[-6.8207,42.2883]],[[-6.8182,42.288],[-6.8182,42.288],[-6.8182,42.288],[-6.8182,42.288]],[[-6.8154,42.2839],[-6.8154,42.2839],[-6.8154,42.2839],[-6.8154,42.2839]],[[-6.8287,42.3087],[-6.8287,42.3087],[-6.8287,42.3087],[-6.8287,42.3087]],[[-6.8266,42.3113],[-6.8267,42.3112],[-6.8266,42.3112],[-6.8266,42.3113]],[[-6.8387,42.2847],[-6.8387,42.2845],[-6.8387,42.2846],[-6.8387,42.2847]],[[-6.8387,42.2847],[-6.8387,42.2847],[-6.8387,42.2847],[-6.8387,42.2847]],[[-6.836,42.2848],[-6.8361,42.2848],[-6.8361,42.2848],[-6.836,42.2848],[-6.836,42.2848]],[[-6.8141,42.3136],[-6.814,42.314],[-6.8143,42.3137],[-6.8141,42.3136]],[[-6.8218,42.3142],[-6.8218,42.3143],[-6.8218,42.3143],[-6.8218,42.3142]],[[-6.8218,42.3142],[-6.8218,42.3142],[-6.8218,42.3142],[-6.8218,42.3142]],[[-6.8218,42.3071],[-6.8226,42.3072],[-6.8226,42.3068],[-6.8218,42.3071]],[[-6.8284,42.3209],[-6.8284,42.3209],[-6.8284,42.3209],[-6.8284,42.3209]],[[-6.8322,42.3227],[-6.8322,42.3227],[-6.8322,42.3227],[-6.8322,42.3227]],[[-6.8321,42.3227],[-6.8321,42.3227],[-6.8321,42.3227],[-6.8321,42.3227]],[[-6.8342,42.3238],[-6.8342,42.3238],[-6.8341,42.3238],[-6.8342,42.3238]],[[-6.7793,42.2501],[-6.7793,42.25],[-6.7793,42.2501],[-6.7793,42.2501]],[[-6.6721,42.2283],[-6.672,42.2282],[-6.672,42.2283],[-6.6721,42.2283]],[[-6.6732,42.2283],[-6.6733,42.2284],[-6.6733,42.2283],[-6.6732,42.2283]],[[-6.6744,42.2298],[-6.6743,42.2297],[-6.6741,42.23],[-6.6744,42.2298]],[[-6.6664,42.2306],[-6.6663,42.2306],[-6.6664,42.2306],[-6.6664,42.2306]],[[-6.6662,42.2302],[-6.6661,42.2303],[-6.6663,42.2302],[-6.6662,42.2302]],[[-6.6658,42.23],[-6.666,42.2299],[-6.6658,42.2299],[-6.6658,42.23]],[[-6.6658,42.2301],[-6.6658,42.2301],[-6.6658,42.2301],[-6.6658,42.2301]],[[-6.665,42.2297],[-6.6643,42.2281],[-6.6635,42.2282],[-6.665,42.2297]],[[-6.6652,42.2298],[-6.6651,42.2298],[-6.6651,42.2298],[-6.6652,42.2298]],[[-6.669,42.2267],[-6.6685,42.2258],[-6.668,42.2258],[-6.669,42.2267]],[[-6.6682,42.2256],[-6.664,42.22],[-6.6633,42.2205],[-6.6638,42.2225],[-6.6682,42.2256]],[[-6.666,42.2224],[-6.6659,42.2224],[-6.666,42.2224],[-6.666,42.2224]],[[-6.6647,42.2195],[-6.6644,42.2196],[-6.665,42.2198],[-6.6647,42.2195]],[[-6.7337,42.1991],[-6.7336,42.1991],[-6.7337,42.1991],[-6.7337,42.1991]],[[-6.7131,42.195],[-6.7132,42.195],[-6.7132,42.195],[-6.7131,42.195]],[[-6.7131,42.195],[-6.7131,42.195],[-6.7131,42.195],[-6.7131,42.195]],[[-6.725,42.1909],[-6.7251,42.1909],[-6.7252,42.1909],[-6.725,42.1909]],[[-6.7263,42.1908],[-6.7264,42.1909],[-6.7264,42.1909],[-6.7263,42.1908]],[[-6.6825,42.1786],[-6.6824,42.1787],[-6.6825,42.1787],[-6.6825,42.1786]],[[-6.682,42.1785],[-6.6821,42.1785],[-6.6821,42.1785],[-6.682,42.1785]],[[-6.6824,42.1785],[-6.6823,42.1785],[-6.6823,42.1785],[-6.6824,42.1785]],[[-6.6801,42.1759],[-6.6801,42.176],[-6.6801,42.176],[-6.6801,42.1759]],[[-6.6796,42.1758],[-6.6795,42.1752],[-6.6792,42.1752],[-6.6796,42.1758]],[[-6.6773,42.1747],[-6.6767,42.1746],[-6.6769,42.1747],[-6.6773,42.1747]],[[-6.6769,42.1743],[-6.6764,42.174],[-6.6769,42.1743],[-6.6769,42.1743]],[[-6.6761,42.1743],[-6.6763,42.1742],[-6.6761,42.1742],[-6.6761,42.1743]],[[-6.6765,42.1744],[-6.6764,42.1744],[-6.6764,42.1744],[-6.6765,42.1744],[-6.6765,42.1744]],[[-6.6765,42.1738],[-6.6765,42.1739],[-6.6765,42.1738],[-6.6765,42.1738]],[[-6.6805,42.1667],[-6.6804,42.1667],[-6.6803,42.1669],[-6.6805,42.1667]],[[-6.6819,42.1635],[-6.6813,42.1635],[-6.6811,42.1633],[-6.6814,42.1636],[-6.6819,42.1635]],[[-6.7692,42.1622],[-6.7692,42.1621],[-6.7691,42.1621],[-6.7692,42.1622]],[[-6.7664,42.1665],[-6.7657,42.1664],[-6.7655,42.1662],[-6.7653,42.1663],[-6.7664,42.1665]],[[-6.7641,42.1644],[-6.7641,42.1644],[-6.7641,42.1644],[-6.7641,42.1644]],[[-6.764,42.1644],[-6.7637,42.1644],[-6.7642,42.1646],[-6.764,42.1644]],[[-6.7638,42.1639],[-6.7637,42.1638],[-6.7638,42.1639],[-6.7638,42.1639]],[[-6.7638,42.1638],[-6.7638,42.1638],[-6.7638,42.1638],[-6.7638,42.1638]],[[-6.7617,42.1642],[-6.7617,42.1642],[-6.7617,42.1642],[-6.7617,42.1642]],[[-6.7644,42.1661],[-6.7644,42.1661],[-6.7644,42.1661],[-6.7644,42.1661]],[[-6.7645,42.1661],[-6.7644,42.166],[-6.7644,42.1661],[-6.7645,42.1661]],[[-6.765,42.1663],[-6.7649,42.1663],[-6.7649,42.1663],[-6.765,42.1663]],[[-6.7651,42.1662],[-6.7653,42.1663],[-6.7654,42.1662],[-6.7646,42.1661],[-6.7651,42.1662]],[[-6.765,42.1664],[-6.765,42.1664],[-6.765,42.1664],[-6.765,42.1664]],[[-6.7776,42.1786],[-6.7776,42.1787],[-6.7776,42.1786],[-6.7776,42.1786]],[[-6.794,42.1709],[-6.794,42.1709],[-6.794,42.1709],[-6.794,42.1709]],[[-6.8351,42.159],[-6.8351,42.159],[-6.8351,42.159],[-6.8351,42.159]],[[-6.8217,42.1844],[-6.8217,42.1844],[-6.8217,42.1844],[-6.8217,42.1844]],[[-6.8218,42.1844],[-6.8218,42.1844],[-6.8218,42.1844],[-6.8218,42.1844]],[[-6.8549,42.2355],[-6.8549,42.2355],[-6.8549,42.2355],[-6.8549,42.2355]],[[-6.7478,42.234],[-6.7476,42.2338],[-6.7476,42.234],[-6.7478,42.234]],[[-6.6657,42.2213],[-6.6661,42.2202],[-6.6652,42.2205],[-6.6655,42.2205],[-6.6657,42.2207],[-6.6657,42.2213]],[[-6.6655,42.2206],[-6.6655,42.2206],[-6.6655,42.2206],[-6.6655,42.2206]],[[-6.6653,42.2209],[-6.6654,42.2209],[-6.6653,42.2209],[-6.6653,42.2209]],[[-6.766,42.2208],[-6.766,42.2208],[-6.766,42.2208],[-6.766,42.2208]],[[-6.7667,42.2207],[-6.7666,42.2207],[-6.7666,42.2207],[-6.7667,42.2207]],[[-6.7671,42.2207],[-6.7675,42.2206],[-6.767,42.2207],[-6.7671,42.2207]],[[-6.7687,42.2214],[-6.7687,42.2214],[-6.7687,42.2214],[-6.7687,42.2214]],[[-6.7686,42.2214],[-6.7687,42.2214],[-6.7687,42.2214],[-6.7686,42.2214]],[[-6.7095,42.1703],[-6.7095,42.1703],[-6.7095,42.1703],[-6.7095,42.1703]],[[-6.7094,42.1695],[-6.7094,42.1695],[-6.7094,42.1695],[-6.7094,42.1695]],[[-6.7096,42.1695],[-6.7097,42.1696],[-6.7097,42.1695],[-6.7096,42.1695]],[[-6.7097,42.1696],[-6.7097,42.1696],[-6.7097,42.1696],[-6.7097,42.1696]],[[-6.7455,42.1627],[-6.7455,42.1627],[-6.7455,42.1627],[-6.7455,42.1627]],[[-6.7433,42.1634],[-6.7433,42.1634],[-6.7433,42.1634],[-6.7433,42.1634]],[[-6.7433,42.1634],[-6.7433,42.1633],[-6.7433,42.1633],[-6.7433,42.1634]],[[-6.7433,42.1632],[-6.7433,42.1632],[-6.7433,42.1632],[-6.7433,42.1632]],[[-6.7433,42.1632],[-6.7433,42.1632],[-6.7433,42.1632],[-6.7433,42.1632]],[[-6.7427,42.1648],[-6.7427,42.1648],[-6.7427,42.1648],[-6.7427,42.1648]],[[-6.7426,42.1648],[-6.7427,42.1649],[-6.7427,42.1649],[-6.7426,42.1648]],[[-6.8065,42.1684],[-6.8065,42.1684],[-6.8065,42.1684],[-6.8065,42.1684]],[[-6.8099,42.164],[-6.8099,42.164],[-6.81,42.164],[-6.8099,42.164]],[[-6.8035,42.167],[-6.8035,42.167],[-6.8035,42.167],[-6.8035,42.167]],[[-6.7576,42.1652],[-6.7576,42.1652],[-6.7576,42.1652],[-6.7576,42.1652]],[[-6.7377,42.1654],[-6.7377,42.1654],[-6.7378,42.1654],[-6.7377,42.1654]],[[-6.7688,42.2221],[-6.7688,42.2221],[-6.7688,42.2221],[-6.7688,42.2221]],[[-6.7691,42.222],[-6.7692,42.2221],[-6.7692,42.222],[-6.7691,42.222]],[[-6.7681,42.2214],[-6.768,42.2215],[-6.7682,42.2214],[-6.7681,42.2214]],[[-6.7664,42.2211],[-6.7665,42.2212],[-6.7666,42.2211],[-6.7664,42.2211]],[[-6.6848,42.2158],[-6.685,42.216],[-6.6851,42.2158],[-6.6848,42.2158]],[[-6.751,42.1384],[-6.7506,42.1374],[-6.7508,42.1382],[-6.751,42.1384]],[[-6.7506,42.1376],[-6.7505,42.1375],[-6.7505,42.1376],[-6.7506,42.1376]],[[-6.7508,42.1384],[-6.7508,42.1383],[-6.7508,42.1383],[-6.7508,42.1384]],[[-6.7508,42.1383],[-6.7508,42.1383],[-6.7508,42.1383],[-6.7508,42.1383]],[[-6.7508,42.1383],[-6.7508,42.1383],[-6.7508,42.1383],[-6.7508,42.1383]],[[-6.7514,42.1365],[-6.7513,42.1365],[-6.7513,42.1365],[-6.7513,42.1365],[-6.7514,42.1365],[-6.7514,42.1365]],[[-6.7517,42.1379],[-6.7517,42.1379],[-6.7517,42.1379],[-6.7517,42.1379]],[[-6.7499,42.1366],[-6.7496,42.1363],[-6.7498,42.1366],[-6.7499,42.1366]],[[-6.7496,42.1363],[-6.7496,42.1363],[-6.7496,42.1363],[-6.7496,42.1363]],[[-6.7495,42.1362],[-6.7495,42.1362],[-6.7495,42.1362],[-6.7495,42.1362]],[[-6.7495,42.1361],[-6.7495,42.1361],[-6.7495,42.1361],[-6.7495,42.1361]],[[-6.7494,42.1361],[-6.7496,42.1354],[-6.7492,42.1355],[-6.7494,42.1361]],[[-6.7497,42.1354],[-6.75,42.1358],[-6.7502,42.1351],[-6.7497,42.1352],[-6.7495,42.1342],[-6.7497,42.1354]],[[-6.749,42.1348],[-6.749,42.1348],[-6.749,42.1348],[-6.749,42.1348]],[[-6.7491,42.1347],[-6.749,42.1347],[-6.7491,42.1348],[-6.7491,42.1347]],[[-6.7491,42.1347],[-6.7491,42.1347],[-6.7491,42.1347],[-6.7491,42.1347]],[[-6.7491,42.1346],[-6.7491,42.1346],[-6.7491,42.1346],[-6.7491,42.1346]],[[-6.7492,42.1345],[-6.7492,42.1345],[-6.7492,42.1345],[-6.7492,42.1345]],[[-6.7499,42.1344],[-6.7496,42.1345],[-6.7499,42.1345],[-6.7499,42.1344]],[[-6.7496,42.1343],[-6.7496,42.1343],[-6.7496,42.1343],[-6.7496,42.1343]],[[-6.7509,42.1349],[-6.7513,42.1347],[-6.7513,42.1345],[-6.7509,42.1349]],[[-6.7512,42.1356],[-6.7513,42.136],[-6.7515,42.1361],[-6.7516,42.1361],[-6.7512,42.1356]],[[-6.7516,42.1362],[-6.7515,42.1364],[-6.7517,42.1363],[-6.7516,42.1362]],[[-6.8053,42.1538],[-6.8052,42.1535],[-6.8051,42.1536],[-6.8053,42.1538]],[[-6.7862,42.1661],[-6.7862,42.1661],[-6.7862,42.1661],[-6.7862,42.1661]],[[-6.7858,42.1649],[-6.7857,42.1654],[-6.7861,42.1654],[-6.7858,42.1649]],[[-6.783,42.1636],[-6.7829,42.1636],[-6.7829,42.1636],[-6.783,42.1636]],[[-6.7724,42.1489],[-6.7724,42.1489],[-6.7724,42.1489],[-6.7724,42.1489]],[[-6.7719,42.1489],[-6.7717,42.1488],[-6.7717,42.1489],[-6.7719,42.1489]],[[-6.7086,42.1737],[-6.7086,42.1736],[-6.7085,42.1737],[-6.7086,42.1737]],[[-6.725,42.1912],[-6.7249,42.1912],[-6.725,42.1912],[-6.725,42.1912]],[[-6.6698,42.2244],[-6.671,42.225],[-6.67,42.2241],[-6.6698,42.2244]],[[-6.6702,42.2255],[-6.6703,42.2255],[-6.6703,42.2255],[-6.6702,42.2255]],[[-6.6699,42.224],[-6.6703,42.2237],[-6.6699,42.2238],[-6.6699,42.224]],[[-6.6702,42.2234],[-6.6702,42.2235],[-6.6702,42.2234],[-6.6702,42.2234]],[[-6.67,42.2233],[-6.67,42.2233],[-6.67,42.2233],[-6.67,42.2233]],[[-6.6803,42.2251],[-6.6798,42.2256],[-6.6802,42.2254],[-6.6803,42.2251]],[[-6.6794,42.2261],[-6.6794,42.2259],[-6.6794,42.2261],[-6.6794,42.2261]],[[-6.6729,42.227],[-6.673,42.2251],[-6.6719,42.2269],[-6.6729,42.227]],[[-6.6732,42.2251],[-6.6733,42.225],[-6.6732,42.2249],[-6.6732,42.2251]],[[-6.6724,42.2271],[-6.6724,42.2272],[-6.6725,42.2272],[-6.6724,42.2271]],[[-6.6699,42.2283],[-6.6698,42.2285],[-6.6704,42.2285],[-6.6699,42.2283]],[[-6.6703,42.2294],[-6.6703,42.2289],[-6.6701,42.2287],[-6.67,42.2291],[-6.6701,42.2294],[-6.6703,42.2294]],[[-6.6705,42.2282],[-6.6706,42.2283],[-6.6706,42.2282],[-6.6705,42.2282]],[[-6.6705,42.2282],[-6.6705,42.2282],[-6.6705,42.2282],[-6.6705,42.2282]],[[-6.67,42.228],[-6.6702,42.2283],[-6.6703,42.2281],[-6.67,42.228]],[[-6.7493,42.1249],[-6.7493,42.1249],[-6.7493,42.1249],[-6.7493,42.1249]],[[-6.7498,42.1337],[-6.7496,42.1336],[-6.7496,42.1338],[-6.7498,42.1337]],[[-6.7494,42.1337],[-6.7495,42.1336],[-6.7494,42.1336],[-6.7494,42.1337]],[[-6.7498,42.1335],[-6.7498,42.1335],[-6.7498,42.1334],[-6.7498,42.1335]],[[-6.748,42.1332],[-6.7481,42.1319],[-6.7476,42.1326],[-6.748,42.1332]],[[-6.7474,42.1326],[-6.7475,42.1325],[-6.7474,42.1325],[-6.7474,42.1326]],[[-6.7482,42.1333],[-6.7482,42.1332],[-6.7482,42.1332],[-6.7482,42.1333]],[[-6.7482,42.1331],[-6.7481,42.1332],[-6.7482,42.1332],[-6.7482,42.1331]],[[-6.7442,42.1318],[-6.7443,42.1318],[-6.7442,42.1317],[-6.7442,42.1318]],[[-6.7439,42.1315],[-6.7441,42.1313],[-6.7439,42.1314],[-6.7439,42.1315]],[[-6.7439,42.1313],[-6.7439,42.1312],[-6.7438,42.1313],[-6.7439,42.1313]],[[-6.7441,42.1312],[-6.7442,42.1312],[-6.7442,42.1312],[-6.7441,42.1312]],[[-6.7438,42.1316],[-6.7436,42.1316],[-6.7438,42.1317],[-6.7438,42.1316]],[[-6.7471,42.1316],[-6.7471,42.1316],[-6.7471,42.1316],[-6.7471,42.1316]],[[-6.7474,42.1315],[-6.7472,42.1315],[-6.7472,42.1316],[-6.7474,42.1315]],[[-6.7469,42.1316],[-6.7468,42.1316],[-6.747,42.1316],[-6.7469,42.1316]],[[-6.7449,42.1306],[-6.7449,42.1308],[-6.745,42.1307],[-6.7449,42.1306]],[[-6.7451,42.1307],[-6.7451,42.1309],[-6.7452,42.1309],[-6.7451,42.1307]],[[-6.747,42.1299],[-6.7469,42.13],[-6.747,42.1299],[-6.747,42.1299]],[[-6.7471,42.13],[-6.7471,42.13],[-6.7471,42.13],[-6.7471,42.13]],[[-6.7471,42.13],[-6.7471,42.13],[-6.7471,42.13],[-6.7471,42.13]],[[-6.7468,42.1348],[-6.7467,42.1347],[-6.7468,42.1348],[-6.7468,42.1348]],[[-6.744,42.134],[-6.744,42.1341],[-6.744,42.1341],[-6.744,42.134]],[[-6.7522,42.1389],[-6.7522,42.1388],[-6.7522,42.1389],[-6.7522,42.1389]],[[-6.7507,42.142],[-6.7509,42.1422],[-6.7513,42.1419],[-6.7507,42.142]],[[-6.7509,42.1424],[-6.7514,42.1425],[-6.7512,42.1421],[-6.7509,42.1424]],[[-6.7495,42.1418],[-6.7493,42.1419],[-6.7498,42.1419],[-6.7495,42.1418]],[[-6.7173,42.1514],[-6.7173,42.1514],[-6.7173,42.1514],[-6.7173,42.1514]],[[-6.7173,42.1513],[-6.7172,42.1513],[-6.7173,42.1513],[-6.7173,42.1513]],[[-6.6759,42.1605],[-6.6759,42.1606],[-6.676,42.1605],[-6.6759,42.1605]],[[-6.6749,42.1626],[-6.6752,42.1629],[-6.6757,42.1628],[-6.6755,42.1626],[-6.6749,42.1626]],[[-6.6772,42.1685],[-6.6769,42.1683],[-6.6768,42.1685],[-6.6772,42.1685]],[[-6.6805,42.1726],[-6.6804,42.1727],[-6.6805,42.1727],[-6.6805,42.1726]],[[-6.6852,42.2147],[-6.6848,42.2146],[-6.6846,42.2148],[-6.6852,42.2147]],[[-6.6846,42.2148],[-6.6846,42.2148],[-6.6846,42.2148],[-6.6846,42.2148]],[[-6.6852,42.2145],[-6.6853,42.2144],[-6.6851,42.2144],[-6.6852,42.2145]],[[-6.6851,42.2144],[-6.6851,42.2144],[-6.6851,42.2144],[-6.6851,42.2144]],[[-6.6815,42.2141],[-6.6805,42.2138],[-6.6806,42.2141],[-6.6815,42.2141]],[[-6.6876,42.2147],[-6.6876,42.2147],[-6.6876,42.2147],[-6.6876,42.2147]],[[-6.6933,42.213],[-6.6902,42.2146],[-6.6925,42.2138],[-6.6929,42.2135],[-6.6933,42.213]],[[-6.6952,42.2115],[-6.6971,42.2115],[-6.6986,42.2105],[-6.6952,42.2115]],[[-6.6732,42.212],[-6.6719,42.2122],[-6.6734,42.2123],[-6.6732,42.212]],[[-6.6937,42.2125],[-6.6943,42.2121],[-6.6943,42.212],[-6.6937,42.2125]],[[-6.694,42.2115],[-6.6939,42.2113],[-6.6937,42.2113],[-6.694,42.2115]],[[-6.6937,42.2113],[-6.6937,42.2113],[-6.6937,42.2113],[-6.6937,42.2113]],[[-6.6937,42.2113],[-6.6936,42.2112],[-6.6936,42.2113],[-6.6937,42.2113]],[[-6.6964,42.2106],[-6.6955,42.21],[-6.6953,42.2101],[-6.6959,42.2107],[-6.6964,42.2106]],[[-6.695,42.2098],[-6.695,42.21],[-6.6954,42.2099],[-6.695,42.2098]],[[-6.6963,42.2093],[-6.6963,42.2092],[-6.6961,42.2092],[-6.6963,42.2093]],[[-6.6914,42.2083],[-6.6914,42.2083],[-6.6914,42.2083],[-6.6914,42.2083]],[[-6.6916,42.2085],[-6.6917,42.2085],[-6.6915,42.2084],[-6.6916,42.2085]],[[-6.689,42.2066],[-6.6893,42.2067],[-6.6894,42.2066],[-6.689,42.2066]],[[-6.6873,42.2056],[-6.6868,42.2056],[-6.6872,42.2059],[-6.6873,42.2056]],[[-6.639,42.2346],[-6.6392,42.2336],[-6.6388,42.2342],[-6.639,42.2346]],[[-6.6392,42.2336],[-6.6394,42.2333],[-6.6399,42.2323],[-6.6392,42.2336]],[[-6.6399,42.2322],[-6.6404,42.2317],[-6.6403,42.2318],[-6.6399,42.2322]],[[-6.641,42.2314],[-6.6411,42.2314],[-6.6411,42.2313],[-6.641,42.2314]],[[-6.6418,42.2309],[-6.6417,42.2309],[-6.6416,42.2309],[-6.6418,42.2309]],[[-6.6415,42.231],[-6.6416,42.231],[-6.6416,42.231],[-6.6416,42.231],[-6.6415,42.231]],[[-6.6416,42.231],[-6.6416,42.231],[-6.6416,42.231],[-6.6416,42.231]],[[-6.6416,42.2309],[-6.6416,42.231],[-6.6416,42.2309],[-6.6416,42.2309]],[[-6.6423,42.2302],[-6.6431,42.2292],[-6.6424,42.229],[-6.6423,42.2292],[-6.6423,42.2302]],[[-6.6422,42.2303],[-6.6422,42.2303],[-6.6422,42.2303],[-6.6422,42.2303]],[[-6.6508,42.2287],[-6.6508,42.2287],[-6.6508,42.2287],[-6.6508,42.2287]],[[-6.6511,42.2283],[-6.6504,42.2283],[-6.6506,42.2286],[-6.6509,42.2285],[-6.6508,42.2286],[-6.6511,42.2283]],[[-6.6424,42.2278],[-6.6423,42.2284],[-6.6424,42.2284],[-6.6424,42.2278]],[[-6.6423,42.2277],[-6.6426,42.2266],[-6.6423,42.2261],[-6.6423,42.2277]],[[-6.6426,42.2265],[-6.6426,42.2265],[-6.6426,42.2265],[-6.6426,42.2265]],[[-6.647,42.2269],[-6.6476,42.2266],[-6.6478,42.2265],[-6.6474,42.2264],[-6.647,42.2269]],[[-6.6469,42.2275],[-6.647,42.2274],[-6.6469,42.2274],[-6.6469,42.2275]],[[-6.6497,42.2185],[-6.6495,42.2186],[-6.6494,42.2186],[-6.6496,42.2186],[-6.6497,42.2185]],[[-6.6497,42.2185],[-6.6497,42.2185],[-6.6497,42.2185],[-6.6497,42.2185]],[[-6.6523,42.218],[-6.6523,42.2181],[-6.6524,42.2181],[-6.6523,42.218]],[[-6.6522,42.2179],[-6.6526,42.2176],[-6.6522,42.2175],[-6.6522,42.2179]],[[-6.6525,42.2179],[-6.6525,42.2179],[-6.6525,42.2179],[-6.6525,42.2179]],[[-6.6526,42.2176],[-6.6528,42.2177],[-6.6527,42.2175],[-6.6526,42.2176]],[[-6.6519,42.2183],[-6.6519,42.2183],[-6.6519,42.2183],[-6.6519,42.2183]],[[-6.6511,42.2176],[-6.6507,42.2175],[-6.6508,42.2177],[-6.6511,42.2176]],[[-6.6512,42.2176],[-6.6512,42.2176],[-6.6512,42.2176],[-6.6512,42.2176]],[[-6.6509,42.218],[-6.651,42.218],[-6.651,42.218],[-6.6509,42.218]],[[-6.6501,42.2179],[-6.6501,42.2179],[-6.6501,42.2179],[-6.6501,42.2179]],[[-6.6501,42.2179],[-6.6501,42.2179],[-6.6501,42.2179],[-6.6501,42.2179]],[[-6.6447,42.2247],[-6.6442,42.2241],[-6.6437,42.2239],[-6.6447,42.2247]],[[-6.6443,42.2241],[-6.6443,42.224],[-6.6443,42.224],[-6.6443,42.2241]],[[-6.6466,42.2234],[-6.6464,42.2233],[-6.6463,42.2234],[-6.6466,42.2234]],[[-6.6445,42.2218],[-6.6438,42.2217],[-6.6445,42.2221],[-6.6445,42.2218]],[[-6.6445,42.2201],[-6.6444,42.2204],[-6.6447,42.2203],[-6.6445,42.2201]],[[-6.6422,42.2258],[-6.6423,42.2256],[-6.642,42.2257],[-6.6422,42.2258]],[[-6.6315,42.2261],[-6.6314,42.226],[-6.6314,42.2261],[-6.6315,42.2261]],[[-6.632,42.2257],[-6.632,42.2257],[-6.6321,42.2257],[-6.632,42.2257]],[[-6.6324,42.2255],[-6.6324,42.2255],[-6.6324,42.2255],[-6.6324,42.2255]],[[-6.6347,42.2241],[-6.6345,42.2242],[-6.6345,42.2242],[-6.6346,42.2242],[-6.6347,42.2241]],[[-6.6348,42.2218],[-6.6358,42.2212],[-6.6346,42.221],[-6.6348,42.2218]],[[-6.6374,42.2209],[-6.6375,42.221],[-6.6374,42.2209],[-6.6374,42.2209]],[[-6.6374,42.2208],[-6.6375,42.2208],[-6.6376,42.2208],[-6.6374,42.2208]],[[-6.6375,42.2204],[-6.6375,42.2204],[-6.6374,42.2203],[-6.6375,42.2204]],[[-6.6331,42.2201],[-6.6329,42.22],[-6.6329,42.2202],[-6.6331,42.2201]],[[-6.636,42.2199],[-6.6368,42.2196],[-6.6355,42.2195],[-6.636,42.2199]],[[-6.633,42.2197],[-6.633,42.2197],[-6.633,42.2197],[-6.633,42.2197]],[[-6.6368,42.2198],[-6.6369,42.2198],[-6.6368,42.2198],[-6.6368,42.2198]],[[-6.6358,42.2188],[-6.6356,42.2191],[-6.6358,42.219],[-6.6361,42.2191],[-6.6358,42.2188]],[[-6.6312,42.2193],[-6.6309,42.2193],[-6.6309,42.2194],[-6.631,42.2194],[-6.6312,42.2193]],[[-6.6289,42.217],[-6.6289,42.2169],[-6.6289,42.217],[-6.6289,42.217]],[[-6.6289,42.2169],[-6.6288,42.2169],[-6.6288,42.2169],[-6.6289,42.2169]],[[-6.6289,42.2169],[-6.6289,42.2169],[-6.6289,42.2169],[-6.6289,42.2169]],[[-6.6289,42.2168],[-6.6289,42.2168],[-6.6289,42.2168],[-6.6289,42.2168]],[[-6.629,42.2167],[-6.6289,42.2167],[-6.629,42.2167],[-6.629,42.2167]],[[-6.6289,42.217],[-6.6289,42.217],[-6.6289,42.217],[-6.6289,42.217],[-6.6289,42.217]],[[-6.6362,42.2374],[-6.6363,42.2374],[-6.6362,42.2374],[-6.6362,42.2374]],[[-6.6377,42.2367],[-6.6376,42.2365],[-6.6374,42.2368],[-6.6377,42.2367]],[[-6.638,42.2363],[-6.638,42.2363],[-6.638,42.2363],[-6.638,42.2363]],[[-6.638,42.2363],[-6.638,42.2363],[-6.638,42.2363],[-6.638,42.2363]],[[-6.6381,42.2363],[-6.6381,42.2363],[-6.6381,42.2363],[-6.6381,42.2363]],[[-6.6382,42.2362],[-6.6382,42.2361],[-6.6382,42.2361],[-6.6382,42.2362]],[[-6.6222,42.2364],[-6.6223,42.2363],[-6.622,42.2365],[-6.6222,42.2364]],[[-6.6359,42.2392],[-6.636,42.2387],[-6.6361,42.2387],[-6.6361,42.2384],[-6.6359,42.2387],[-6.6359,42.2392]],[[-6.6352,42.2404],[-6.6352,42.2404],[-6.6352,42.2404],[-6.6352,42.2404]],[[-6.6352,42.2404],[-6.6356,42.2399],[-6.6358,42.2396],[-6.6359,42.2392],[-6.6352,42.2404]],[[-6.6357,42.2401],[-6.6357,42.2401],[-6.6357,42.2401],[-6.6357,42.2401]],[[-6.6358,42.2401],[-6.6358,42.2401],[-6.6358,42.2401],[-6.6358,42.2401]],[[-6.6358,42.2401],[-6.6359,42.24],[-6.6358,42.24],[-6.6358,42.2401]],[[-6.6383,42.2426],[-6.6383,42.2428],[-6.6386,42.2429],[-6.6383,42.2426]],[[-6.6219,42.2394],[-6.622,42.2395],[-6.6221,42.2394],[-6.6219,42.2394]],[[-6.6223,42.2406],[-6.6224,42.2407],[-6.6225,42.2406],[-6.6224,42.2406],[-6.6223,42.2406]],[[-6.6222,42.2405],[-6.6221,42.2406],[-6.6222,42.2406],[-6.6222,42.2405]],[[-6.6221,42.2404],[-6.622,42.2405],[-6.622,42.2406],[-6.6221,42.2404]],[[-6.6275,42.2432],[-6.6277,42.243],[-6.6275,42.2431],[-6.6275,42.2432]],[[-6.6359,42.2446],[-6.6359,42.2445],[-6.6358,42.2446],[-6.6359,42.2446]],[[-6.636,42.2524],[-6.6361,42.2525],[-6.6361,42.2524],[-6.636,42.2524]],[[-6.6356,42.2551],[-6.6357,42.2551],[-6.6356,42.2551],[-6.6356,42.2551]],[[-6.666,42.234],[-6.6659,42.2339],[-6.6659,42.234],[-6.666,42.234]],[[-6.68,42.2404],[-6.6804,42.2402],[-6.6799,42.2402],[-6.68,42.2404]],[[-6.6745,42.2491],[-6.6745,42.2491],[-6.6745,42.2491],[-6.6745,42.2491]],[[-6.6746,42.249],[-6.6749,42.2487],[-6.6749,42.2481],[-6.6746,42.249]],[[-6.6802,42.2555],[-6.6802,42.2556],[-6.6803,42.2555],[-6.6802,42.2555]],[[-6.6707,42.2538],[-6.6706,42.2538],[-6.6707,42.2539],[-6.6707,42.2538]],[[-6.6703,42.2538],[-6.6704,42.2537],[-6.6703,42.2537],[-6.6703,42.2538]],[[-6.6686,42.2341],[-6.6686,42.2341],[-6.6687,42.2341],[-6.6686,42.2341]],[[-6.6494,42.2186],[-6.6494,42.2186],[-6.6494,42.2186],[-6.6494,42.2186]],[[-6.6524,42.2175],[-6.6524,42.2175],[-6.6524,42.2175],[-6.6524,42.2175]],[[-6.6521,42.2179],[-6.6522,42.2179],[-6.6521,42.2179],[-6.6521,42.2179]],[[-6.6519,42.218],[-6.652,42.218],[-6.652,42.218],[-6.6519,42.218]],[[-6.6519,42.218],[-6.6519,42.218],[-6.6519,42.218],[-6.6519,42.218]],[[-6.6509,42.217],[-6.6509,42.217],[-6.6509,42.217],[-6.6509,42.217]],[[-6.7658,42.1658],[-6.7658,42.1657],[-6.7657,42.1658],[-6.7658,42.1658]],[[-6.7657,42.1657],[-6.7656,42.1657],[-6.7657,42.1657],[-6.7657,42.1657]],[[-6.7645,42.1647],[-6.7646,42.1645],[-6.7644,42.1645],[-6.7645,42.1647]],[[-6.7782,42.2321],[-6.7782,42.232],[-6.7782,42.2321],[-6.7782,42.2321]],[[-6.7902,42.1648],[-6.7903,42.165],[-6.7902,42.1648],[-6.7902,42.1648]],[[-6.7878,42.1348],[-6.7878,42.1348],[-6.7878,42.1348],[-6.7878,42.1348]],[[-6.8051,42.1664],[-6.8051,42.1664],[-6.8051,42.1664],[-6.8051,42.1664]],[[-6.6502,42.2178],[-6.6502,42.2177],[-6.6501,42.2177],[-6.6502,42.2178]],[[-6.7645,42.1656],[-6.7651,42.1655],[-6.7645,42.1654],[-6.7645,42.1656]],[[-6.7647,42.1653],[-6.764,42.1652],[-6.764,42.1653],[-6.7643,42.1655],[-6.7647,42.1653]],[[-6.7635,42.1645],[-6.7637,42.1645],[-6.7636,42.1645],[-6.7635,42.1645]],[[-6.7636,42.1637],[-6.7635,42.1638],[-6.7636,42.1638],[-6.7636,42.1637]],[[-6.7634,42.1637],[-6.7633,42.1636],[-6.7633,42.1637],[-6.7634,42.1637]],[[-6.8102,42.1628],[-6.8101,42.1628],[-6.8103,42.1628],[-6.8102,42.1628]],[[-6.8101,42.1626],[-6.8099,42.1626],[-6.8101,42.1627],[-6.8101,42.1626]],[[-6.7667,42.1672],[-6.7666,42.1672],[-6.7666,42.1672],[-6.7667,42.1672]],[[-6.7663,42.1671],[-6.7662,42.1672],[-6.7663,42.1672],[-6.7663,42.1671]],[[-6.766,42.1671],[-6.7661,42.167],[-6.766,42.167],[-6.766,42.1671]],[[-6.7654,42.167],[-6.7653,42.1669],[-6.7653,42.167],[-6.7654,42.167]],[[-6.7652,42.1667],[-6.7653,42.1669],[-6.7653,42.1667],[-6.7652,42.1667]],[[-6.7651,42.1661],[-6.7651,42.166],[-6.765,42.1661],[-6.7651,42.1661]],[[-6.7661,42.1668],[-6.7659,42.1668],[-6.7661,42.1668],[-6.7661,42.1668]],[[-6.7661,42.1665],[-6.7662,42.1667],[-6.7663,42.1667],[-6.7661,42.1665]],[[-6.7654,42.1665],[-6.7655,42.1665],[-6.7655,42.1666],[-6.7655,42.1665],[-6.7654,42.1665]],[[-6.7651,42.1665],[-6.7652,42.1665],[-6.7652,42.1665],[-6.7651,42.1665]],[[-6.7665,42.1665],[-6.7666,42.1665],[-6.7665,42.1665],[-6.7665,42.1665]],[[-6.7648,42.1668],[-6.7649,42.1668],[-6.7649,42.1668],[-6.7648,42.1668]],[[-6.7649,42.1653],[-6.7648,42.1651],[-6.7647,42.1652],[-6.7649,42.1653]],[[-6.7646,42.1651],[-6.7637,42.1647],[-6.7642,42.1651],[-6.7646,42.1651]],[[-6.7644,42.1658],[-6.7645,42.1657],[-6.7644,42.1657],[-6.7644,42.1658]],[[-6.7517,42.1366],[-6.7516,42.1366],[-6.7516,42.1366],[-6.7517,42.1366]],[[-6.7727,42.149],[-6.7726,42.1491],[-6.7727,42.1492],[-6.7727,42.149]],[[-6.7528,42.139],[-6.7528,42.1391],[-6.7529,42.139],[-6.7528,42.139]],[[-6.6419,42.2289],[-6.6417,42.2288],[-6.6417,42.2289],[-6.6419,42.2289]],[[-6.6323,42.2256],[-6.6322,42.2254],[-6.6322,42.2256],[-6.6323,42.2256]],[[-6.6322,42.2256],[-6.6321,42.2256],[-6.6321,42.2257],[-6.6322,42.2256]],[[-6.6298,42.2427],[-6.63,42.2427],[-6.6297,42.2427],[-6.6298,42.2427]],[[-6.6685,42.2352],[-6.6685,42.2352],[-6.6685,42.2352],[-6.6685,42.2352]],[[-6.6685,42.2355],[-6.6685,42.2355],[-6.6685,42.2355],[-6.6685,42.2355]],[[-6.6686,42.2355],[-6.6686,42.2355],[-6.6686,42.2355],[-6.6686,42.2355]],[[-6.7428,42.1327],[-6.7428,42.1327],[-6.7428,42.1327],[-6.7428,42.1327]],[[-6.7443,42.1322],[-6.7442,42.1322],[-6.7443,42.1322],[-6.7443,42.1322]],[[-6.7443,42.1322],[-6.7442,42.1321],[-6.7442,42.1322],[-6.7443,42.1322]],[[-6.744,42.1321],[-6.744,42.132],[-6.744,42.132],[-6.744,42.1321]],[[-6.7441,42.1319],[-6.7441,42.1318],[-6.744,42.132],[-6.7441,42.1319]],[[-6.742,42.1308],[-6.7421,42.1309],[-6.7421,42.1308],[-6.742,42.1308]],[[-6.7445,42.1272],[-6.7446,42.1271],[-6.7446,42.1271],[-6.7445,42.1271],[-6.7445,42.1272]],[[-6.7365,42.1708],[-6.7365,42.1708],[-6.7365,42.1708],[-6.7365,42.1708]],[[-6.6998,42.1551],[-6.6998,42.1551],[-6.6998,42.1551],[-6.6998,42.1551]],[[-6.6738,42.1657],[-6.6739,42.1657],[-6.6739,42.1657],[-6.6738,42.1657]],[[-6.6732,42.1637],[-6.6732,42.1637],[-6.6732,42.1637],[-6.6732,42.1637]],[[-6.6735,42.1619],[-6.6737,42.1619],[-6.6734,42.1617],[-6.6735,42.1619]],[[-6.6734,42.1617],[-6.6734,42.1617],[-6.6734,42.1617],[-6.6734,42.1617]],[[-6.672,42.2476],[-6.672,42.2476],[-6.672,42.2476],[-6.672,42.2476]],[[-6.6722,42.2478],[-6.6722,42.2479],[-6.6722,42.2479],[-6.6722,42.2478]]],[[[-6.7833,42.3054],[-6.7763,42.3002],[-6.7757,42.2989],[-6.7813,42.2925],[-6.7833,42.3054]],[[-6.7771,42.2998],[-6.7767,42.2992],[-6.7766,42.2999],[-6.7771,42.2998]]],[[[-7.08,42.3307],[-7.0757,42.3276],[-7.0789,42.3268],[-7.0756,42.3268],[-7.0742,42.3254],[-7.0782,42.325],[-7.0735,42.3242],[-7.0771,42.3184],[-7.0846,42.3229],[-7.0832,42.3256],[-7.0806,42.3221],[-7.079,42.3241],[-7.0825,42.3295],[-7.08,42.3307]],[[-7.0772,42.3201],[-7.0767,42.3195],[-7.0768,42.3202],[-7.0772,42.3201]],[[-7.0775,42.32],[-7.0772,42.3221],[-7.0757,42.3227],[-7.0786,42.322],[-7.0775,42.32]],[[-7.0793,42.322],[-7.079,42.3217],[-7.079,42.3219],[-7.0793,42.322]],[[-7.0788,42.326],[-7.0791,42.3263],[-7.079,42.3261],[-7.0788,42.326]],[[-7.0798,42.3275],[-7.0789,42.3276],[-7.0797,42.328],[-7.0798,42.3275]],[[-7.0775,42.3276],[-7.078,42.3275],[-7.0775,42.3273],[-7.0775,42.3276]],[[-7.0781,42.3283],[-7.0785,42.3285],[-7.0785,42.3284],[-7.0781,42.3283]],[[-7.0791,42.3289],[-7.0787,42.3291],[-7.079,42.3294],[-7.0791,42.3289]]],[[[-6.9649,42.3777],[-6.9778,42.3898],[-6.977,42.3927],[-6.9698,42.3875],[-6.968,42.3915],[-6.9636,42.3894],[-6.9608,42.3908],[-6.9772,42.3932],[-6.9743,42.3948],[-6.9783,42.4032],[-6.9765,42.405],[-6.9708,42.4049],[-6.9658,42.3987],[-6.9604,42.4016],[-6.9586,42.4003],[-6.9575,42.3988],[-6.9573,42.3976],[-6.9561,42.3962],[-6.9557,42.3995],[-6.9497,42.4004],[-6.949,42.3994],[-6.9478,42.3994],[-6.9465,42.4034],[-6.9335,42.4089],[-6.9324,42.4043],[-6.9277,42.4026],[-6.9312,42.3992],[-6.9288,42.3996],[-6.9266,42.3973],[-6.9421,42.3997],[-6.9411,42.3957],[-6.9442,42.393],[-6.9586,42.3953],[-6.9573,42.3936],[-6.9626,42.3929],[-6.9587,42.3888],[-6.9662,42.3861],[-6.9586,42.3852],[-6.9528,42.3901],[-6.9536,42.3865],[-6.9509,42.3886],[-6.9263,42.3879],[-6.9326,42.3871],[-6.9258,42.3847],[-6.9286,42.3823],[-6.9487,42.3777],[-6.9631,42.3816],[-6.9649,42.3777]],[[-6.9578,42.3991],[-6.9579,42.3991],[-6.9579,42.3991],[-6.9578,42.3991]],[[-6.9537,42.3877],[-6.9537,42.3877],[-6.9537,42.3877],[-6.9537,42.3877]],[[-6.9686,42.3871],[-6.9681,42.3866],[-6.968,42.3866],[-6.9686,42.3871]],[[-6.9336,42.3869],[-6.9364,42.3869],[-6.9368,42.3867],[-6.9344,42.3865],[-6.9338,42.3866],[-6.9336,42.3869]],[[-6.9336,42.3869],[-6.9334,42.3869],[-6.9334,42.3869],[-6.9336,42.3869],[-6.9336,42.3869]],[[-6.9334,42.387],[-6.9329,42.387],[-6.9328,42.3871],[-6.9334,42.387]],[[-6.928,42.3835],[-6.9281,42.3835],[-6.9281,42.3835],[-6.928,42.3835]],[[-6.9301,42.3829],[-6.9303,42.3828],[-6.9301,42.3827],[-6.9301,42.3828],[-6.9298,42.3828],[-6.9298,42.3828],[-6.9301,42.3829]],[[-6.9353,42.3865],[-6.9354,42.3864],[-6.9353,42.3864],[-6.9353,42.3865]],[[-6.9582,42.3836],[-6.9585,42.3831],[-6.9577,42.3826],[-6.9578,42.3836],[-6.9582,42.3836]],[[-6.9599,42.3896],[-6.96,42.389],[-6.9594,42.389],[-6.9599,42.3896]],[[-6.9312,42.3849],[-6.9306,42.385],[-6.9313,42.3854],[-6.9312,42.3849]],[[-6.9536,42.386],[-6.9529,42.3849],[-6.9536,42.3863],[-6.9536,42.386]],[[-6.9377,42.3867],[-6.9388,42.3868],[-6.9383,42.3866],[-6.9377,42.3867]],[[-6.9387,42.3867],[-6.9388,42.3868],[-6.9389,42.3867],[-6.9387,42.3867]],[[-6.9391,42.3867],[-6.9393,42.3867],[-6.9391,42.3867],[-6.9391,42.3867]],[[-6.9377,42.3864],[-6.9379,42.3866],[-6.9381,42.3865],[-6.9377,42.3864]],[[-6.9494,42.3867],[-6.9489,42.3864],[-6.9487,42.387],[-6.9494,42.3867]],[[-6.9768,42.3925],[-6.9767,42.3924],[-6.9767,42.3925],[-6.9768,42.3925]],[[-6.976,42.3936],[-6.976,42.3936],[-6.976,42.3936],[-6.976,42.3936]],[[-6.9582,42.3993],[-6.9582,42.3993],[-6.9582,42.3993],[-6.9582,42.3993]],[[-6.9398,42.401],[-6.9402,42.4009],[-6.9406,42.401],[-6.9407,42.4004],[-6.9398,42.401]],[[-6.9458,42.3943],[-6.9446,42.3954],[-6.9472,42.3952],[-6.9458,42.3943]],[[-6.955,42.3957],[-6.9549,42.3958],[-6.955,42.3958],[-6.955,42.3957]],[[-6.941,42.403],[-6.9386,42.4021],[-6.9389,42.4032],[-6.941,42.403]],[[-6.9513,42.3991],[-6.9508,42.3986],[-6.9508,42.3986],[-6.9513,42.3991]],[[-6.9552,42.3978],[-6.9546,42.3975],[-6.9547,42.3979],[-6.9552,42.3978]],[[-6.9625,42.3983],[-6.9629,42.3976],[-6.9624,42.3981],[-6.9625,42.3983]],[[-6.968,42.3987],[-6.9714,42.4013],[-6.9705,42.3991],[-6.968,42.3987]],[[-6.9739,42.4024],[-6.9731,42.4019],[-6.9729,42.4022],[-6.9739,42.4024]],[[-6.9725,42.4039],[-6.9719,42.4036],[-6.972,42.4042],[-6.9725,42.4039]],[[-6.9739,42.4047],[-6.9733,42.404],[-6.973,42.4041],[-6.973,42.4046],[-6.9739,42.4047]],[[-6.9734,42.3934],[-6.9746,42.3939],[-6.9735,42.3929],[-6.9734,42.3934]],[[-6.931,42.4003],[-6.9313,42.3998],[-6.9308,42.4],[-6.931,42.4003]],[[-6.9307,42.4003],[-6.9307,42.4002],[-6.9307,42.4002],[-6.9307,42.4003]],[[-6.9507,42.4002],[-6.9506,42.4002],[-6.9506,42.4002],[-6.9507,42.4002]],[[-6.9686,42.3984],[-6.9686,42.3984],[-6.9686,42.3984],[-6.9686,42.3984]],[[-6.9393,42.4045],[-6.9394,42.4045],[-6.9394,42.4045],[-6.9393,42.4045]],[[-6.9404,42.4046],[-6.9404,42.4046],[-6.9404,42.4046],[-6.9404,42.4046]],[[-6.9405,42.4046],[-6.9405,42.4046],[-6.9405,42.4046],[-6.9405,42.4046]],[[-6.9319,42.4039],[-6.9315,42.4036],[-6.9316,42.4039],[-6.9319,42.4039]],[[-6.9551,42.3957],[-6.9551,42.3957],[-6.9551,42.3957],[-6.9551,42.3957]],[[-6.9711,42.4018],[-6.9712,42.4015],[-6.9709,42.4014],[-6.9711,42.4018]],[[-6.9715,42.4016],[-6.9713,42.4017],[-6.9715,42.4016],[-6.9715,42.4016]],[[-6.9697,42.4023],[-6.9694,42.4021],[-6.9693,42.4022],[-6.9697,42.4023]],[[-6.9697,42.402],[-6.9697,42.402],[-6.9697,42.402],[-6.9697,42.402]],[[-6.9691,42.402],[-6.9691,42.402],[-6.9691,42.402],[-6.9691,42.402]]],[[[-7.0538,42.3964],[-7.0553,42.3978],[-7.052,42.4009],[-7.0512,42.4006],[-7.0522,42.3969],[-7.0538,42.3964]],[[-7.0537,42.3965],[-7.0537,42.3964],[-7.0537,42.3964],[-7.0537,42.3965]],[[-7.054,42.3974],[-7.0535,42.3982],[-7.0537,42.3987],[-7.054,42.3974]],[[-7.0524,42.3995],[-7.0522,42.4003],[-7.0532,42.3994],[-7.0524,42.3995]]],[[[-6.9962,42.4144],[-6.9972,42.4172],[-6.9948,42.4158],[-6.9962,42.4144]]],[[[-7.0504,42.415],[-7.0491,42.4195],[-7.0461,42.4186],[-7.0467,42.417],[-7.0504,42.415]],[[-7.05,42.4163],[-7.05,42.4164],[-7.05,42.4163],[-7.05,42.4163]],[[-7.0499,42.4163],[-7.0497,42.4164],[-7.0498,42.4164],[-7.0499,42.4163]]],[[[-7.0445,42.4205],[-7.0507,42.4201],[-7.0468,42.4239],[-7.048,42.4277],[-7.05,42.4294],[-7.0443,42.4323],[-7.0415,42.4325],[-7.0394,42.4292],[-7.041,42.4274],[-7.0432,42.4284],[-7.0438,42.424],[-7.0483,42.4217],[-7.0445,42.4205]],[[-7.0426,42.432],[-7.0426,42.432],[-7.0426,42.432],[-7.0426,42.432]],[[-7.0472,42.4228],[-7.0472,42.4226],[-7.047,42.4227],[-7.0472,42.4228]],[[-7.0475,42.4223],[-7.0477,42.4225],[-7.0476,42.4223],[-7.0475,42.4223]],[[-7.0467,42.4238],[-7.0467,42.4238],[-7.0467,42.4238],[-7.0467,42.4238]],[[-7.0413,42.4304],[-7.0411,42.4301],[-7.0406,42.4303],[-7.0413,42.4304]],[[-7.0465,42.4309],[-7.0465,42.4309],[-7.0465,42.4309],[-7.0465,42.4309]],[[-7.0416,42.4296],[-7.0426,42.4292],[-7.0409,42.4292],[-7.0416,42.4296]]],[[[-7.0096,42.4304],[-7.0143,42.4333],[-7.0084,42.4319],[-7.0096,42.4304]]],[[[-7.2054,42.4132],[-7.2034,42.4168],[-7.1974,42.4156],[-7.1959,42.4199],[-7.1935,42.4194],[-7.1897,42.4253],[-7.1956,42.4263],[-7.1969,42.4291],[-7.2015,42.4288],[-7.1992,42.4328],[-7.1965,42.4314],[-7.1951,42.4324],[-7.1946,42.4325],[-7.1926,42.4311],[-7.192,42.4313],[-7.1919,42.431],[-7.1911,42.431],[-7.206,42.4414],[-7.1998,42.4447],[-7.2006,42.4497],[-7.2137,42.4477],[-7.2202,42.4501],[-7.219,42.4505],[-7.2167,42.4497],[-7.217,42.4526],[-7.2134,42.4521],[-7.2107,42.4558],[-7.2067,42.4536],[-7.2071,42.4581],[-7.2017,42.4574],[-7.1975,42.4544],[-7.1984,42.4568],[-7.2035,42.4583],[-7.2035,42.4629],[-7.1985,42.4641],[-7.1976,42.4602],[-7.1934,42.4583],[-7.1982,42.4644],[-7.1923,42.4671],[-7.1918,42.4659],[-7.1902,42.4666],[-7.1899,42.4656],[-7.1886,42.4645],[-7.1899,42.4679],[-7.1805,42.4679],[-7.1792,42.4687],[-7.1796,42.4713],[-7.1775,42.4729],[-7.1765,42.473],[-7.175,42.4719],[-7.1741,42.4718],[-7.1738,42.4697],[-7.1716,42.4687],[-7.1708,42.4672],[-7.1713,42.4688],[-7.1686,42.4688],[-7.1623,42.4667],[-7.1622,42.4633],[-7.1574,42.465],[-7.1603,42.4655],[-7.1587,42.4681],[-7.1615,42.4667],[-7.1642,42.4684],[-7.1731,42.4697],[-7.1736,42.4724],[-7.1777,42.4754],[-7.1806,42.4706],[-7.18,42.4691],[-7.1862,42.4712],[-7.1888,42.4686],[-7.1889,42.4731],[-7.1956,42.4742],[-7.1999,42.4791],[-7.1793,42.4834],[-7.1762,42.4952],[-7.1734,42.4973],[-7.1748,42.5034],[-7.1591,42.5064],[-7.1581,42.5123],[-7.1499,42.5195],[-7.1365,42.5176],[-7.1356,42.5206],[-7.133,42.5196],[-7.1321,42.525],[-7.1283,42.5233],[-7.117,42.5278],[-7.1145,42.5326],[-7.1093,42.5305],[-7.1142,42.5328],[-7.1029,42.5395],[-7.0918,42.5368],[-7.0886,42.5314],[-7.0868,42.5352],[-7.082,42.5324],[-7.0808,42.5341],[-7.0786,42.5341],[-7.0841,42.5363],[-7.0804,42.5379],[-7.0767,42.5383],[-7.08,42.5383],[-7.0794,42.54],[-7.0756,42.5413],[-7.0727,42.5412],[-7.0749,42.5426],[-7.0723,42.5455],[-7.0702,42.5465],[-7.0689,42.5461],[-7.0628,42.5487],[-7.0643,42.5534],[-7.0568,42.5579],[-7.0569,42.5658],[-7.0582,42.5658],[-7.0606,42.5688],[-7.0579,42.5725],[-7.0478,42.5709],[-7.0483,42.5677],[-7.0435,42.5693],[-7.0417,42.5646],[-7.0404,42.568],[-7.0355,42.5685],[-7.04,42.5643],[-7.0382,42.5639],[-7.0375,42.5629],[-7.0384,42.5616],[-7.0327,42.5604],[-7.0328,42.5573],[-7.0357,42.5577],[-7.0348,42.5559],[-7.0361,42.5565],[-7.0374,42.5543],[-7.0393,42.5542],[-7.0394,42.5535],[-7.0342,42.5549],[-7.0331,42.5564],[-7.0308,42.5539],[-7.031,42.5575],[-7.0237,42.5636],[-7.0224,42.5623],[-7.0236,42.5609],[-7.0242,42.5607],[-7.0223,42.5601],[-7.0215,42.565],[-7.0192,42.5657],[-7.0174,42.5633],[-7.0186,42.56],[-7.0144,42.5605],[-7.0174,42.5576],[-7.0107,42.5584],[-7.0118,42.5576],[-7.0066,42.5565],[-7.005,42.5536],[-7.0062,42.5476],[-7.0128,42.5484],[-7.0102,42.5457],[-7.0121,42.5429],[-7.0103,42.5428],[-7.0098,42.5442],[-7.0107,42.5437],[-7.0105,42.5439],[-7.0108,42.5442],[-7.0107,42.5445],[-7.0082,42.5454],[-7.0029,42.5448],[-7.0038,42.5466],[-7.0001,42.5497],[-6.9929,42.5471],[-6.9912,42.5525],[-6.9854,42.5562],[-6.9831,42.5524],[-6.9806,42.5522],[-6.9824,42.5583],[-6.9747,42.559],[-6.9738,42.558],[-6.9736,42.5557],[-6.9742,42.5557],[-6.9744,42.5565],[-6.9751,42.5567],[-6.9751,42.5572],[-6.9755,42.5575],[-6.9766,42.5565],[-6.9741,42.5511],[-6.9771,42.5488],[-6.9788,42.5494],[-6.9782,42.5508],[-6.9798,42.5501],[-6.9809,42.5517],[-6.9821,42.5518],[-6.9824,42.5479],[-6.976,42.5412],[-6.9783,42.5404],[-6.969,42.5383],[-6.9678,42.536],[-6.97,42.5369],[-6.9718,42.5365],[-6.9638,42.5321],[-6.9559,42.5321],[-6.9591,42.5288],[-6.9538,42.5298],[-6.9489,42.5256],[-6.9521,42.5206],[-6.9483,42.5197],[-6.9465,42.5269],[-6.9427,42.5248],[-6.9429,42.5201],[-6.9296,42.5254],[-6.9256,42.5197],[-6.9226,42.5206],[-6.9304,42.5171],[-6.9258,42.515],[-6.9316,42.5093],[-6.9288,42.5053],[-6.9329,42.5062],[-6.9363,42.5055],[-6.9302,42.5033],[-6.9367,42.5035],[-6.936,42.5018],[-6.9414,42.4999],[-6.9397,42.5021],[-6.9403,42.503],[-6.9427,42.5008],[-6.9417,42.4989],[-6.9331,42.4992],[-6.9326,42.5018],[-6.9319,42.5005],[-6.9302,42.5005],[-6.9311,42.4996],[-6.9306,42.4993],[-6.9307,42.4994],[-6.9306,42.4996],[-6.9299,42.5005],[-6.9308,42.5008],[-6.9314,42.502],[-6.9263,42.4993],[-6.9259,42.5023],[-6.9175,42.5068],[-6.9187,42.5046],[-6.9109,42.5054],[-6.9112,42.5028],[-6.909,42.5047],[-6.906,42.5003],[-6.8932,42.4972],[-6.8943,42.491],[-6.8985,42.4884],[-6.8993,42.4941],[-6.9033,42.4934],[-6.9028,42.4961],[-6.9099,42.4987],[-6.9093,42.501],[-6.9183,42.5037],[-6.9218,42.4965],[-6.9256,42.4984],[-6.9226,42.4959],[-6.9297,42.4942],[-6.925,42.4937],[-6.9239,42.4879],[-6.9179,42.4888],[-6.9102,42.484],[-6.9161,42.4794],[-6.913,42.477],[-6.9187,42.4755],[-6.9168,42.4755],[-6.9149,42.4737],[-6.9138,42.4757],[-6.9114,42.4764],[-6.912,42.4769],[-6.9108,42.4777],[-6.91,42.4776],[-6.9119,42.4756],[-6.9067,42.4741],[-6.9124,42.4721],[-6.9105,42.4745],[-6.9112,42.4753],[-6.9149,42.4728],[-6.9093,42.4684],[-6.8997,42.4698],[-6.9026,42.4736],[-6.8958,42.4784],[-6.8907,42.4739],[-6.8925,42.4681],[-6.8966,42.468],[-6.8992,42.4636],[-6.9099,42.4622],[-6.9062,42.4612],[-6.9089,42.4592],[-6.9051,42.4585],[-6.9039,42.4541],[-6.913,42.4554],[-6.9195,42.461],[-6.925,42.4587],[-6.9348,42.4608],[-6.9488,42.4561],[-6.9494,42.459],[-6.9532,42.4568],[-6.9538,42.4497],[-6.9604,42.4517],[-6.9572,42.4483],[-6.9568,42.447],[-6.9572,42.4466],[-6.9627,42.4495],[-6.9615,42.4503],[-6.9645,42.451],[-6.9677,42.4544],[-6.9679,42.4565],[-6.9698,42.4572],[-6.9662,42.4519],[-6.9726,42.4494],[-6.9747,42.4499],[-6.9763,42.4473],[-6.9739,42.4482],[-6.9735,42.4443],[-6.9717,42.4468],[-6.969,42.4463],[-6.9687,42.4449],[-6.9675,42.4466],[-6.9687,42.4465],[-6.9684,42.4468],[-6.9688,42.4468],[-6.969,42.4474],[-6.9687,42.4489],[-6.9645,42.4494],[-6.9622,42.4454],[-6.9651,42.446],[-6.9676,42.4425],[-6.9638,42.4432],[-6.9646,42.44],[-6.9695,42.4412],[-6.97,42.4425],[-6.9731,42.4405],[-6.9758,42.4438],[-6.9783,42.4425],[-6.9835,42.4438],[-6.9834,42.4412],[-6.9847,42.4412],[-6.9847,42.4402],[-6.981,42.4412],[-6.9669,42.4336],[-6.9705,42.4313],[-6.9788,42.4332],[-6.9833,42.4394],[-6.9842,42.4371],[-6.9865,42.4378],[-6.9867,42.4418],[-6.9898,42.4406],[-6.9901,42.4391],[-6.9906,42.439],[-7.0,42.4423],[-7.0002,42.4433],[-6.9978,42.4445],[-6.9991,42.4456],[-6.9996,42.4436],[-7.0004,42.444],[-6.999,42.4466],[-7.0009,42.4474],[-7.0013,42.4493],[-7.0031,42.4486],[-7.0014,42.4481],[-7.0026,42.4465],[-7.0038,42.4473],[-7.0045,42.4496],[-7.0042,42.4458],[-7.0076,42.4425],[-7.0065,42.4411],[-7.0197,42.4373],[-7.0192,42.4348],[-7.0231,42.433],[-7.0299,42.4331],[-7.0207,42.4359],[-7.0293,42.4354],[-7.0293,42.4377],[-7.0301,42.4348],[-7.0322,42.4336],[-7.0376,42.4351],[-7.038,42.4307],[-7.0418,42.4334],[-7.039,42.4345],[-7.0497,42.4301],[-7.0518,42.431],[-7.0538,42.4331],[-7.0527,42.4341],[-7.0562,42.4344],[-7.0582,42.4326],[-7.0488,42.4275],[-7.0557,42.4257],[-7.051,42.4226],[-7.0584,42.4234],[-7.053,42.4195],[-7.0651,42.4223],[-7.0641,42.4199],[-7.0724,42.4144],[-7.073,42.4115],[-7.0759,42.4098],[-7.0863,42.407],[-7.092,42.4088],[-7.1128,42.4015],[-7.119,42.4051],[-7.1191,42.4035],[-7.1203,42.4034],[-7.1226,42.4063],[-7.121,42.4108],[-7.1252,42.4066],[-7.1258,42.4076],[-7.1266,42.4083],[-7.1267,42.4083],[-7.1252,42.405],[-7.13,42.4077],[-7.1345,42.406],[-7.1231,42.4014],[-7.124,42.3995],[-7.1276,42.4005],[-7.1239,42.396],[-7.1274,42.397],[-7.1366,42.3917],[-7.1322,42.3912],[-7.1313,42.3885],[-7.1356,42.3863],[-7.1206,42.391],[-7.118,42.3906],[-7.1134,42.3836],[-7.1082,42.3817],[-7.1093,42.3816],[-7.1118,42.3823],[-7.1124,42.3823],[-7.1123,42.3802],[-7.108,42.3812],[-7.1061,42.3793],[-7.0991,42.3812],[-7.1024,42.3785],[-7.0971,42.3744],[-7.0963,42.3791],[-7.0911,42.3728],[-7.0867,42.3806],[-7.0833,42.3764],[-7.0836,42.378],[-7.0805,42.379],[-7.0821,42.3818],[-7.0774,42.3786],[-7.0774,42.3798],[-7.0764,42.3799],[-7.0771,42.3803],[-7.0749,42.3801],[-7.0757,42.3783],[-7.0702,42.3806],[-7.0649,42.3797],[-7.0739,42.3818],[-7.0721,42.3839],[-7.0708,42.3841],[-7.0743,42.3863],[-7.0725,42.3875],[-7.0775,42.3856],[-7.0766,42.3847],[-7.0827,42.3865],[-7.0814,42.3898],[-7.0788,42.3892],[-7.0784,42.393],[-7.0765,42.3943],[-7.0808,42.3972],[-7.0683,42.4059],[-7.0644,42.4042],[-7.0645,42.4029],[-7.0654,42.4019],[-7.0657,42.4019],[-7.0655,42.401],[-7.0635,42.4017],[-7.064,42.402],[-7.0641,42.4027],[-7.0644,42.4029],[-7.0639,42.4043],[-7.0674,42.4068],[-7.0673,42.4071],[-7.0659,42.4079],[-7.0609,42.4083],[-7.0541,42.4071],[-7.0497,42.4039],[-7.0518,42.402],[-7.0596,42.4012],[-7.0627,42.3976],[-7.0597,42.3933],[-7.0577,42.3963],[-7.0523,42.3941],[-7.0491,42.3967],[-7.0513,42.3914],[-7.0466,42.3887],[-7.0493,42.4005],[-7.0458,42.3993],[-7.0466,42.3979],[-7.0461,42.3962],[-7.0439,42.4006],[-7.0411,42.3983],[-7.0401,42.4029],[-7.0336,42.4063],[-7.0273,42.4071],[-7.0256,42.4046],[-7.0298,42.4024],[-7.0319,42.397],[-7.0299,42.3957],[-7.0319,42.3961],[-7.0323,42.3942],[-7.0352,42.3945],[-7.0354,42.3935],[-7.0384,42.3926],[-7.0353,42.3917],[-7.0332,42.3922],[-7.0352,42.3935],[-7.0315,42.394],[-7.0325,42.3889],[-7.0364,42.3891],[-7.0378,42.3866],[-7.0319,42.3851],[-7.0304,42.3878],[-7.029,42.388],[-7.0296,42.3831],[-7.0264,42.3804],[-7.0258,42.3822],[-7.0266,42.384],[-7.0261,42.3861],[-7.0253,42.3864],[-7.0252,42.385],[-7.0254,42.3847],[-7.0248,42.3851],[-7.0247,42.386],[-7.0274,42.3911],[-7.0217,42.3921],[-7.0259,42.3958],[-7.0255,42.402],[-7.0285,42.3966],[-7.03,42.3975],[-7.0288,42.4017],[-7.0222,42.4054],[-7.0251,42.4064],[-7.0214,42.406],[-7.0223,42.4085],[-7.0192,42.4085],[-7.0192,42.4071],[-7.0168,42.4085],[-7.0131,42.4076],[-7.0169,42.4075],[-7.0125,42.4037],[-7.0205,42.3995],[-7.0171,42.3888],[-7.007,42.3874],[-7.0052,42.3908],[-7.0098,42.3917],[-7.0159,42.3972],[-7.0158,42.3997],[-7.01,42.4],[-7.0089,42.398],[-7.0091,42.4041],[-6.9993,42.4073],[-6.9951,42.4079],[-6.9922,42.4069],[-6.9883,42.4099],[-6.9852,42.4109],[-6.9832,42.4057],[-6.9856,42.3999],[-6.9822,42.3959],[-6.9866,42.3934],[-6.9825,42.3912],[-6.988,42.3845],[-7.0035,42.3813],[-7.0024,42.3791],[-6.9948,42.3826],[-6.9934,42.3796],[-6.9948,42.3772],[-6.9981,42.3765],[-6.9948,42.3743],[-6.9997,42.3727],[-6.9998,42.3684],[-7.0077,42.3675],[-7.0036,42.3661],[-7.0052,42.3624],[-6.9972,42.367],[-6.9947,42.3653],[-6.9963,42.3624],[-6.9962,42.3616],[-6.9918,42.3625],[-6.9916,42.3658],[-6.9883,42.3694],[-6.9859,42.3643],[-6.9796,42.3655],[-6.9766,42.3688],[-6.9784,42.3721],[-6.9714,42.375],[-6.9712,42.3727],[-6.9611,42.3747],[-6.9583,42.3708],[-6.9703,42.3666],[-6.9732,42.3633],[-6.9695,42.3607],[-6.9743,42.3566],[-6.9829,42.3546],[-7.0071,42.3559],[-7.0069,42.3577],[-7.0167,42.3594],[-7.0197,42.3627],[-7.0123,42.3642],[-7.0135,42.365],[-7.0316,42.3649],[-7.0343,42.3612],[-7.0374,42.3661],[-7.0414,42.3616],[-7.0424,42.3655],[-7.0471,42.3638],[-7.0531,42.3664],[-7.0574,42.3624],[-7.0566,42.3565],[-7.0626,42.3537],[-7.0588,42.3543],[-7.0603,42.3528],[-7.063,42.3521],[-7.0607,42.3513],[-7.0595,42.3491],[-7.0714,42.3484],[-7.0755,42.3507],[-7.0754,42.3481],[-7.0844,42.3487],[-7.0991,42.3417],[-7.0977,42.3496],[-7.0996,42.3523],[-7.1015,42.3437],[-7.0979,42.3406],[-7.0917,42.3402],[-7.0948,42.3367],[-7.0926,42.3323],[-7.0965,42.3341],[-7.0955,42.3314],[-7.0846,42.3303],[-7.085,42.3277],[-7.0856,42.3288],[-7.0878,42.3285],[-7.0844,42.3255],[-7.0886,42.3213],[-7.0872,42.3196],[-7.0872,42.32],[-7.086,42.3206],[-7.0868,42.3216],[-7.0862,42.3222],[-7.0859,42.3222],[-7.0858,42.3202],[-7.0862,42.3194],[-7.0957,42.3111],[-7.1148,42.3179],[-7.1174,42.3252],[-7.1212,42.326],[-7.1183,42.3281],[-7.1241,42.3308],[-7.1281,42.3288],[-7.1299,42.3349],[-7.1258,42.3389],[-7.1201,42.338],[-7.1171,42.3405],[-7.1284,42.3413],[-7.1252,42.3476],[-7.1346,42.3517],[-7.1348,42.3492],[-7.1386,42.3535],[-7.1365,42.3625],[-7.1394,42.3717],[-7.1439,42.3555],[-7.1406,42.3578],[-7.1402,42.3487],[-7.1458,42.3489],[-7.1457,42.3467],[-7.1507,42.3467],[-7.149,42.349],[-7.1521,42.3532],[-7.1545,42.3509],[-7.1563,42.3532],[-7.1623,42.3502],[-7.1663,42.351],[-7.167,42.3477],[-7.1752,42.3491],[-7.1864,42.3577],[-7.1823,42.3662],[-7.1928,42.3787],[-7.189,42.3774],[-7.1883,42.3831],[-7.1755,42.3852],[-7.1755,42.3854],[-7.1754,42.3855],[-7.1735,42.387],[-7.1726,42.3898],[-7.1773,42.3891],[-7.1771,42.3864],[-7.1835,42.3872],[-7.1819,42.3935],[-7.1883,42.3963],[-7.1877,42.3998],[-7.1906,42.4081],[-7.1914,42.4057],[-7.1902,42.4051],[-7.1894,42.4043],[-7.1892,42.4013],[-7.1903,42.4004],[-7.1889,42.3994],[-7.1917,42.3991],[-7.1951,42.4066],[-7.2054,42.4132]],[[-7.1927,42.4325],[-7.1927,42.4325],[-7.1927,42.4325],[-7.1927,42.4325]],[[-7.1889,42.4809],[-7.1889,42.4809],[-7.1888,42.4809],[-7.1889,42.4809]],[[-7.134,42.5181],[-7.1342,42.5186],[-7.1341,42.5175],[-7.1321,42.5173],[-7.134,42.5181]],[[-7.0208,42.5642],[-7.0208,42.5642],[-7.0208,42.5642],[-7.0208,42.5642]],[[-6.9742,42.5558],[-6.9742,42.5558],[-6.9742,42.5558],[-6.9742,42.5558]],[[-6.9268,42.521],[-6.9268,42.5211],[-6.9268,42.521],[-6.9268,42.521]],[[-6.9286,42.5135],[-6.9287,42.5133],[-6.9286,42.5133],[-6.9286,42.5135]],[[-6.9287,42.5132],[-6.9289,42.5133],[-6.9289,42.5132],[-6.9287,42.5132]],[[-6.9306,42.4995],[-6.9306,42.4995],[-6.9307,42.4995],[-6.9306,42.4995]],[[-6.9245,42.4965],[-6.9264,42.4969],[-6.9266,42.4964],[-6.9245,42.4965]],[[-6.9683,42.4413],[-6.968,42.4412],[-6.968,42.4413],[-6.9683,42.4413]],[[-6.9764,42.444],[-6.9759,42.4444],[-6.9768,42.4443],[-6.9766,42.4437],[-6.9764,42.444]],[[-6.9982,42.4439],[-6.9983,42.4436],[-6.998,42.4436],[-6.9982,42.4439]],[[-6.9999,42.4443],[-6.9999,42.4443],[-6.9999,42.4443],[-6.9999,42.4443]],[[-7.0051,42.4496],[-7.005,42.4496],[-7.0045,42.4498],[-7.0051,42.4496]],[[-7.0282,42.4361],[-7.0283,42.4361],[-7.0283,42.4361],[-7.0282,42.4361]],[[-7.1235,42.4011],[-7.1235,42.4012],[-7.1235,42.4011],[-7.1235,42.4011]],[[-7.0688,42.4053],[-7.0688,42.4053],[-7.0688,42.4053],[-7.0688,42.4053]],[[-7.0285,42.4066],[-7.0283,42.4065],[-7.0282,42.4066],[-7.0285,42.4066]],[[-7.0284,42.407],[-7.0284,42.407],[-7.0284,42.407],[-7.0284,42.407]],[[-7.0326,42.389],[-7.0326,42.389],[-7.0326,42.389],[-7.0326,42.389]],[[-7.0202,42.4084],[-7.0202,42.4084],[-7.0202,42.4084],[-7.0202,42.4084]],[[-7.1707,42.3494],[-7.1705,42.3493],[-7.1705,42.3495],[-7.1707,42.3494]],[[-7.2018,42.4409],[-7.1923,42.441],[-7.1973,42.4427],[-7.192,42.444],[-7.1935,42.4445],[-7.1944,42.4443],[-7.1956,42.4446],[-7.2018,42.4409]],[[-7.1769,42.3584],[-7.1767,42.3562],[-7.1753,42.3562],[-7.1769,42.3584]],[[-7.1836,42.3821],[-7.1823,42.3819],[-7.1825,42.383],[-7.1836,42.3821]],[[-7.1731,42.3852],[-7.1742,42.3858],[-7.1752,42.3851],[-7.1731,42.3852]],[[-7.1717,42.3914],[-7.1716,42.3913],[-7.1716,42.3914],[-7.1717,42.3914]],[[-7.1713,42.3916],[-7.1714,42.3916],[-7.1716,42.3914],[-7.1713,42.3916]],[[-7.1704,42.392],[-7.1678,42.3916],[-7.1663,42.3902],[-7.1677,42.3917],[-7.1704,42.392]],[[-7.1711,42.3918],[-7.1709,42.3918],[-7.1711,42.3918],[-7.1711,42.3918]],[[-7.1712,42.3917],[-7.1712,42.3917],[-7.1712,42.3917],[-7.1712,42.3917]],[[-7.1718,42.3913],[-7.1718,42.3912],[-7.1717,42.3913],[-7.1718,42.3913]],[[-7.1721,42.391],[-7.1718,42.3912],[-7.1718,42.3912],[-7.1721,42.391]],[[-7.1722,42.3909],[-7.1723,42.3909],[-7.1723,42.3909],[-7.1722,42.3909]],[[-7.1723,42.3908],[-7.1724,42.3908],[-7.1724,42.3908],[-7.1723,42.3908]],[[-7.1724,42.3907],[-7.1725,42.3907],[-7.1725,42.3907],[-7.1724,42.3907]],[[-7.1726,42.3906],[-7.1727,42.3906],[-7.1727,42.3906],[-7.1726,42.3906]],[[-7.1729,42.3904],[-7.1729,42.3922],[-7.1718,42.3929],[-7.1698,42.3933],[-7.1697,42.3934],[-7.172,42.393],[-7.1728,42.3926],[-7.1739,42.3907],[-7.1738,42.3905],[-7.1729,42.3904]],[[-7.1697,42.3933],[-7.1676,42.3929],[-7.1683,42.3931],[-7.1686,42.3933],[-7.1686,42.3933],[-7.1697,42.3933]],[[-7.1676,42.3929],[-7.1675,42.3929],[-7.1676,42.3929],[-7.1676,42.3929]],[[-7.1673,42.3928],[-7.1672,42.3927],[-7.1669,42.3923],[-7.1665,42.3922],[-7.1669,42.3924],[-7.1673,42.3928]],[[-7.1668,42.3924],[-7.1668,42.3924],[-7.1668,42.3924],[-7.1668,42.3924]],[[-7.1664,42.3922],[-7.1664,42.3922],[-7.1664,42.3922],[-7.1664,42.3922]],[[-7.1664,42.3921],[-7.1664,42.3921],[-7.1663,42.3921],[-7.1664,42.3921]],[[-7.166,42.3916],[-7.1662,42.3918],[-7.1662,42.3917],[-7.166,42.3916]],[[-7.1659,42.3916],[-7.166,42.3916],[-7.1659,42.3916],[-7.1659,42.3916]],[[-7.1659,42.3915],[-7.1659,42.3915],[-7.1659,42.3915],[-7.1659,42.3915]],[[-7.1657,42.3913],[-7.1656,42.3914],[-7.1658,42.3914],[-7.1657,42.3913]],[[-7.1655,42.3912],[-7.1655,42.3912],[-7.1655,42.3912],[-7.1655,42.3912]],[[-7.1654,42.3912],[-7.1654,42.3911],[-7.1654,42.3911],[-7.1654,42.3912]],[[-7.1654,42.391],[-7.1654,42.391],[-7.1653,42.391],[-7.1654,42.391]],[[-7.1652,42.3909],[-7.1653,42.3909],[-7.1653,42.3909],[-7.1652,42.3909]],[[-7.1649,42.3913],[-7.1642,42.3912],[-7.1649,42.3917],[-7.1649,42.3913]],[[-7.1671,42.3988],[-7.1689,42.3978],[-7.1667,42.3976],[-7.1671,42.3988]],[[-7.1683,42.4158],[-7.1642,42.4159],[-7.1656,42.4164],[-7.1652,42.4172],[-7.1657,42.4174],[-7.1683,42.4158]],[[-7.1652,42.417],[-7.1648,42.4168],[-7.1648,42.417],[-7.1652,42.417]],[[-7.1642,42.4158],[-7.1642,42.4158],[-7.1642,42.4158],[-7.1642,42.4158]],[[-7.1657,42.4207],[-7.1653,42.4219],[-7.167,42.4207],[-7.1657,42.4207]],[[-7.1653,42.4219],[-7.1653,42.4219],[-7.1653,42.4219],[-7.1653,42.4219]],[[-7.1653,42.422],[-7.1653,42.422],[-7.1653,42.422],[-7.1653,42.422]],[[-7.1667,42.4201],[-7.1691,42.4211],[-7.1691,42.4193],[-7.1667,42.4201]],[[-7.1843,42.4178],[-7.1886,42.4198],[-7.1908,42.4187],[-7.1883,42.4157],[-7.1933,42.4172],[-7.1944,42.414],[-7.1938,42.413],[-7.1933,42.4133],[-7.1917,42.4126],[-7.1913,42.4127],[-7.1931,42.4143],[-7.1906,42.4157],[-7.1895,42.4124],[-7.1843,42.4178]],[[-7.1942,42.4117],[-7.195,42.4108],[-7.1934,42.411],[-7.1942,42.4117]],[[-7.1936,42.4262],[-7.1935,42.4262],[-7.1935,42.4262],[-7.1936,42.4262]],[[-7.1876,42.4334],[-7.1876,42.434],[-7.1883,42.4335],[-7.1876,42.4334]],[[-7.187,42.434],[-7.1799,42.4359],[-7.1872,42.4379],[-7.1937,42.4377],[-7.187,42.434]],[[-7.17,42.43],[-7.1702,42.4301],[-7.1708,42.4301],[-7.17,42.43]],[[-7.1577,42.4319],[-7.1548,42.4348],[-7.1576,42.4363],[-7.1539,42.4383],[-7.1574,42.4385],[-7.1583,42.4352],[-7.1598,42.4353],[-7.1577,42.4319]],[[-7.1503,42.4506],[-7.1514,42.4526],[-7.1505,42.4538],[-7.1502,42.4535],[-7.1495,42.4537],[-7.1525,42.4575],[-7.1564,42.4556],[-7.1582,42.4584],[-7.1605,42.4584],[-7.1569,42.4551],[-7.1575,42.4501],[-7.1529,42.4517],[-7.154,42.4525],[-7.1535,42.4537],[-7.1527,42.4541],[-7.1503,42.4506]],[[-7.1495,42.452],[-7.1494,42.452],[-7.1494,42.452],[-7.1495,42.452]],[[-7.1472,42.4578],[-7.1448,42.4562],[-7.1442,42.4566],[-7.1472,42.4578]],[[-7.1407,42.4598],[-7.1264,42.4559],[-7.1249,42.461],[-7.128,42.465],[-7.1264,42.4647],[-7.1266,42.4655],[-7.1263,42.4659],[-7.1249,42.4659],[-7.125,42.4667],[-7.1388,42.4724],[-7.1482,42.4728],[-7.152,42.4746],[-7.1533,42.474],[-7.1514,42.4709],[-7.1515,42.473],[-7.1504,42.4736],[-7.144,42.4707],[-7.1427,42.4681],[-7.1472,42.4672],[-7.1456,42.4663],[-7.1473,42.4641],[-7.1408,42.4643],[-7.1407,42.4598]],[[-7.136,42.4571],[-7.1367,42.457],[-7.1365,42.4567],[-7.136,42.4571]],[[-7.1331,42.456],[-7.1338,42.4567],[-7.1342,42.4567],[-7.1339,42.4562],[-7.1335,42.4563],[-7.1335,42.4561],[-7.1331,42.456]],[[-7.1343,42.4565],[-7.1343,42.4564],[-7.1343,42.4564],[-7.1343,42.4565]],[[-7.1116,42.4688],[-7.111,42.4692],[-7.1113,42.4694],[-7.1116,42.4688]],[[-7.1119,42.4696],[-7.1104,42.4694],[-7.1102,42.4714],[-7.1119,42.4696]],[[-7.109,42.4506],[-7.1095,42.4494],[-7.1089,42.4475],[-7.1084,42.4502],[-7.108,42.4493],[-7.1055,42.45],[-7.1029,42.4485],[-7.1007,42.4495],[-7.109,42.4506]],[[-7.109,42.4506],[-7.1091,42.4506],[-7.109,42.4506],[-7.109,42.4506]],[[-7.1092,42.4506],[-7.1092,42.4506],[-7.1092,42.4506],[-7.1092,42.4506]],[[-7.1098,42.4471],[-7.1126,42.4456],[-7.1106,42.4455],[-7.1103,42.445],[-7.1103,42.4458],[-7.1094,42.4468],[-7.1084,42.4467],[-7.1086,42.4473],[-7.1098,42.4471]],[[-7.1108,42.4439],[-7.1144,42.4423],[-7.1142,42.4406],[-7.1116,42.44],[-7.1108,42.4439]],[[-7.1116,42.4363],[-7.1153,42.4374],[-7.1133,42.4338],[-7.1116,42.4363]],[[-7.1182,42.4371],[-7.1178,42.437],[-7.1178,42.4371],[-7.1182,42.4371]],[[-7.117,42.4363],[-7.1166,42.4364],[-7.1167,42.4367],[-7.117,42.4363]],[[-7.1164,42.4363],[-7.1167,42.4355],[-7.1153,42.4348],[-7.1164,42.4363]],[[-7.1128,42.4329],[-7.1139,42.4323],[-7.1134,42.4319],[-7.1128,42.4329]],[[-7.1125,42.4299],[-7.1122,42.4304],[-7.1123,42.4305],[-7.1125,42.4299]],[[-7.1148,42.4214],[-7.1147,42.4208],[-7.1143,42.4209],[-7.1148,42.4214]],[[-7.1153,42.4191],[-7.1147,42.4185],[-7.1144,42.4191],[-7.1153,42.4191]],[[-7.1161,42.4186],[-7.1162,42.4188],[-7.116,42.4176],[-7.1161,42.4186]],[[-7.1266,42.4084],[-7.1253,42.4083],[-7.1255,42.4086],[-7.1266,42.4084]],[[-7.1274,42.4076],[-7.1288,42.4072],[-7.1276,42.4068],[-7.1274,42.4076]],[[-7.1316,42.4009],[-7.1321,42.4021],[-7.1331,42.4018],[-7.1316,42.4009]],[[-7.1294,42.402],[-7.1277,42.4005],[-7.1268,42.4016],[-7.1294,42.402]],[[-7.1079,42.381],[-7.1086,42.3803],[-7.1074,42.3804],[-7.1079,42.381]],[[-7.0862,42.3784],[-7.0864,42.3785],[-7.0864,42.3784],[-7.0862,42.3784]],[[-7.0863,42.3788],[-7.0863,42.3788],[-7.0863,42.3788],[-7.0863,42.3788]],[[-7.0842,42.3769],[-7.0844,42.377],[-7.0844,42.3769],[-7.0842,42.3769]],[[-7.0844,42.377],[-7.0845,42.3769],[-7.0844,42.3769],[-7.0844,42.377]],[[-7.0717,42.3799],[-7.0717,42.3799],[-7.0717,42.3799],[-7.0717,42.3799]],[[-7.0715,42.3796],[-7.0715,42.3796],[-7.0715,42.3796],[-7.0715,42.3796]],[[-7.0665,42.3782],[-7.0664,42.3782],[-7.0664,42.3782],[-7.0665,42.3782]],[[-7.0664,42.3782],[-7.0661,42.3774],[-7.0661,42.3774],[-7.0664,42.3782]],[[-7.065,42.3778],[-7.0592,42.3757],[-7.0562,42.3803],[-7.0554,42.3796],[-7.0542,42.38],[-7.0585,42.3806],[-7.0603,42.385],[-7.0592,42.3795],[-7.065,42.3778]],[[-7.0617,42.384],[-7.0627,42.3834],[-7.0608,42.3837],[-7.0617,42.384]],[[-7.0641,42.3789],[-7.0649,42.3796],[-7.0651,42.3789],[-7.0641,42.3789]],[[-7.0805,42.3886],[-7.0807,42.3884],[-7.0808,42.388],[-7.0804,42.3877],[-7.0805,42.3886]],[[-7.0777,42.3931],[-7.0777,42.3931],[-7.0777,42.3931],[-7.0777,42.3931]],[[-7.0795,42.3969],[-7.0799,42.3972],[-7.08,42.3969],[-7.0795,42.3969]],[[-7.0688,42.4048],[-7.0688,42.4049],[-7.0688,42.4048],[-7.0688,42.4048]],[[-7.0692,42.4047],[-7.0692,42.4047],[-7.0692,42.4047],[-7.0692,42.4047]],[[-7.0506,42.4032],[-7.0506,42.4032],[-7.0505,42.4032],[-7.0506,42.4032]],[[-7.0553,42.4027],[-7.0529,42.4025],[-7.0527,42.4031],[-7.0553,42.4027]],[[-7.0437,42.3966],[-7.0415,42.3979],[-7.0435,42.3982],[-7.0437,42.3966]],[[-7.0358,42.3943],[-7.0357,42.3949],[-7.0362,42.3946],[-7.0358,42.3943]],[[-7.0357,42.3934],[-7.0357,42.3934],[-7.0357,42.3934],[-7.0357,42.3934]],[[-7.0379,42.3919],[-7.0378,42.3919],[-7.0379,42.3919],[-7.0379,42.3919]],[[-7.0378,42.3918],[-7.0378,42.3918],[-7.0378,42.3918],[-7.0378,42.3918]],[[-7.035,42.3917],[-7.035,42.3914],[-7.0348,42.3914],[-7.035,42.3917]],[[-7.0378,42.3879],[-7.0376,42.388],[-7.0378,42.388],[-7.0378,42.3879]],[[-7.0243,42.3901],[-7.0231,42.3888],[-7.0222,42.3899],[-7.0243,42.3901]],[[-7.0228,42.388],[-7.019,42.3873],[-7.0158,42.3832],[-7.0164,42.3868],[-7.017,42.3861],[-7.0178,42.3866],[-7.0186,42.3879],[-7.0186,42.3881],[-7.0184,42.3883],[-7.0228,42.388]],[[-7.0193,42.3871],[-7.0192,42.3871],[-7.0192,42.3871],[-7.0193,42.3871]],[[-7.0168,42.3871],[-7.0159,42.3876],[-7.0159,42.388],[-7.0168,42.3871]],[[-7.018,42.4068],[-7.0185,42.4064],[-7.0173,42.4067],[-7.018,42.4068]],[[-7.0138,42.404],[-7.0136,42.404],[-7.0138,42.404],[-7.0138,42.404]],[[-7.0122,42.3958],[-7.0117,42.397],[-7.0121,42.3982],[-7.0129,42.397],[-7.0123,42.3966],[-7.0122,42.396],[-7.0125,42.3958],[-7.0122,42.3958]],[[-7.0148,42.3988],[-7.0146,42.3976],[-7.0141,42.3987],[-7.0148,42.3988]],[[-7.0095,42.3979],[-7.0094,42.398],[-7.0095,42.398],[-7.0095,42.3979]],[[-7.0066,42.3622],[-7.0056,42.3617],[-7.0053,42.3624],[-7.0066,42.3622]],[[-6.9902,42.3654],[-6.9908,42.3646],[-6.99,42.3645],[-6.9902,42.3654]],[[-6.9724,42.362],[-6.9725,42.3619],[-6.9724,42.3619],[-6.9724,42.362]],[[-6.9735,42.361],[-6.9744,42.3619],[-6.9744,42.3614],[-6.9735,42.361]],[[-7.0086,42.3641],[-7.0087,42.364],[-7.0086,42.364],[-7.0086,42.3641]],[[-7.0092,42.364],[-7.0088,42.364],[-7.0092,42.3641],[-7.0092,42.364]],[[-7.0092,42.3639],[-7.0115,42.3644],[-7.0116,42.3639],[-7.0092,42.3639]],[[-7.0621,42.3526],[-7.0621,42.3526],[-7.0621,42.3526],[-7.0621,42.3526]],[[-7.067,42.3495],[-7.067,42.3494],[-7.067,42.3495],[-7.067,42.3495]],[[-7.0979,42.3424],[-7.098,42.3425],[-7.098,42.3424],[-7.0979,42.3424]],[[-7.0953,42.3476],[-7.0961,42.348],[-7.0962,42.3477],[-7.0953,42.3476]],[[-7.0961,42.3481],[-7.096,42.348],[-7.096,42.3481],[-7.0961,42.3481]],[[-7.0971,42.348],[-7.0973,42.3493],[-7.0975,42.3492],[-7.0971,42.348]],[[-7.1037,42.3431],[-7.1027,42.3429],[-7.1033,42.3431],[-7.1037,42.3431]],[[-7.1265,42.3435],[-7.1265,42.3435],[-7.1265,42.3435],[-7.1265,42.3435]],[[-7.1367,42.3519],[-7.1363,42.3525],[-7.137,42.3526],[-7.1367,42.3519]],[[-7.1364,42.3611],[-7.1354,42.3617],[-7.1354,42.3617],[-7.1362,42.3619],[-7.1364,42.3611]],[[-7.1751,42.354],[-7.1735,42.3547],[-7.1753,42.3561],[-7.1751,42.354]],[[-7.1742,42.36],[-7.1752,42.3617],[-7.1727,42.3597],[-7.1697,42.3611],[-7.1729,42.3613],[-7.1739,42.3638],[-7.1748,42.3641],[-7.1791,42.3611],[-7.1742,42.36]],[[-7.1803,42.3606],[-7.1813,42.3602],[-7.1803,42.36],[-7.1803,42.3606]],[[-7.1815,42.3605],[-7.1815,42.3605],[-7.1816,42.3605],[-7.1815,42.3605]],[[-7.0941,42.3463],[-7.0937,42.3467],[-7.0927,42.3472],[-7.0938,42.3471],[-7.0941,42.3463]],[[-7.0913,42.3468],[-7.0924,42.3478],[-7.0917,42.3467],[-7.0913,42.3468]],[[-7.0926,42.3472],[-7.0926,42.3472],[-7.0926,42.3473],[-7.0926,42.3472]],[[-7.1772,42.3686],[-7.1775,42.368],[-7.1767,42.3686],[-7.1772,42.3686]],[[-7.1761,42.3692],[-7.1739,42.3683],[-7.1732,42.368],[-7.1727,42.3681],[-7.1736,42.3682],[-7.1754,42.3694],[-7.1761,42.3692]],[[-7.1735,42.3683],[-7.1735,42.3683],[-7.1735,42.3683],[-7.1735,42.3683]],[[-7.1735,42.3683],[-7.1736,42.3683],[-7.1735,42.3683],[-7.1735,42.3683]],[[-7.1735,42.3685],[-7.1736,42.3686],[-7.1736,42.3685],[-7.1735,42.3685]],[[-7.1775,42.3679],[-7.1778,42.3677],[-7.1775,42.3678],[-7.1775,42.3679]],[[-7.178,42.3682],[-7.1781,42.3681],[-7.178,42.368],[-7.178,42.3682]],[[-7.1721,42.3517],[-7.1722,42.3516],[-7.1721,42.3516],[-7.1721,42.3517]],[[-7.1718,42.3516],[-7.1717,42.3514],[-7.1715,42.3514],[-7.1718,42.3516]],[[-7.1714,42.3618],[-7.1707,42.3621],[-7.1727,42.363],[-7.1714,42.3618]],[[-7.1757,42.3825],[-7.1746,42.3827],[-7.1762,42.384],[-7.1768,42.3841],[-7.1757,42.3825]],[[-7.1722,42.391],[-7.1722,42.391],[-7.1722,42.391],[-7.1722,42.391]],[[-7.1696,42.4055],[-7.1702,42.4044],[-7.1696,42.4045],[-7.1696,42.4055]],[[-7.1678,42.4053],[-7.1682,42.4059],[-7.1691,42.4054],[-7.1675,42.4051],[-7.1678,42.4053]],[[-7.1627,42.3513],[-7.1622,42.3518],[-7.1629,42.352],[-7.1627,42.3513]],[[-7.1618,42.3633],[-7.165,42.3626],[-7.165,42.3623],[-7.163,42.3615],[-7.1618,42.3633]],[[-7.165,42.3843],[-7.1651,42.3833],[-7.1646,42.3842],[-7.165,42.3843]],[[-7.1636,42.384],[-7.1637,42.3841],[-7.1637,42.3841],[-7.1636,42.384]],[[-7.1641,42.3843],[-7.1641,42.3843],[-7.1641,42.3843],[-7.1641,42.3843]],[[-7.1643,42.3843],[-7.1643,42.3843],[-7.1643,42.3843],[-7.1643,42.3843]],[[-7.1644,42.3844],[-7.1646,42.3849],[-7.1652,42.3854],[-7.1648,42.3848],[-7.1649,42.3846],[-7.1644,42.3844]],[[-7.1652,42.3852],[-7.1653,42.3861],[-7.1658,42.3861],[-7.1655,42.3855],[-7.1651,42.3851],[-7.1652,42.3852]],[[-7.1657,42.3862],[-7.1657,42.3862],[-7.1657,42.3862],[-7.1657,42.3862]],[[-7.122,42.4117],[-7.1225,42.4139],[-7.1242,42.414],[-7.122,42.4117]],[[-7.1637,42.4165],[-7.1643,42.4163],[-7.1636,42.4163],[-7.1637,42.4165]],[[-7.1661,42.4269],[-7.1667,42.4255],[-7.166,42.4259],[-7.1661,42.4269]],[[-7.166,42.4079],[-7.1686,42.4084],[-7.1665,42.4072],[-7.166,42.4079]],[[-7.1518,42.3949],[-7.1524,42.3952],[-7.1525,42.3951],[-7.1518,42.3949]],[[-7.1557,42.399],[-7.1581,42.401],[-7.1548,42.3978],[-7.1557,42.399]],[[-7.1596,42.4033],[-7.1589,42.4043],[-7.1568,42.4051],[-7.1587,42.4056],[-7.1596,42.4033]],[[-7.1596,42.4042],[-7.1603,42.4053],[-7.1604,42.4045],[-7.1596,42.4042]],[[-7.1596,42.4035],[-7.1614,42.4038],[-7.1621,42.403],[-7.1596,42.4035]],[[-7.1635,42.4164],[-7.1633,42.4163],[-7.1616,42.4166],[-7.1624,42.417],[-7.1628,42.4165],[-7.1635,42.4164]],[[-7.1372,42.3977],[-7.135,42.3964],[-7.1336,42.398],[-7.1356,42.4002],[-7.1372,42.3977]],[[-7.1327,42.3969],[-7.1323,42.396],[-7.1321,42.3968],[-7.1327,42.3969]],[[-7.1527,42.4034],[-7.1531,42.4024],[-7.1526,42.4025],[-7.1527,42.4034]],[[-7.1641,42.413],[-7.163,42.4113],[-7.1623,42.4119],[-7.1641,42.413]],[[-7.1596,42.4302],[-7.1615,42.4292],[-7.1617,42.428],[-7.1596,42.4302]],[[-7.1528,42.4409],[-7.1533,42.4408],[-7.1527,42.4405],[-7.1528,42.4409]],[[-7.1537,42.4411],[-7.155,42.4429],[-7.1556,42.4428],[-7.1537,42.4411]],[[-7.1556,42.4428],[-7.1556,42.4428],[-7.1556,42.4428],[-7.1556,42.4428]],[[-7.1131,42.4248],[-7.1137,42.4242],[-7.1124,42.4245],[-7.1131,42.4248]],[[-7.1269,42.4333],[-7.1275,42.4349],[-7.1288,42.4333],[-7.1269,42.4333]],[[-7.1362,42.4457],[-7.136,42.4454],[-7.1358,42.4452],[-7.1359,42.4457],[-7.1362,42.4457]],[[-7.1456,42.4532],[-7.1463,42.4531],[-7.1465,42.4529],[-7.1457,42.453],[-7.1456,42.4532]],[[-7.1467,42.453],[-7.1466,42.4528],[-7.1465,42.453],[-7.1467,42.453]],[[-7.1465,42.4519],[-7.1465,42.4523],[-7.1468,42.4522],[-7.1466,42.4521],[-7.1466,42.452],[-7.1465,42.4519]],[[-7.1171,42.4418],[-7.1158,42.4479],[-7.1208,42.4479],[-7.1211,42.4441],[-7.1172,42.4455],[-7.1172,42.444],[-7.1195,42.4415],[-7.1171,42.4418]],[[-7.1201,42.4483],[-7.1201,42.4483],[-7.1201,42.4482],[-7.1201,42.4483]],[[-7.1204,42.4483],[-7.1204,42.4483],[-7.1204,42.4483],[-7.1204,42.4483]],[[-7.121,42.4479],[-7.1209,42.4479],[-7.121,42.4479],[-7.121,42.4479]],[[-7.1216,42.4479],[-7.1214,42.4479],[-7.1214,42.4479],[-7.1216,42.4479]],[[-7.1206,42.4402],[-7.1259,42.4436],[-7.1297,42.4422],[-7.1283,42.4401],[-7.1206,42.4402]],[[-7.1268,42.4438],[-7.1263,42.4441],[-7.1272,42.4453],[-7.1268,42.4438]],[[-7.1174,42.4304],[-7.1162,42.4323],[-7.1176,42.4312],[-7.1174,42.4304]],[[-7.1246,42.4292],[-7.1242,42.4282],[-7.1239,42.4281],[-7.1246,42.4292]],[[-7.1646,42.4273],[-7.1638,42.4271],[-7.164,42.4276],[-7.1646,42.4273]],[[-7.1645,42.4266],[-7.1645,42.4266],[-7.1645,42.4266],[-7.1645,42.4266]],[[-7.1143,42.4488],[-7.1136,42.4492],[-7.1136,42.4495],[-7.1143,42.4488]],[[-7.1183,42.4594],[-7.1175,42.4592],[-7.1175,42.4605],[-7.1183,42.4594]],[[-7.1192,42.4581],[-7.1182,42.4574],[-7.1183,42.4582],[-7.1192,42.4581]],[[-7.1659,42.3866],[-7.1659,42.3868],[-7.166,42.3868],[-7.1659,42.3866]],[[-7.166,42.3869],[-7.166,42.3868],[-7.166,42.3869],[-7.166,42.3869]],[[-7.1659,42.3864],[-7.1658,42.3865],[-7.1659,42.3865],[-7.1659,42.3864]],[[-7.1661,42.3873],[-7.1661,42.3871],[-7.1661,42.387],[-7.1661,42.3873]],[[-7.166,42.3883],[-7.1661,42.3898],[-7.1662,42.3898],[-7.1661,42.3884],[-7.1662,42.3884],[-7.1662,42.3878],[-7.1662,42.3877],[-7.166,42.3883]],[[-7.1662,42.3899],[-7.1662,42.3898],[-7.1662,42.3898],[-7.1662,42.3899]],[[-7.1663,42.39],[-7.1663,42.39],[-7.1663,42.39],[-7.1663,42.39]],[[-7.1684,42.3899],[-7.1701,42.3896],[-7.1702,42.3889],[-7.1684,42.3899]],[[-7.1479,42.3537],[-7.1483,42.3541],[-7.1493,42.3525],[-7.1479,42.3537]],[[-7.1534,42.3638],[-7.1535,42.3672],[-7.1551,42.364],[-7.1534,42.3638]],[[-7.1524,42.3681],[-7.1537,42.3699],[-7.1503,42.3714],[-7.1494,42.3704],[-7.1522,42.3695],[-7.1524,42.3694],[-7.1524,42.369],[-7.1481,42.3676],[-7.1454,42.3736],[-7.1545,42.3758],[-7.1532,42.3798],[-7.1663,42.3748],[-7.1619,42.3735],[-7.1632,42.3706],[-7.159,42.3661],[-7.1524,42.3681]],[[-7.1524,42.3696],[-7.1524,42.3696],[-7.1524,42.3696],[-7.1524,42.3696]],[[-7.1522,42.3696],[-7.1523,42.3696],[-7.1522,42.3696],[-7.1522,42.3696]],[[-7.1504,42.3761],[-7.1516,42.3758],[-7.1512,42.3753],[-7.1504,42.3761]],[[-7.153,42.3806],[-7.1527,42.3801],[-7.1523,42.3804],[-7.153,42.3806]],[[-7.1501,42.3788],[-7.1474,42.3773],[-7.1429,42.3766],[-7.1403,42.3803],[-7.1501,42.3788]],[[-7.1469,42.376],[-7.1475,42.3757],[-7.1472,42.3755],[-7.1469,42.376]],[[-7.1428,42.3765],[-7.1428,42.3766],[-7.1428,42.3766],[-7.1428,42.3765]],[[-7.1428,42.3766],[-7.1427,42.3767],[-7.1428,42.3767],[-7.1428,42.3766]],[[-7.1406,42.3547],[-7.1423,42.3562],[-7.1419,42.3534],[-7.1406,42.3547]],[[-7.1331,42.3663],[-7.1321,42.3659],[-7.132,42.3662],[-7.1331,42.3663]],[[-7.1341,42.365],[-7.1342,42.367],[-7.1353,42.3654],[-7.1341,42.365]],[[-7.1449,42.3729],[-7.1431,42.3733],[-7.1451,42.3732],[-7.1449,42.3729]],[[-7.1267,42.3748],[-7.128,42.3757],[-7.1284,42.3755],[-7.1284,42.3751],[-7.1288,42.3749],[-7.1287,42.3732],[-7.1253,42.3709],[-7.1281,42.3736],[-7.1267,42.3748]],[[-7.1284,42.3779],[-7.1235,42.3794],[-7.1257,42.3768],[-7.1219,42.3744],[-7.1175,42.3804],[-7.1149,42.3807],[-7.1127,42.3817],[-7.1137,42.3815],[-7.1131,42.3822],[-7.1137,42.3818],[-7.1144,42.3817],[-7.1148,42.3819],[-7.115,42.3825],[-7.1167,42.3827],[-7.1161,42.3828],[-7.1187,42.3829],[-7.1195,42.3826],[-7.1196,42.3826],[-7.1211,42.3839],[-7.1204,42.3818],[-7.1202,42.3823],[-7.1181,42.3827],[-7.1179,42.3821],[-7.1174,42.3826],[-7.1154,42.3821],[-7.115,42.382],[-7.1149,42.3818],[-7.1167,42.3808],[-7.1175,42.3806],[-7.1212,42.3815],[-7.1232,42.383],[-7.1228,42.3823],[-7.1231,42.3823],[-7.1256,42.385],[-7.125,42.388],[-7.1302,42.3879],[-7.136,42.385],[-7.1372,42.3819],[-7.1365,42.38],[-7.1361,42.3799],[-7.1366,42.3816],[-7.136,42.3846],[-7.1338,42.3856],[-7.1348,42.3809],[-7.1284,42.3779]],[[-7.1371,42.3816],[-7.138,42.3818],[-7.1392,42.3813],[-7.1371,42.3816]],[[-7.1073,42.321],[-7.1079,42.3198],[-7.1071,42.32],[-7.1073,42.321]],[[-7.1137,42.3283],[-7.1137,42.3287],[-7.114,42.3282],[-7.1137,42.3283]],[[-7.114,42.3283],[-7.1143,42.3288],[-7.1144,42.3284],[-7.114,42.3283]],[[-7.1233,42.337],[-7.1247,42.3367],[-7.1242,42.3365],[-7.1233,42.337]],[[-7.119,42.3369],[-7.1196,42.3378],[-7.1199,42.3378],[-7.119,42.3369]],[[-7.1204,42.3435],[-7.1217,42.343],[-7.1202,42.3432],[-7.1204,42.3435]],[[-7.1269,42.3541],[-7.1259,42.3574],[-7.128,42.3576],[-7.1269,42.3541]],[[-7.117,42.3555],[-7.117,42.354],[-7.1165,42.3553],[-7.117,42.3555]],[[-7.1182,42.3556],[-7.1185,42.3554],[-7.118,42.355],[-7.1182,42.3556]],[[-7.1188,42.3562],[-7.1181,42.3577],[-7.1193,42.3581],[-7.1188,42.3562]],[[-7.1192,42.3569],[-7.1192,42.3567],[-7.1191,42.3569],[-7.1192,42.3569]],[[-7.1129,42.361],[-7.1121,42.3613],[-7.113,42.3615],[-7.1129,42.361]],[[-7.1189,42.3611],[-7.1193,42.3612],[-7.1192,42.361],[-7.1189,42.3611]],[[-7.0745,42.3763],[-7.0756,42.376],[-7.0715,42.3745],[-7.0745,42.3763]],[[-7.0762,42.3769],[-7.0765,42.3762],[-7.0761,42.3763],[-7.0762,42.3769]],[[-7.0553,42.3756],[-7.0563,42.375],[-7.0552,42.3752],[-7.0541,42.3764],[-7.0553,42.3756]],[[-7.0537,42.3763],[-7.0509,42.3788],[-7.0509,42.379],[-7.0523,42.3785],[-7.0537,42.3763]],[[-7.0492,42.381],[-7.0498,42.3813],[-7.0499,42.3807],[-7.0492,42.381]],[[-7.0569,42.3735],[-7.0485,42.3744],[-7.0488,42.3747],[-7.0495,42.3745],[-7.0507,42.3744],[-7.0508,42.3746],[-7.0484,42.3752],[-7.0511,42.3748],[-7.0505,42.3762],[-7.0507,42.3764],[-7.0546,42.3752],[-7.0569,42.3735]],[[-7.0414,42.3745],[-7.0432,42.3746],[-7.0438,42.3745],[-7.0438,42.3744],[-7.0414,42.3745]],[[-7.0443,42.3743],[-7.045,42.3757],[-7.0466,42.3749],[-7.0443,42.3743]],[[-7.0468,42.3749],[-7.0477,42.3763],[-7.0479,42.3747],[-7.0468,42.3749]],[[-7.0478,42.376],[-7.0492,42.3768],[-7.0489,42.3758],[-7.0478,42.376]],[[-7.0484,42.3756],[-7.0482,42.3754],[-7.0481,42.3757],[-7.0484,42.3756]],[[-7.0499,42.3757],[-7.0504,42.3763],[-7.0504,42.3757],[-7.0499,42.3757]],[[-7.0443,42.3729],[-7.0441,42.3727],[-7.0432,42.3729],[-7.0429,42.3732],[-7.0443,42.3729]],[[-7.042,42.3715],[-7.0406,42.3705],[-7.0403,42.3709],[-7.042,42.3715]],[[-7.0421,42.3719],[-7.0427,42.3714],[-7.0421,42.3711],[-7.0421,42.3719]],[[-7.0431,42.3722],[-7.044,42.3719],[-7.0429,42.3715],[-7.0431,42.3722]],[[-7.0482,42.3731],[-7.0462,42.3728],[-7.0461,42.3731],[-7.0482,42.3731]],[[-7.0505,42.3764],[-7.0506,42.3768],[-7.0506,42.3768],[-7.0505,42.3764]],[[-7.0506,42.3768],[-7.0506,42.3768],[-7.0506,42.3768],[-7.0506,42.3768]],[[-7.0478,42.3784],[-7.0477,42.3784],[-7.0477,42.3784],[-7.0478,42.3784]],[[-7.0476,42.3785],[-7.0476,42.3785],[-7.0476,42.3785],[-7.0476,42.3785]],[[-7.0474,42.3784],[-7.0474,42.3785],[-7.0475,42.3784],[-7.0474,42.3784]],[[-7.0475,42.3784],[-7.0476,42.3784],[-7.0475,42.3784],[-7.0475,42.3784]],[[-7.0468,42.3786],[-7.0474,42.3783],[-7.0466,42.3786],[-7.0468,42.3786]],[[-7.0855,42.3507],[-7.0843,42.353],[-7.0845,42.353],[-7.0855,42.3507]],[[-7.0856,42.3506],[-7.0856,42.3506],[-7.0856,42.3506],[-7.0856,42.3506]],[[-7.0942,42.355],[-7.0942,42.3552],[-7.0943,42.355],[-7.0942,42.355]],[[-7.0963,42.3541],[-7.097,42.3547],[-7.0964,42.354],[-7.0963,42.3541]],[[-7.0968,42.354],[-7.0969,42.354],[-7.0968,42.354],[-7.0968,42.354]],[[-7.0972,42.354],[-7.0991,42.3558],[-7.0994,42.355],[-7.0999,42.3558],[-7.101,42.3559],[-7.1014,42.3557],[-7.098,42.3541],[-7.1001,42.3535],[-7.0998,42.3526],[-7.0981,42.3536],[-7.0961,42.3504],[-7.094,42.3515],[-7.0936,42.3508],[-7.0929,42.353],[-7.0972,42.354]],[[-7.0934,42.3508],[-7.0937,42.3502],[-7.0927,42.3505],[-7.0934,42.3508]],[[-7.0935,42.3508],[-7.0934,42.3509],[-7.0935,42.3509],[-7.0935,42.3508]],[[-7.0985,42.3559],[-7.0985,42.3559],[-7.0986,42.3559],[-7.0985,42.3559]],[[-7.0985,42.3563],[-7.0987,42.356],[-7.0985,42.356],[-7.0985,42.3563]],[[-7.0987,42.3567],[-7.0988,42.3566],[-7.0987,42.3566],[-7.0987,42.3567]],[[-7.1021,42.3535],[-7.1022,42.3536],[-7.1022,42.3535],[-7.1021,42.3535]],[[-7.1025,42.3534],[-7.103,42.3536],[-7.1033,42.3531],[-7.1025,42.3534]],[[-7.1058,42.3545],[-7.1058,42.3545],[-7.1058,42.3545],[-7.1058,42.3545]],[[-7.1059,42.3545],[-7.1059,42.3545],[-7.1059,42.3545],[-7.1059,42.3545]],[[-7.106,42.3541],[-7.106,42.3541],[-7.106,42.3541],[-7.106,42.3541]],[[-7.105,42.3524],[-7.1043,42.3525],[-7.1048,42.3528],[-7.1048,42.3532],[-7.1047,42.3534],[-7.1044,42.3535],[-7.1043,42.3532],[-7.1042,42.3535],[-7.1049,42.3536],[-7.105,42.3524]],[[-7.1065,42.3529],[-7.106,42.3529],[-7.106,42.353],[-7.1065,42.3529]],[[-7.1068,42.3528],[-7.1066,42.3526],[-7.1066,42.3528],[-7.1068,42.3528]],[[-7.0887,42.3246],[-7.0948,42.3262],[-7.0984,42.3312],[-7.101,42.3284],[-7.0989,42.3222],[-7.0887,42.3246]],[[-7.0919,42.3265],[-7.0918,42.3263],[-7.0918,42.3265],[-7.0919,42.3265]],[[-7.0919,42.3265],[-7.0919,42.3265],[-7.0919,42.3265],[-7.0919,42.3265]],[[-7.1006,42.3267],[-7.1006,42.3267],[-7.1006,42.3267],[-7.1006,42.3267]],[[-7.0916,42.326],[-7.0916,42.3263],[-7.0917,42.326],[-7.0916,42.326]],[[-7.0913,42.3232],[-7.0913,42.3233],[-7.0913,42.3233],[-7.0913,42.3232]],[[-7.1711,42.3764],[-7.1711,42.3764],[-7.1711,42.3764],[-7.1711,42.3764]],[[-7.1716,42.3759],[-7.1709,42.3782],[-7.1727,42.378],[-7.1716,42.3759]],[[-7.1087,42.3681],[-7.109,42.3679],[-7.1086,42.3679],[-7.1087,42.3681]],[[-7.1208,42.3747],[-7.1208,42.3744],[-7.1207,42.3745],[-7.1208,42.3747]],[[-7.1075,42.3789],[-7.1079,42.3786],[-7.1074,42.3788],[-7.1075,42.3789]],[[-7.1081,42.3786],[-7.1081,42.3786],[-7.1081,42.3787],[-7.1081,42.3786]],[[-7.108,42.3791],[-7.1086,42.3796],[-7.1082,42.3791],[-7.108,42.3791]],[[-7.0649,42.369],[-7.0649,42.3695],[-7.0651,42.369],[-7.0649,42.369]],[[-7.0843,42.355],[-7.0845,42.3545],[-7.0842,42.3534],[-7.0843,42.355]],[[-7.0848,42.3543],[-7.0849,42.3543],[-7.0848,42.3543],[-7.0848,42.3543]],[[-7.1152,42.3484],[-7.1149,42.3485],[-7.1152,42.3487],[-7.1152,42.3484]],[[-7.1151,42.3481],[-7.115,42.3481],[-7.115,42.3481],[-7.1151,42.3481]],[[-7.1151,42.3481],[-7.1152,42.348],[-7.1151,42.348],[-7.1151,42.3481]],[[-7.1154,42.348],[-7.1153,42.348],[-7.1153,42.348],[-7.1154,42.348]],[[-7.1157,42.3476],[-7.1158,42.3477],[-7.1158,42.3476],[-7.1157,42.3476]],[[-7.116,42.3476],[-7.1161,42.3476],[-7.116,42.3476],[-7.116,42.3476]],[[-7.171,42.3837],[-7.17,42.3851],[-7.1718,42.3846],[-7.171,42.3837]],[[-7.1686,42.3858],[-7.1704,42.3871],[-7.1711,42.3852],[-7.1686,42.3858]],[[-7.1129,42.3821],[-7.1129,42.382],[-7.1127,42.3821],[-7.1129,42.3821]],[[-7.113,42.382],[-7.113,42.3819],[-7.1129,42.382],[-7.113,42.382]],[[-7.113,42.3819],[-7.113,42.3819],[-7.113,42.3819],[-7.113,42.3819]],[[-7.1202,42.3702],[-7.1214,42.3671],[-7.1174,42.3687],[-7.1162,42.3704],[-7.12,42.3707],[-7.121,42.3728],[-7.1223,42.373],[-7.123,42.3718],[-7.1182,42.3696],[-7.1185,42.369],[-7.1202,42.3702]],[[-7.1187,42.3695],[-7.1188,42.3696],[-7.1188,42.3695],[-7.1187,42.3695]],[[-7.1161,42.3697],[-7.1145,42.3698],[-7.1155,42.3713],[-7.1161,42.3697]],[[-7.1173,42.3796],[-7.1159,42.3771],[-7.1149,42.3785],[-7.1173,42.3796]],[[-7.1171,42.3808],[-7.1169,42.3808],[-7.1171,42.3808],[-7.1171,42.3808]],[[-7.1182,42.3811],[-7.1182,42.3812],[-7.1188,42.3812],[-7.1182,42.3811]],[[-7.1182,42.3811],[-7.1181,42.3811],[-7.1181,42.3811],[-7.1182,42.3811]],[[-7.1194,42.3811],[-7.1194,42.3811],[-7.1194,42.3812],[-7.1194,42.3811]],[[-7.1194,42.3813],[-7.1189,42.3813],[-7.1194,42.3814],[-7.1194,42.3813]],[[-7.1174,42.3814],[-7.118,42.3812],[-7.1168,42.3813],[-7.1181,42.3821],[-7.1193,42.3823],[-7.1174,42.3814]],[[-7.1184,42.3817],[-7.1184,42.3817],[-7.1184,42.3817],[-7.1184,42.3817]],[[-7.1168,42.3812],[-7.1166,42.3813],[-7.1168,42.3813],[-7.1168,42.3812]],[[-7.1193,42.3823],[-7.1193,42.3823],[-7.1193,42.3823],[-7.1193,42.3823]],[[-7.1151,42.382],[-7.1166,42.3816],[-7.1151,42.3818],[-7.1151,42.382]],[[-7.1192,42.3823],[-7.1185,42.3824],[-7.1193,42.3824],[-7.1192,42.3823]],[[-7.1206,42.384],[-7.1194,42.3837],[-7.1189,42.384],[-7.117,42.384],[-7.1157,42.3835],[-7.1165,42.3841],[-7.119,42.3844],[-7.1206,42.384]],[[-7.1154,42.3832],[-7.117,42.3834],[-7.1173,42.3832],[-7.1154,42.3832]],[[-7.1154,42.3839],[-7.1144,42.3819],[-7.1135,42.3821],[-7.1136,42.3829],[-7.1154,42.3839]],[[-7.1132,42.3826],[-7.1134,42.3826],[-7.1132,42.3826],[-7.1132,42.3826]],[[-7.1132,42.3825],[-7.1131,42.3825],[-7.1131,42.3825],[-7.1132,42.3825]],[[-7.113,42.3825],[-7.1131,42.3823],[-7.113,42.3823],[-7.113,42.3825]],[[-7.1187,42.383],[-7.1192,42.3831],[-7.1194,42.3829],[-7.1187,42.383]],[[-7.1178,42.3839],[-7.1184,42.3837],[-7.1178,42.3835],[-7.1178,42.3839]],[[-7.1239,42.3838],[-7.124,42.3838],[-7.1239,42.3837],[-7.1239,42.3838]],[[-7.1238,42.3837],[-7.1239,42.3837],[-7.1238,42.3836],[-7.1238,42.3837]],[[-7.1237,42.3834],[-7.1236,42.3834],[-7.1238,42.3836],[-7.1237,42.3834]],[[-7.1234,42.3833],[-7.1235,42.3833],[-7.1234,42.3832],[-7.1234,42.3833]],[[-7.1233,42.3832],[-7.1234,42.3832],[-7.1233,42.3831],[-7.1233,42.3832]],[[-7.1232,42.3831],[-7.1232,42.383],[-7.1232,42.3831],[-7.1232,42.3831]],[[-7.1663,42.3858],[-7.1675,42.3843],[-7.1659,42.3841],[-7.1663,42.3858]],[[-7.1535,42.406],[-7.1528,42.4054],[-7.1526,42.4059],[-7.1535,42.406]],[[-7.1614,42.4056],[-7.1616,42.4067],[-7.1618,42.4054],[-7.1614,42.4056]],[[-7.1513,42.3781],[-7.1517,42.3791],[-7.1519,42.3791],[-7.1513,42.3781]],[[-7.1289,42.3601],[-7.1304,42.3598],[-7.1305,42.3596],[-7.1289,42.3601]],[[-7.1357,42.38],[-7.1358,42.3797],[-7.1358,42.3794],[-7.1357,42.3794],[-7.1357,42.38]],[[-7.1359,42.3792],[-7.1357,42.379],[-7.1358,42.3793],[-7.1359,42.3792]],[[-7.1166,42.3644],[-7.1162,42.365],[-7.1167,42.3647],[-7.1166,42.3644]],[[-7.1186,42.3896],[-7.1245,42.3846],[-7.116,42.3855],[-7.1186,42.3896]],[[-7.0796,42.3758],[-7.0797,42.3744],[-7.0792,42.3745],[-7.0786,42.3736],[-7.0777,42.3737],[-7.0796,42.3758]],[[-7.0796,42.3744],[-7.0795,42.3741],[-7.0794,42.3743],[-7.0796,42.3744]],[[-7.0773,42.3741],[-7.075,42.3734],[-7.077,42.3755],[-7.0773,42.3741]],[[-7.0751,42.3732],[-7.0751,42.3733],[-7.0751,42.3732],[-7.0751,42.3732]],[[-7.0794,42.3726],[-7.0787,42.3722],[-7.0786,42.3727],[-7.0794,42.3726]],[[-7.1683,42.3711],[-7.1675,42.3703],[-7.1681,42.3712],[-7.1683,42.3711]],[[-7.166,42.371],[-7.1656,42.3719],[-7.1663,42.372],[-7.166,42.371]],[[-7.1656,42.3737],[-7.1663,42.3722],[-7.1646,42.3735],[-7.1656,42.3737]],[[-7.1748,42.3564],[-7.1747,42.3563],[-7.1747,42.3564],[-7.1748,42.3564]],[[-7.1733,42.37],[-7.1713,42.3695],[-7.1729,42.3704],[-7.1733,42.37]],[[-7.0708,42.3683],[-7.0703,42.3686],[-7.0712,42.3688],[-7.0708,42.3683]],[[-7.074,42.3709],[-7.0733,42.3705],[-7.0734,42.3714],[-7.074,42.3709]],[[-7.1161,42.3512],[-7.1151,42.3515],[-7.1161,42.3518],[-7.1161,42.3512]],[[-7.1162,42.3517],[-7.1162,42.3517],[-7.1162,42.3517],[-7.1162,42.3517]],[[-7.0931,42.3734],[-7.0933,42.3739],[-7.0937,42.374],[-7.0937,42.3734],[-7.0931,42.3734]],[[-7.1283,42.3773],[-7.1298,42.377],[-7.1285,42.3766],[-7.1283,42.3773]],[[-7.1191,42.371],[-7.1176,42.372],[-7.1182,42.3727],[-7.1191,42.371]],[[-7.0973,42.3701],[-7.0966,42.37],[-7.0965,42.3707],[-7.0973,42.3701]],[[-7.0948,42.3738],[-7.0972,42.3713],[-7.0952,42.3704],[-7.0948,42.3738]],[[-7.1039,42.3711],[-7.1024,42.3723],[-7.1035,42.3718],[-7.1039,42.3711]],[[-7.1555,42.3609],[-7.157,42.3619],[-7.1569,42.3603],[-7.1555,42.3609]],[[-7.1313,42.3571],[-7.133,42.3543],[-7.13,42.354],[-7.1313,42.3571]],[[-7.134,42.361],[-7.1349,42.3615],[-7.135,42.3608],[-7.134,42.361]],[[-7.1373,42.3743],[-7.1387,42.3745],[-7.1381,42.374],[-7.1373,42.3743]],[[-7.1315,42.3745],[-7.1327,42.3745],[-7.133,42.373],[-7.1315,42.3745]],[[-7.1198,42.3482],[-7.1191,42.3475],[-7.1165,42.3479],[-7.1198,42.3482]],[[-7.1201,42.3458],[-7.1201,42.346],[-7.1202,42.346],[-7.1201,42.3458]],[[-7.1308,42.3707],[-7.1314,42.3708],[-7.1309,42.3706],[-7.1308,42.3707]],[[-7.1117,42.3599],[-7.1116,42.3612],[-7.1123,42.36],[-7.1117,42.3599]],[[-7.105,42.3632],[-7.1049,42.3632],[-7.105,42.3632],[-7.105,42.3632]],[[-7.1037,42.3626],[-7.1039,42.3626],[-7.1039,42.3626],[-7.1037,42.3626]],[[-7.104,42.3627],[-7.104,42.3627],[-7.104,42.3627],[-7.104,42.3627]],[[-7.107,42.3625],[-7.107,42.3625],[-7.107,42.3625],[-7.107,42.3625]],[[-7.1069,42.3624],[-7.1069,42.3624],[-7.1069,42.3624],[-7.1069,42.3624]],[[-7.1063,42.3623],[-7.1065,42.3623],[-7.1065,42.3623],[-7.1063,42.3623]],[[-7.1056,42.3618],[-7.1055,42.3618],[-7.1056,42.3618],[-7.1056,42.3618]],[[-7.1054,42.3618],[-7.1054,42.3617],[-7.1054,42.3618],[-7.1054,42.3618]],[[-7.1052,42.3617],[-7.1051,42.3617],[-7.1051,42.3617],[-7.1052,42.3617]],[[-7.1047,42.3617],[-7.1042,42.3618],[-7.105,42.3616],[-7.1047,42.3617]],[[-7.1047,42.3614],[-7.1047,42.3615],[-7.1047,42.3615],[-7.1047,42.3614]],[[-7.1163,42.3404],[-7.1161,42.3408],[-7.1169,42.3406],[-7.1163,42.3404]],[[-7.1148,42.3404],[-7.1106,42.3377],[-7.1092,42.338],[-7.1091,42.3404],[-7.1081,42.3407],[-7.1075,42.3402],[-7.1072,42.3403],[-7.1095,42.3415],[-7.1103,42.3382],[-7.1148,42.3404]],[[-7.105,42.3404],[-7.1072,42.3398],[-7.1052,42.3399],[-7.105,42.3404]],[[-7.1073,42.3401],[-7.1073,42.3401],[-7.1073,42.3401],[-7.1073,42.3401]],[[-7.1048,42.3408],[-7.104,42.342],[-7.104,42.3427],[-7.1046,42.3425],[-7.1048,42.3408]],[[-7.1053,42.3408],[-7.1048,42.3409],[-7.1048,42.3409],[-7.1053,42.3408]],[[-7.1012,42.3268],[-7.1013,42.3269],[-7.1013,42.3267],[-7.1012,42.3268]],[[-7.096,42.3184],[-7.0941,42.3176],[-7.0941,42.3187],[-7.096,42.3184]],[[-7.0991,42.3176],[-7.0973,42.3187],[-7.0999,42.3178],[-7.1003,42.3193],[-7.1013,42.3196],[-7.1011,42.318],[-7.0991,42.3176]],[[-7.0989,42.3185],[-7.0994,42.3188],[-7.0996,42.3183],[-7.0989,42.3185]],[[-7.0995,42.3206],[-7.0976,42.3189],[-7.0976,42.3218],[-7.0995,42.3206]],[[-7.1013,42.3222],[-7.101,42.32],[-7.0998,42.3199],[-7.1004,42.3203],[-7.0992,42.321],[-7.1003,42.3211],[-7.1004,42.3219],[-7.1013,42.3222]],[[-7.1069,42.32],[-7.104,42.3203],[-7.1041,42.3207],[-7.1054,42.3212],[-7.1055,42.3224],[-7.1069,42.32]],[[-7.1041,42.3208],[-7.1042,42.3209],[-7.1042,42.3208],[-7.1041,42.3208]],[[-7.1044,42.3221],[-7.1022,42.3222],[-7.1041,42.3226],[-7.1044,42.3221]],[[-7.1065,42.3255],[-7.1074,42.3259],[-7.1078,42.3254],[-7.1065,42.3255]],[[-7.1016,42.3385],[-7.1011,42.3402],[-7.1003,42.3407],[-7.1001,42.3413],[-7.1014,42.3404],[-7.1016,42.3385]],[[-7.0869,42.3199],[-7.087,42.32],[-7.087,42.3199],[-7.0869,42.3199]],[[-7.0861,42.3201],[-7.0861,42.3201],[-7.0861,42.3201],[-7.0861,42.3201]],[[-7.1245,42.3312],[-7.125,42.3314],[-7.1253,42.3311],[-7.1245,42.3312]],[[-7.1097,42.3226],[-7.1096,42.322],[-7.109,42.3231],[-7.1097,42.3226]],[[-7.1131,42.323],[-7.1138,42.3225],[-7.113,42.3224],[-7.1131,42.323]],[[-7.1088,42.3232],[-7.1076,42.3226],[-7.1073,42.3232],[-7.1088,42.3232]],[[-7.1045,42.326],[-7.104,42.3264],[-7.1046,42.3264],[-7.1045,42.326]],[[-7.1017,42.3316],[-7.1013,42.331],[-7.1012,42.3315],[-7.1017,42.3316]],[[-7.1193,42.3322],[-7.1187,42.3317],[-7.1186,42.3319],[-7.1193,42.3322]],[[-7.1214,42.3333],[-7.1223,42.3358],[-7.1253,42.3339],[-7.1214,42.3333]],[[-7.0947,42.3357],[-7.0959,42.3362],[-7.0946,42.3354],[-7.0947,42.3357]],[[-7.0948,42.3374],[-7.0972,42.3386],[-7.0973,42.3379],[-7.0948,42.3374]],[[-7.1014,42.318],[-7.1016,42.3177],[-7.1012,42.318],[-7.1014,42.318]],[[-7.0931,42.333],[-7.0931,42.333],[-7.0931,42.3331],[-7.0931,42.333]],[[-7.093,42.3326],[-7.0931,42.3328],[-7.093,42.3326],[-7.093,42.3326]],[[-7.0956,42.3392],[-7.0948,42.3385],[-7.0946,42.3388],[-7.0956,42.3392]],[[-7.1152,42.3691],[-7.1149,42.3687],[-7.115,42.3693],[-7.1152,42.3691]],[[-7.0624,42.3512],[-7.0621,42.3511],[-7.0622,42.3513],[-7.0624,42.3512]],[[-7.0713,42.3519],[-7.0691,42.3493],[-7.0684,42.3501],[-7.0713,42.3519]],[[-7.0646,42.352],[-7.0641,42.3514],[-7.0635,42.3514],[-7.0646,42.352]],[[-7.1046,42.3527],[-7.1045,42.3534],[-7.1047,42.3534],[-7.1048,42.3532],[-7.1048,42.3529],[-7.1046,42.3527]],[[-7.0881,42.3268],[-7.0884,42.3266],[-7.0886,42.3264],[-7.0881,42.3268]],[[-7.0867,42.3274],[-7.0873,42.3274],[-7.0867,42.3273],[-7.0867,42.3274]],[[-7.0872,42.3271],[-7.0862,42.3267],[-7.0865,42.3271],[-7.0872,42.3271]],[[-7.0546,42.3847],[-7.058,42.386],[-7.057,42.3836],[-7.0546,42.3847]],[[-7.061,42.3863],[-7.0583,42.3887],[-7.0638,42.3883],[-7.061,42.3863]],[[-7.0564,42.3836],[-7.0543,42.3841],[-7.0542,42.3838],[-7.0534,42.3839],[-7.0564,42.3836]],[[-7.063,42.3893],[-7.0643,42.39],[-7.065,42.3898],[-7.0645,42.389],[-7.063,42.3893]],[[-7.0639,42.3884],[-7.064,42.3885],[-7.064,42.3884],[-7.0639,42.3884]],[[-7.064,42.3883],[-7.0641,42.3884],[-7.0642,42.3883],[-7.064,42.3883]],[[-7.0773,42.3979],[-7.0765,42.3973],[-7.0762,42.3978],[-7.0773,42.3979]],[[-7.0742,42.4004],[-7.074,42.3983],[-7.0733,42.3984],[-7.0742,42.4004]],[[-7.0733,42.3984],[-7.0732,42.3983],[-7.0732,42.3984],[-7.0733,42.3984]],[[-7.0755,42.399],[-7.0767,42.3994],[-7.0773,42.398],[-7.0755,42.399]],[[-7.0578,42.394],[-7.0577,42.3915],[-7.0573,42.3914],[-7.0567,42.3931],[-7.0578,42.394]],[[-7.0581,42.3922],[-7.0581,42.3922],[-7.0581,42.3922],[-7.0581,42.3922]],[[-7.052,42.3913],[-7.0521,42.3919],[-7.0522,42.3913],[-7.052,42.3913]],[[-7.0979,42.355],[-7.0979,42.355],[-7.0979,42.355],[-7.0979,42.355]],[[-7.0514,42.3717],[-7.0511,42.3716],[-7.051,42.3719],[-7.0514,42.3717]],[[-7.0001,42.3797],[-7.0003,42.379],[-6.9998,42.3796],[-7.0001,42.3797]],[[-6.9969,42.3786],[-6.9958,42.3778],[-6.9943,42.3783],[-6.9969,42.3786]],[[-6.9959,42.3797],[-6.9957,42.3807],[-6.996,42.381],[-6.9963,42.381],[-6.9961,42.3801],[-6.9984,42.3801],[-6.9988,42.3787],[-6.9959,42.3797]],[[-6.9963,42.3802],[-6.9963,42.3801],[-6.9963,42.3801],[-6.9963,42.3802]],[[-6.9993,42.378],[-6.9996,42.3775],[-6.9989,42.3775],[-6.9993,42.378]],[[-7.002,42.3767],[-7.0012,42.376],[-7.0005,42.3768],[-7.002,42.3767]],[[-7.0159,42.3773],[-7.016,42.3767],[-7.0154,42.3767],[-7.0159,42.3773]],[[-7.0,42.3749],[-6.9997,42.3735],[-6.999,42.375],[-7.0,42.3749]],[[-7.0082,42.3733],[-7.0083,42.3734],[-7.0083,42.3732],[-7.0082,42.3733]],[[-7.0084,42.3732],[-7.0085,42.3731],[-7.0084,42.3731],[-7.0084,42.3732]],[[-7.0081,42.3742],[-7.0082,42.3735],[-7.0079,42.3742],[-7.0081,42.3742]],[[-7.0116,42.3738],[-7.0108,42.3733],[-7.0109,42.3736],[-7.0116,42.3738]],[[-7.0119,42.37],[-7.0129,42.37],[-7.0119,42.3698],[-7.0119,42.37]],[[-7.0143,42.3673],[-7.0107,42.3677],[-7.014,42.3682],[-7.0143,42.3673]],[[-7.0094,42.3678],[-7.009,42.3679],[-7.0094,42.3679],[-7.0094,42.3678]],[[-7.0096,42.3678],[-7.0097,42.3679],[-7.0097,42.3678],[-7.0096,42.3678]],[[-7.01,42.3678],[-7.0098,42.3676],[-7.0097,42.3678],[-7.01,42.3678]],[[-7.0103,42.3679],[-7.0103,42.3679],[-7.0103,42.3679],[-7.0103,42.3679]],[[-7.0104,42.3678],[-7.0105,42.3678],[-7.0104,42.3678],[-7.0104,42.3678]],[[-7.0105,42.3655],[-7.0093,42.3655],[-7.0092,42.3656],[-7.0105,42.3655]],[[-7.0067,42.3632],[-7.0073,42.3641],[-7.0078,42.3636],[-7.0067,42.3632]],[[-7.0165,42.3629],[-7.0163,42.3621],[-7.0158,42.3621],[-7.0165,42.3629]],[[-7.0151,42.3611],[-7.0163,42.3608],[-7.0162,42.3606],[-7.0151,42.3611]],[[-6.9838,42.3579],[-6.9842,42.3604],[-6.9854,42.3606],[-6.9838,42.3579]],[[-6.9758,42.3575],[-6.9769,42.3569],[-6.9759,42.357],[-6.9758,42.3575]],[[-6.9626,42.3711],[-6.9623,42.3706],[-6.9621,42.3711],[-6.9626,42.3711]],[[-6.9616,42.3717],[-6.9635,42.3722],[-6.9637,42.3718],[-6.9616,42.3717]],[[-7.0133,42.3833],[-7.0144,42.3831],[-7.0127,42.383],[-7.0133,42.3833]],[[-7.0155,42.3831],[-7.0152,42.383],[-7.0155,42.3832],[-7.0155,42.3831]],[[-6.9951,42.3836],[-6.9949,42.3843],[-6.9951,42.3841],[-6.9951,42.3836]],[[-6.9995,42.385],[-6.9998,42.3868],[-7.001,42.3858],[-6.9995,42.385]],[[-6.9972,42.3853],[-6.994,42.3847],[-6.9951,42.3877],[-6.9972,42.3853]],[[-6.9953,42.3877],[-6.9945,42.3882],[-6.9945,42.3884],[-6.9953,42.3883],[-6.9953,42.3877]],[[-6.9955,42.3882],[-6.9964,42.3884],[-6.9964,42.388],[-6.9955,42.3882]],[[-7.001,42.3854],[-7.001,42.3854],[-7.001,42.3854],[-7.001,42.3854]],[[-7.0003,42.387],[-7.0017,42.3867],[-7.0003,42.3867],[-7.0003,42.387]],[[-6.9917,42.385],[-6.9919,42.3848],[-6.9913,42.3846],[-6.9917,42.385]],[[-6.9907,42.3896],[-6.99,42.3889],[-6.9899,42.3898],[-6.9907,42.3896]],[[-7.0009,42.3895],[-7.0015,42.3912],[-7.0029,42.3914],[-7.0009,42.3895]],[[-7.0041,42.3907],[-7.0043,42.39],[-7.004,42.3901],[-7.0041,42.3907]],[[-7.0003,42.3912],[-7.0038,42.3934],[-7.0043,42.3924],[-7.0003,42.3912]],[[-6.9886,42.3938],[-6.9887,42.3934],[-6.9884,42.3935],[-6.9886,42.3938]],[[-6.9888,42.3922],[-6.9892,42.3917],[-6.9885,42.392],[-6.9888,42.3922]],[[-6.9942,42.3911],[-6.9946,42.3909],[-6.9943,42.3907],[-6.9942,42.3911]],[[-6.9947,42.3913],[-6.9948,42.3915],[-6.9947,42.3913],[-6.9947,42.3913]],[[-6.9934,42.391],[-6.9936,42.3917],[-6.9938,42.3912],[-6.9934,42.391]],[[-6.991,42.3952],[-6.9908,42.3955],[-6.9912,42.3955],[-6.991,42.3952]],[[-6.9867,42.3977],[-6.9877,42.3977],[-6.9889,42.398],[-6.9888,42.3968],[-6.9867,42.3977]],[[-6.9883,42.3981],[-6.9883,42.3982],[-6.9884,42.3981],[-6.9883,42.3981]],[[-7.0023,42.3985],[-7.0014,42.3984],[-7.0021,42.3989],[-7.0023,42.3985]],[[-7.0001,42.404],[-7.0014,42.4025],[-6.9995,42.4024],[-7.0001,42.404]],[[-6.9998,42.4023],[-7.0007,42.401],[-6.9998,42.4003],[-6.9998,42.4023]],[[-7.0039,42.4017],[-7.0041,42.4015],[-7.0038,42.4016],[-7.0039,42.4017]],[[-7.0043,42.4019],[-7.0043,42.4017],[-7.0042,42.4019],[-7.0043,42.4019]],[[-7.0046,42.4019],[-7.0044,42.4018],[-7.0044,42.4019],[-7.0046,42.4019]],[[-7.0021,42.4017],[-7.002,42.4015],[-7.0013,42.4018],[-7.0021,42.4017]],[[-6.9844,42.4055],[-6.9851,42.4062],[-6.9852,42.4059],[-6.9844,42.4055]],[[-6.9881,42.4049],[-6.9883,42.404],[-6.9877,42.4042],[-6.9881,42.4049]],[[-6.9875,42.3992],[-6.9887,42.3993],[-6.9889,42.3983],[-6.9875,42.3992]],[[-6.9865,42.4073],[-6.9864,42.4064],[-6.9857,42.4075],[-6.9865,42.4073]],[[-7.0224,42.3944],[-7.0219,42.3947],[-7.0229,42.3951],[-7.0224,42.3944]],[[-7.0197,42.4026],[-7.0196,42.4026],[-7.0197,42.4027],[-7.0197,42.4026]],[[-7.0193,42.4022],[-7.0209,42.4031],[-7.0213,42.4025],[-7.0193,42.4022]],[[-7.0468,42.3837],[-7.0466,42.3854],[-7.0457,42.3861],[-7.0472,42.3864],[-7.0468,42.3837]],[[-7.0449,42.3854],[-7.0449,42.3854],[-7.0449,42.3854],[-7.0449,42.3854]],[[-7.046,42.3856],[-7.0461,42.3855],[-7.046,42.3855],[-7.046,42.3856]],[[-7.0412,42.3935],[-7.0415,42.3939],[-7.042,42.3931],[-7.0412,42.3935]],[[-7.0431,42.3923],[-7.043,42.3924],[-7.0431,42.3924],[-7.0431,42.3923]],[[-7.043,42.3922],[-7.0424,42.3932],[-7.0426,42.3931],[-7.0427,42.3928],[-7.043,42.3925],[-7.043,42.3922]],[[-7.0429,42.3926],[-7.043,42.3926],[-7.043,42.3926],[-7.0429,42.3926]],[[-7.0412,42.3932],[-7.0414,42.3931],[-7.0413,42.3929],[-7.0412,42.3932]],[[-7.0458,42.3933],[-7.0449,42.3925],[-7.0449,42.3936],[-7.0458,42.3933]],[[-7.0357,42.4032],[-7.0365,42.4039],[-7.0368,42.4029],[-7.0357,42.4032]],[[-7.0322,42.4037],[-7.0327,42.4035],[-7.0321,42.4034],[-7.0322,42.4037]],[[-7.0706,42.3965],[-7.0718,42.3957],[-7.0702,42.3951],[-7.0706,42.3965]],[[-7.0579,42.4044],[-7.0597,42.4047],[-7.0598,42.4045],[-7.0579,42.4044]],[[-7.0613,42.4063],[-7.0607,42.407],[-7.0612,42.407],[-7.0613,42.4063]],[[-7.0655,42.3853],[-7.0665,42.3857],[-7.0664,42.3851],[-7.0655,42.3853]],[[-7.0666,42.3858],[-7.0665,42.3858],[-7.0665,42.3858],[-7.0666,42.3858]],[[-7.0654,42.3849],[-7.066,42.3847],[-7.0652,42.3848],[-7.0654,42.3849]],[[-7.0665,42.3831],[-7.0663,42.383],[-7.0658,42.3827],[-7.0661,42.3834],[-7.0656,42.3838],[-7.0665,42.3831]],[[-7.0634,42.3814],[-7.068,42.3817],[-7.063,42.3805],[-7.0634,42.3814]],[[-7.0676,42.3828],[-7.0675,42.3826],[-7.0674,42.3826],[-7.0676,42.3828]],[[-7.0656,42.3837],[-7.0657,42.3837],[-7.0657,42.3837],[-7.0656,42.3837]],[[-7.0689,42.3781],[-7.0676,42.3784],[-7.0688,42.3786],[-7.0689,42.3781]],[[-7.0678,42.3795],[-7.0686,42.3791],[-7.0676,42.3791],[-7.0678,42.3795]],[[-7.1772,42.364],[-7.1778,42.3637],[-7.177,42.3639],[-7.1772,42.364]],[[-7.1814,42.3767],[-7.1825,42.3768],[-7.1825,42.3757],[-7.1814,42.3767]],[[-7.1768,42.3754],[-7.1777,42.3763],[-7.1782,42.3763],[-7.1768,42.3754]],[[-7.1047,42.3518],[-7.1041,42.3474],[-7.1033,42.3506],[-7.1047,42.3518]],[[-7.1049,42.3505],[-7.1048,42.3505],[-7.1049,42.3505],[-7.1049,42.3505]],[[-7.0687,42.4054],[-7.0687,42.4054],[-7.0687,42.4054],[-7.0687,42.4054]],[[-7.1821,42.4149],[-7.1818,42.4146],[-7.1814,42.4149],[-7.1821,42.4149]],[[-7.1853,42.4088],[-7.1814,42.406],[-7.1762,42.4104],[-7.171,42.4075],[-7.1762,42.4106],[-7.1746,42.4122],[-7.1752,42.4136],[-7.1745,42.4141],[-7.1749,42.4155],[-7.176,42.4144],[-7.1753,42.4126],[-7.1774,42.4102],[-7.1853,42.4088]],[[-7.186,42.4061],[-7.1858,42.4068],[-7.1862,42.4069],[-7.186,42.4061]],[[-7.1865,42.4064],[-7.1867,42.4071],[-7.1868,42.4064],[-7.1865,42.4064]],[[-7.1809,42.4013],[-7.1815,42.4021],[-7.1819,42.4017],[-7.1819,42.4013],[-7.1822,42.401],[-7.1822,42.4006],[-7.181,42.4007],[-7.1792,42.3998],[-7.1786,42.4007],[-7.1797,42.401],[-7.179,42.4023],[-7.1769,42.4025],[-7.1813,42.4033],[-7.1795,42.4022],[-7.1809,42.4013]],[[-7.1814,42.4044],[-7.1817,42.4048],[-7.1818,42.4047],[-7.1814,42.4044]],[[-7.182,42.4098],[-7.18,42.4106],[-7.1821,42.4116],[-7.182,42.4098]],[[-7.1957,42.4195],[-7.1958,42.4199],[-7.1958,42.4197],[-7.1957,42.4197],[-7.1957,42.4195],[-7.1957,42.4195]],[[-7.1925,42.4269],[-7.1925,42.4272],[-7.1932,42.4264],[-7.1925,42.4269]],[[-7.1857,42.4383],[-7.1872,42.44],[-7.1891,42.4397],[-7.189,42.4393],[-7.1857,42.4383]],[[-7.1892,42.44],[-7.1888,42.4401],[-7.1901,42.4405],[-7.1892,42.44]],[[-7.1883,42.4448],[-7.1888,42.4449],[-7.1894,42.4443],[-7.1883,42.4448]],[[-7.1915,42.4446],[-7.1919,42.4457],[-7.1924,42.4449],[-7.1915,42.4446]],[[-7.1827,42.446],[-7.1827,42.4469],[-7.1831,42.4467],[-7.1827,42.446]],[[-7.1843,42.4477],[-7.1851,42.4477],[-7.1851,42.4476],[-7.1843,42.4477]],[[-7.1798,42.4529],[-7.1873,42.4522],[-7.1875,42.4516],[-7.1876,42.4506],[-7.1866,42.4488],[-7.1815,42.4471],[-7.1756,42.4487],[-7.1761,42.4518],[-7.1758,42.4501],[-7.1708,42.451],[-7.1798,42.4529]],[[-7.1846,42.4582],[-7.1846,42.4588],[-7.1863,42.4584],[-7.1846,42.4582]],[[-7.1812,42.4579],[-7.1814,42.4574],[-7.1813,42.4574],[-7.1812,42.4579]],[[-7.1881,42.4604],[-7.1856,42.4596],[-7.1862,42.4609],[-7.1881,42.4604]],[[-7.181,42.4607],[-7.1804,42.4598],[-7.1793,42.4597],[-7.181,42.4607]],[[-7.1812,42.4611],[-7.1827,42.463],[-7.1836,42.4628],[-7.1826,42.4626],[-7.1812,42.4611]],[[-7.1807,42.3598],[-7.1795,42.3593],[-7.1797,42.36],[-7.1789,42.3602],[-7.1807,42.3598]],[[-7.18,42.3602],[-7.1793,42.3608],[-7.1802,42.3608],[-7.18,42.3602]],[[-7.1782,42.3887],[-7.1772,42.3898],[-7.1784,42.3906],[-7.1781,42.3895],[-7.1808,42.3889],[-7.1782,42.3887]],[[-7.1803,42.3894],[-7.1794,42.3902],[-7.1805,42.3898],[-7.1803,42.3894]],[[-7.1697,42.3989],[-7.1701,42.398],[-7.1689,42.3982],[-7.1697,42.3989]],[[-7.1792,42.4014],[-7.1792,42.4015],[-7.1792,42.4015],[-7.1792,42.4014]],[[-7.1711,42.4048],[-7.1712,42.4044],[-7.1711,42.4046],[-7.1711,42.4048]],[[-7.1736,42.4151],[-7.1722,42.4152],[-7.172,42.4156],[-7.1736,42.4151]],[[-7.1776,42.4429],[-7.1736,42.4428],[-7.1704,42.4442],[-7.1776,42.4429]],[[-7.1713,42.4501],[-7.1719,42.4497],[-7.1712,42.4497],[-7.1713,42.4501]],[[-7.1753,42.4565],[-7.1736,42.4563],[-7.1743,42.4567],[-7.1753,42.4565]],[[-7.1782,42.4586],[-7.1781,42.4593],[-7.1788,42.4595],[-7.1782,42.4586]],[[-7.1702,42.4647],[-7.1699,42.4652],[-7.1702,42.4657],[-7.1702,42.4647]],[[-7.1729,42.4724],[-7.1707,42.4727],[-7.1702,42.4733],[-7.1729,42.4724]],[[-7.1733,42.4757],[-7.1728,42.4761],[-7.1723,42.4773],[-7.1733,42.4757]],[[-7.1737,42.4967],[-7.174,42.4966],[-7.1737,42.4966],[-7.1737,42.4967]],[[-7.1735,42.4997],[-7.1735,42.4997],[-7.1735,42.4997],[-7.1735,42.4997]],[[-7.1086,42.5148],[-7.11,42.5139],[-7.1089,42.5131],[-7.1086,42.5148]],[[-7.127,42.5086],[-7.1269,42.5086],[-7.1269,42.5086],[-7.127,42.5086]],[[-7.1261,42.5088],[-7.1262,42.5084],[-7.1255,42.508],[-7.1253,42.5083],[-7.1261,42.5088]],[[-7.1261,42.5081],[-7.1261,42.5082],[-7.1261,42.5081],[-7.1261,42.5081]],[[-7.1234,42.5084],[-7.123,42.5073],[-7.1217,42.5074],[-7.1234,42.5084]],[[-7.1072,42.4888],[-7.1089,42.4873],[-7.1076,42.4879],[-7.1073,42.4883],[-7.1063,42.4883],[-7.1061,42.4885],[-7.1072,42.4888]],[[-7.1405,42.5138],[-7.1378,42.5118],[-7.1377,42.5135],[-7.1405,42.5138]],[[-7.144,42.5085],[-7.144,42.5073],[-7.1432,42.507],[-7.144,42.5085]],[[-7.1467,42.5042],[-7.1487,42.5054],[-7.1481,42.5047],[-7.1467,42.5042]],[[-7.1453,42.5037],[-7.1453,42.5036],[-7.1453,42.5036],[-7.1453,42.5037]],[[-7.1452,42.5035],[-7.1452,42.5035],[-7.1452,42.5035],[-7.1452,42.5035]],[[-7.145,42.5035],[-7.145,42.5034],[-7.145,42.5035],[-7.145,42.5035]],[[-7.1443,42.5031],[-7.1443,42.5031],[-7.1443,42.5031],[-7.1443,42.5031]],[[-7.1434,42.5015],[-7.144,42.5017],[-7.144,42.4999],[-7.1434,42.5015]],[[-7.1566,42.4876],[-7.1567,42.4872],[-7.1563,42.4872],[-7.1566,42.4876]],[[-7.155,42.4851],[-7.1548,42.4853],[-7.155,42.4853],[-7.155,42.4851]],[[-7.1547,42.484],[-7.1548,42.4843],[-7.1547,42.484],[-7.1547,42.484]],[[-7.1517,42.4751],[-7.1517,42.4751],[-7.1517,42.4751],[-7.1517,42.4751]],[[-7.1516,42.4751],[-7.1516,42.4751],[-7.1517,42.4752],[-7.1517,42.4751],[-7.1516,42.4751]],[[-7.1516,42.4751],[-7.1515,42.4753],[-7.1516,42.4753],[-7.1516,42.4751]],[[-7.1553,42.4678],[-7.1554,42.4671],[-7.1551,42.4672],[-7.1553,42.4678]],[[-7.1558,42.4678],[-7.1556,42.4687],[-7.1563,42.4686],[-7.1558,42.4678]],[[-7.1657,42.4733],[-7.1659,42.4743],[-7.1638,42.4748],[-7.1657,42.4746],[-7.1662,42.474],[-7.1659,42.4735],[-7.1662,42.4735],[-7.1663,42.4731],[-7.1657,42.4733]],[[-7.1636,42.4744],[-7.1639,42.4734],[-7.1631,42.4737],[-7.1636,42.4744]],[[-7.1666,42.4739],[-7.1665,42.4734],[-7.1663,42.4735],[-7.1666,42.4739]],[[-7.1683,42.4735],[-7.1691,42.4735],[-7.17,42.4734],[-7.1683,42.4735]],[[-7.1726,42.4746],[-7.1726,42.4742],[-7.1726,42.474],[-7.1723,42.4741],[-7.1726,42.4746]],[[-7.1732,42.4756],[-7.1728,42.4754],[-7.173,42.4756],[-7.1732,42.4756]],[[-7.1684,42.4788],[-7.1683,42.4788],[-7.1683,42.4788],[-7.1684,42.4788]],[[-7.168,42.4789],[-7.1641,42.4801],[-7.1658,42.4824],[-7.169,42.4813],[-7.1652,42.4805],[-7.168,42.4789]],[[-7.1632,42.4805],[-7.1632,42.4805],[-7.1632,42.4805],[-7.1632,42.4805]],[[-7.163,42.4806],[-7.1552,42.4831],[-7.1551,42.4851],[-7.1556,42.4836],[-7.163,42.4806]],[[-7.1985,42.479],[-7.1967,42.4792],[-7.1958,42.4797],[-7.1985,42.479]],[[-7.1618,42.4742],[-7.1547,42.4722],[-7.1535,42.4738],[-7.1596,42.4755],[-7.1618,42.4742]],[[-7.1612,42.492],[-7.1631,42.4945],[-7.1643,42.4947],[-7.1612,42.492]],[[-7.1608,42.4943],[-7.1606,42.4944],[-7.1608,42.4944],[-7.1608,42.4943]],[[-7.1608,42.4947],[-7.1605,42.4956],[-7.1606,42.4956],[-7.1608,42.4947]],[[-7.1641,42.4951],[-7.1687,42.4981],[-7.1657,42.4947],[-7.1654,42.4951],[-7.1641,42.4951]],[[-7.1612,42.492],[-7.1612,42.492],[-7.1612,42.492],[-7.1612,42.492]],[[-7.1612,42.492],[-7.1612,42.4919],[-7.1612,42.492],[-7.1612,42.492]],[[-7.1594,42.4893],[-7.1598,42.4897],[-7.1602,42.4899],[-7.1602,42.4898],[-7.1594,42.4893]],[[-7.1348,42.5113],[-7.1336,42.511],[-7.1332,42.5109],[-7.1334,42.5114],[-7.1348,42.5113]],[[-7.1341,42.5102],[-7.1336,42.5099],[-7.1324,42.5108],[-7.1341,42.5102]],[[-7.167,42.4744],[-7.1679,42.4742],[-7.1685,42.474],[-7.167,42.4744]],[[-7.1586,42.4768],[-7.1594,42.4769],[-7.1599,42.4762],[-7.1586,42.4768]],[[-7.1607,42.4908],[-7.1609,42.491],[-7.1605,42.4905],[-7.1607,42.4908]],[[-7.1601,42.4949],[-7.1602,42.4944],[-7.1597,42.4944],[-7.1601,42.4949]],[[-7.1159,42.4865],[-7.1167,42.4867],[-7.1171,42.4862],[-7.1159,42.4865]],[[-7.1155,42.4864],[-7.1155,42.4865],[-7.1155,42.4864],[-7.1155,42.4864]],[[-7.1155,42.4865],[-7.1144,42.487],[-7.1145,42.4873],[-7.1155,42.4865]],[[-7.1145,42.4873],[-7.114,42.4874],[-7.1145,42.4873],[-7.1145,42.4873]],[[-7.1134,42.4873],[-7.1132,42.4868],[-7.1127,42.4869],[-7.1134,42.4873]],[[-7.1684,42.3933],[-7.1685,42.3932],[-7.1684,42.3932],[-7.1684,42.3933]],[[-7.1684,42.3931],[-7.1684,42.3932],[-7.1684,42.3931],[-7.1684,42.3931]],[[-7.1683,42.3931],[-7.1682,42.3931],[-7.1683,42.3931],[-7.1683,42.3931]],[[-7.1673,42.3967],[-7.1646,42.3947],[-7.1638,42.3984],[-7.1673,42.3967]],[[-7.1677,42.3966],[-7.1672,42.3973],[-7.1681,42.3971],[-7.1677,42.3966]],[[-7.1709,42.3957],[-7.1711,42.3958],[-7.1726,42.3957],[-7.1709,42.3957]],[[-7.1686,42.3975],[-7.1689,42.3969],[-7.1684,42.3972],[-7.1686,42.3975]],[[-7.1655,42.3992],[-7.164,42.3984],[-7.1636,42.3996],[-7.1655,42.3992]],[[-7.169,42.4369],[-7.1689,42.4383],[-7.1723,42.4374],[-7.169,42.4369]],[[-7.1672,42.4379],[-7.1662,42.4383],[-7.1669,42.4382],[-7.1672,42.4379]],[[-7.1682,42.4368],[-7.1681,42.437],[-7.1682,42.4369],[-7.1682,42.4368]],[[-7.1663,42.4403],[-7.1614,42.4422],[-7.1677,42.442],[-7.1663,42.4403]],[[-7.1694,42.444],[-7.1649,42.4473],[-7.1665,42.4481],[-7.1694,42.444]],[[-7.1625,42.4477],[-7.162,42.4482],[-7.1623,42.4482],[-7.1632,42.4488],[-7.1629,42.4491],[-7.1635,42.4491],[-7.163,42.4503],[-7.1644,42.4505],[-7.1627,42.451],[-7.1635,42.4532],[-7.1661,42.4499],[-7.165,42.4501],[-7.1625,42.4477]],[[-7.1641,42.4486],[-7.1645,42.449],[-7.1653,42.4492],[-7.1641,42.4486]],[[-7.1653,42.4494],[-7.1668,42.4502],[-7.1686,42.4502],[-7.1653,42.4494]],[[-7.1626,42.4608],[-7.1613,42.4602],[-7.1613,42.461],[-7.1626,42.4608]],[[-7.1664,42.4621],[-7.1632,42.4608],[-7.1637,42.4616],[-7.1664,42.4621]],[[-7.1642,42.4635],[-7.1641,42.4636],[-7.1642,42.4636],[-7.1642,42.4635]],[[-7.1592,42.4339],[-7.1593,42.4339],[-7.1592,42.4338],[-7.1592,42.4339]],[[-7.1531,42.452],[-7.1523,42.4526],[-7.1527,42.453],[-7.1531,42.452]],[[-7.1583,42.46],[-7.1584,42.46],[-7.1584,42.4599],[-7.1583,42.46]],[[-7.159,42.4638],[-7.1589,42.4611],[-7.1582,42.4622],[-7.159,42.4638]],[[-7.159,42.4609],[-7.1592,42.4611],[-7.1592,42.4609],[-7.159,42.4609]],[[-7.1573,42.4601],[-7.1578,42.4602],[-7.1581,42.46],[-7.1573,42.4601]],[[-7.1582,42.4622],[-7.158,42.4622],[-7.158,42.4623],[-7.1582,42.4622]],[[-7.1543,42.4585],[-7.1529,42.4594],[-7.1537,42.4591],[-7.1543,42.4585]],[[-7.1519,42.4643],[-7.1482,42.4675],[-7.1509,42.4701],[-7.1532,42.4679],[-7.1519,42.4643]],[[-7.1449,42.4749],[-7.1442,42.4744],[-7.1443,42.4759],[-7.1449,42.4749]],[[-7.1528,42.4857],[-7.1531,42.4857],[-7.1531,42.4855],[-7.1528,42.4857]],[[-7.1562,42.487],[-7.1561,42.487],[-7.1561,42.487],[-7.1562,42.487]],[[-7.1469,42.4879],[-7.1511,42.4904],[-7.1521,42.4872],[-7.1497,42.4888],[-7.1469,42.4879]],[[-7.1527,42.4902],[-7.1542,42.4892],[-7.1522,42.4882],[-7.1527,42.4902]],[[-7.1469,42.4906],[-7.1469,42.4907],[-7.1469,42.4906],[-7.1469,42.4906]],[[-7.1469,42.4908],[-7.1465,42.4948],[-7.1502,42.494],[-7.147,42.4931],[-7.1469,42.4908]],[[-7.1492,42.4912],[-7.1501,42.4923],[-7.1506,42.4923],[-7.1502,42.4919],[-7.1499,42.4914],[-7.1509,42.4906],[-7.1492,42.4912]],[[-7.1503,42.4919],[-7.1503,42.4919],[-7.1503,42.4919],[-7.1503,42.4919]],[[-7.1481,42.4963],[-7.1493,42.4955],[-7.1494,42.4944],[-7.1481,42.4963]],[[-7.1454,42.4981],[-7.1454,42.4986],[-7.1467,42.4983],[-7.1449,42.4972],[-7.1449,42.4975],[-7.1452,42.4976],[-7.1454,42.4981]],[[-7.1347,42.3897],[-7.1346,42.3907],[-7.1349,42.3902],[-7.1347,42.3897]],[[-7.1446,42.4681],[-7.1446,42.4681],[-7.1446,42.4681],[-7.1446,42.4681]],[[-7.1445,42.4682],[-7.1445,42.4682],[-7.1445,42.4682],[-7.1445,42.4682]],[[-7.1443,42.4684],[-7.1443,42.4684],[-7.1443,42.4684],[-7.1443,42.4684]],[[-7.1444,42.4686],[-7.1443,42.4686],[-7.1443,42.4686],[-7.1444,42.4686]],[[-7.1442,42.4692],[-7.1442,42.4692],[-7.1442,42.4692],[-7.1441,42.4692],[-7.1441,42.4693],[-7.1442,42.4692]],[[-7.1384,42.4836],[-7.1378,42.4837],[-7.1383,42.4842],[-7.1384,42.4836]],[[-7.1385,42.4842],[-7.1387,42.4852],[-7.1399,42.4848],[-7.1385,42.4842]],[[-7.1335,42.4869],[-7.1294,42.4844],[-7.1261,42.4834],[-7.1187,42.4859],[-7.1238,42.4857],[-7.1291,42.4888],[-7.13,42.4866],[-7.1318,42.4875],[-7.131,42.4885],[-7.1305,42.4885],[-7.1329,42.4893],[-7.1382,42.4869],[-7.1335,42.4869]],[[-7.1315,42.4877],[-7.1314,42.4878],[-7.1315,42.4877],[-7.1315,42.4877]],[[-7.1437,42.4951],[-7.1443,42.4966],[-7.1446,42.4952],[-7.1437,42.4951]],[[-7.1412,42.5018],[-7.1386,42.5008],[-7.1379,42.5018],[-7.1373,42.5022],[-7.1412,42.5018]],[[-7.1365,42.5064],[-7.135,42.5066],[-7.1338,42.5058],[-7.1333,42.5064],[-7.1344,42.5072],[-7.1365,42.5064]],[[-7.134,42.5114],[-7.1337,42.5122],[-7.1345,42.5117],[-7.134,42.5114]],[[-7.1282,42.5203],[-7.1211,42.522],[-7.121,42.5222],[-7.1252,42.5221],[-7.1282,42.5203]],[[-7.1117,42.4147],[-7.1131,42.4149],[-7.112,42.414],[-7.1117,42.4147]],[[-7.1093,42.46],[-7.1093,42.4606],[-7.1093,42.4611],[-7.1098,42.4609],[-7.1093,42.46]],[[-7.1226,42.4654],[-7.1224,42.4647],[-7.1209,42.4645],[-7.1226,42.4654]],[[-7.1212,42.4683],[-7.112,42.47],[-7.1199,42.4702],[-7.1212,42.4683]],[[-7.1182,42.4867],[-7.1177,42.4867],[-7.1177,42.4869],[-7.1182,42.4867]],[[-7.1182,42.5068],[-7.1188,42.507],[-7.1192,42.5074],[-7.1205,42.5072],[-7.1182,42.5068]],[[-7.0941,42.3515],[-7.094,42.3514],[-7.094,42.3515],[-7.0941,42.3515]],[[-7.1055,42.4252],[-7.099,42.4264],[-7.1001,42.423],[-7.0975,42.4245],[-7.0988,42.4291],[-7.1055,42.4252]],[[-7.1001,42.4468],[-7.098,42.4478],[-7.0951,42.4496],[-7.1001,42.4468]],[[-7.0946,42.4494],[-7.0946,42.4494],[-7.0945,42.4494],[-7.0946,42.4494]],[[-7.0944,42.4495],[-7.0945,42.4495],[-7.0945,42.4495],[-7.0944,42.4495]],[[-7.0942,42.4499],[-7.0937,42.4497],[-7.0937,42.4499],[-7.092,42.45],[-7.0924,42.4502],[-7.0921,42.4503],[-7.0918,42.45],[-7.0897,42.4494],[-7.0895,42.449],[-7.0862,42.4506],[-7.0923,42.4506],[-7.0942,42.4499]],[[-7.1069,42.4605],[-7.1057,42.4602],[-7.106,42.4607],[-7.1069,42.4605]],[[-7.0865,42.4985],[-7.0864,42.4987],[-7.0865,42.499],[-7.0865,42.4985]],[[-7.0968,42.5341],[-7.0983,42.5306],[-7.0962,42.5295],[-7.0973,42.5305],[-7.0968,42.5341]],[[-7.0965,42.5344],[-7.096,42.5355],[-7.0964,42.5365],[-7.0965,42.5344]],[[-7.0788,42.4486],[-7.0808,42.4491],[-7.0811,42.4472],[-7.0788,42.4486]],[[-7.0818,42.4482],[-7.0821,42.4507],[-7.0846,42.4497],[-7.0818,42.4482]],[[-7.0861,42.4505],[-7.0841,42.4505],[-7.0842,42.4513],[-7.0861,42.4505]],[[-7.0831,42.4537],[-7.0834,42.4539],[-7.0835,42.4537],[-7.0831,42.4537]],[[-7.0881,42.4597],[-7.0834,42.4539],[-7.0833,42.4564],[-7.0809,42.4588],[-7.0881,42.4597]],[[-7.08,42.4566],[-7.0803,42.4563],[-7.0803,42.4554],[-7.08,42.4566]],[[-7.0843,42.5309],[-7.0751,42.5239],[-7.0786,42.5236],[-7.0777,42.5219],[-7.0741,42.5225],[-7.0733,42.5207],[-7.0747,42.5162],[-7.0727,42.5162],[-7.0739,42.5182],[-7.0713,42.5212],[-7.074,42.5234],[-7.073,42.5254],[-7.0733,42.5256],[-7.0737,42.5255],[-7.0745,42.5259],[-7.0763,42.5276],[-7.0766,42.5294],[-7.0758,42.5303],[-7.0792,42.5317],[-7.0762,42.5314],[-7.0768,42.5327],[-7.0796,42.5329],[-7.079,42.5337],[-7.0815,42.5324],[-7.0803,42.5307],[-7.0843,42.5309]],[[-7.0782,42.5226],[-7.0782,42.5226],[-7.0782,42.5226],[-7.0782,42.5226]],[[-7.0746,42.5185],[-7.0771,42.5185],[-7.0776,42.5187],[-7.0768,42.5182],[-7.0746,42.5185]],[[-7.0635,42.3789],[-7.0634,42.3789],[-7.0633,42.3789],[-7.0635,42.3789]],[[-7.0647,42.4078],[-7.0647,42.4078],[-7.0647,42.4078],[-7.0647,42.4078]],[[-7.0648,42.4078],[-7.0648,42.4078],[-7.0648,42.4078],[-7.0648,42.4078]],[[-7.0658,42.4076],[-7.0662,42.4074],[-7.0662,42.4072],[-7.0658,42.4076]],[[-7.0667,42.4073],[-7.0671,42.4072],[-7.0669,42.4071],[-7.0667,42.4073]],[[-7.0653,42.4223],[-7.0658,42.4234],[-7.0663,42.4231],[-7.0653,42.4223]],[[-6.9217,42.5037],[-6.9216,42.5041],[-6.9217,42.5041],[-6.9217,42.5037]],[[-7.0202,42.4084],[-7.0202,42.4084],[-7.0202,42.4084],[-7.0202,42.4084]],[[-7.0238,42.5609],[-7.0238,42.561],[-7.0239,42.5609],[-7.0238,42.5609]],[[-7.0187,42.5646],[-7.0203,42.5641],[-7.0188,42.5639],[-7.0187,42.5646]],[[-6.9762,42.5575],[-6.9761,42.558],[-6.9764,42.5577],[-6.9762,42.5575]],[[-6.9783,42.5497],[-6.9779,42.55],[-6.9773,42.5503],[-6.9772,42.5507],[-6.9774,42.5508],[-6.9783,42.5497]],[[-6.9795,42.5511],[-6.9791,42.5524],[-6.9795,42.5524],[-6.9795,42.5511]],[[-6.9291,42.5145],[-6.9284,42.5139],[-6.928,42.5145],[-6.9291,42.5145]],[[-6.9321,42.4993],[-6.9324,42.4991],[-6.9321,42.4992],[-6.9321,42.4993]],[[-6.9311,42.4986],[-6.9305,42.4988],[-6.9306,42.499],[-6.9311,42.4986]],[[-6.9191,42.5045],[-6.9187,42.5039],[-6.9188,42.5045],[-6.9191,42.5045]],[[-6.9304,42.4618],[-6.9312,42.4622],[-6.9313,42.462],[-6.9304,42.4618]],[[-6.9688,42.4471],[-6.9688,42.4471],[-6.9688,42.4471],[-6.9688,42.4471]],[[-6.9644,42.4473],[-6.9658,42.449],[-6.9667,42.4488],[-6.9644,42.4473]],[[-6.9841,42.4434],[-6.9839,42.4439],[-6.9843,42.4438],[-6.9841,42.4434]],[[-6.9838,42.4425],[-6.9852,42.4433],[-6.9838,42.442],[-6.9838,42.4425]],[[-6.9854,42.4461],[-6.9837,42.4451],[-6.9839,42.4481],[-6.9854,42.4461]],[[-6.9853,42.4468],[-6.9856,42.4467],[-6.9855,42.4466],[-6.9853,42.4468]],[[-6.9856,42.4427],[-6.9855,42.4429],[-6.9857,42.4429],[-6.9856,42.4427]],[[-6.9848,42.4401],[-6.9848,42.4402],[-6.9848,42.4402],[-6.9848,42.4401]],[[-6.9996,42.4446],[-6.9996,42.4446],[-6.9996,42.4446],[-6.9996,42.4446]],[[-7.0013,42.4493],[-7.0012,42.4493],[-7.0013,42.4493],[-7.0013,42.4493]],[[-7.0617,42.4409],[-7.066,42.4421],[-7.0665,42.4415],[-7.0617,42.4409]],[[-7.066,42.4421],[-7.066,42.4421],[-7.066,42.4421],[-7.066,42.4421]],[[-7.0666,42.4442],[-7.0643,42.4423],[-7.0634,42.4445],[-7.0666,42.4442]],[[-7.066,42.4444],[-7.0662,42.4444],[-7.066,42.4443],[-7.066,42.4444]],[[-7.0663,42.4444],[-7.0662,42.4444],[-7.0662,42.4444],[-7.0663,42.4444]],[[-7.0648,42.4387],[-7.0724,42.4393],[-7.0719,42.4405],[-7.0724,42.4406],[-7.0724,42.4411],[-7.0727,42.4412],[-7.0739,42.439],[-7.078,42.4399],[-7.0803,42.4379],[-7.0648,42.4387]],[[-7.0718,42.4403],[-7.0716,42.4403],[-7.0718,42.4404],[-7.0718,42.4403]],[[-7.0717,42.44],[-7.0715,42.44],[-7.0716,42.4401],[-7.0717,42.44]],[[-7.0732,42.4408],[-7.0732,42.4408],[-7.0732,42.4408],[-7.0732,42.4408]],[[-7.0745,42.4412],[-7.0755,42.4408],[-7.0745,42.4409],[-7.0745,42.4412]],[[-7.077,42.4402],[-7.0792,42.4412],[-7.0795,42.4397],[-7.077,42.4402]],[[-7.0745,42.4402],[-7.0743,42.44],[-7.0743,42.4403],[-7.0745,42.4402]],[[-7.0696,42.4356],[-7.0707,42.4363],[-7.071,42.4359],[-7.0696,42.4356]],[[-7.0629,42.436],[-7.0642,42.4366],[-7.0651,42.4362],[-7.0629,42.436]],[[-7.0293,42.4065],[-7.0293,42.4065],[-7.0293,42.4065],[-7.0293,42.4065]],[[-7.0292,42.4065],[-7.0292,42.4065],[-7.0292,42.4065],[-7.0292,42.4065]],[[-7.0286,42.4067],[-7.0286,42.4067],[-7.0286,42.4067],[-7.0286,42.4067]],[[-7.0285,42.4068],[-7.0286,42.4068],[-7.0286,42.4068],[-7.0285,42.4068]],[[-7.0285,42.4068],[-7.0285,42.4068],[-7.0285,42.4068],[-7.0285,42.4068]],[[-7.0476,42.5677],[-7.0481,42.5672],[-7.0469,42.5676],[-7.0476,42.5677]],[[-7.0474,42.5673],[-7.0467,42.5656],[-7.045,42.5669],[-7.0474,42.5673]],[[-7.0361,42.5539],[-7.0361,42.5539],[-7.0361,42.5539],[-7.0361,42.5539]],[[-7.0361,42.554],[-7.0361,42.554],[-7.036,42.554],[-7.0361,42.554]],[[-7.036,42.5541],[-7.0357,42.5536],[-7.0354,42.5537],[-7.036,42.5541]],[[-7.0319,42.5538],[-7.032,42.5539],[-7.0321,42.5538],[-7.0319,42.5538]],[[-7.0628,42.4441],[-7.0631,42.4441],[-7.0631,42.444],[-7.0628,42.4441]],[[-7.0755,42.4466],[-7.0767,42.4468],[-7.0767,42.4464],[-7.0755,42.4466]],[[-7.0642,42.4531],[-7.0643,42.4524],[-7.0637,42.4528],[-7.0642,42.4531]],[[-7.0702,42.4509],[-7.0683,42.4551],[-7.0697,42.4559],[-7.0689,42.4539],[-7.0702,42.4509]],[[-7.0766,42.4969],[-7.0762,42.4981],[-7.0764,42.498],[-7.0766,42.4969]],[[-7.0714,42.5062],[-7.061,42.5093],[-7.0593,42.5068],[-7.0597,42.5118],[-7.0653,42.5122],[-7.0714,42.5062]],[[-7.0651,42.5138],[-7.0638,42.5128],[-7.0634,42.5128],[-7.0639,42.5137],[-7.0658,42.5142],[-7.0658,42.5139],[-7.0651,42.5138]],[[-7.0652,42.5137],[-7.0652,42.5136],[-7.0652,42.5136],[-7.0652,42.5137]],[[-7.0755,42.5297],[-7.0757,42.5296],[-7.0755,42.5295],[-7.0755,42.5297]],[[-7.0496,42.3745],[-7.0495,42.3745],[-7.0495,42.3745],[-7.0496,42.3745]],[[-7.0559,42.3794],[-7.0551,42.3792],[-7.0544,42.3797],[-7.0559,42.3794]],[[-7.0725,42.4138],[-7.0726,42.4138],[-7.0726,42.4138],[-7.0725,42.4138]],[[-7.0732,42.4121],[-7.0732,42.412],[-7.0732,42.4121],[-7.0732,42.4121]],[[-7.0748,42.4116],[-7.075,42.4119],[-7.0751,42.4116],[-7.0748,42.4116]],[[-7.0842,42.3769],[-7.0842,42.3769],[-7.0842,42.3769],[-7.0842,42.3769]],[[-7.0701,42.3821],[-7.07,42.3821],[-7.07,42.3821],[-7.0701,42.3821]],[[-7.0781,42.3931],[-7.0782,42.393],[-7.0781,42.393],[-7.0781,42.3931]],[[-7.0689,42.4048],[-7.0691,42.4045],[-7.0691,42.4045],[-7.0692,42.4045],[-7.069,42.4045],[-7.0689,42.4047],[-7.0689,42.4048]],[[-7.0653,42.4022],[-7.0653,42.4023],[-7.0654,42.4022],[-7.0653,42.4022]],[[-7.0641,42.4009],[-7.0641,42.4009],[-7.0641,42.4009],[-7.0641,42.4009],[-7.0641,42.4009]],[[-7.0401,42.4027],[-7.0401,42.4027],[-7.0401,42.4027],[-7.0401,42.4027]],[[-7.029,42.4063],[-7.029,42.4063],[-7.029,42.4063],[-7.029,42.4063]],[[-7.0289,42.4063],[-7.0289,42.4063],[-7.0289,42.4063],[-7.0289,42.4063]],[[-7.0278,42.4068],[-7.0278,42.4068],[-7.0278,42.4068],[-7.0278,42.4068]],[[-7.0371,42.392],[-7.0371,42.392],[-7.0371,42.392],[-7.0371,42.392]],[[-7.0263,42.3895],[-7.0263,42.3895],[-7.0263,42.3895],[-7.0263,42.3895]],[[-7.0267,42.4025],[-7.0267,42.4025],[-7.0267,42.4025],[-7.0267,42.4025]],[[-7.0241,42.4039],[-7.024,42.404],[-7.0241,42.404],[-7.0241,42.4039]],[[-7.0089,42.4004],[-7.0088,42.4004],[-7.0089,42.4004],[-7.0089,42.4004]],[[-6.9951,42.4079],[-6.9952,42.4079],[-6.9951,42.4079],[-6.9951,42.4079]],[[-6.9883,42.4097],[-6.9883,42.4097],[-6.9883,42.4097],[-6.9883,42.4097]],[[-7.189,42.3774],[-7.189,42.3774],[-7.189,42.3774],[-7.189,42.3774]],[[-7.1754,42.3854],[-7.1755,42.3854],[-7.1754,42.3853],[-7.1754,42.3854]],[[-7.1897,42.4045],[-7.1897,42.4045],[-7.1897,42.4045],[-7.1897,42.4045]],[[-7.2163,42.4493],[-7.2164,42.4495],[-7.2166,42.4493],[-7.2163,42.4493]],[[-7.2158,42.4498],[-7.2159,42.4499],[-7.2159,42.4498],[-7.2158,42.4498]],[[-7.2159,42.4502],[-7.216,42.45],[-7.2159,42.4499],[-7.2159,42.4502]],[[-7.2064,42.4576],[-7.2064,42.4577],[-7.2064,42.4576],[-7.2064,42.4576]],[[-7.1976,42.4551],[-7.1976,42.4551],[-7.1976,42.4551],[-7.1976,42.4551]],[[-7.1922,42.4583],[-7.1902,42.4565],[-7.1908,42.4574],[-7.1922,42.4583]],[[-7.1904,42.4564],[-7.1905,42.4562],[-7.1905,42.4562],[-7.1904,42.4564]],[[-7.1893,42.4649],[-7.1893,42.4649],[-7.1893,42.4649],[-7.1893,42.4649]],[[-7.1728,42.467],[-7.1729,42.4673],[-7.1731,42.4668],[-7.1728,42.467]],[[-7.172,42.4683],[-7.172,42.4683],[-7.172,42.4683],[-7.172,42.4683]],[[-7.1614,42.467],[-7.1614,42.467],[-7.1614,42.467],[-7.1614,42.467]],[[-7.1337,42.5183],[-7.1337,42.5183],[-7.1336,42.5183],[-7.1337,42.5183]],[[-7.1307,42.5189],[-7.1307,42.5189],[-7.1307,42.5189],[-7.1307,42.5189]],[[-7.1309,42.5193],[-7.13,42.5188],[-7.129,42.5201],[-7.1309,42.5193]],[[-7.1124,42.5307],[-7.1125,42.5306],[-7.1124,42.5306],[-7.1124,42.5307]],[[-7.1073,42.5301],[-7.1079,42.529],[-7.1076,42.5289],[-7.1073,42.5301]],[[-7.1078,42.53],[-7.1078,42.53],[-7.1078,42.53],[-7.1078,42.53]],[[-7.096,42.5295],[-7.0963,42.5268],[-7.0931,42.5261],[-7.0957,42.5284],[-7.0958,42.5286],[-7.0959,42.5294],[-7.096,42.5295]],[[-7.0929,42.526],[-7.0937,42.5237],[-7.0906,42.5255],[-7.0929,42.526]],[[-7.0936,42.5227],[-7.0921,42.5237],[-7.0936,42.5232],[-7.0936,42.5227]],[[-7.0902,42.5251],[-7.0903,42.5251],[-7.0903,42.5251],[-7.0902,42.5251]],[[-7.0938,42.5267],[-7.0938,42.5267],[-7.0938,42.5267],[-7.0938,42.5267]],[[-7.0961,42.5337],[-7.0961,42.5337],[-7.0962,42.5337],[-7.0961,42.5337]],[[-7.0785,42.5225],[-7.0816,42.5241],[-7.0819,42.522],[-7.0785,42.5225]],[[-7.0797,42.5236],[-7.0805,42.5239],[-7.0798,42.5234],[-7.0797,42.5236]],[[-7.081,42.5243],[-7.0813,42.5243],[-7.0813,42.5242],[-7.081,42.5243]],[[-7.0824,42.522],[-7.0823,42.5219],[-7.0823,42.522],[-7.0824,42.522]],[[-7.0813,42.5215],[-7.0804,42.5209],[-7.0799,42.5217],[-7.0813,42.5215]],[[-7.0746,42.5198],[-7.0757,42.5202],[-7.0753,42.5196],[-7.0746,42.5198]],[[-7.0737,42.5194],[-7.0737,42.5194],[-7.0737,42.5194],[-7.0737,42.5194]],[[-7.0733,42.5238],[-7.0732,42.5239],[-7.0733,42.5239],[-7.0733,42.5238]],[[-7.0765,42.5291],[-7.0765,42.5291],[-7.0765,42.5291],[-7.0765,42.5291]],[[-7.0771,42.531],[-7.0772,42.531],[-7.0772,42.531],[-7.0771,42.531]],[[-7.0758,42.531],[-7.0759,42.531],[-7.0758,42.531],[-7.0758,42.531]],[[-7.0758,42.5309],[-7.0758,42.5309],[-7.0758,42.5309],[-7.0758,42.5309]],[[-7.0758,42.5308],[-7.0757,42.5308],[-7.0757,42.5308],[-7.0758,42.5308]],[[-7.0744,42.5309],[-7.0753,42.5314],[-7.0752,42.5305],[-7.0744,42.5309]],[[-7.0743,42.5316],[-7.0745,42.5307],[-7.073,42.5314],[-7.0743,42.5316]],[[-7.0706,42.5308],[-7.0688,42.5302],[-7.0677,42.5311],[-7.0706,42.5308]],[[-7.0763,42.5321],[-7.076,42.5321],[-7.076,42.5321],[-7.0763,42.5321]],[[-7.0769,42.5328],[-7.0769,42.5328],[-7.0769,42.5328],[-7.0769,42.5328]],[[-7.0765,42.5408],[-7.0765,42.5407],[-7.0765,42.5408],[-7.0765,42.5408]],[[-7.0764,42.5408],[-7.0764,42.5409],[-7.0764,42.5409],[-7.0764,42.5408]],[[-7.0757,42.541],[-7.0757,42.541],[-7.0757,42.541],[-7.0757,42.541]],[[-7.0719,42.5433],[-7.0719,42.5433],[-7.0719,42.5433],[-7.0719,42.5433]],[[-7.0186,42.5639],[-7.0186,42.5639],[-7.0186,42.5639],[-7.0186,42.5639]],[[-7.0142,42.5539],[-7.0095,42.5552],[-7.0114,42.5553],[-7.0142,42.5539]],[[-7.0074,42.5526],[-7.0074,42.5527],[-7.0075,42.5526],[-7.0074,42.5526]],[[-7.0066,42.5531],[-7.0069,42.553],[-7.0064,42.5528],[-7.0066,42.5531]],[[-7.0064,42.5528],[-7.0063,42.5528],[-7.0063,42.5528],[-7.0064,42.5528]],[[-7.0029,42.5464],[-7.0028,42.5464],[-7.0028,42.5464],[-7.0029,42.5464]],[[-6.9986,42.5488],[-6.9989,42.5487],[-6.9986,42.5486],[-6.9986,42.5488]],[[-6.999,42.549],[-6.999,42.549],[-6.999,42.549],[-6.999,42.549]],[[-6.9991,42.549],[-6.9991,42.5491],[-6.9991,42.549],[-6.9991,42.549]],[[-6.9801,42.5511],[-6.9801,42.5511],[-6.9801,42.551],[-6.9801,42.5511]],[[-6.9763,42.5413],[-6.9763,42.5413],[-6.9763,42.5413],[-6.9763,42.5413]],[[-6.9302,42.5123],[-6.9302,42.5122],[-6.9302,42.5123],[-6.9302,42.5123]],[[-6.94,42.5032],[-6.9402,42.5033],[-6.9402,42.5033],[-6.94,42.5032]],[[-6.9403,42.5033],[-6.9398,42.5041],[-6.9407,42.5041],[-6.9403,42.5037],[-6.9403,42.5033]],[[-6.9398,42.504],[-6.9398,42.504],[-6.9398,42.504],[-6.9398,42.504]],[[-6.9403,42.5034],[-6.9403,42.5034],[-6.9403,42.5034],[-6.9403,42.5034]],[[-6.9402,42.5031],[-6.9405,42.5033],[-6.9405,42.5032],[-6.9402,42.5031]],[[-6.9406,42.5031],[-6.9406,42.5031],[-6.9406,42.5031],[-6.9406,42.5031]],[[-6.9087,42.4628],[-6.9091,42.4627],[-6.9087,42.4628],[-6.9087,42.4628]],[[-6.9678,42.4522],[-6.9677,42.4522],[-6.9678,42.4522],[-6.9678,42.4522]],[[-6.9732,42.4502],[-6.9746,42.4501],[-6.9746,42.45],[-6.9732,42.4502]],[[-6.9677,42.4453],[-6.9677,42.4453],[-6.9677,42.4453],[-6.9677,42.4453]],[[-6.9678,42.4418],[-6.9673,42.4411],[-6.9671,42.4416],[-6.9678,42.4418]],[[-6.9909,42.4407],[-6.9909,42.4407],[-6.9909,42.4407],[-6.9909,42.4407]],[[-6.9979,42.4435],[-6.9978,42.4435],[-6.9979,42.4435],[-6.9979,42.4435]],[[-7.0007,42.4495],[-7.0007,42.45],[-7.0012,42.4497],[-7.0007,42.4495]],[[-7.001,42.4505],[-7.001,42.4513],[-7.0018,42.4505],[-7.001,42.4501],[-7.001,42.4505]],[[-7.0008,42.4506],[-7.0008,42.4507],[-7.0008,42.4507],[-7.0008,42.4506]],[[-7.0007,42.4514],[-7.0008,42.4512],[-7.0007,42.4514],[-7.0007,42.4514]],[[-7.0033,42.4488],[-7.0036,42.4498],[-7.0039,42.4497],[-7.0033,42.4488]],[[-7.0024,42.4469],[-7.0024,42.447],[-7.0024,42.4469],[-7.0024,42.4469]],[[-7.0038,42.4486],[-7.0039,42.4486],[-7.0038,42.4486],[-7.0038,42.4486]],[[-7.0518,42.4314],[-7.0518,42.4315],[-7.0518,42.4315],[-7.0518,42.4314]],[[-7.0524,42.4356],[-7.0525,42.4329],[-7.0513,42.433],[-7.0511,42.4335],[-7.0524,42.4356]],[[-7.1365,42.3813],[-7.1364,42.3814],[-7.1365,42.3814],[-7.1365,42.3813]],[[-7.0831,42.3766],[-7.0831,42.3766],[-7.0831,42.3766],[-7.0831,42.3766]],[[-7.0772,42.3798],[-7.0772,42.3797],[-7.0772,42.3798],[-7.0772,42.3798]],[[-7.0731,42.3787],[-7.0731,42.3787],[-7.0731,42.3787],[-7.0731,42.3787]],[[-7.0636,42.3793],[-7.0636,42.3793],[-7.0636,42.3793],[-7.0636,42.3793]],[[-7.0699,42.3822],[-7.07,42.3822],[-7.07,42.3821],[-7.0699,42.3822]],[[-7.0733,42.3822],[-7.0734,42.3822],[-7.0733,42.3822],[-7.0733,42.3822]],[[-7.0782,42.3929],[-7.0782,42.393],[-7.0782,42.3929],[-7.0782,42.3929]],[[-7.0734,42.3981],[-7.0732,42.3982],[-7.0734,42.3981],[-7.0734,42.3981]],[[-7.0648,42.4027],[-7.0648,42.4027],[-7.0648,42.4027],[-7.0648,42.4027]],[[-7.064,42.4008],[-7.064,42.4008],[-7.064,42.4008],[-7.064,42.4008]],[[-7.0634,42.4018],[-7.0634,42.4017],[-7.0634,42.4018],[-7.0634,42.4018]],[[-7.0638,42.4022],[-7.0638,42.4021],[-7.0638,42.4022],[-7.0638,42.4022]],[[-7.0669,42.407],[-7.0669,42.407],[-7.0669,42.407],[-7.0669,42.407]],[[-7.0668,42.4071],[-7.0668,42.4071],[-7.0668,42.4071],[-7.0668,42.4071]],[[-7.0667,42.4073],[-7.0666,42.4073],[-7.0666,42.4073],[-7.0667,42.4073]],[[-7.0662,42.4074],[-7.0662,42.4073],[-7.0662,42.4074],[-7.0662,42.4074]],[[-7.0659,42.4074],[-7.066,42.4074],[-7.066,42.4074],[-7.0659,42.4074]],[[-7.0656,42.4075],[-7.0657,42.4076],[-7.0658,42.4075],[-7.0656,42.4075]],[[-7.0664,42.4073],[-7.0665,42.4075],[-7.0666,42.4073],[-7.0664,42.4073]],[[-7.0475,42.3994],[-7.0474,42.3995],[-7.0475,42.3995],[-7.0475,42.3994]],[[-7.0376,42.4035],[-7.0376,42.4034],[-7.0376,42.4035],[-7.0376,42.4035]],[[-7.0378,42.4035],[-7.0377,42.4036],[-7.0378,42.4036],[-7.0378,42.4035]],[[-7.0289,42.4059],[-7.0289,42.4059],[-7.0289,42.4059],[-7.0289,42.4059]],[[-7.029,42.4059],[-7.0291,42.4059],[-7.0291,42.4058],[-7.029,42.4059]],[[-7.0331,42.3922],[-7.0331,42.3922],[-7.033,42.3922],[-7.0331,42.3922]],[[-7.0302,42.387],[-7.0302,42.387],[-7.0301,42.387],[-7.0302,42.387]],[[-7.0265,42.384],[-7.0263,42.3841],[-7.0265,42.3841],[-7.0265,42.384]],[[-7.0256,42.384],[-7.026,42.3846],[-7.0261,42.3841],[-7.0256,42.384]],[[-7.0228,42.3887],[-7.0227,42.3887],[-7.0229,42.3888],[-7.0228,42.3887]],[[-7.0229,42.3888],[-7.023,42.3888],[-7.0229,42.3888],[-7.0229,42.3888]],[[-7.0287,42.3992],[-7.0287,42.3992],[-7.0287,42.3992],[-7.0287,42.3992]],[[-7.0288,42.399],[-7.0288,42.3992],[-7.0288,42.399],[-7.0288,42.399]],[[-7.0255,42.4032],[-7.0258,42.4029],[-7.0255,42.403],[-7.0255,42.4032]],[[-7.0242,42.4037],[-7.0242,42.4037],[-7.0242,42.4038],[-7.0242,42.4037]],[[-7.0067,42.3918],[-7.0067,42.3918],[-7.0067,42.3918],[-7.0067,42.3918]],[[-7.0066,42.3918],[-7.0066,42.3917],[-7.0066,42.3917],[-7.0066,42.3918]],[[-7.0114,42.3994],[-7.0114,42.3994],[-7.0114,42.3994],[-7.0114,42.3994]],[[-6.9777,42.372],[-6.9776,42.372],[-6.9777,42.372],[-6.9777,42.372]],[[-7.1889,42.3773],[-7.1889,42.3771],[-7.1888,42.3772],[-7.1889,42.3773]],[[-7.1907,42.4082],[-7.1903,42.4111],[-7.1907,42.4113],[-7.1903,42.4123],[-7.191,42.4113],[-7.1907,42.4082]],[[-7.1919,42.4173],[-7.1916,42.4173],[-7.1916,42.4173],[-7.1919,42.4173]],[[-7.1831,42.4164],[-7.1831,42.4164],[-7.1831,42.4164],[-7.1831,42.4164]],[[-7.1949,42.4445],[-7.195,42.4445],[-7.195,42.4445],[-7.1949,42.4445]],[[-7.1946,42.4449],[-7.1951,42.4449],[-7.195,42.4447],[-7.1946,42.4449]],[[-7.2151,42.4496],[-7.2152,42.4492],[-7.215,42.4492],[-7.2151,42.4496]],[[-7.2035,42.457],[-7.2036,42.457],[-7.2035,42.457],[-7.2035,42.457]],[[-7.2036,42.457],[-7.2036,42.457],[-7.2036,42.457],[-7.2036,42.457]],[[-7.1906,42.4663],[-7.1906,42.4663],[-7.1906,42.4663],[-7.1906,42.4663]],[[-7.1884,42.4641],[-7.1869,42.4641],[-7.1885,42.4646],[-7.1884,42.4641]],[[-7.1891,42.4674],[-7.1888,42.4675],[-7.1891,42.4676],[-7.1891,42.4674]],[[-7.1582,42.46],[-7.1581,42.46],[-7.1582,42.46],[-7.1582,42.46]],[[-7.1862,42.4712],[-7.1866,42.4722],[-7.1865,42.4717],[-7.1862,42.4712]],[[-7.1868,42.4726],[-7.1871,42.4725],[-7.1866,42.4722],[-7.1868,42.4726]],[[-7.1207,42.5221],[-7.1187,42.5216],[-7.1181,42.5218],[-7.1207,42.5221]],[[-7.0957,42.5286],[-7.0958,42.5286],[-7.0958,42.5286],[-7.0957,42.5286]],[[-7.0726,42.5164],[-7.0726,42.5164],[-7.0725,42.5164],[-7.0726,42.5164]],[[-7.0735,42.5237],[-7.0736,42.5236],[-7.0735,42.5236],[-7.0735,42.5237]],[[-7.0736,42.5235],[-7.0736,42.5235],[-7.0737,42.5235],[-7.0736,42.5235]],[[-7.074,42.5257],[-7.074,42.5257],[-7.074,42.5257],[-7.074,42.5257]],[[-7.0758,42.5287],[-7.0758,42.5286],[-7.0758,42.5286],[-7.0758,42.5287]],[[-7.0756,42.5292],[-7.0755,42.5292],[-7.0755,42.5292],[-7.0756,42.5292]],[[-7.0798,42.5377],[-7.0799,42.5377],[-7.0798,42.5377],[-7.0798,42.5377]],[[-7.0775,42.5395],[-7.0775,42.5396],[-7.0775,42.5396],[-7.0775,42.5395]],[[-7.0778,42.5396],[-7.0776,42.5398],[-7.0778,42.5398],[-7.0778,42.5396]],[[-7.0784,42.5389],[-7.0783,42.539],[-7.0783,42.5392],[-7.0784,42.5391],[-7.0784,42.5389]],[[-7.0796,42.5388],[-7.0796,42.5389],[-7.0796,42.5388],[-7.0796,42.5388]],[[-7.0794,42.5393],[-7.0793,42.5392],[-7.0793,42.5393],[-7.0794,42.5393]],[[-7.0792,42.5395],[-7.079,42.5395],[-7.079,42.5395],[-7.0792,42.5395]],[[-7.0791,42.5396],[-7.0791,42.5397],[-7.0791,42.5397],[-7.0791,42.5396]],[[-7.0771,42.5403],[-7.0773,42.5401],[-7.077,42.5402],[-7.0771,42.5403]],[[-7.0768,42.5403],[-7.0767,42.5402],[-7.0767,42.5404],[-7.0768,42.5403]],[[-7.0754,42.5401],[-7.0753,42.54],[-7.0753,42.5402],[-7.0754,42.5401]],[[-7.0753,42.5405],[-7.0755,42.5401],[-7.0756,42.54],[-7.0753,42.5402],[-7.0753,42.5405]],[[-7.0743,42.5407],[-7.0744,42.5408],[-7.0745,42.5407],[-7.0743,42.5407]],[[-7.0737,42.541],[-7.0737,42.541],[-7.0739,42.5411],[-7.0738,42.541],[-7.074,42.5409],[-7.0741,42.5408],[-7.0741,42.5407],[-7.0737,42.541]],[[-7.0736,42.541],[-7.0736,42.541],[-7.0736,42.541],[-7.0736,42.541]],[[-7.0739,42.5412],[-7.074,42.5412],[-7.074,42.5412],[-7.0739,42.5412]],[[-7.0741,42.5412],[-7.0741,42.5412],[-7.074,42.5412],[-7.0741,42.5412]],[[-7.0745,42.5426],[-7.0746,42.5426],[-7.0746,42.5426],[-7.0745,42.5426]],[[-7.0581,42.5659],[-7.0581,42.5659],[-7.0581,42.5659],[-7.0581,42.5659]],[[-7.0553,42.5719],[-7.0552,42.5717],[-7.055,42.5719],[-7.0553,42.5719]],[[-7.055,42.5719],[-7.0549,42.572],[-7.055,42.572],[-7.055,42.5719]],[[-7.0242,42.5608],[-7.0243,42.5607],[-7.0242,42.5607],[-7.0242,42.5608]],[[-7.0243,42.5608],[-7.0244,42.5607],[-7.0243,42.5607],[-7.0243,42.5608]],[[-7.0202,42.5638],[-7.0203,42.5639],[-7.0203,42.5638],[-7.0202,42.5638]],[[-7.0107,42.5442],[-7.0108,42.5443],[-7.0108,42.5442],[-7.0107,42.5442]],[[-6.9709,42.5375],[-6.9709,42.5375],[-6.9709,42.5375],[-6.9709,42.5375]],[[-6.9731,42.5368],[-6.9735,42.5373],[-6.9743,42.5375],[-6.9744,42.5375],[-6.9746,42.5372],[-6.9759,42.5372],[-6.9765,42.5385],[-6.9796,42.5369],[-6.9731,42.5368]],[[-6.979,42.5363],[-6.9798,42.5342],[-6.9804,42.535],[-6.9824,42.535],[-6.979,42.5363]],[[-6.9743,42.5375],[-6.9743,42.5375],[-6.9743,42.5375],[-6.9743,42.5375]],[[-6.9748,42.5374],[-6.9747,42.5374],[-6.9748,42.5374],[-6.9748,42.5374]],[[-6.9829,42.5347],[-6.9832,42.535],[-6.9834,42.5348],[-6.9829,42.5347]],[[-6.976,42.5366],[-6.9762,42.5361],[-6.9755,42.5365],[-6.9746,42.5365],[-6.9745,42.5367],[-6.976,42.5366]],[[-6.9763,42.5363],[-6.9763,42.5363],[-6.9763,42.5363],[-6.9763,42.5363]],[[-6.9754,42.5364],[-6.9752,42.5365],[-6.9754,42.5365],[-6.9754,42.5364]],[[-6.9533,42.5267],[-6.9563,42.5233],[-6.9575,42.5236],[-6.9588,42.5221],[-6.9557,42.5221],[-6.9533,42.5267]],[[-6.9365,42.5051],[-6.9388,42.5047],[-6.9395,42.5042],[-6.9374,42.5042],[-6.9365,42.5047],[-6.9365,42.5051]],[[-6.8985,42.4889],[-6.8985,42.4889],[-6.8985,42.4889],[-6.8985,42.4889]],[[-6.9257,42.4602],[-6.9262,42.4595],[-6.9259,42.4597],[-6.9257,42.4602]],[[-6.9263,42.4599],[-6.9268,42.4605],[-6.9272,42.4602],[-6.9263,42.4599]],[[-6.9483,42.4578],[-6.947,42.4588],[-6.9477,42.4595],[-6.9478,42.4584],[-6.9483,42.458],[-6.9485,42.458],[-6.9486,42.4578],[-6.9487,42.4578],[-6.9489,42.4576],[-6.949,42.4576],[-6.949,42.4576],[-6.9483,42.4578]],[[-6.9796,42.4431],[-6.9796,42.4431],[-6.9796,42.4431],[-6.9796,42.4431]],[[-6.9991,42.4434],[-6.9992,42.4434],[-6.9992,42.4434],[-6.9991,42.4434]],[[-6.9979,42.4439],[-6.998,42.4438],[-6.9978,42.4435],[-6.9979,42.4439]],[[-6.9978,42.4435],[-6.9978,42.4435],[-6.9978,42.4435],[-6.9978,42.4435]],[[-6.9977,42.4441],[-6.9976,42.444],[-6.9976,42.444],[-6.9976,42.444],[-6.9977,42.4441]],[[-6.9976,42.4447],[-6.9978,42.4445],[-6.9976,42.4445],[-6.9976,42.4447]],[[-6.9974,42.4448],[-6.9974,42.4448],[-6.9974,42.4448],[-6.9974,42.4448]],[[-6.9974,42.4448],[-6.998,42.4448],[-6.9974,42.4447],[-6.9974,42.4448]],[[-6.9992,42.4468],[-6.9993,42.4468],[-6.9993,42.4468],[-6.9992,42.4468]],[[-6.9997,42.4487],[-6.9997,42.4486],[-6.9997,42.4486],[-6.9997,42.4487]],[[-7.0007,42.4512],[-7.0007,42.4512],[-7.0007,42.4512],[-7.0007,42.4512]],[[-7.0003,42.4516],[-7.0002,42.4549],[-7.0013,42.4559],[-7.0009,42.4547],[-7.0014,42.4546],[-7.0015,42.4544],[-7.0015,42.4541],[-7.0013,42.454],[-7.0007,42.4517],[-7.0005,42.4515],[-7.0004,42.4515],[-7.0004,42.4514],[-7.0006,42.4514],[-7.0006,42.4512],[-7.0003,42.4514],[-7.0003,42.4516]],[[-7.0013,42.4539],[-7.0013,42.4539],[-7.0013,42.4539],[-7.0013,42.4539]],[[-7.0012,42.456],[-7.0011,42.4561],[-7.0012,42.4561],[-7.0012,42.456]],[[-7.0004,42.4515],[-7.0005,42.4514],[-7.0005,42.4514],[-7.0004,42.4514],[-7.0004,42.4515]],[[-7.0301,42.4358],[-7.0302,42.4358],[-7.0301,42.4358],[-7.0301,42.4358]],[[-7.0416,42.3944],[-7.0416,42.3944],[-7.0416,42.3944],[-7.0416,42.3944]],[[-7.0415,42.3945],[-7.0411,42.3959],[-7.0417,42.3962],[-7.0419,42.3953],[-7.0415,42.3951],[-7.0417,42.3949],[-7.0417,42.3948],[-7.0415,42.3945]],[[-7.0418,42.3952],[-7.0418,42.3952],[-7.0418,42.3952],[-7.0418,42.3952]],[[-7.0419,42.3961],[-7.0419,42.3962],[-7.0419,42.3961],[-7.0419,42.3961]],[[-7.0421,42.3958],[-7.0422,42.3959],[-7.0422,42.3959],[-7.0421,42.3958]],[[-7.1126,42.52],[-7.114,42.5211],[-7.1142,42.5211],[-7.1135,42.5201],[-7.1126,42.52]],[[-7.0129,42.5437],[-7.0133,42.544],[-7.0138,42.544],[-7.0129,42.5437]],[[-7.0128,42.5437],[-7.0129,42.5437],[-7.0129,42.5437],[-7.0128,42.5437]],[[-7.0133,42.5425],[-7.0157,42.5445],[-7.0136,42.5425],[-7.0133,42.5425]],[[-7.0242,42.5524],[-7.0221,42.5527],[-7.022,42.5528],[-7.0242,42.5524]],[[-7.0452,42.552],[-7.0449,42.5524],[-7.0454,42.5524],[-7.0452,42.552]],[[-7.0179,42.5475],[-7.0194,42.5517],[-7.0206,42.5518],[-7.0225,42.5504],[-7.0179,42.5475]],[[-7.0178,42.5475],[-7.0178,42.5475],[-7.0178,42.5475],[-7.0178,42.5475]],[[-7.0174,42.5457],[-7.0167,42.5446],[-7.0161,42.5447],[-7.0174,42.5457]],[[-7.018,42.5453],[-7.0181,42.5454],[-7.0181,42.5453],[-7.018,42.5453]],[[-7.0173,42.5459],[-7.0173,42.5459],[-7.0173,42.5459],[-7.0173,42.5459]],[[-7.0181,42.5453],[-7.0181,42.5453],[-7.0181,42.5453],[-7.0181,42.5453]],[[-7.0181,42.5453],[-7.0183,42.5454],[-7.0183,42.5454],[-7.0181,42.5453]],[[-7.0184,42.5454],[-7.0183,42.5454],[-7.0184,42.5454],[-7.0184,42.5454]],[[-7.0194,42.5457],[-7.024,42.5492],[-7.0227,42.547],[-7.0287,42.5498],[-7.0288,42.5474],[-7.0194,42.5457]],[[-7.0237,42.5457],[-7.0417,42.5511],[-7.0442,42.5483],[-7.0526,42.5488],[-7.0391,42.5443],[-7.0253,42.5452],[-7.0249,42.5424],[-7.0281,42.5425],[-7.0261,42.5396],[-7.0241,42.5417],[-7.0207,42.542],[-7.0116,42.5381],[-7.0132,42.5355],[-7.0122,42.5365],[-7.0069,42.5372],[-7.0066,42.5345],[-7.0008,42.5346],[-6.9982,42.5335],[-7.0064,42.5377],[-7.0098,42.5369],[-7.0113,42.5416],[-7.0151,42.5405],[-7.0237,42.5457]],[[-7.0451,42.5513],[-7.0451,42.5511],[-7.045,42.5512],[-7.0451,42.5513]],[[-7.0462,42.5513],[-7.0458,42.5512],[-7.0458,42.5513],[-7.0462,42.5513]],[[-7.049,42.5466],[-7.0488,42.5467],[-7.049,42.5466],[-7.049,42.5466]],[[-7.0375,42.5396],[-7.0378,42.5398],[-7.0381,42.5397],[-7.0375,42.5396]],[[-7.0376,42.5399],[-7.0375,42.5399],[-7.0375,42.5399],[-7.0376,42.5399]],[[-7.0175,42.542],[-7.0174,42.5421],[-7.0175,42.5421],[-7.0175,42.542]],[[-7.0205,42.5438],[-7.0205,42.5438],[-7.0205,42.5438],[-7.0205,42.5438]],[[-7.017,42.5461],[-7.0172,42.5462],[-7.0173,42.5459],[-7.017,42.5461]],[[-7.017,42.5466],[-7.017,42.5466],[-7.017,42.5466],[-7.017,42.5466]],[[-7.0172,42.5467],[-7.0171,42.5467],[-7.0172,42.5467],[-7.0172,42.5467]],[[-7.0173,42.5468],[-7.0172,42.5467],[-7.0172,42.5469],[-7.0173,42.5468]],[[-7.0174,42.5469],[-7.0173,42.5469],[-7.0173,42.547],[-7.0173,42.5471],[-7.0174,42.5469]],[[-7.0173,42.5468],[-7.0173,42.5468],[-7.0173,42.5468],[-7.0173,42.5468]],[[-7.0175,42.5471],[-7.0175,42.547],[-7.0174,42.547],[-7.0175,42.5471]],[[-7.0176,42.5473],[-7.0175,42.5472],[-7.0175,42.5473],[-7.0176,42.5473]],[[-7.0176,42.5473],[-7.0176,42.5473],[-7.0176,42.5473],[-7.0176,42.5473]],[[-7.0426,42.5503],[-7.0426,42.5502],[-7.0426,42.5502],[-7.0426,42.5503]],[[-7.0426,42.5501],[-7.0426,42.5502],[-7.0426,42.5501],[-7.0426,42.5501]],[[-7.0463,42.5511],[-7.0465,42.5511],[-7.0463,42.551],[-7.0463,42.5511]],[[-7.0437,42.5516],[-7.0433,42.5515],[-7.0433,42.5516],[-7.0437,42.5516]],[[-7.0114,42.5488],[-7.0131,42.5504],[-7.0122,42.5492],[-7.0114,42.5488]],[[-6.9801,42.541],[-6.9805,42.5402],[-6.9802,42.5404],[-6.9801,42.541]],[[-6.9784,42.5393],[-6.9774,42.5391],[-6.9775,42.5394],[-6.9784,42.5393]],[[-6.9768,42.5391],[-6.9773,42.5383],[-6.9767,42.5386],[-6.9768,42.5391]],[[-6.9853,42.5327],[-6.987,42.5336],[-6.9867,42.5333],[-6.9853,42.5327]],[[-6.9944,42.5305],[-6.9994,42.5323],[-6.9962,42.53],[-6.9944,42.5305]],[[-6.9601,42.5313],[-6.9608,42.5315],[-6.9607,42.5307],[-6.9601,42.5313]],[[-6.9936,42.529],[-6.9925,42.5279],[-6.9928,42.5291],[-6.9926,42.5291],[-6.9926,42.5292],[-6.9924,42.5292],[-6.9923,42.5293],[-6.992,42.5285],[-6.9896,42.5282],[-6.9928,42.5299],[-6.9936,42.529]],[[-6.9912,42.5275],[-6.9911,42.5277],[-6.9912,42.5276],[-6.9912,42.5275]],[[-6.9904,42.5278],[-6.9906,42.5279],[-6.9906,42.5278],[-6.9904,42.5278]],[[-6.9903,42.5281],[-6.9904,42.528],[-6.9903,42.528],[-6.9903,42.5281]],[[-6.9902,42.5281],[-6.9901,42.5282],[-6.9904,42.5282],[-6.9903,42.5281],[-6.9902,42.5281]],[[-6.9901,42.5282],[-6.99,42.5282],[-6.9901,42.5282],[-6.9901,42.5282]],[[-6.9934,42.5286],[-6.9934,42.5286],[-6.9934,42.5286],[-6.9934,42.5286]],[[-6.9816,42.5269],[-6.9799,42.526],[-6.9817,42.5287],[-6.9816,42.5269]],[[-6.9617,42.5272],[-6.9605,42.5278],[-6.9595,42.528],[-6.9608,42.528],[-6.9617,42.5272]],[[-6.9945,42.5262],[-6.9957,42.5263],[-6.9948,42.5257],[-6.9945,42.5262]],[[-6.9807,42.5243],[-6.9782,42.5207],[-6.9635,42.5183],[-6.9657,42.5223],[-6.973,42.5205],[-6.9807,42.5243]],[[-6.9779,42.5197],[-6.977,42.5167],[-6.9808,42.5166],[-6.9813,42.5163],[-6.9769,42.516],[-6.9788,42.5125],[-6.9781,42.5117],[-6.9767,42.5137],[-6.9726,42.5108],[-6.9702,42.5151],[-6.9779,42.5197]],[[-6.9754,42.5124],[-6.9754,42.5124],[-6.9753,42.5124],[-6.9754,42.5124]],[[-6.9814,42.5163],[-6.9814,42.5163],[-6.9814,42.5163],[-6.9814,42.5163]],[[-6.9753,42.5123],[-6.9753,42.5124],[-6.9753,42.5124],[-6.9753,42.5123]],[[-6.9753,42.5124],[-6.9753,42.5124],[-6.9753,42.5124],[-6.9753,42.5124]],[[-6.9814,42.5163],[-6.983,42.5157],[-6.9839,42.5155],[-6.9827,42.5155],[-6.9814,42.5163]],[[-6.9704,42.5144],[-6.9704,42.5143],[-6.9704,42.5144],[-6.9704,42.5144]],[[-6.9315,42.5121],[-6.9328,42.5117],[-6.9329,42.5111],[-6.9346,42.5112],[-6.9347,42.5116],[-6.9351,42.5104],[-6.9333,42.5106],[-6.9315,42.5121]],[[-6.9346,42.5113],[-6.9346,42.5113],[-6.9346,42.5113],[-6.9346,42.5113]],[[-6.9802,42.5068],[-6.9777,42.5093],[-6.9788,42.5089],[-6.9802,42.5068]],[[-6.944,42.5074],[-6.945,42.5088],[-6.9463,42.5074],[-6.944,42.5074]],[[-6.9434,42.5073],[-6.9437,42.5056],[-6.9422,42.5057],[-6.9434,42.5073]],[[-6.9481,42.5067],[-6.9479,42.5071],[-6.9504,42.5082],[-6.9481,42.5067]],[[-6.9454,42.5045],[-6.9459,42.5061],[-6.9489,42.5034],[-6.9454,42.5045]],[[-6.9432,42.5041],[-6.9452,42.5037],[-6.9456,42.5031],[-6.9432,42.5041]],[[-6.9431,42.5044],[-6.9416,42.5051],[-6.9409,42.5047],[-6.9405,42.5048],[-6.9415,42.5052],[-6.9431,42.5044]],[[-6.9456,42.4999],[-6.9487,42.5019],[-6.9474,42.4981],[-6.9456,42.4999]],[[-7.0304,42.4994],[-7.0301,42.5003],[-7.0307,42.5006],[-7.0304,42.4994]],[[-7.0276,42.5008],[-7.027,42.5003],[-7.0264,42.5008],[-7.0276,42.5008]],[[-7.0259,42.5006],[-7.0259,42.5006],[-7.0259,42.5006],[-7.0259,42.5006]],[[-7.0261,42.5007],[-7.026,42.5006],[-7.026,42.5008],[-7.0261,42.5007]],[[-7.0263,42.5008],[-7.0263,42.5006],[-7.026,42.5008],[-7.0263,42.5008]],[[-7.0287,42.5012],[-7.0289,42.5017],[-7.0308,42.5014],[-7.0287,42.5012]],[[-7.1347,42.5047],[-7.1346,42.5047],[-7.1347,42.5047],[-7.1347,42.5047]],[[-7.1361,42.5047],[-7.1369,42.5049],[-7.1363,42.5027],[-7.1361,42.5047]],[[-7.1452,42.4977],[-7.1452,42.4978],[-7.1452,42.4978],[-7.1452,42.4977]],[[-7.1439,42.4986],[-7.1443,42.4983],[-7.1439,42.4985],[-7.1439,42.4986]],[[-7.1444,42.4986],[-7.1444,42.4986],[-7.1444,42.4986],[-7.1444,42.4986]],[[-7.1366,42.5019],[-7.1363,42.502],[-7.1363,42.5021],[-7.1361,42.5022],[-7.1361,42.5023],[-7.136,42.5023],[-7.1362,42.5026],[-7.1366,42.5019]],[[-7.1378,42.5017],[-7.1378,42.5018],[-7.1378,42.5018],[-7.1378,42.5017]],[[-7.1377,42.5018],[-7.1377,42.5018],[-7.1377,42.5018],[-7.1377,42.5018]],[[-7.1422,42.5015],[-7.142,42.5013],[-7.1418,42.5016],[-7.1422,42.5015]],[[-7.1488,42.5065],[-7.1487,42.5065],[-7.1487,42.5065],[-7.1488,42.5065]],[[-7.121,42.5074],[-7.1213,42.5072],[-7.1206,42.5071],[-7.121,42.5074]],[[-7.1161,42.5057],[-7.1176,42.5068],[-7.1182,42.5068],[-7.1161,42.5057]],[[-7.1172,42.5073],[-7.1159,42.5079],[-7.1176,42.5074],[-7.1172,42.5073]],[[-7.0582,42.5154],[-7.0611,42.5161],[-7.0618,42.5162],[-7.063,42.5128],[-7.0582,42.5154]],[[-7.063,42.5171],[-7.0625,42.5179],[-7.064,42.5184],[-7.063,42.5171]],[[-7.0634,42.5127],[-7.0633,42.5127],[-7.0634,42.5127],[-7.0634,42.5127]],[[-7.0584,42.5118],[-7.0585,42.5117],[-7.0584,42.5116],[-7.0584,42.5118]],[[-7.0566,42.5098],[-7.0559,42.509],[-7.0558,42.5099],[-7.0566,42.5098]],[[-7.0567,42.5128],[-7.0569,42.5159],[-7.0576,42.5159],[-7.0567,42.5128]],[[-7.0687,42.5067],[-7.0688,42.5063],[-7.0684,42.5067],[-7.0687,42.5067]],[[-7.0953,42.5072],[-7.095,42.5076],[-7.0955,42.5072],[-7.0953,42.5072]],[[-7.1345,42.5082],[-7.1343,42.5082],[-7.1345,42.5082],[-7.1345,42.5082]],[[-7.1344,42.5084],[-7.1345,42.5085],[-7.1345,42.5084],[-7.1344,42.5084]],[[-7.1345,42.5085],[-7.1344,42.5085],[-7.1344,42.5085],[-7.1345,42.5085]],[[-7.1343,42.5086],[-7.1344,42.5086],[-7.1344,42.5086],[-7.1343,42.5086]],[[-7.1345,42.5084],[-7.1347,42.5082],[-7.1345,42.5082],[-7.1345,42.5084]],[[-7.1327,42.5134],[-7.133,42.5139],[-7.1334,42.5138],[-7.1327,42.5134]],[[-7.1327,42.5132],[-7.1326,42.513],[-7.1325,42.513],[-7.1325,42.5132],[-7.1325,42.5132],[-7.1327,42.5132]],[[-7.1124,42.5144],[-7.1123,42.5145],[-7.1124,42.5145],[-7.1124,42.5144]],[[-7.1124,42.5145],[-7.1124,42.5145],[-7.1124,42.5145],[-7.1124,42.5145]],[[-7.105,42.5146],[-7.103,42.5141],[-7.1035,42.5147],[-7.105,42.5146]],[[-7.0827,42.5131],[-7.0831,42.5114],[-7.0812,42.5128],[-7.0827,42.5131]],[[-7.0809,42.5128],[-7.0805,42.513],[-7.0812,42.5128],[-7.0809,42.5128]],[[-7.0803,42.5131],[-7.0803,42.5131],[-7.08,42.5134],[-7.0803,42.5131]],[[-7.0826,42.5115],[-7.0826,42.5115],[-7.0826,42.5115],[-7.0826,42.5115]],[[-7.0768,42.5093],[-7.0773,42.5096],[-7.0768,42.5089],[-7.0768,42.5093]],[[-7.0767,42.5086],[-7.0767,42.5089],[-7.0767,42.5089],[-7.0767,42.5086]],[[-7.0649,42.5191],[-7.0647,42.5187],[-7.0646,42.519],[-7.0649,42.5191]],[[-7.0494,42.5183],[-7.0509,42.5219],[-7.0517,42.522],[-7.0494,42.5183]],[[-7.0439,42.527],[-7.037,42.5221],[-7.0317,42.5198],[-7.0413,42.5158],[-7.0365,42.5164],[-7.0281,42.522],[-7.0311,42.5204],[-7.0325,42.5206],[-7.0439,42.527]],[[-7.0441,42.5156],[-7.042,42.5162],[-7.0443,42.5162],[-7.0441,42.5156]],[[-7.0442,42.5154],[-7.045,42.5148],[-7.0449,42.5144],[-7.0447,42.5145],[-7.0447,42.5147],[-7.0444,42.5149],[-7.0444,42.5151],[-7.0444,42.5151],[-7.0444,42.5153],[-7.0442,42.5154],[-7.0442,42.5154]],[[-7.0442,42.5155],[-7.0441,42.5155],[-7.0441,42.5155],[-7.0442,42.5155]],[[-7.0413,42.5158],[-7.0413,42.5158],[-7.0413,42.5158],[-7.0413,42.5158]],[[-7.0308,42.5207],[-7.0309,42.5208],[-7.0309,42.5207],[-7.0308,42.5207]],[[-7.0305,42.5214],[-7.0305,42.5214],[-7.0305,42.5214],[-7.0305,42.5214]],[[-7.0704,42.5262],[-7.0705,42.5261],[-7.0704,42.5261],[-7.0704,42.5262]],[[-7.0706,42.5261],[-7.0713,42.5261],[-7.0713,42.526],[-7.0715,42.5259],[-7.0715,42.5258],[-7.0716,42.5257],[-7.0719,42.5258],[-7.0719,42.5256],[-7.071,42.5258],[-7.0706,42.5261]],[[-7.0716,42.526],[-7.0716,42.526],[-7.0716,42.526],[-7.0716,42.526]],[[-7.0715,42.5259],[-7.0716,42.526],[-7.0716,42.5259],[-7.0715,42.5259]],[[-7.0209,42.5274],[-7.0228,42.5241],[-7.0222,42.5226],[-7.0218,42.5226],[-7.0209,42.5274]],[[-7.0221,42.5217],[-7.0223,42.5213],[-7.0219,42.5218],[-7.0221,42.5217]],[[-7.0227,42.5204],[-7.0225,42.5175],[-7.0245,42.5154],[-7.0229,42.5137],[-7.0217,42.5136],[-7.0228,42.5144],[-7.0226,42.5163],[-7.0219,42.5172],[-7.0227,42.5204]],[[-7.0225,42.5153],[-7.0225,42.5153],[-7.0225,42.5153],[-7.0225,42.5153]],[[-7.024,42.5169],[-7.0231,42.5193],[-7.0239,42.5194],[-7.024,42.5169]],[[-7.0219,42.5224],[-7.0219,42.5224],[-7.0219,42.5224],[-7.0219,42.5224]],[[-7.0122,42.5315],[-7.0146,42.5336],[-7.0157,42.5313],[-7.0151,42.5301],[-7.0161,42.5301],[-7.0169,42.5296],[-7.0183,42.5274],[-7.0197,42.528],[-7.0201,42.5278],[-7.0171,42.5266],[-7.0175,42.5269],[-7.0175,42.5271],[-7.0176,42.5272],[-7.0175,42.5278],[-7.0166,42.5295],[-7.0162,42.5299],[-7.015,42.5299],[-7.0148,42.5304],[-7.0152,42.5312],[-7.0142,42.5319],[-7.0122,42.5315]],[[-7.0171,42.5265],[-7.0172,42.5265],[-7.0172,42.5265],[-7.0172,42.5265],[-7.0171,42.5265]],[[-7.0163,42.5297],[-7.0163,42.5297],[-7.0163,42.5297],[-7.0163,42.5297]],[[-7.0153,42.5298],[-7.0152,42.5298],[-7.0152,42.5298],[-7.0153,42.5298]],[[-7.0112,42.5328],[-7.0113,42.5327],[-7.0112,42.5327],[-7.0112,42.5328]],[[-7.0111,42.5325],[-7.0114,42.5326],[-7.0114,42.5325],[-7.0111,42.5325]],[[-7.011,42.5327],[-7.011,42.5326],[-7.011,42.5326],[-7.011,42.5327]],[[-7.011,42.5331],[-7.011,42.5328],[-7.0109,42.5328],[-7.011,42.5331]],[[-7.0114,42.5333],[-7.0113,42.5332],[-7.0113,42.5333],[-7.0114,42.5333]],[[-7.0174,42.5269],[-7.0174,42.527],[-7.0174,42.5269],[-7.0174,42.5269]],[[-7.0533,42.5294],[-7.0568,42.5307],[-7.0583,42.5295],[-7.0533,42.5294]],[[-7.0016,42.5338],[-7.0002,42.534],[-7.0021,42.5339],[-7.0016,42.5338]],[[-7.0125,42.5297],[-7.013,42.5295],[-7.0125,42.5294],[-7.0125,42.5297]],[[-7.0124,42.5295],[-7.0123,42.5294],[-7.0123,42.5295],[-7.0124,42.5295]],[[-7.0117,42.529],[-7.0118,42.5289],[-7.0117,42.5289],[-7.0117,42.529]],[[-7.0121,42.5292],[-7.0121,42.5293],[-7.0121,42.5293],[-7.0121,42.5292]],[[-7.0121,42.5294],[-7.0121,42.5293],[-7.0121,42.5295],[-7.0121,42.5294]],[[-7.013,42.5296],[-7.014,42.5303],[-7.0142,42.53],[-7.013,42.5296]],[[-7.0144,42.5304],[-7.0143,42.5303],[-7.0143,42.5304],[-7.0144,42.5304]],[[-6.9936,42.527],[-6.9943,42.5262],[-6.993,42.5268],[-6.9936,42.527]],[[-6.9919,42.5267],[-6.9917,42.5273],[-6.9925,42.5267],[-6.9919,42.5267]],[[-7.014,42.5246],[-7.0165,42.5251],[-7.0137,42.5239],[-7.0141,42.5243],[-7.014,42.5246]],[[-7.0168,42.526],[-7.0168,42.526],[-7.0168,42.526],[-7.0168,42.526]],[[-7.0137,42.5241],[-7.0138,42.5241],[-7.0137,42.5241],[-7.0137,42.5241]],[[-6.995,42.5248],[-6.9958,42.5209],[-6.9956,42.5203],[-6.9957,42.5209],[-6.9939,42.5232],[-6.995,42.5248]],[[-6.9948,42.5249],[-6.9951,42.5252],[-6.9951,42.5248],[-6.9948,42.5249]],[[-6.9998,42.5204],[-6.9992,42.5204],[-6.9979,42.5204],[-6.9994,42.5207],[-6.9998,42.5204]],[[-7.0007,42.5204],[-7.0009,42.5211],[-7.0012,42.5209],[-7.0007,42.5204]],[[-6.997,42.5193],[-6.9966,42.5187],[-6.9967,42.5194],[-6.997,42.5193]],[[-6.9964,42.5195],[-6.9965,42.5194],[-6.9964,42.5192],[-6.9964,42.5195]],[[-6.9963,42.5197],[-6.9961,42.5196],[-6.9961,42.5198],[-6.9963,42.5197]],[[-6.9975,42.5182],[-6.9991,42.5187],[-6.9989,42.5174],[-6.9975,42.5182]],[[-6.9983,42.5168],[-6.9972,42.5175],[-6.9967,42.5185],[-6.9972,42.5184],[-6.9969,42.5181],[-6.9973,42.5181],[-6.9974,42.5177],[-6.9982,42.5171],[-6.9982,42.517],[-6.9983,42.517],[-6.9983,42.5168]],[[-7.0021,42.5166],[-7.0017,42.517],[-7.0021,42.5169],[-7.0021,42.5166]],[[-6.9861,42.5151],[-6.9881,42.5149],[-6.9881,42.5148],[-6.9865,42.5149],[-6.9861,42.5151]],[[-6.9984,42.5127],[-6.9989,42.512],[-6.9985,42.5121],[-6.9984,42.5127]],[[-6.9977,42.513],[-6.9983,42.513],[-6.9983,42.5128],[-6.9977,42.513]],[[-6.9978,42.5131],[-6.9977,42.5132],[-6.9978,42.5132],[-6.9978,42.5131]],[[-6.9976,42.5133],[-6.9973,42.5132],[-6.9969,42.5135],[-6.9976,42.5133]],[[-7.0062,42.5063],[-7.0121,42.5082],[-7.0128,42.5085],[-7.0146,42.5088],[-7.0194,42.5123],[-7.0186,42.5099],[-7.0218,42.5104],[-7.0192,42.5085],[-7.0173,42.5103],[-7.0176,42.5058],[-7.0118,42.5056],[-7.0119,42.5033],[-7.0102,42.5045],[-7.0135,42.5084],[-7.0062,42.5063]],[[-7.0137,42.5087],[-7.0137,42.5087],[-7.0137,42.5087],[-7.0137,42.5087]],[[-7.0196,42.5114],[-7.0196,42.5114],[-7.0196,42.5114],[-7.0196,42.5114]],[[-6.9908,42.5079],[-6.9895,42.5074],[-6.9897,42.508],[-6.9908,42.5079]],[[-6.9917,42.5084],[-6.9909,42.508],[-6.9908,42.5082],[-6.9917,42.5084]],[[-6.9906,42.507],[-6.9909,42.5066],[-6.9901,42.5065],[-6.9906,42.507]],[[-6.9901,42.506],[-6.9904,42.5049],[-6.9893,42.5054],[-6.9901,42.506]],[[-6.9505,42.5041],[-6.9496,42.5033],[-6.9485,42.5041],[-6.9505,42.5041]],[[-6.961,42.5041],[-6.9599,42.5038],[-6.9598,42.5041],[-6.961,42.5041]],[[-6.993,42.5023],[-6.9933,42.5031],[-6.9935,42.5021],[-6.993,42.5023]],[[-6.9501,42.5007],[-6.9492,42.5019],[-6.9503,42.5014],[-6.9501,42.5007]],[[-6.9946,42.5017],[-6.9946,42.5013],[-6.9938,42.5017],[-6.9946,42.5017]],[[-6.9938,42.5018],[-6.9937,42.5019],[-6.9938,42.5019],[-6.9938,42.5018]],[[-6.9937,42.502],[-6.9937,42.502],[-6.9937,42.502],[-6.9937,42.502]],[[-7.0272,42.5049],[-7.028,42.5045],[-7.0276,42.5039],[-7.0272,42.5049]],[[-7.0279,42.5036],[-7.0281,42.5033],[-7.0276,42.5034],[-7.0279,42.5036]],[[-7.0276,42.5032],[-7.0275,42.5018],[-7.0259,42.5013],[-7.0268,42.5018],[-7.0267,42.5023],[-7.0272,42.5032],[-7.0276,42.5032]],[[-7.0261,42.5061],[-7.0251,42.5029],[-7.0232,42.5051],[-7.0261,42.5061]],[[-7.0252,42.5028],[-7.0253,42.5029],[-7.0253,42.5028],[-7.0252,42.5028]],[[-7.0226,42.5046],[-7.0198,42.5045],[-7.021,42.5049],[-7.0197,42.506],[-7.0236,42.5072],[-7.0226,42.5046]],[[-7.0199,42.5051],[-7.0199,42.5051],[-7.0199,42.5051],[-7.0199,42.5051]],[[-7.0236,42.5073],[-7.0236,42.5074],[-7.0236,42.5073],[-7.0236,42.5073]],[[-7.0237,42.5073],[-7.0245,42.5081],[-7.0254,42.5085],[-7.0237,42.5073]],[[-7.0229,42.5051],[-7.0229,42.505],[-7.0229,42.505],[-7.0229,42.5051]],[[-7.0201,42.5051],[-7.0201,42.5051],[-7.0201,42.5051],[-7.0201,42.5051]],[[-7.0207,42.505],[-7.0206,42.505],[-7.0207,42.505],[-7.0207,42.505]],[[-7.0263,42.5062],[-7.0262,42.506],[-7.0261,42.5062],[-7.0263,42.5062]],[[-7.0273,42.5061],[-7.0266,42.5072],[-7.0268,42.5075],[-7.027,42.5075],[-7.0273,42.5061]],[[-7.0266,42.5078],[-7.0269,42.5078],[-7.0269,42.5075],[-7.0266,42.5078]],[[-7.0273,42.5089],[-7.026,42.5095],[-7.0264,42.5107],[-7.0268,42.5108],[-7.0264,42.5094],[-7.0273,42.5089]],[[-7.0266,42.5102],[-7.0267,42.5102],[-7.0267,42.5102],[-7.0266,42.5102]],[[-7.0267,42.5109],[-7.0267,42.5109],[-7.0267,42.5109],[-7.0267,42.5109]],[[-7.0268,42.5109],[-7.0269,42.5109],[-7.0268,42.5109],[-7.0268,42.5109]],[[-7.0275,42.5109],[-7.0265,42.5112],[-7.027,42.5117],[-7.0275,42.5109]],[[-7.0273,42.506],[-7.0273,42.5061],[-7.0273,42.506],[-7.0273,42.506]],[[-7.0345,42.5059],[-7.0339,42.5044],[-7.0332,42.5048],[-7.0345,42.5059]],[[-7.0332,42.5047],[-7.0332,42.5047],[-7.0332,42.5047],[-7.0332,42.5047]],[[-7.0347,42.5075],[-7.0367,42.5051],[-7.0351,42.506],[-7.0347,42.5075]],[[-7.04,42.5061],[-7.0409,42.5082],[-7.0406,42.506],[-7.04,42.5061]],[[-7.0458,42.5084],[-7.045,42.5087],[-7.0458,42.5087],[-7.0458,42.5084]],[[-7.0389,42.5126],[-7.0387,42.5116],[-7.0367,42.5115],[-7.0369,42.5118],[-7.0363,42.5118],[-7.0361,42.5123],[-7.0389,42.5126]],[[-7.0393,42.5099],[-7.0395,42.5102],[-7.0396,42.5097],[-7.0393,42.5099]],[[-7.0396,42.5106],[-7.0395,42.5105],[-7.0395,42.5107],[-7.0396,42.5106]],[[-7.0239,42.5109],[-7.0236,42.5124],[-7.0245,42.5119],[-7.0239,42.5109]],[[-7.0336,42.5098],[-7.0365,42.5101],[-7.0346,42.5084],[-7.0346,42.5091],[-7.0336,42.5098]],[[-7.0345,42.5089],[-7.0345,42.509],[-7.0345,42.5089],[-7.0345,42.5089]],[[-7.0345,42.5091],[-7.0344,42.5091],[-7.0344,42.5091],[-7.0345,42.5091]],[[-7.0344,42.5091],[-7.0344,42.5092],[-7.0344,42.5092],[-7.0344,42.5091]],[[-7.0367,42.5074],[-7.0378,42.5061],[-7.0371,42.5062],[-7.0367,42.5074]],[[-7.0364,42.5077],[-7.0367,42.5074],[-7.0364,42.5075],[-7.0364,42.5077]],[[-6.9618,42.5017],[-6.9629,42.502],[-6.9637,42.5017],[-6.9618,42.5017]],[[-7.0263,42.522],[-7.0241,42.5229],[-7.0241,42.5232],[-7.0261,42.5226],[-7.0263,42.522]],[[-7.0264,42.522],[-7.0264,42.5222],[-7.0265,42.522],[-7.0264,42.522]],[[-7.0242,42.5232],[-7.0242,42.5232],[-7.0242,42.5232],[-7.0242,42.5232],[-7.0242,42.5232]],[[-7.1396,42.5052],[-7.1395,42.5052],[-7.1395,42.5052],[-7.1396,42.5052]],[[-7.1467,42.5042],[-7.1467,42.5042],[-7.1467,42.5042],[-7.1467,42.5042]],[[-7.136,42.5022],[-7.136,42.5023],[-7.136,42.5023],[-7.136,42.5022]],[[-7.136,42.5023],[-7.1361,42.5022],[-7.136,42.5022],[-7.136,42.5023]],[[-7.1359,42.5023],[-7.1327,42.5007],[-7.1325,42.5008],[-7.1359,42.5023]],[[-6.9313,42.4965],[-6.9318,42.4971],[-6.9323,42.4965],[-6.9313,42.4965]],[[-6.931,42.4976],[-6.931,42.4976],[-6.931,42.4976],[-6.931,42.4976]],[[-6.931,42.4979],[-6.9306,42.4977],[-6.9305,42.4978],[-6.931,42.4979]],[[-6.9316,42.4975],[-6.9315,42.4974],[-6.9315,42.4975],[-6.9316,42.4975]],[[-6.9312,42.4975],[-6.9314,42.4978],[-6.9315,42.4975],[-6.9312,42.4975]],[[-6.9294,42.4966],[-6.9297,42.4972],[-6.9299,42.4966],[-6.9294,42.4966]],[[-6.9266,42.4961],[-6.927,42.4964],[-6.9275,42.4961],[-6.9266,42.4961]],[[-6.9304,42.4929],[-6.9307,42.4934],[-6.9313,42.4923],[-6.9304,42.4929]],[[-7.0113,42.4923],[-7.01,42.4915],[-7.011,42.4934],[-7.0113,42.4923]],[[-6.9898,42.4895],[-6.9922,42.4881],[-6.9949,42.4895],[-6.9923,42.4876],[-6.9898,42.4895]],[[-6.9897,42.4881],[-6.9901,42.4886],[-6.9902,42.4883],[-6.9897,42.4881]],[[-6.9177,42.4772],[-6.9377,42.4864],[-6.9418,42.4854],[-6.9425,42.4867],[-6.9487,42.4895],[-6.9504,42.4915],[-6.958,42.4906],[-6.9427,42.4862],[-6.9509,42.4812],[-6.9382,42.4851],[-6.9364,42.4815],[-6.9344,42.4824],[-6.9304,42.4797],[-6.9262,42.4798],[-6.9237,42.4783],[-6.9224,42.4785],[-6.9213,42.4776],[-6.9193,42.4777],[-6.9193,42.4769],[-6.9177,42.4772]],[[-6.9463,42.4818],[-6.9481,42.4807],[-6.9468,42.4806],[-6.9463,42.4818]],[[-6.9463,42.482],[-6.9463,42.482],[-6.9463,42.482],[-6.9463,42.482]],[[-6.9461,42.4823],[-6.946,42.4822],[-6.946,42.4823],[-6.9461,42.4823]],[[-6.9459,42.4822],[-6.9459,42.4822],[-6.9459,42.4822],[-6.9459,42.4822]],[[-6.9457,42.4824],[-6.9457,42.4824],[-6.9459,42.4822],[-6.9457,42.4824]],[[-6.9369,42.4809],[-6.9364,42.481],[-6.9364,42.4811],[-6.9369,42.4809]],[[-6.9366,42.4806],[-6.9366,42.4803],[-6.936,42.4808],[-6.9366,42.4806]],[[-6.9368,42.4799],[-6.9376,42.4793],[-6.9371,42.4795],[-6.9368,42.4799]],[[-6.9367,42.48],[-6.9367,42.48],[-6.9367,42.48],[-6.9367,42.48]],[[-6.9362,42.4813],[-6.9359,42.481],[-6.9358,42.4813],[-6.9362,42.4813]],[[-6.919,42.4769],[-6.9189,42.4768],[-6.9189,42.4769],[-6.919,42.4769]],[[-6.9188,42.4769],[-6.9184,42.4766],[-6.9183,42.4769],[-6.9183,42.477],[-6.9188,42.4769]],[[-6.9455,42.4883],[-6.9455,42.4883],[-6.9455,42.4883],[-6.9455,42.4883]],[[-6.9378,42.483],[-6.9379,42.483],[-6.9379,42.483],[-6.9378,42.483]],[[-6.9456,42.4789],[-6.9452,42.482],[-6.946,42.4821],[-6.9456,42.4789]],[[-6.9387,42.4787],[-6.9431,42.4783],[-6.9439,42.4768],[-6.9416,42.4761],[-6.9387,42.4787]],[[-6.9409,42.4787],[-6.9411,42.4787],[-6.9409,42.4786],[-6.9409,42.4787]],[[-6.9204,42.4756],[-6.9193,42.476],[-6.9192,42.4762],[-6.9204,42.4756]],[[-6.9634,42.4794],[-6.9643,42.4783],[-6.9634,42.4778],[-6.9634,42.4794]],[[-6.9861,42.4775],[-6.9859,42.4773],[-6.9828,42.477],[-6.9826,42.4765],[-6.9825,42.4765],[-6.981,42.4786],[-6.9861,42.4775]],[[-6.9843,42.4769],[-6.9843,42.4769],[-6.9844,42.4769],[-6.9843,42.4769]],[[-6.9829,42.4766],[-6.9827,42.4766],[-6.9829,42.4766],[-6.9829,42.4766]],[[-6.9703,42.4728],[-6.9743,42.4738],[-6.9745,42.4728],[-6.9703,42.4728]],[[-6.9746,42.4727],[-6.9746,42.4727],[-6.9746,42.4727],[-6.9746,42.4727]],[[-6.9293,42.4697],[-6.9291,42.4695],[-6.9285,42.4696],[-6.9283,42.47],[-6.9273,42.4695],[-6.9272,42.4704],[-6.9293,42.4697]],[[-6.929,42.4702],[-6.9291,42.4702],[-6.929,42.4702],[-6.929,42.4702]],[[-6.9268,42.4695],[-6.9272,42.4689],[-6.9264,42.4691],[-6.9268,42.4695]],[[-6.9274,42.4689],[-6.9274,42.4689],[-6.9274,42.4689],[-6.9274,42.4689]],[[-6.9293,42.4687],[-6.9266,42.468],[-6.9281,42.4692],[-6.9293,42.4687]],[[-6.928,42.4692],[-6.928,42.4692],[-6.928,42.4692],[-6.928,42.4692]],[[-6.9251,42.467],[-6.9251,42.4676],[-6.9253,42.4678],[-6.9256,42.4677],[-6.9251,42.467]],[[-6.9243,42.4668],[-6.9232,42.4677],[-6.9244,42.4676],[-6.9243,42.4668]],[[-6.9198,42.4665],[-6.9204,42.4665],[-6.9199,42.466],[-6.9198,42.4665]],[[-6.9197,42.466],[-6.9198,42.4657],[-6.9197,42.4657],[-6.9197,42.466]],[[-6.9249,42.4651],[-6.9245,42.4654],[-6.9242,42.4653],[-6.9246,42.4656],[-6.925,42.4654],[-6.9249,42.4651]],[[-6.9249,42.4651],[-6.9249,42.4651],[-6.9249,42.4651],[-6.9249,42.4651]],[[-6.9236,42.4653],[-6.9237,42.466],[-6.9241,42.4655],[-6.9236,42.4653]],[[-6.9239,42.4653],[-6.9238,42.4653],[-6.9238,42.4653],[-6.9239,42.4653]],[[-6.9221,42.4652],[-6.9248,42.4638],[-6.9214,42.4643],[-6.9221,42.4652]],[[-7.0186,42.4624],[-7.0184,42.4625],[-7.0186,42.4625],[-7.0186,42.4624]],[[-7.0184,42.4625],[-7.0183,42.4625],[-7.0183,42.4627],[-7.0184,42.4625]],[[-7.0182,42.463],[-7.0185,42.4631],[-7.0184,42.4629],[-7.0182,42.463]],[[-7.0204,42.4645],[-7.016,42.4641],[-7.0156,42.4647],[-7.0164,42.4653],[-7.0162,42.4659],[-7.0204,42.4645]],[[-7.0161,42.4654],[-7.0161,42.4654],[-7.0161,42.4654],[-7.0161,42.4654]],[[-7.0162,42.4655],[-7.0162,42.4656],[-7.0162,42.4655],[-7.0162,42.4655]],[[-7.0162,42.4658],[-7.0161,42.4657],[-7.0161,42.4658],[-7.0162,42.4658]],[[-7.0159,42.466],[-7.0161,42.466],[-7.016,42.466],[-7.0161,42.4659],[-7.0159,42.466]],[[-7.0161,42.466],[-7.0161,42.4659],[-7.0161,42.466],[-7.0161,42.466]],[[-7.0182,42.4634],[-7.0183,42.4634],[-7.0182,42.4634],[-7.0182,42.4634]],[[-7.0158,42.4664],[-7.0157,42.4663],[-7.0157,42.4664],[-7.0158,42.4664]],[[-7.0161,42.4668],[-7.0162,42.4664],[-7.016,42.4667],[-7.0161,42.4668]],[[-7.0162,42.4663],[-7.0161,42.4661],[-7.0162,42.4663],[-7.0162,42.4663]],[[-6.9527,42.4588],[-6.9542,42.4609],[-6.9539,42.459],[-6.9527,42.4588]],[[-6.9544,42.461],[-6.9555,42.4621],[-6.9558,42.4631],[-6.9567,42.4638],[-6.9563,42.4619],[-6.9544,42.461]],[[-6.9871,42.4595],[-6.9872,42.4591],[-6.987,42.4592],[-6.9871,42.4595]],[[-6.9863,42.4571],[-6.9875,42.4558],[-6.986,42.4555],[-6.9863,42.4571]],[[-6.9534,42.4578],[-6.9538,42.4586],[-6.9541,42.4577],[-6.9534,42.4578]],[[-6.9846,42.4586],[-6.9845,42.4587],[-6.9846,42.4587],[-6.9846,42.4586]],[[-6.9846,42.4547],[-6.9848,42.4544],[-6.9846,42.4543],[-6.9846,42.4547]],[[-6.9851,42.4549],[-6.9851,42.4549],[-6.9851,42.4549],[-6.9851,42.4549]],[[-6.9844,42.4532],[-6.9845,42.4516],[-6.9847,42.4505],[-6.9891,42.4543],[-6.9903,42.4517],[-6.984,42.4488],[-6.9844,42.4532]],[[-6.985,42.4522],[-6.985,42.4523],[-6.985,42.4523],[-6.985,42.4522]],[[-6.9845,42.4538],[-6.9846,42.4538],[-6.9845,42.4538],[-6.9845,42.4538]],[[-6.9693,42.4523],[-6.9702,42.4528],[-6.9705,42.4524],[-6.9693,42.4523]],[[-6.9783,42.4485],[-6.9776,42.4481],[-6.9774,42.4485],[-6.9783,42.4485]],[[-6.9777,42.4479],[-6.9787,42.4477],[-6.9791,42.4473],[-6.9785,42.4476],[-6.9778,42.4477],[-6.9777,42.4479]],[[-6.9783,42.447],[-6.9781,42.4475],[-6.9784,42.4473],[-6.9786,42.4475],[-6.9783,42.447]],[[-6.977,42.4463],[-6.9775,42.4471],[-6.9783,42.4465],[-6.977,42.4463]],[[-6.9912,42.4527],[-6.9906,42.4531],[-6.991,42.453],[-6.9912,42.4527]],[[-6.9912,42.4524],[-6.9906,42.4524],[-6.9911,42.4527],[-6.9912,42.4524]],[[-6.9906,42.4534],[-6.9907,42.4533],[-6.9906,42.4533],[-6.9906,42.4534]],[[-6.9861,42.454],[-6.9853,42.4544],[-6.9857,42.4548],[-6.9861,42.454]],[[-7.0197,42.4567],[-7.0201,42.4588],[-7.019,42.4597],[-7.019,42.46],[-7.0204,42.4585],[-7.0205,42.4576],[-7.0197,42.4567]],[[-7.019,42.4603],[-7.019,42.4602],[-7.019,42.4603],[-7.019,42.4603]],[[-7.019,42.4611],[-7.0192,42.4607],[-7.019,42.4606],[-7.019,42.4611]],[[-7.0187,42.4613],[-7.0188,42.4613],[-7.0188,42.4613],[-7.0187,42.4613]],[[-7.0189,42.4613],[-7.0188,42.4611],[-7.0188,42.4613],[-7.0189,42.4613]],[[-7.0205,42.4554],[-7.0215,42.456],[-7.0217,42.4556],[-7.0205,42.4554]],[[-7.0237,42.4569],[-7.0218,42.4565],[-7.0223,42.4571],[-7.0237,42.4569]],[[-7.0698,42.4524],[-7.0698,42.4524],[-7.0698,42.4524],[-7.0698,42.4524]],[[-7.0692,42.4515],[-7.0692,42.4515],[-7.0692,42.4515],[-7.0692,42.4515]],[[-7.0557,42.4518],[-7.0593,42.4522],[-7.0599,42.4485],[-7.0639,42.4454],[-7.0601,42.4481],[-7.0585,42.448],[-7.0589,42.4484],[-7.0586,42.4493],[-7.059,42.4496],[-7.0584,42.4509],[-7.0557,42.4518]],[[-7.0557,42.4517],[-7.054,42.4532],[-7.054,42.4538],[-7.0557,42.4517]],[[-7.0543,42.454],[-7.0542,42.4545],[-7.0538,42.4549],[-7.0544,42.4546],[-7.0543,42.454]],[[-7.0552,42.4531],[-7.0553,42.4531],[-7.0553,42.453],[-7.0552,42.4531]],[[-7.0592,42.4478],[-7.0592,42.4478],[-7.0592,42.4478],[-7.0592,42.4478]],[[-7.0583,42.448],[-7.0584,42.448],[-7.0583,42.448],[-7.0583,42.448]],[[-7.003,42.4536],[-7.0018,42.4532],[-7.0016,42.4535],[-7.003,42.4536]],[[-7.0029,42.4516],[-7.0025,42.4525],[-7.0033,42.4518],[-7.0029,42.4516]],[[-7.0231,42.4506],[-7.0225,42.4496],[-7.0223,42.4511],[-7.0231,42.4506]],[[-7.0056,42.4496],[-7.0042,42.4503],[-7.0053,42.4501],[-7.0056,42.4496]],[[-7.0041,42.4504],[-7.004,42.4503],[-7.004,42.4503],[-7.0041,42.4504]],[[-7.0045,42.4504],[-7.0044,42.4504],[-7.0044,42.4504],[-7.0045,42.4504]],[[-7.0532,42.4505],[-7.0556,42.4498],[-7.0538,42.4496],[-7.0532,42.4505]],[[-7.0229,42.4487],[-7.0226,42.4482],[-7.0228,42.4486],[-7.0226,42.4489],[-7.0229,42.4487]],[[-7.0066,42.4473],[-7.0047,42.448],[-7.0046,42.4485],[-7.0066,42.4473]],[[-7.0081,42.4451],[-7.0071,42.4458],[-7.0068,42.4465],[-7.0081,42.4451]],[[-7.007,42.445],[-7.0065,42.4458],[-7.0074,42.4452],[-7.007,42.445]],[[-7.0074,42.4453],[-7.0074,42.4453],[-7.0074,42.4453],[-7.0074,42.4453]],[[-7.0086,42.4444],[-7.0093,42.4439],[-7.0094,42.4434],[-7.0086,42.4444]],[[-7.0281,42.4383],[-7.0274,42.4404],[-7.0292,42.4381],[-7.0281,42.4383]],[[-7.0254,42.4416],[-7.0247,42.4434],[-7.0259,42.4417],[-7.0254,42.4416]],[[-7.0316,42.4379],[-7.0317,42.4379],[-7.0317,42.4379],[-7.0316,42.4379]],[[-7.0315,42.4379],[-7.0316,42.4379],[-7.0315,42.4379],[-7.0315,42.4379]],[[-7.0433,42.445],[-7.0432,42.4449],[-7.043,42.4449],[-7.0433,42.445]],[[-7.0912,42.444],[-7.0939,42.4465],[-7.094,42.4452],[-7.0912,42.444]],[[-7.1208,42.4408],[-7.1209,42.4409],[-7.1209,42.4408],[-7.1208,42.4408]],[[-7.1041,42.4303],[-7.1045,42.4307],[-7.1048,42.4303],[-7.1041,42.4303]],[[-7.1061,42.4288],[-7.1045,42.4286],[-7.106,42.4297],[-7.1061,42.4288]],[[-7.1038,42.4287],[-7.1034,42.4296],[-7.1047,42.4294],[-7.1038,42.4287]],[[-7.0975,42.424],[-7.0973,42.424],[-7.0975,42.4242],[-7.0975,42.424]],[[-7.0976,42.4245],[-7.0976,42.4243],[-7.0976,42.4242],[-7.0976,42.4245]],[[-7.0671,42.4252],[-7.0676,42.4265],[-7.0683,42.4269],[-7.0671,42.4252]],[[-7.0676,42.4241],[-7.0668,42.425],[-7.068,42.425],[-7.0676,42.4241]],[[-7.1042,42.4219],[-7.1034,42.4229],[-7.1037,42.4232],[-7.1042,42.4219]],[[-7.1142,42.4194],[-7.1145,42.4204],[-7.1151,42.4196],[-7.1142,42.4194]],[[-7.1142,42.4209],[-7.1142,42.4209],[-7.1142,42.4209],[-7.1142,42.4209]],[[-7.103,42.4202],[-7.1045,42.4208],[-7.104,42.4197],[-7.103,42.4202]],[[-7.0681,42.4198],[-7.067,42.4195],[-7.0674,42.4199],[-7.0681,42.4198]],[[-7.0739,42.4192],[-7.074,42.4197],[-7.0741,42.4197],[-7.0739,42.4192]],[[-7.0742,42.4196],[-7.0743,42.4195],[-7.0742,42.4195],[-7.0742,42.4196]],[[-7.0756,42.4178],[-7.0741,42.4181],[-7.0751,42.4184],[-7.0756,42.4178]],[[-7.0696,42.4198],[-7.0695,42.4199],[-7.0696,42.4199],[-7.0696,42.4198]],[[-7.0689,42.419],[-7.0692,42.4196],[-7.0694,42.4192],[-7.0689,42.419]],[[-7.0763,42.416],[-7.0754,42.4167],[-7.075,42.4173],[-7.0757,42.4173],[-7.0763,42.416]],[[-7.111,42.4157],[-7.1114,42.4175],[-7.1122,42.4158],[-7.111,42.4157]],[[-7.1105,42.4134],[-7.1101,42.4147],[-7.111,42.4151],[-7.1105,42.4134]],[[-7.1628,42.4113],[-7.1629,42.4113],[-7.1628,42.4113],[-7.1628,42.4113]],[[-7.1823,42.4038],[-7.1815,42.406],[-7.186,42.4025],[-7.1818,42.4033],[-7.1823,42.4038]],[[-7.1763,42.4116],[-7.1763,42.4116],[-7.1763,42.4116],[-7.1763,42.4116]],[[-7.1737,42.4143],[-7.174,42.4141],[-7.1737,42.414],[-7.1737,42.4143]],[[-7.1711,42.4154],[-7.1718,42.4152],[-7.1718,42.4149],[-7.1712,42.4148],[-7.171,42.4152],[-7.1708,42.4152],[-7.1711,42.4154]],[[-7.1708,42.4151],[-7.1708,42.4151],[-7.1708,42.4151],[-7.1708,42.4151]],[[-7.1803,42.402],[-7.1802,42.4021],[-7.1803,42.4021],[-7.1803,42.402]],[[-7.1813,42.4004],[-7.1813,42.4004],[-7.1813,42.4004],[-7.1813,42.4004]],[[-7.1784,42.3999],[-7.1793,42.3998],[-7.1792,42.3995],[-7.1784,42.3999]],[[-7.1783,42.3999],[-7.1778,42.4001],[-7.1784,42.4],[-7.1783,42.3999]],[[-7.1786,42.4022],[-7.1787,42.4022],[-7.1787,42.4022],[-7.1786,42.4022]],[[-7.1814,42.4149],[-7.1814,42.415],[-7.1814,42.415],[-7.1814,42.4149]],[[-7.1691,42.4157],[-7.1693,42.4158],[-7.1692,42.4156],[-7.1691,42.4157]],[[-7.1696,42.4157],[-7.1694,42.4158],[-7.1697,42.4159],[-7.1696,42.4157]],[[-7.1765,42.4177],[-7.1764,42.4165],[-7.1756,42.4164],[-7.1765,42.4177]],[[-7.1714,42.4175],[-7.1716,42.4175],[-7.1717,42.4175],[-7.1717,42.4174],[-7.1719,42.4172],[-7.1718,42.4172],[-7.1714,42.4175]],[[-7.1628,42.4166],[-7.1629,42.4166],[-7.1628,42.4166],[-7.1628,42.4166]],[[-7.1315,42.399],[-7.1297,42.3991],[-7.1297,42.3993],[-7.1315,42.399]],[[-7.1315,42.3989],[-7.1315,42.3989],[-7.1315,42.3989],[-7.1315,42.3989]],[[-7.1632,42.4002],[-7.1638,42.4008],[-7.1642,42.4006],[-7.1636,42.3998],[-7.1632,42.4002]],[[-7.166,42.3932],[-7.1655,42.3939],[-7.1659,42.394],[-7.166,42.3932]],[[-7.173,42.4006],[-7.1724,42.4009],[-7.173,42.401],[-7.173,42.4006]],[[-7.1725,42.3967],[-7.1722,42.3962],[-7.1721,42.3967],[-7.1725,42.3967]],[[-7.1695,42.3956],[-7.1696,42.3963],[-7.17,42.3962],[-7.1695,42.3956]],[[-7.1754,42.3961],[-7.1757,42.397],[-7.1762,42.3961],[-7.1754,42.3961]],[[-7.1751,42.3972],[-7.1759,42.3975],[-7.1759,42.3971],[-7.1751,42.3972]],[[-7.1759,42.3988],[-7.1759,42.398],[-7.1753,42.398],[-7.1759,42.3988]],[[-7.177,42.4016],[-7.1778,42.4018],[-7.1773,42.401],[-7.177,42.4016]],[[-7.1536,42.3968],[-7.1534,42.3966],[-7.1532,42.3968],[-7.1536,42.3968]],[[-7.182,42.4039],[-7.1815,42.404],[-7.1815,42.4044],[-7.182,42.4039]],[[-7.171,42.4054],[-7.1715,42.4052],[-7.1709,42.4051],[-7.171,42.4054]],[[-7.1691,42.4054],[-7.1691,42.4054],[-7.1691,42.4054],[-7.1691,42.4054]],[[-7.1714,42.4049],[-7.1713,42.4048],[-7.1713,42.4049],[-7.1714,42.4049]],[[-7.1668,42.4207],[-7.1668,42.4207],[-7.1668,42.4207],[-7.1668,42.4207]],[[-7.1069,42.4238],[-7.1055,42.4237],[-7.1052,42.4231],[-7.1045,42.424],[-7.1069,42.4238]],[[-7.1653,42.4267],[-7.1658,42.4268],[-7.1657,42.4264],[-7.1653,42.4267]],[[-7.1104,42.426],[-7.1109,42.427],[-7.1114,42.4268],[-7.1121,42.4272],[-7.1104,42.426]],[[-7.1121,42.4273],[-7.1132,42.4286],[-7.1136,42.4285],[-7.1121,42.4273]],[[-7.1595,42.4301],[-7.1596,42.4301],[-7.1596,42.4301],[-7.1595,42.4301]],[[-7.1613,42.4283],[-7.1613,42.4283],[-7.1613,42.4283],[-7.1613,42.4283]],[[-7.1612,42.4285],[-7.1612,42.4285],[-7.1612,42.4285],[-7.1612,42.4285]],[[-7.175,42.4335],[-7.1703,42.4333],[-7.1699,42.4346],[-7.175,42.4335]],[[-7.179,42.4426],[-7.1784,42.4429],[-7.179,42.443],[-7.179,42.4426]],[[-7.19,42.4439],[-7.1896,42.4441],[-7.1905,42.4442],[-7.19,42.4439]],[[-7.1802,42.4438],[-7.1813,42.4446],[-7.1822,42.444],[-7.1802,42.4438]],[[-7.192,42.4465],[-7.1926,42.4468],[-7.1932,42.4459],[-7.192,42.4465]],[[-7.1715,42.4533],[-7.1734,42.454],[-7.1737,42.4539],[-7.1733,42.4532],[-7.1715,42.4533]],[[-7.1598,42.4543],[-7.1597,42.455],[-7.1602,42.4544],[-7.1598,42.4543]],[[-7.1532,42.4519],[-7.1532,42.4519],[-7.1532,42.4519],[-7.1532,42.4519]],[[-7.1518,42.4515],[-7.1518,42.4516],[-7.1518,42.4515],[-7.1518,42.4515]],[[-7.1569,42.4548],[-7.1569,42.4548],[-7.1569,42.4548],[-7.1569,42.4548]],[[-7.1533,42.4537],[-7.1534,42.4537],[-7.1534,42.4537],[-7.1533,42.4537]],[[-7.1502,42.4535],[-7.1502,42.4535],[-7.1502,42.4535],[-7.1502,42.4535]],[[-7.1495,42.4536],[-7.1484,42.4533],[-7.1482,42.4533],[-7.1493,42.4537],[-7.1495,42.4536]],[[-7.1666,42.4504],[-7.1664,42.4501],[-7.1659,42.4503],[-7.1666,42.4504]],[[-7.1668,42.4504],[-7.1668,42.4505],[-7.1669,42.4504],[-7.1668,42.4504]],[[-7.1651,42.4531],[-7.1665,42.4533],[-7.1664,42.4521],[-7.1651,42.4531]],[[-7.1664,42.4516],[-7.1675,42.4519],[-7.1673,42.4517],[-7.1664,42.4516]],[[-7.1616,42.4533],[-7.1624,42.4537],[-7.1627,42.4529],[-7.1616,42.4533]],[[-7.161,42.449],[-7.1619,42.4495],[-7.1624,42.4489],[-7.161,42.449]],[[-7.1172,42.4442],[-7.1172,42.4442],[-7.1173,42.4442],[-7.1172,42.4442]],[[-7.1041,42.4491],[-7.1041,42.4491],[-7.1041,42.4491],[-7.1041,42.4491]],[[-7.1466,42.4526],[-7.1471,42.4525],[-7.147,42.4524],[-7.1467,42.4523],[-7.1466,42.4526]],[[-7.087,42.4514],[-7.0875,42.4524],[-7.0881,42.4525],[-7.087,42.4514]],[[-7.0887,42.4536],[-7.0889,42.453],[-7.0882,42.4526],[-7.0887,42.4536]],[[-7.0614,42.4499],[-7.0602,42.4504],[-7.0603,42.4507],[-7.0614,42.4499]],[[-7.0616,42.4499],[-7.0614,42.4492],[-7.0614,42.4499],[-7.0616,42.4499]],[[-7.0689,42.4503],[-7.0695,42.4499],[-7.0695,42.4495],[-7.0689,42.4503]],[[-7.0811,42.4471],[-7.0811,42.4472],[-7.0811,42.4471],[-7.0811,42.4471]],[[-7.0786,42.4483],[-7.0785,42.4484],[-7.0787,42.4484],[-7.0786,42.4483]],[[-7.0764,42.4472],[-7.0765,42.4475],[-7.0766,42.4473],[-7.0764,42.4472]],[[-7.0776,42.448],[-7.0774,42.4485],[-7.0779,42.4481],[-7.0776,42.448]],[[-7.0951,42.4494],[-7.0949,42.4493],[-7.0949,42.4494],[-7.0951,42.4494]],[[-7.0935,42.4498],[-7.0936,42.4499],[-7.0936,42.4498],[-7.0935,42.4498]],[[-7.0934,42.4498],[-7.0934,42.4499],[-7.0934,42.4499],[-7.0934,42.4498]],[[-7.0989,42.4495],[-7.0994,42.4499],[-7.0999,42.4499],[-7.0989,42.4495]],[[-7.1,42.4497],[-7.1,42.4498],[-7.1001,42.4498],[-7.1,42.4497]],[[-7.111,42.4453],[-7.111,42.4454],[-7.111,42.4453],[-7.111,42.4453]],[[-7.1101,42.4459],[-7.1101,42.4459],[-7.1101,42.4459],[-7.1101,42.4459]],[[-7.1102,42.4459],[-7.1101,42.4459],[-7.1101,42.4459],[-7.1102,42.4459]],[[-7.1202,42.4423],[-7.1199,42.443],[-7.1207,42.4425],[-7.1202,42.4423]],[[-7.1362,42.4458],[-7.1362,42.4458],[-7.1362,42.4458],[-7.1362,42.4458]],[[-7.1641,42.4474],[-7.1648,42.447],[-7.1641,42.4468],[-7.1641,42.4474]],[[-7.1752,42.4481],[-7.1753,42.4471],[-7.1751,42.4471],[-7.1752,42.4481]],[[-7.1856,42.4561],[-7.1852,42.4547],[-7.1838,42.4554],[-7.1856,42.4561]],[[-7.1866,42.4558],[-7.1866,42.4558],[-7.1866,42.4558],[-7.1866,42.4558]],[[-7.1746,42.4569],[-7.1748,42.4567],[-7.1747,42.4567],[-7.1746,42.4569]],[[-7.1756,42.4566],[-7.1758,42.4566],[-7.1756,42.4565],[-7.1756,42.4566]],[[-7.1736,42.4562],[-7.1732,42.4562],[-7.1732,42.4563],[-7.1736,42.4562]],[[-7.1868,42.4585],[-7.1866,42.4585],[-7.1866,42.4587],[-7.1868,42.4585]],[[-7.1867,42.4588],[-7.1868,42.4588],[-7.1868,42.4588],[-7.1867,42.4588]],[[-7.1824,42.4585],[-7.1821,42.4582],[-7.182,42.4582],[-7.1824,42.4585]],[[-7.1826,42.4587],[-7.1829,42.4584],[-7.1825,42.4585],[-7.1826,42.4587]],[[-7.1841,42.4629],[-7.1841,42.4629],[-7.1841,42.4629],[-7.1841,42.4629]],[[-7.1841,42.4628],[-7.1846,42.4632],[-7.1851,42.4631],[-7.1841,42.4628]],[[-7.1643,42.4641],[-7.1643,42.4653],[-7.1644,42.4652],[-7.1643,42.4641]],[[-7.1644,42.4637],[-7.1642,42.4636],[-7.1642,42.464],[-7.1644,42.4637]],[[-7.1642,42.4632],[-7.1643,42.4634],[-7.1643,42.4632],[-7.1642,42.4632]],[[-7.1863,42.4619],[-7.1865,42.463],[-7.1873,42.4635],[-7.187,42.4625],[-7.1863,42.4619]],[[-7.1466,42.4665],[-7.1464,42.4665],[-7.1464,42.4665],[-7.1466,42.4665]],[[-7.1326,42.4562],[-7.1326,42.4561],[-7.1326,42.4561],[-7.1326,42.4562]],[[-7.1516,42.4644],[-7.1515,42.4644],[-7.1516,42.4644],[-7.1516,42.4644]],[[-7.1514,42.4645],[-7.1514,42.4645],[-7.1514,42.4645],[-7.1514,42.4645]],[[-7.1359,42.4572],[-7.1359,42.4572],[-7.1359,42.4572],[-7.1359,42.4572]],[[-7.1251,42.4583],[-7.1251,42.4583],[-7.1251,42.4583],[-7.1251,42.4583]],[[-7.1264,42.4656],[-7.1264,42.4656],[-7.1264,42.4656],[-7.1264,42.4656]],[[-7.1248,42.4659],[-7.1249,42.4658],[-7.1248,42.4658],[-7.1248,42.4659]],[[-7.1229,42.4656],[-7.1233,42.4655],[-7.1228,42.4655],[-7.1229,42.4656]],[[-7.1412,42.473],[-7.1414,42.4728],[-7.1412,42.4728],[-7.1412,42.473]],[[-7.1412,42.4732],[-7.1412,42.4732],[-7.1412,42.4732],[-7.1412,42.4732]],[[-7.141,42.4733],[-7.1411,42.4735],[-7.1412,42.4733],[-7.141,42.4733]],[[-7.0265,42.4616],[-7.0273,42.4622],[-7.0273,42.4619],[-7.0265,42.4616]],[[-7.0948,42.4618],[-7.0951,42.4627],[-7.0959,42.4633],[-7.0956,42.4624],[-7.0948,42.4618]],[[-7.0838,42.4604],[-7.0845,42.4613],[-7.0847,42.4604],[-7.0838,42.4604]],[[-7.0942,42.4604],[-7.0932,42.458],[-7.0931,42.4574],[-7.0924,42.4564],[-7.0921,42.4565],[-7.0942,42.4604]],[[-7.0924,42.4557],[-7.0922,42.4557],[-7.0923,42.4562],[-7.0924,42.4557]],[[-7.1091,42.461],[-7.1091,42.4611],[-7.1093,42.461],[-7.1091,42.461]],[[-7.1491,42.4602],[-7.1494,42.4607],[-7.1494,42.4603],[-7.1491,42.4602]],[[-7.1553,42.4653],[-7.1551,42.4654],[-7.1552,42.4654],[-7.1553,42.4653]],[[-7.1738,42.4733],[-7.1742,42.4733],[-7.1733,42.4725],[-7.1738,42.4733]],[[-7.0213,42.4768],[-7.0213,42.4765],[-7.0203,42.4756],[-7.0213,42.4768]],[[-7.0224,42.4759],[-7.0224,42.4759],[-7.0224,42.4759],[-7.0224,42.4759]],[[-6.9888,42.4745],[-6.9887,42.4742],[-6.9888,42.4746],[-6.9888,42.4745]],[[-6.9881,42.4738],[-6.9925,42.4724],[-6.9904,42.4712],[-6.9881,42.4738]],[[-6.9926,42.4726],[-6.9925,42.4725],[-6.9925,42.4726],[-6.9926,42.4726]],[[-6.9927,42.4725],[-6.9928,42.4726],[-6.9928,42.4726],[-6.9929,42.4726],[-6.9929,42.4725],[-6.9927,42.4725]],[[-6.9929,42.472],[-6.9929,42.472],[-6.9928,42.472],[-6.9929,42.472]],[[-6.9744,42.4704],[-6.9759,42.4698],[-6.9745,42.4701],[-6.9744,42.4704]],[[-7.072,42.4722],[-7.0711,42.4711],[-7.0708,42.4714],[-7.072,42.4722]],[[-7.0694,42.4767],[-7.0705,42.4759],[-7.0704,42.4755],[-7.0694,42.4767]],[[-7.0231,42.4759],[-7.0229,42.4756],[-7.0229,42.4759],[-7.0231,42.4759]],[[-7.1696,42.4794],[-7.1702,42.4801],[-7.1703,42.4795],[-7.1696,42.4794]],[[-7.1455,42.4875],[-7.1454,42.4875],[-7.1455,42.4876],[-7.1455,42.4875]],[[-7.1455,42.4874],[-7.146,42.4876],[-7.1459,42.4874],[-7.1455,42.4874]],[[-7.1438,42.4874],[-7.1419,42.4866],[-7.1407,42.4872],[-7.1438,42.4874]],[[-7.1374,42.4867],[-7.1373,42.4866],[-7.1373,42.4867],[-7.1374,42.4867]],[[-7.1226,42.486],[-7.1226,42.486],[-7.1226,42.486],[-7.1226,42.486]],[[-7.1056,42.4885],[-7.1045,42.4884],[-7.1043,42.4886],[-7.1056,42.4885]],[[-7.1042,42.4887],[-7.1043,42.4886],[-7.1042,42.4887],[-7.1042,42.4887]],[[-7.1042,42.4887],[-7.1033,42.489],[-7.1027,42.4889],[-7.1035,42.4893],[-7.1042,42.4887]],[[-7.1038,42.4888],[-7.1038,42.4889],[-7.1038,42.4888],[-7.1038,42.4888]],[[-7.1034,42.489],[-7.1034,42.489],[-7.1034,42.489],[-7.1034,42.489]],[[-7.1041,42.4887],[-7.1041,42.4886],[-7.1041,42.4886],[-7.1041,42.4887]],[[-7.1026,42.4889],[-7.1026,42.4889],[-7.1026,42.4889],[-7.1026,42.4889]],[[-7.1027,42.489],[-7.1016,42.4894],[-7.1012,42.4904],[-7.1027,42.489]],[[-7.1012,42.4904],[-7.1011,42.4904],[-7.1012,42.4904],[-7.1012,42.4904]],[[-7.1599,42.4899],[-7.16,42.4898],[-7.1599,42.4898],[-7.1599,42.4899]],[[-7.1643,42.495],[-7.1643,42.4947],[-7.164,42.4948],[-7.1643,42.495]],[[-7.1546,42.4985],[-7.1555,42.4979],[-7.1546,42.4979],[-7.1546,42.4985]],[[-7.1015,42.4995],[-7.1009,42.4994],[-7.1014,42.4996],[-7.1015,42.4995]],[[-7.1009,42.4983],[-7.1006,42.4971],[-7.1006,42.4972],[-7.1009,42.4983]],[[-7.0782,42.4944],[-7.0776,42.494],[-7.0773,42.4946],[-7.0782,42.4944]],[[-7.0766,42.4955],[-7.0763,42.4963],[-7.0774,42.4955],[-7.0766,42.4955]],[[-7.0168,42.4942],[-7.0176,42.4944],[-7.0173,42.494],[-7.0168,42.4942]],[[-7.0182,42.4913],[-7.0173,42.4909],[-7.0168,42.4909],[-7.0182,42.4913]],[[-7.0199,42.4923],[-7.0198,42.4919],[-7.0196,42.4923],[-7.0199,42.4923]],[[-7.016,42.4887],[-7.0155,42.4895],[-7.0161,42.4891],[-7.016,42.4887]],[[-6.9782,42.4804],[-6.9756,42.4817],[-6.9755,42.4843],[-6.9782,42.4804]],[[-6.9745,42.4862],[-6.9739,42.4889],[-6.976,42.4881],[-6.9745,42.4862]],[[-6.9752,42.4777],[-6.9711,42.4783],[-6.9703,42.4806],[-6.9718,42.4811],[-6.9727,42.4789],[-6.9744,42.4787],[-6.9751,42.4782],[-6.9752,42.4777]],[[-6.9667,42.4777],[-6.9678,42.4777],[-6.9678,42.4772],[-6.9667,42.4777]],[[-6.9915,42.4797],[-6.9915,42.4801],[-6.9915,42.4796],[-6.9915,42.4797]],[[-7.0731,42.4798],[-7.0738,42.4803],[-7.0743,42.4799],[-7.0731,42.4798]],[[-7.0686,42.4803],[-7.0694,42.4802],[-7.0701,42.4799],[-7.0691,42.4799],[-7.0686,42.4803]],[[-7.1542,42.4845],[-7.1538,42.4842],[-7.1536,42.4849],[-7.1542,42.4845]],[[-7.1537,42.4843],[-7.1537,42.4842],[-7.1537,42.4843],[-7.1537,42.4843]],[[-7.1451,42.486],[-7.1458,42.4852],[-7.1449,42.4856],[-7.1451,42.486]],[[-7.1193,42.4849],[-7.1187,42.4847],[-7.1185,42.485],[-7.1193,42.4849]],[[-7.1188,42.4847],[-7.1188,42.4846],[-7.1188,42.4847],[-7.1188,42.4847]],[[-7.1188,42.4846],[-7.1189,42.4846],[-7.1188,42.4846],[-7.1188,42.4846]],[[-6.9929,42.4843],[-6.9913,42.4854],[-6.9927,42.4862],[-6.9929,42.4843]],[[-7.1184,42.487],[-7.1185,42.4866],[-7.1182,42.4867],[-7.1184,42.487]],[[-7.1186,42.4864],[-7.1186,42.4867],[-7.1187,42.4863],[-7.1186,42.4864]],[[-7.1184,42.4865],[-7.1184,42.4865],[-7.1185,42.4865],[-7.1184,42.4865]],[[-7.0523,42.4878],[-7.0506,42.4888],[-7.0503,42.4894],[-7.052,42.4884],[-7.0523,42.4878]],[[-7.0504,42.4895],[-7.0503,42.4895],[-7.0504,42.4895],[-7.0504,42.4895]],[[-6.9956,42.4857],[-6.9957,42.4856],[-6.9956,42.4856],[-6.9956,42.4857]],[[-6.9961,42.4857],[-6.9959,42.4859],[-6.996,42.4859],[-6.9961,42.4857]],[[-6.9898,42.4844],[-6.9891,42.484],[-6.9888,42.4848],[-6.9898,42.4844]],[[-6.9894,42.4849],[-6.9894,42.4849],[-6.9894,42.4849],[-6.9894,42.4849]],[[-6.9898,42.4848],[-6.9899,42.4845],[-6.9896,42.4847],[-6.9898,42.4848]],[[-7.1562,42.4871],[-7.1563,42.4871],[-7.1563,42.4871],[-7.1562,42.4871]],[[-7.1656,42.4742],[-7.1657,42.4742],[-7.1657,42.4742],[-7.1656,42.4742]],[[-7.0706,42.468],[-7.0721,42.467],[-7.0715,42.4669],[-7.0706,42.468]],[[-7.0714,42.4698],[-7.0715,42.4709],[-7.0715,42.4698],[-7.0714,42.4698]],[[-7.0706,42.4678],[-7.0706,42.4678],[-7.0706,42.4678],[-7.0706,42.4678]],[[-6.9573,42.4659],[-6.9581,42.4667],[-6.958,42.4657],[-6.9573,42.4659]],[[-7.0186,42.467],[-7.0193,42.4677],[-7.0195,42.4672],[-7.0186,42.467]],[[-7.123,42.4677],[-7.123,42.4677],[-7.123,42.4677],[-7.123,42.4677]],[[-7.1229,42.4679],[-7.1234,42.4678],[-7.1234,42.4677],[-7.1229,42.4679]],[[-7.1229,42.4679],[-7.1229,42.4679],[-7.1229,42.4679],[-7.1229,42.4679]],[[-7.1219,42.4678],[-7.122,42.4678],[-7.122,42.4678],[-7.1219,42.4678]],[[-7.1219,42.468],[-7.1219,42.4679],[-7.1219,42.4678],[-7.1219,42.468]],[[-7.1218,42.468],[-7.1218,42.468],[-7.1219,42.468],[-7.1218,42.468]],[[-7.1217,42.4681],[-7.1217,42.4681],[-7.1217,42.4681],[-7.1217,42.4681]],[[-7.1217,42.4682],[-7.1216,42.4681],[-7.1216,42.4681],[-7.1217,42.4682]],[[-7.1215,42.4683],[-7.1215,42.4681],[-7.1213,42.4683],[-7.1215,42.4683]],[[-7.1212,42.4683],[-7.1212,42.4683],[-7.1212,42.4683],[-7.1212,42.4683]],[[-7.0938,42.4674],[-7.0939,42.4675],[-7.0939,42.4674],[-7.0938,42.4674]],[[-7.1239,42.4714],[-7.1241,42.4703],[-7.1233,42.4691],[-7.1239,42.4714]],[[-7.0765,42.4685],[-7.0783,42.4686],[-7.0762,42.4681],[-7.0765,42.4685]],[[-7.1432,42.4439],[-7.1433,42.4434],[-7.1429,42.4436],[-7.1432,42.4439]],[[-7.1527,42.4436],[-7.1532,42.4436],[-7.1527,42.4433],[-7.1527,42.4436]],[[-7.1586,42.4355],[-7.1584,42.4356],[-7.1588,42.4356],[-7.1586,42.4355]],[[-7.1587,42.4354],[-7.1587,42.4354],[-7.1587,42.4354],[-7.1587,42.4354]],[[-7.1622,42.4355],[-7.1616,42.4349],[-7.1617,42.4353],[-7.1622,42.4355]],[[-7.1605,42.4362],[-7.1608,42.4364],[-7.1615,42.4364],[-7.1605,42.4362]],[[-7.1602,42.436],[-7.1602,42.436],[-7.1603,42.436],[-7.1602,42.436]],[[-7.1764,42.4405],[-7.1765,42.4404],[-7.1764,42.4404],[-7.1764,42.4405]],[[-7.1711,42.4408],[-7.1708,42.4411],[-7.1707,42.4417],[-7.1712,42.4419],[-7.1711,42.4408]],[[-7.1717,42.4418],[-7.1726,42.4415],[-7.1712,42.4412],[-7.1717,42.4418]],[[-7.1731,42.4345],[-7.1741,42.4344],[-7.1748,42.4347],[-7.1752,42.4345],[-7.1745,42.4343],[-7.1731,42.4345]],[[-7.1244,42.4293],[-7.1244,42.4293],[-7.1244,42.4293],[-7.1244,42.4293]],[[-7.1246,42.4295],[-7.1246,42.4292],[-7.1245,42.4293],[-7.1246,42.4295]],[[-7.125,42.4298],[-7.125,42.4297],[-7.125,42.4297],[-7.125,42.4298]],[[-7.1251,42.4298],[-7.1251,42.4299],[-7.1252,42.4299],[-7.1251,42.4298]],[[-7.1069,42.4274],[-7.1062,42.4278],[-7.107,42.4278],[-7.1069,42.4274]],[[-7.1066,42.4262],[-7.1074,42.427],[-7.1074,42.4264],[-7.1066,42.4262]],[[-7.1025,42.429],[-7.1032,42.4281],[-7.1016,42.428],[-7.1025,42.429]],[[-7.0635,42.4522],[-7.0639,42.4524],[-7.0639,42.4522],[-7.0635,42.4522]],[[-7.0635,42.4521],[-7.0635,42.4522],[-7.0635,42.4522],[-7.0635,42.4521]],[[-7.0638,42.4528],[-7.0638,42.4528],[-7.0638,42.4528],[-7.0638,42.4528]],[[-7.0607,42.4512],[-7.061,42.452],[-7.0616,42.4509],[-7.0607,42.4512]],[[-7.0626,42.4525],[-7.0624,42.4525],[-7.0624,42.4526],[-7.0624,42.4526],[-7.0624,42.4527],[-7.0626,42.4525]],[[-7.0563,42.4533],[-7.0571,42.4529],[-7.0553,42.4533],[-7.0563,42.4533]],[[-7.0796,42.4581],[-7.0803,42.4577],[-7.0798,42.4576],[-7.0796,42.4581]],[[-6.9893,42.4602],[-6.9885,42.4591],[-6.9881,42.4602],[-6.9893,42.4602]],[[-6.9444,42.4626],[-6.9448,42.4619],[-6.9441,42.4622],[-6.9444,42.4626]],[[-6.9325,42.4611],[-6.9313,42.4612],[-6.9312,42.4613],[-6.9325,42.4611]],[[-6.9438,42.4643],[-6.9437,42.4642],[-6.9437,42.4643],[-6.9438,42.4643]],[[-6.9621,42.4934],[-6.9607,42.4931],[-6.9604,42.4934],[-6.9621,42.4934]],[[-6.9598,42.4934],[-6.9584,42.4928],[-6.9582,42.4929],[-6.9589,42.4934],[-6.9598,42.4934]],[[-7.0177,42.5352],[-7.0166,42.5344],[-7.0159,42.5344],[-7.0172,42.5354],[-7.0177,42.5352]],[[-7.0206,42.5358],[-7.0204,42.5346],[-7.0196,42.535],[-7.0206,42.5358]],[[-7.0296,42.5359],[-7.028,42.5374],[-7.0277,42.5381],[-7.0296,42.5359]],[[-7.0442,42.5407],[-7.0445,42.5412],[-7.0451,42.5404],[-7.0442,42.5407]],[[-7.0462,42.5394],[-7.0466,42.5388],[-7.0462,42.5391],[-7.0462,42.5394]],[[-7.0589,42.541],[-7.0591,42.5408],[-7.0587,42.5408],[-7.0589,42.541]],[[-7.0591,42.5405],[-7.0589,42.5406],[-7.0593,42.5406],[-7.0591,42.5405]],[[-7.0594,42.5405],[-7.0596,42.5403],[-7.0594,42.5404],[-7.0594,42.5405]],[[-7.0091,42.5355],[-7.0092,42.5366],[-7.0105,42.5358],[-7.0091,42.5355]],[[-7.0699,42.5433],[-7.0701,42.543],[-7.0698,42.5432],[-7.0699,42.5433]],[[-7.057,42.5484],[-7.0593,42.5477],[-7.0585,42.5477],[-7.0577,42.5481],[-7.0574,42.5479],[-7.057,42.5484]],[[-7.058,42.5478],[-7.058,42.5478],[-7.058,42.5478],[-7.058,42.5478]],[[-7.0594,42.5473],[-7.0598,42.5476],[-7.0599,42.5473],[-7.0594,42.5473]],[[-7.0557,42.5481],[-7.0561,42.5488],[-7.0565,42.5484],[-7.0557,42.5481]],[[-7.0568,42.5487],[-7.0544,42.55],[-7.0577,42.5497],[-7.0568,42.5487]],[[-7.0571,42.5506],[-7.0572,42.5499],[-7.0567,42.55],[-7.0571,42.5506]],[[-7.0579,42.5505],[-7.0582,42.5508],[-7.0585,42.5507],[-7.0579,42.5505]],[[-7.0464,42.5517],[-7.0461,42.5523],[-7.0465,42.5519],[-7.0464,42.5517]],[[-7.0901,42.5203],[-7.0903,42.5206],[-7.0908,42.5206],[-7.0901,42.5203]],[[-7.0915,42.5218],[-7.0907,42.5222],[-7.0909,42.5208],[-7.0915,42.5218]],[[-7.0918,42.5221],[-7.0918,42.5221],[-7.0918,42.5221],[-7.0918,42.5221]],[[-7.1306,42.5224],[-7.1311,42.5224],[-7.1311,42.5222],[-7.1306,42.5224]],[[-7.088,42.5261],[-7.0898,42.5261],[-7.0896,42.5256],[-7.088,42.5261]],[[-7.0902,42.5257],[-7.0902,42.5257],[-7.0902,42.5257],[-7.0902,42.5257]],[[-7.0903,42.5256],[-7.0903,42.5257],[-7.0903,42.5257],[-7.0903,42.5256]],[[-7.1351,42.5178],[-7.1352,42.5176],[-7.1351,42.5176],[-7.1351,42.5178]],[[-7.1352,42.5172],[-7.1352,42.5174],[-7.1352,42.5171],[-7.1352,42.5172]],[[-7.1351,42.5174],[-7.1349,42.5175],[-7.1351,42.5176],[-7.1351,42.5174]],[[-7.1928,42.4126],[-7.1931,42.4116],[-7.1923,42.4116],[-7.1928,42.4126]],[[-7.1944,42.4104],[-7.197,42.4097],[-7.1939,42.4093],[-7.1944,42.4104]],[[-7.1933,42.4089],[-7.194,42.409],[-7.1936,42.4087],[-7.1933,42.4089]],[[-7.1917,42.4079],[-7.1926,42.4079],[-7.1916,42.4077],[-7.1917,42.4079]],[[-7.1726,42.3823],[-7.1736,42.3822],[-7.1724,42.3819],[-7.1726,42.3823]],[[-7.0555,42.3756],[-7.0555,42.3757],[-7.0555,42.3756],[-7.0555,42.3756]],[[-7.0472,42.3797],[-7.048,42.3805],[-7.0481,42.3791],[-7.0472,42.3797]],[[-7.0472,42.3786],[-7.0472,42.3785],[-7.047,42.3786],[-7.0472,42.3786]],[[-6.998,42.3745],[-6.9982,42.3743],[-6.9983,42.3743],[-6.9983,42.3744],[-6.9984,42.3743],[-6.998,42.3745]],[[-7.0433,42.3746],[-7.0433,42.3746],[-7.0433,42.3746],[-7.0433,42.3746]],[[-7.0973,42.3516],[-7.0973,42.3516],[-7.0973,42.3516],[-7.0973,42.3516]],[[-7.1824,42.3598],[-7.1833,42.3596],[-7.183,42.3594],[-7.1824,42.3598]],[[-6.989,42.3677],[-6.9897,42.3668],[-6.9888,42.367],[-6.989,42.3677]],[[-6.9896,42.3668],[-6.9895,42.3668],[-6.9895,42.3668],[-6.9896,42.3668]],[[-7.0192,42.3871],[-7.0192,42.3871],[-7.0192,42.3871],[-7.0192,42.3871]],[[-7.0164,42.3869],[-7.0163,42.3868],[-7.0163,42.3869],[-7.0164,42.3869]],[[-7.0172,42.3864],[-7.0172,42.3865],[-7.0172,42.3865],[-7.0172,42.3864]],[[-7.0162,42.3868],[-7.0162,42.3869],[-7.0162,42.3868],[-7.0162,42.3868]],[[-7.0167,42.3868],[-7.0168,42.3869],[-7.0169,42.3868],[-7.0167,42.3868]],[[-7.018,42.3871],[-7.018,42.3872],[-7.018,42.3871],[-7.018,42.3871]],[[-7.0185,42.3881],[-7.0185,42.3881],[-7.0185,42.3881],[-7.0185,42.3881]],[[-7.0123,42.3964],[-7.0123,42.3964],[-7.0123,42.3964],[-7.0123,42.3964]],[[-7.0008,42.4044],[-7.0006,42.4049],[-7.001,42.4048],[-7.0008,42.4044]],[[-7.0035,42.4014],[-7.0037,42.4015],[-7.0037,42.4014],[-7.0035,42.4014]],[[-7.0039,42.4015],[-7.0037,42.4016],[-7.0038,42.4016],[-7.0039,42.4015]],[[-7.0175,42.407],[-7.0178,42.4072],[-7.0179,42.4072],[-7.0178,42.4069],[-7.0175,42.407]],[[-7.0175,42.4073],[-7.0176,42.4073],[-7.0177,42.4073],[-7.0175,42.4073]],[[-7.0176,42.4072],[-7.0177,42.4072],[-7.0176,42.4072],[-7.0176,42.4072]],[[-7.0653,42.3846],[-7.0654,42.3847],[-7.0654,42.3846],[-7.0653,42.3846]],[[-7.032,42.384],[-7.0322,42.3834],[-7.0321,42.3834],[-7.032,42.384]],[[-7.0429,42.3927],[-7.0428,42.3927],[-7.0429,42.3928],[-7.0429,42.3927]],[[-7.0321,42.4038],[-7.0322,42.4039],[-7.0323,42.4038],[-7.0321,42.4038]],[[-7.0714,42.3969],[-7.0713,42.397],[-7.0714,42.397],[-7.0714,42.3969]],[[-7.0715,42.3971],[-7.0714,42.397],[-7.0714,42.3971],[-7.0715,42.3971]],[[-7.0654,42.4066],[-7.0655,42.4066],[-7.0655,42.4066],[-7.0654,42.4066]],[[-7.0653,42.4067],[-7.0653,42.4067],[-7.0653,42.4067],[-7.0653,42.4067]],[[-7.0659,42.4065],[-7.0659,42.4065],[-7.0659,42.4065],[-7.0659,42.4065]],[[-7.066,42.4064],[-7.066,42.4063],[-7.066,42.4063],[-7.066,42.4064]],[[-7.0661,42.4064],[-7.0662,42.4063],[-7.0661,42.4064],[-7.0661,42.4064]],[[-7.0655,42.4064],[-7.0658,42.4066],[-7.0659,42.4063],[-7.0655,42.4064]],[[-7.1203,42.4074],[-7.1205,42.4067],[-7.1199,42.407],[-7.1203,42.4074]],[[-7.1093,42.4058],[-7.1083,42.4054],[-7.1081,42.4056],[-7.1093,42.4058]],[[-7.1078,42.4047],[-7.109,42.405],[-7.109,42.4047],[-7.1078,42.4047]],[[-7.1116,42.4031],[-7.1118,42.4038],[-7.1121,42.4032],[-7.1116,42.4031]],[[-7.1146,42.4039],[-7.1138,42.4033],[-7.1135,42.4036],[-7.1146,42.4039]],[[-7.0406,42.4361],[-7.0411,42.436],[-7.041,42.4359],[-7.0406,42.4361]],[[-7.0314,42.4346],[-7.0304,42.4356],[-7.0317,42.4355],[-7.0314,42.4346]],[[-6.9891,42.4476],[-6.9926,42.4467],[-6.9901,42.4465],[-6.9891,42.4476]],[[-6.9944,42.4471],[-6.9952,42.4456],[-6.9931,42.447],[-6.9944,42.4471]],[[-6.9894,42.4418],[-6.9881,42.4421],[-6.9895,42.442],[-6.9894,42.4418]],[[-6.9923,42.4409],[-6.9924,42.4409],[-6.9924,42.4409],[-6.9923,42.4409]],[[-6.9922,42.4408],[-6.9923,42.4408],[-6.9923,42.4408],[-6.9922,42.4408]],[[-6.9922,42.4408],[-6.9922,42.4408],[-6.9922,42.4408],[-6.9922,42.4408]],[[-6.9752,42.4448],[-6.9751,42.4448],[-6.9751,42.4448],[-6.9752,42.4448]],[[-6.9754,42.445],[-6.9753,42.4447],[-6.9752,42.445],[-6.9754,42.445]],[[-6.9821,42.4451],[-6.9828,42.4454],[-6.9829,42.445],[-6.9821,42.4451]],[[-6.9735,42.4441],[-6.9729,42.4429],[-6.9727,42.4441],[-6.9735,42.4441]],[[-6.971,42.4429],[-6.9713,42.4424],[-6.9706,42.4425],[-6.971,42.4429]],[[-6.9717,42.4418],[-6.9711,42.4422],[-6.9723,42.4429],[-6.9717,42.4418]],[[-6.9692,42.4459],[-6.9699,42.4454],[-6.9689,42.4453],[-6.9692,42.4459]],[[-6.9599,42.4523],[-6.9606,42.4525],[-6.9603,42.4523],[-6.9607,42.452],[-6.9599,42.4523]],[[-6.9603,42.4531],[-6.9603,42.4529],[-6.9603,42.4531],[-6.9603,42.4531]],[[-6.9613,42.4493],[-6.9605,42.4496],[-6.9609,42.45],[-6.9613,42.4493]],[[-6.9581,42.4484],[-6.9587,42.4478],[-6.9579,42.448],[-6.9581,42.4484]],[[-6.9136,42.459],[-6.9107,42.4595],[-6.9103,42.4603],[-6.9136,42.459]],[[-6.9828,42.5479],[-6.986,42.5479],[-6.9837,42.5476],[-6.9829,42.5477],[-6.9828,42.5479]],[[-6.9748,42.5525],[-6.9775,42.5516],[-6.9768,42.5515],[-6.9748,42.5525]],[[-6.9775,42.5554],[-6.9761,42.5546],[-6.9759,42.5547],[-6.9768,42.5553],[-6.9775,42.5554]],[[-6.9788,42.5567],[-6.9806,42.5575],[-6.9782,42.5561],[-6.9788,42.5567]],[[-7.076,42.5283],[-7.0761,42.5284],[-7.0761,42.5283],[-7.076,42.5283]],[[-7.076,42.5285],[-7.076,42.5285],[-7.076,42.5285],[-7.076,42.5285]],[[-7.0759,42.5286],[-7.0759,42.5286],[-7.0759,42.5286],[-7.0759,42.5286]],[[-7.0754,42.5295],[-7.0754,42.5294],[-7.0754,42.5294],[-7.0754,42.5295]],[[-7.0766,42.5328],[-7.0766,42.5327],[-7.0765,42.5328],[-7.0766,42.5328]],[[-7.0765,42.5327],[-7.0766,42.5327],[-7.0765,42.5327],[-7.0765,42.5327]],[[-7.0765,42.5327],[-7.0764,42.5327],[-7.0764,42.5327],[-7.0765,42.5327]],[[-7.0702,42.5464],[-7.0702,42.5464],[-7.0702,42.5464],[-7.0702,42.5464]],[[-6.9659,42.4526],[-6.9659,42.4525],[-6.9659,42.4526],[-6.9659,42.4526]],[[-6.9996,42.4449],[-6.9995,42.4449],[-6.9995,42.445],[-6.9996,42.4449]],[[-6.9995,42.4488],[-6.9996,42.4487],[-6.9995,42.4487],[-6.9995,42.4488]],[[-7.0674,42.3804],[-7.0672,42.3803],[-7.0672,42.3804],[-7.0674,42.3804]],[[-7.0675,42.3806],[-7.0676,42.3807],[-7.0676,42.3806],[-7.0675,42.3806]],[[-7.0699,42.3819],[-7.07,42.3819],[-7.07,42.3819],[-7.0699,42.3819]],[[-7.0298,42.4055],[-7.0298,42.4055],[-7.0299,42.4055],[-7.0298,42.4055]],[[-7.0293,42.4059],[-7.0291,42.4061],[-7.0291,42.4061],[-7.0293,42.4059]],[[-7.0289,42.4063],[-7.0289,42.4063],[-7.0289,42.4063],[-7.0289,42.4063]],[[-7.0329,42.3921],[-7.0329,42.3921],[-7.0329,42.3921],[-7.0329,42.3921]],[[-7.0232,42.4042],[-7.0233,42.4042],[-7.0233,42.4042],[-7.0232,42.4042]],[[-7.0932,42.3266],[-7.0932,42.3266],[-7.0932,42.3265],[-7.0932,42.3266]],[[-7.0867,42.3216],[-7.0868,42.3217],[-7.0867,42.3216],[-7.0867,42.3216]],[[-7.0865,42.3218],[-7.0865,42.3219],[-7.0865,42.3218],[-7.0865,42.3218]],[[-7.1882,42.4016],[-7.1883,42.4016],[-7.1883,42.4016],[-7.1882,42.4016]],[[-7.178,42.4724],[-7.178,42.4724],[-7.178,42.4724],[-7.178,42.4724]],[[-7.1692,42.4685],[-7.1694,42.4685],[-7.1694,42.4684],[-7.1692,42.4685]],[[-7.1093,42.5305],[-7.1093,42.5305],[-7.1093,42.5305],[-7.1093,42.5305]],[[-7.101,42.5389],[-7.101,42.539],[-7.101,42.539],[-7.101,42.5389]],[[-7.0749,42.374],[-7.0746,42.3738],[-7.0745,42.374],[-7.0749,42.374]],[[-6.9952,42.53],[-6.9953,42.53],[-6.9952,42.53],[-6.9952,42.53]],[[-7.0141,42.5302],[-7.0142,42.5303],[-7.0143,42.5302],[-7.0141,42.5302]],[[-6.9824,42.4763],[-6.9822,42.4761],[-6.9822,42.4762],[-6.9824,42.4763]],[[-6.9824,42.4763],[-6.9826,42.4763],[-6.9826,42.4762],[-6.9824,42.4763]],[[-6.9809,42.4787],[-6.981,42.4787],[-6.981,42.4787],[-6.9809,42.4787]],[[-6.9912,42.4713],[-6.9912,42.4713],[-6.9912,42.4713],[-6.9912,42.4713]],[[-6.9847,42.454],[-6.9847,42.4541],[-6.9847,42.4542],[-6.9847,42.454]],[[-7.0674,42.4543],[-7.0673,42.4542],[-7.0671,42.4542],[-7.0674,42.4543]],[[-7.0583,42.4479],[-7.0584,42.4478],[-7.0583,42.4478],[-7.0583,42.4479]],[[-7.0583,42.4479],[-7.0583,42.4479],[-7.0583,42.4479],[-7.0583,42.4479]],[[-7.0586,42.4484],[-7.0586,42.4484],[-7.0586,42.4484],[-7.0586,42.4484]],[[-7.1818,42.4033],[-7.1818,42.4033],[-7.1818,42.4033],[-7.1818,42.4033]],[[-7.1725,42.401],[-7.1725,42.401],[-7.1725,42.401],[-7.1725,42.401]],[[-7.1538,42.3969],[-7.1537,42.3968],[-7.1537,42.3968],[-7.1538,42.3969]],[[-7.1538,42.3969],[-7.1538,42.3969],[-7.1538,42.3969],[-7.1538,42.3969]],[[-7.1678,42.4053],[-7.1677,42.4053],[-7.1677,42.4053],[-7.1678,42.4053]],[[-7.163,42.4487],[-7.1628,42.4486],[-7.1628,42.4487],[-7.163,42.4487]],[[-7.1497,42.474],[-7.1498,42.474],[-7.1498,42.474],[-7.1497,42.474]],[[-7.151,42.4707],[-7.1509,42.4707],[-7.151,42.4707],[-7.151,42.4707]],[[-7.151,42.4719],[-7.151,42.4719],[-7.151,42.4719],[-7.151,42.4719]],[[-7.1584,42.4598],[-7.1585,42.4597],[-7.1584,42.4596],[-7.1584,42.4598]],[[-7.1554,42.4652],[-7.1553,42.4654],[-7.1554,42.4655],[-7.1554,42.4652]],[[-7.1639,42.4745],[-7.1638,42.4744],[-7.1638,42.4745],[-7.1639,42.4745]],[[-7.1689,42.4784],[-7.169,42.4782],[-7.1689,42.4782],[-7.1689,42.4784]],[[-7.1692,42.4788],[-7.1693,42.479],[-7.1695,42.4786],[-7.1692,42.4788]],[[-7.1448,42.4971],[-7.1447,42.497],[-7.1447,42.4971],[-7.1448,42.4971]],[[-7.1439,42.4985],[-7.1439,42.4985],[-7.1439,42.4985],[-7.1439,42.4985]],[[-7.0274,42.5058],[-7.0274,42.5057],[-7.0274,42.5057],[-7.0274,42.5058]],[[-7.0196,42.5123],[-7.0196,42.5123],[-7.0196,42.5123],[-7.0196,42.5123]],[[-7.0173,42.5268],[-7.0172,42.5267],[-7.0172,42.5268],[-7.0173,42.5268]],[[-7.0149,42.5314],[-7.0148,42.5314],[-7.0148,42.5314],[-7.0149,42.5314]],[[-7.0115,42.5326],[-7.0115,42.5325],[-7.0115,42.5326],[-7.0115,42.5326]],[[-7.0109,42.533],[-7.0109,42.533],[-7.0109,42.533],[-7.0109,42.533]],[[-6.9946,42.5222],[-6.9945,42.5222],[-6.9945,42.5222],[-6.9946,42.5222]],[[-7.1199,42.5069],[-7.1199,42.507],[-7.1199,42.5069],[-7.1199,42.5069]],[[-6.9659,42.4764],[-6.966,42.4762],[-6.9657,42.4762],[-6.9659,42.4764]],[[-6.9964,42.4859],[-6.9965,42.4858],[-6.9962,42.4857],[-6.9964,42.4859]],[[-6.9966,42.4859],[-6.9965,42.4861],[-6.9966,42.4861],[-6.9966,42.4859]],[[-6.9953,42.4856],[-6.9954,42.4854],[-6.9953,42.4854],[-6.9953,42.4856]],[[-6.9964,42.4861],[-6.9964,42.4861],[-6.9964,42.4861],[-6.9964,42.4861]],[[-7.1594,42.4552],[-7.1594,42.4551],[-7.1594,42.4552],[-7.1594,42.4552]],[[-7.1311,42.5221],[-7.1311,42.5221],[-7.1311,42.5221],[-7.1311,42.5221]],[[-7.0941,42.3515],[-7.094,42.3515],[-7.094,42.3515],[-7.0941,42.3515]],[[-7.0941,42.3514],[-7.094,42.3514],[-7.0941,42.3514],[-7.0941,42.3514]],[[-7.0942,42.3553],[-7.0939,42.3552],[-7.0938,42.3553],[-7.0942,42.3553]],[[-7.0942,42.3553],[-7.0942,42.3553],[-7.0942,42.3553],[-7.0942,42.3553]],[[-7.1738,42.3596],[-7.1738,42.3596],[-7.1738,42.3596],[-7.1738,42.3596]],[[-6.9978,42.3746],[-6.9978,42.3746],[-6.9978,42.3746],[-6.9978,42.3746]],[[-7.0162,42.3867],[-7.0163,42.3867],[-7.0163,42.3867],[-7.0162,42.3867]],[[-6.9978,42.4467],[-6.9975,42.4467],[-6.9975,42.447],[-6.9978,42.4467]],[[-6.9969,42.4471],[-6.9968,42.4471],[-6.9968,42.4472],[-6.9969,42.4471]],[[-6.9751,42.445],[-6.9752,42.445],[-6.9752,42.445],[-6.9751,42.445]],[[-7.1697,42.4439],[-7.1694,42.4437],[-7.1694,42.4439],[-7.1697,42.4439]],[[-7.0294,42.3977],[-7.0294,42.3977],[-7.0294,42.3977],[-7.0294,42.3977],[-7.0294,42.3977]],[[-7.0294,42.3977],[-7.0294,42.3977],[-7.0294,42.3977],[-7.0294,42.3977]],[[-7.0257,42.3849],[-7.0259,42.3849],[-7.0258,42.3848],[-7.0257,42.3849]],[[-7.0254,42.3855],[-7.0253,42.3856],[-7.0254,42.3856],[-7.0254,42.3855]],[[-7.0255,42.3859],[-7.0255,42.3858],[-7.0255,42.3859],[-7.0255,42.3859]],[[-6.9979,42.4467],[-6.9978,42.4469],[-6.9978,42.4469],[-6.9979,42.4467]],[[-6.9993,42.4469],[-6.999,42.447],[-6.9993,42.4469],[-6.9993,42.4469]],[[-7.0588,42.4479],[-7.0587,42.4478],[-7.0587,42.448],[-7.0588,42.4479]],[[-6.9825,42.4761],[-6.9825,42.4762],[-6.9826,42.4761],[-6.9825,42.4761]],[[-6.9826,42.4762],[-6.9826,42.4762],[-6.9826,42.4762],[-6.9826,42.4762]],[[-7.067,42.4545],[-7.0669,42.4546],[-7.0672,42.4543],[-7.067,42.4545]],[[-7.0677,42.4543],[-7.0675,42.4545],[-7.0677,42.4544],[-7.0677,42.4543]],[[-7.0672,42.4544],[-7.0674,42.4546],[-7.0674,42.4544],[-7.0672,42.4544]],[[-7.063,42.4523],[-7.0629,42.4526],[-7.0631,42.4525],[-7.063,42.4523]],[[-7.0627,42.4526],[-7.0628,42.4525],[-7.0628,42.4525],[-7.0627,42.4526]],[[-7.0266,42.5062],[-7.0265,42.506],[-7.0264,42.506],[-7.0265,42.5062],[-7.0266,42.5062]],[[-7.0753,42.5405],[-7.0755,42.5406],[-7.0754,42.5404],[-7.0753,42.5405]],[[-6.9172,42.475],[-6.9172,42.475],[-6.9173,42.475],[-6.9172,42.475]],[[-7.2192,42.45],[-7.2192,42.4501],[-7.2192,42.4501],[-7.2192,42.45]],[[-6.9405,42.5032],[-6.9406,42.5032],[-6.9405,42.5032],[-6.9405,42.5032]],[[-7.1008,42.4983],[-7.1008,42.4985],[-7.1008,42.4983],[-7.1008,42.4983]],[[-6.9321,42.4969],[-6.9322,42.4968],[-6.9321,42.4968],[-6.9321,42.4969]],[[-7.0543,42.562],[-7.0543,42.5617],[-7.0542,42.5617],[-7.0543,42.562]],[[-7.0081,42.554],[-7.0068,42.556],[-7.0088,42.5542],[-7.0081,42.554]],[[-7.0569,42.5125],[-7.0574,42.5127],[-7.0574,42.5125],[-7.0569,42.5125]],[[-7.0341,42.5425],[-7.035,42.5428],[-7.0351,42.5425],[-7.0341,42.5425]],[[-7.029,42.5426],[-7.0288,42.5431],[-7.0293,42.5429],[-7.029,42.5426]],[[-7.0359,42.5438],[-7.0356,42.5431],[-7.0349,42.543],[-7.0352,42.5437],[-7.0359,42.5438]],[[-7.032,42.5444],[-7.0319,42.5438],[-7.0311,42.544],[-7.032,42.5444]],[[-7.0545,42.5473],[-7.0553,42.5468],[-7.0542,42.5472],[-7.0545,42.5473]],[[-7.0381,42.5633],[-7.0383,42.5632],[-7.0381,42.5632],[-7.0381,42.5633]],[[-7.0379,42.5632],[-7.038,42.5632],[-7.0379,42.5632],[-7.0379,42.5632]],[[-7.0439,42.5515],[-7.0439,42.5516],[-7.0439,42.5516],[-7.0439,42.5515]],[[-7.0286,42.3971],[-7.0287,42.3971],[-7.0287,42.397],[-7.0286,42.3971]],[[-7.0387,42.433],[-7.0399,42.4338],[-7.04,42.4335],[-7.0387,42.433]],[[-7.0186,42.5646],[-7.0186,42.5647],[-7.0186,42.5647],[-7.0186,42.5646]],[[-6.999,42.4067],[-6.9993,42.4063],[-6.9989,42.4064],[-6.999,42.4067]],[[-7.059,42.4354],[-7.0614,42.4357],[-7.0581,42.4342],[-7.059,42.4354]],[[-7.0625,42.4347],[-7.0637,42.4351],[-7.0638,42.4348],[-7.0625,42.4347]],[[-7.0626,42.4387],[-7.0627,42.4406],[-7.0635,42.4393],[-7.0626,42.4387]],[[-7.0706,42.4685],[-7.0701,42.4684],[-7.0702,42.4686],[-7.0706,42.4685]],[[-6.9282,42.5149],[-6.9276,42.5148],[-6.9275,42.5149],[-6.9282,42.5149]],[[-6.9701,42.4326],[-6.971,42.4325],[-6.9704,42.4322],[-6.9701,42.4326]],[[-6.9719,42.432],[-6.9713,42.4325],[-6.9716,42.4327],[-6.9719,42.432]],[[-6.9843,42.4394],[-6.9839,42.4388],[-6.9841,42.4394],[-6.9843,42.4394]],[[-6.9833,42.4399],[-6.984,42.4395],[-6.9833,42.4396],[-6.9833,42.4399]],[[-6.9739,42.5564],[-6.9739,42.5564],[-6.9739,42.5564],[-6.9739,42.5564]]],[[[-6.9612,42.4407],[-6.9625,42.4429],[-6.9613,42.4423],[-6.9582,42.4433],[-6.9612,42.4407]]],[[[-6.9595,42.4444],[-6.9629,42.4446],[-6.9628,42.4435],[-6.9645,42.4445],[-6.9626,42.4454],[-6.9595,42.4444]]],[[[-7.0397,42.5701],[-7.0417,42.5707],[-7.0388,42.5713],[-7.0404,42.5726],[-7.0364,42.5723],[-7.0397,42.5701]]],[[[-7.0428,42.5769],[-7.0422,42.579],[-7.0401,42.5799],[-7.0361,42.5781],[-7.0401,42.5743],[-7.0428,42.5769]],[[-7.0423,42.5774],[-7.042,42.5779],[-7.0423,42.5779],[-7.0423,42.5774]],[[-7.0398,42.5756],[-7.0397,42.5752],[-7.0393,42.5753],[-7.0398,42.5756]],[[-7.04,42.5766],[-7.0413,42.5766],[-7.0414,42.5758],[-7.04,42.5766]],[[-7.0402,42.5774],[-7.0399,42.5771],[-7.0396,42.5776],[-7.0402,42.5774]],[[-7.0412,42.5778],[-7.0415,42.5775],[-7.0412,42.5775],[-7.0412,42.5778]]]]}}]}