{"type": "FeatureCollection", "features": [{"type": "Feature", "properties": {"id": "larouco", "nombre": "Larouco", "destino": "A Rúa", "pct_track": 0}, "geometry": {"type": "LineString", "coordinates": [[-7.16321, 42.34663], [-7.16297, 42.34649], [-7.16292, 42.34643], [-7.16279, 42.34645], [-7.16271, 42.34647], [-7.16246, 42.34651], [-7.16235, 42.34652], [-7.16224, 42.34651], [-7.16205, 42.34648], [-7.16155, 42.3464], [-7.16014, 42.34618], [-7.1597, 42.34611], [-7.15957, 42.34609], [-7.15945, 42.34609], [-7.15937, 42.34611], [-7.15928, 42.34614], [-7.1592, 42.34619], [-7.15903, 42.3463], [-7.15888, 42.34641], [-7.15875, 42.34653], [-7.15853, 42.34679], [-7.15842, 42.34698], [-7.15835, 42.34712], [-7.15828, 42.34731], [-7.15825, 42.34748], [-7.15828, 42.34774], [-7.15832, 42.34796], [-7.15837, 42.34814], [-7.15851, 42.34839], [-7.15874, 42.34875], [-7.15882, 42.34889], [-7.15883, 42.34892], [-7.15885, 42.34897], [-7.15886, 42.34903], [-7.15886, 42.34911], [-7.15885, 42.3492], [-7.15882, 42.34926], [-7.15878, 42.34933], [-7.15872, 42.34938], [-7.15865, 42.34943], [-7.15854, 42.34945], [-7.15839, 42.34946], [-7.15812, 42.34943], [-7.15729, 42.34927], [-7.15674, 42.34918], [-7.15651, 42.34916], [-7.1563, 42.34917], [-7.15614, 42.34919], [-7.15597, 42.34923], [-7.15581, 42.34927], [-7.15568, 42.34932], [-7.15541, 42.34945], [-7.15519, 42.34957], [-7.1548, 42.34979], [-7.15409, 42.35022], [-7.15375, 42.3504], [-7.15316, 42.35066], [-7.15281, 42.35081], [-7.1523, 42.35099], [-7.15079, 42.35147], [-7.15059, 42.35156], [-7.15048, 42.35164], [-7.1504, 42.35172], [-7.15034, 42.35181], [-7.15026, 42.35195], [-7.15023, 42.35205], [-7.15018, 42.35262], [-7.15005, 42.35299], [-7.14999, 42.35325], [-7.14998, 42.35337], [-7.15001, 42.3535], [-7.15008, 42.35385], [-7.15008, 42.35394], [-7.15007, 42.354], [-7.15002, 42.35406], [-7.14987, 42.35419], [-7.14846, 42.35483], [-7.14828, 42.35493], [-7.14818, 42.355], [-7.14803, 42.35513], [-7.1474, 42.35583], [-7.14732, 42.3559], [-7.14611, 42.35677], [-7.14603, 42.35683], [-7.14594, 42.35687], [-7.14585, 42.35692], [-7.14574, 42.35696], [-7.14562, 42.357], [-7.14549, 42.35704], [-7.14515, 42.35712], [-7.14504, 42.35715], [-7.14496, 42.35718], [-7.14489, 42.35722], [-7.14484, 42.35725], [-7.14478, 42.3573], [-7.14471, 42.35737], [-7.14464, 42.35747], [-7.14454, 42.35762], [-7.14447, 42.35771], [-7.14439, 42.35778], [-7.14432, 42.35784], [-7.14423, 42.3579], [-7.14409, 42.35797], [-7.14379, 42.35812], [-7.14363, 42.35821], [-7.14348, 42.35831], [-7.14334, 42.35842], [-7.14323, 42.35852], [-7.14312, 42.35865], [-7.14298, 42.35883], [-7.14287, 42.359], [-7.1428, 42.35913], [-7.14272, 42.35928], [-7.14261, 42.35959], [-7.14247, 42.35993], [-7.14235, 42.36018], [-7.14214, 42.36058], [-7.14204, 42.36078], [-7.14201, 42.36085], [-7.14197, 42.36099], [-7.14194, 42.36106], [-7.14193, 42.36112], [-7.14193, 42.36113], [-7.14191, 42.36121], [-7.14191, 42.36128], [-7.14192, 42.36138], [-7.142, 42.36187], [-7.14203, 42.362], [-7.14205, 42.36211], [-7.14205, 42.36222], [-7.14204, 42.36232], [-7.14201, 42.3624], [-7.14196, 42.36248], [-7.14167, 42.36285], [-7.14151, 42.36307], [-7.14096, 42.364], [-7.14087, 42.36415], [-7.14085, 42.3642], [-7.14081, 42.3643], [-7.14078, 42.3644], [-7.14076, 42.36451], [-7.14073, 42.36513], [-7.14072, 42.36527], [-7.1407, 42.36537], [-7.14067, 42.36545], [-7.14062, 42.36556], [-7.14051, 42.36575], [-7.14046, 42.36584], [-7.14043, 42.36592], [-7.14041, 42.36599], [-7.14039, 42.36611], [-7.14028, 42.36686], [-7.14028, 42.3669], [-7.14019, 42.3675], [-7.14017, 42.36776], [-7.14018, 42.36801], [-7.1402, 42.36819], [-7.14024, 42.3684], [-7.14027, 42.36854], [-7.14036, 42.36891], [-7.14047, 42.36935], [-7.1405, 42.36947], [-7.14054, 42.36957], [-7.14059, 42.36967], [-7.14065, 42.36977], [-7.14069, 42.36987], [-7.14072, 42.36999], [-7.14074, 42.37009], [-7.14074, 42.3702], [-7.14073, 42.37037], [-7.1407, 42.37059], [-7.14067, 42.37074], [-7.14062, 42.37087], [-7.14056, 42.37101], [-7.14049, 42.37113], [-7.14042, 42.37123], [-7.14036, 42.37131], [-7.14029, 42.37139], [-7.14021, 42.37145], [-7.14013, 42.37151], [-7.13988, 42.37163], [-7.1396, 42.37176], [-7.13941, 42.37187], [-7.13925, 42.37193], [-7.13917, 42.37197], [-7.13908, 42.37203], [-7.13895, 42.37212], [-7.13884, 42.37221], [-7.13846, 42.37261], [-7.13815, 42.3729], [-7.13806, 42.37297], [-7.13788, 42.37315], [-7.13767, 42.37336], [-7.13734, 42.37375], [-7.13712, 42.37409], [-7.13698, 42.37434], [-7.13693, 42.37446], [-7.13686, 42.37461], [-7.13683, 42.3748], [-7.13682, 42.37484], [-7.13674, 42.37522], [-7.13672, 42.37537], [-7.13669, 42.37564], [-7.13666, 42.3759], [-7.13665, 42.37605], [-7.13665, 42.37617], [-7.13663, 42.37668], [-7.1366, 42.37707], [-7.13655, 42.37732], [-7.13653, 42.37758], [-7.13649, 42.3778], [-7.13645, 42.37803], [-7.1364, 42.37826], [-7.13631, 42.37858], [-7.13623, 42.37885], [-7.13608, 42.37933], [-7.13603, 42.37956], [-7.136, 42.37975], [-7.136, 42.37997], [-7.13601, 42.38007], [-7.13601, 42.38016], [-7.13605, 42.38038], [-7.13629, 42.38136], [-7.13633, 42.38162], [-7.13638, 42.38206], [-7.13638, 42.38221], [-7.13638, 42.38253], [-7.13636, 42.38281], [-7.13634, 42.38302], [-7.1363, 42.38323], [-7.13625, 42.38342], [-7.13619, 42.38362], [-7.13612, 42.38377], [-7.13601, 42.38399], [-7.13586, 42.38419], [-7.1357, 42.3844], [-7.13554, 42.38456], [-7.13534, 42.38473], [-7.13508, 42.38492], [-7.13478, 42.3851], [-7.13456, 42.38522], [-7.13422, 42.38534], [-7.13383, 42.38548], [-7.13339, 42.38561], [-7.13279, 42.38579], [-7.1326, 42.38585], [-7.13233, 42.38594], [-7.13225, 42.38598], [-7.13215, 42.38602], [-7.13204, 42.38607], [-7.13167, 42.38627], [-7.13135, 42.38648], [-7.1313, 42.38651], [-7.13122, 42.38657], [-7.13105, 42.3867], [-7.13094, 42.38679], [-7.13079, 42.38692], [-7.13065, 42.38705], [-7.13053, 42.38719], [-7.13041, 42.3873], [-7.1303, 42.3874], [-7.13024, 42.38746], [-7.13019, 42.38754], [-7.13017, 42.38759], [-7.13014, 42.38763], [-7.1301, 42.38769], [-7.12994, 42.38796], [-7.12977, 42.38825], [-7.12968, 42.3884], [-7.12959, 42.3885], [-7.12956, 42.38854], [-7.12947, 42.38862], [-7.12936, 42.38869], [-7.12925, 42.38875], [-7.12913, 42.3888], [-7.12901, 42.38884], [-7.12886, 42.38887], [-7.12868, 42.38889], [-7.12814, 42.38892], [-7.12793, 42.38893], [-7.12784, 42.38893], [-7.12765, 42.38894], [-7.12726, 42.38896], [-7.12696, 42.38899], [-7.12681, 42.38902], [-7.12669, 42.38905], [-7.12656, 42.3891], [-7.12647, 42.38915], [-7.12638, 42.38921], [-7.12619, 42.38934], [-7.12609, 42.38942], [-7.12595, 42.38953], [-7.12588, 42.38959], [-7.12585, 42.38962], [-7.12584, 42.38964], [-7.12584, 42.38965], [-7.12585, 42.38966], [-7.12585, 42.38969], [-7.12585, 42.38972], [-7.12584, 42.38974], [-7.12582, 42.38977], [-7.12579, 42.38979], [-7.12577, 42.3898], [-7.12574, 42.38981], [-7.12571, 42.38982], [-7.12568, 42.38982], [-7.12563, 42.38983], [-7.1256, 42.38984], [-7.12556, 42.38986], [-7.12544, 42.38993], [-7.12524, 42.39007], [-7.12513, 42.39015], [-7.12505, 42.39021], [-7.12498, 42.39025], [-7.12487, 42.39032], [-7.12479, 42.39037], [-7.12459, 42.39049], [-7.1237, 42.39101], [-7.12355, 42.3911], [-7.12336, 42.39121], [-7.12302, 42.39142], [-7.12276, 42.3916], [-7.12261, 42.3917], [-7.12244, 42.3918], [-7.12231, 42.39187], [-7.12221, 42.39191], [-7.12064, 42.39252], [-7.1203, 42.39265], [-7.12007, 42.39274], [-7.11989, 42.39281], [-7.11975, 42.39286], [-7.11873, 42.39326], [-7.1186, 42.39331], [-7.11748, 42.39374], [-7.1172, 42.39384], [-7.11689, 42.39396], [-7.11626, 42.39421], [-7.11617, 42.39424], [-7.11591, 42.39435], [-7.11571, 42.39444], [-7.11556, 42.39451], [-7.11542, 42.39458], [-7.11524, 42.39469], [-7.1149, 42.3949], [-7.11479, 42.39498], [-7.11471, 42.39503], [-7.11463, 42.39509], [-7.11452, 42.39515], [-7.11441, 42.39519], [-7.11427, 42.39523], [-7.11418, 42.39537], [-7.11415, 42.39533]]}}, {"type": "Feature", "properties": {"id": "seadur", "nombre": "Seadur", "destino": "A Rúa", "pct_track": 0}, "geometry": {"type": "LineString", "coordinates": [[-7.16129, 42.37504], [-7.16128, 42.37494], [-7.16127, 42.37488], [-7.16123, 42.37484], [-7.16116, 42.37483], [-7.16109, 42.37486], [-7.16099, 42.37494], [-7.1609, 42.375], [-7.16076, 42.37507], [-7.1606, 42.37515], [-7.16051, 42.37513], [-7.16027, 42.37513], [-7.15888, 42.37517], [-7.15873, 42.3752], [-7.1586, 42.37523], [-7.15822, 42.37532], [-7.15796, 42.37539], [-7.15786, 42.37541], [-7.15773, 42.37542], [-7.15755, 42.37541], [-7.15739, 42.3754], [-7.15724, 42.37541], [-7.15662, 42.37547], [-7.15623, 42.3755], [-7.15601, 42.37553], [-7.15582, 42.37555], [-7.15566, 42.37555], [-7.15552, 42.37553], [-7.15537, 42.37549], [-7.15516, 42.37542], [-7.15499, 42.37537], [-7.15481, 42.37534], [-7.15456, 42.37532], [-7.15423, 42.37531], [-7.15415, 42.37531], [-7.15379, 42.3753], [-7.15361, 42.3753], [-7.15347, 42.37531], [-7.15315, 42.37534], [-7.15304, 42.37535], [-7.15293, 42.37534], [-7.1528, 42.37532], [-7.15253, 42.37526], [-7.15219, 42.37519], [-7.1521, 42.37518], [-7.15173, 42.37519], [-7.15123, 42.37522], [-7.1511, 42.37523], [-7.151, 42.37526], [-7.15093, 42.3753], [-7.15088, 42.37533], [-7.15077, 42.37547], [-7.15061, 42.3757], [-7.15039, 42.37602], [-7.15032, 42.37608], [-7.15024, 42.37611], [-7.15013, 42.37613], [-7.15002, 42.37613], [-7.14991, 42.37611], [-7.14952, 42.37599], [-7.14889, 42.37582], [-7.14812, 42.37561], [-7.14768, 42.37548], [-7.14741, 42.37537], [-7.14719, 42.37528], [-7.14697, 42.37513], [-7.14678, 42.37498], [-7.14662, 42.37482], [-7.14657, 42.37474], [-7.14645, 42.37443], [-7.14639, 42.37433], [-7.14629, 42.37424], [-7.14617, 42.37418], [-7.14584, 42.37406], [-7.14571, 42.374], [-7.14535, 42.37386], [-7.14493, 42.37371], [-7.14469, 42.37365], [-7.14439, 42.37362], [-7.14412, 42.3736], [-7.14398, 42.37361], [-7.14358, 42.37368], [-7.14328, 42.37374], [-7.14304, 42.37379], [-7.14285, 42.37387], [-7.14268, 42.37396], [-7.1424, 42.37415], [-7.14217, 42.37431], [-7.14203, 42.37438], [-7.14182, 42.37443], [-7.14157, 42.37449], [-7.14136, 42.37453], [-7.14115, 42.37461], [-7.14057, 42.37486], [-7.14022, 42.37502], [-7.14, 42.37511], [-7.13984, 42.37515], [-7.13965, 42.37517], [-7.13945, 42.37516], [-7.13926, 42.37512], [-7.13904, 42.37504], [-7.13826, 42.37467], [-7.13814, 42.37463], [-7.13805, 42.37462], [-7.13797, 42.37462], [-7.13788, 42.37464], [-7.13776, 42.37468], [-7.13765, 42.37472], [-7.13754, 42.37479], [-7.13741, 42.37489], [-7.13732, 42.37498], [-7.13714, 42.37515], [-7.13707, 42.37523], [-7.13696, 42.37542], [-7.13694, 42.37553], [-7.13698, 42.37587], [-7.13696, 42.37592], [-7.13692, 42.37598], [-7.13689, 42.37601], [-7.13682, 42.37607], [-7.13674, 42.37618], [-7.1367, 42.37626], [-7.13668, 42.37649], [-7.13667, 42.37672], [-7.13665, 42.3769], [-7.1366, 42.37707], [-7.13655, 42.37732], [-7.13653, 42.37758], [-7.13649, 42.3778], [-7.13645, 42.37803], [-7.1364, 42.37826], [-7.13631, 42.37858], [-7.13623, 42.37885], [-7.13608, 42.37933], [-7.13603, 42.37956], [-7.136, 42.37975], [-7.136, 42.37997], [-7.13601, 42.38007], [-7.13601, 42.38016], [-7.13605, 42.38038], [-7.13629, 42.38136], [-7.13633, 42.38162], [-7.13638, 42.38206], [-7.13638, 42.38221], [-7.13638, 42.38253], [-7.13636, 42.38281], [-7.13634, 42.38302], [-7.1363, 42.38323], [-7.13625, 42.38342], [-7.13619, 42.38362], [-7.13612, 42.38377], [-7.13601, 42.38399], [-7.13586, 42.38419], [-7.1357, 42.3844], [-7.13554, 42.38456], [-7.13534, 42.38473], [-7.13508, 42.38492], [-7.13478, 42.3851], [-7.13456, 42.38522], [-7.13422, 42.38534], [-7.13383, 42.38548], [-7.13339, 42.38561], [-7.13279, 42.38579], [-7.1326, 42.38585], [-7.13233, 42.38594], [-7.13225, 42.38598], [-7.13215, 42.38602], [-7.13204, 42.38607], [-7.13167, 42.38627], [-7.13135, 42.38648], [-7.1313, 42.38651], [-7.13122, 42.38657], [-7.13105, 42.3867], [-7.13094, 42.38679], [-7.13079, 42.38692], [-7.13065, 42.38705], [-7.13053, 42.38719], [-7.13041, 42.3873], [-7.1303, 42.3874], [-7.13024, 42.38746], [-7.13019, 42.38754], [-7.13017, 42.38759], [-7.13014, 42.38763], [-7.1301, 42.38769], [-7.12994, 42.38796], [-7.12977, 42.38825], [-7.12968, 42.3884], [-7.12959, 42.3885], [-7.12956, 42.38854], [-7.12947, 42.38862], [-7.12936, 42.38869], [-7.12925, 42.38875], [-7.12913, 42.3888], [-7.12901, 42.38884], [-7.12886, 42.38887], [-7.12868, 42.38889], [-7.12814, 42.38892], [-7.12793, 42.38893], [-7.12784, 42.38893], [-7.12765, 42.38894], [-7.12726, 42.38896], [-7.12696, 42.38899], [-7.12681, 42.38902], [-7.12669, 42.38905], [-7.12656, 42.3891], [-7.12647, 42.38915], [-7.12638, 42.38921], [-7.12619, 42.38934], [-7.12609, 42.38942], [-7.12595, 42.38953], [-7.12588, 42.38959], [-7.12585, 42.38962], [-7.12584, 42.38964], [-7.12584, 42.38965], [-7.12585, 42.38966], [-7.12585, 42.38969], [-7.12585, 42.38972], [-7.12584, 42.38974], [-7.12582, 42.38977], [-7.12579, 42.38979], [-7.12577, 42.3898], [-7.12574, 42.38981], [-7.12571, 42.38982], [-7.12568, 42.38982], [-7.12563, 42.38983], [-7.1256, 42.38984], [-7.12556, 42.38986], [-7.12544, 42.38993], [-7.12524, 42.39007], [-7.12513, 42.39015], [-7.12505, 42.39021], [-7.12498, 42.39025], [-7.12487, 42.39032], [-7.12479, 42.39037], [-7.12459, 42.39049], [-7.1237, 42.39101], [-7.12355, 42.3911], [-7.12336, 42.39121], [-7.12302, 42.39142], [-7.12276, 42.3916], [-7.12261, 42.3917], [-7.12244, 42.3918], [-7.12231, 42.39187], [-7.12221, 42.39191], [-7.12064, 42.39252], [-7.1203, 42.39265], [-7.12007, 42.39274], [-7.11989, 42.39281], [-7.11975, 42.39286], [-7.11873, 42.39326], [-7.1186, 42.39331], [-7.11748, 42.39374], [-7.1172, 42.39384], [-7.11689, 42.39396], [-7.11626, 42.39421], [-7.11617, 42.39424], [-7.11591, 42.39435], [-7.11571, 42.39444], [-7.11556, 42.39451], [-7.11542, 42.39458], [-7.11524, 42.39469], [-7.1149, 42.3949], [-7.11479, 42.39498], [-7.11471, 42.39503], [-7.11463, 42.39509], [-7.11452, 42.39515], [-7.11441, 42.39519], [-7.11427, 42.39523], [-7.11418, 42.39537], [-7.11415, 42.39533]]}}, {"type": "Feature", "properties": {"id": "freixido", "nombre": "Freixido", "destino": "A Rúa", "pct_track": 0}, "geometry": {"type": "LineString", "coordinates": [[-7.14037, 42.36564], [-7.14044, 42.3657], [-7.14051, 42.36575], [-7.14046, 42.36584], [-7.14043, 42.36592], [-7.14041, 42.36599], [-7.14039, 42.36611], [-7.14028, 42.36686], [-7.14028, 42.3669], [-7.14019, 42.3675], [-7.14017, 42.36776], [-7.14018, 42.36801], [-7.1402, 42.36819], [-7.14024, 42.3684], [-7.14027, 42.36854], [-7.14036, 42.36891], [-7.14047, 42.36935], [-7.1405, 42.36947], [-7.14054, 42.36957], [-7.14059, 42.36967], [-7.14065, 42.36977], [-7.14069, 42.36987], [-7.14072, 42.36999], [-7.14074, 42.37009], [-7.14074, 42.3702], [-7.14073, 42.37037], [-7.1407, 42.37059], [-7.14067, 42.37074], [-7.14062, 42.37087], [-7.14056, 42.37101], [-7.14049, 42.37113], [-7.14042, 42.37123], [-7.14036, 42.37131], [-7.14029, 42.37139], [-7.14021, 42.37145], [-7.14013, 42.37151], [-7.13988, 42.37163], [-7.1396, 42.37176], [-7.13941, 42.37187], [-7.13925, 42.37193], [-7.13917, 42.37197], [-7.13908, 42.37203], [-7.13895, 42.37212], [-7.13884, 42.37221], [-7.13846, 42.37261], [-7.13815, 42.3729], [-7.13806, 42.37297], [-7.13788, 42.37315], [-7.13767, 42.37336], [-7.13734, 42.37375], [-7.13712, 42.37409], [-7.13698, 42.37434], [-7.13693, 42.37446], [-7.13686, 42.37461], [-7.13683, 42.3748], [-7.13682, 42.37484], [-7.13674, 42.37522], [-7.13672, 42.37537], [-7.13669, 42.37564], [-7.13666, 42.3759], [-7.13665, 42.37605], [-7.13665, 42.37617], [-7.13663, 42.37668], [-7.1366, 42.37707], [-7.13655, 42.37732], [-7.13653, 42.37758], [-7.13649, 42.3778], [-7.13645, 42.37803], [-7.1364, 42.37826], [-7.13631, 42.37858], [-7.13623, 42.37885], [-7.13608, 42.37933], [-7.13603, 42.37956], [-7.136, 42.37975], [-7.136, 42.37997], [-7.13601, 42.38007], [-7.13601, 42.38016], [-7.13605, 42.38038], [-7.13629, 42.38136], [-7.13633, 42.38162], [-7.13638, 42.38206], [-7.13638, 42.38221], [-7.13638, 42.38253], [-7.13636, 42.38281], [-7.13634, 42.38302], [-7.1363, 42.38323], [-7.13625, 42.38342], [-7.13619, 42.38362], [-7.13612, 42.38377], [-7.13601, 42.38399], [-7.13586, 42.38419], [-7.1357, 42.3844], [-7.13554, 42.38456], [-7.13534, 42.38473], [-7.13508, 42.38492], [-7.13478, 42.3851], [-7.13456, 42.38522], [-7.13422, 42.38534], [-7.13383, 42.38548], [-7.13339, 42.38561], [-7.13279, 42.38579], [-7.1326, 42.38585], [-7.13233, 42.38594], [-7.13225, 42.38598], [-7.13215, 42.38602], [-7.13204, 42.38607], [-7.13167, 42.38627], [-7.13135, 42.38648], [-7.1313, 42.38651], [-7.13122, 42.38657], [-7.13105, 42.3867], [-7.13094, 42.38679], [-7.13079, 42.38692], [-7.13065, 42.38705], [-7.13053, 42.38719], [-7.13041, 42.3873], [-7.1303, 42.3874], [-7.13024, 42.38746], [-7.13019, 42.38754], [-7.13017, 42.38759], [-7.13014, 42.38763], [-7.1301, 42.38769], [-7.12994, 42.38796], [-7.12977, 42.38825], [-7.12968, 42.3884], [-7.12959, 42.3885], [-7.12956, 42.38854], [-7.12947, 42.38862], [-7.12936, 42.38869], [-7.12925, 42.38875], [-7.12913, 42.3888], [-7.12901, 42.38884], [-7.12886, 42.38887], [-7.12868, 42.38889], [-7.12814, 42.38892], [-7.12793, 42.38893], [-7.12784, 42.38893], [-7.12765, 42.38894], [-7.12726, 42.38896], [-7.12696, 42.38899], [-7.12681, 42.38902], [-7.12669, 42.38905], [-7.12656, 42.3891], [-7.12647, 42.38915], [-7.12638, 42.38921], [-7.12619, 42.38934], [-7.12609, 42.38942], [-7.12595, 42.38953], [-7.12588, 42.38959], [-7.12585, 42.38962], [-7.12584, 42.38964], [-7.12584, 42.38965], [-7.12585, 42.38966], [-7.12585, 42.38969], [-7.12585, 42.38972], [-7.12584, 42.38974], [-7.12582, 42.38977], [-7.12579, 42.38979], [-7.12577, 42.3898], [-7.12574, 42.38981], [-7.12571, 42.38982], [-7.12568, 42.38982], [-7.12563, 42.38983], [-7.1256, 42.38984], [-7.12556, 42.38986], [-7.12544, 42.38993], [-7.12524, 42.39007], [-7.12513, 42.39015], [-7.12505, 42.39021], [-7.12498, 42.39025], [-7.12487, 42.39032], [-7.12479, 42.39037], [-7.12459, 42.39049], [-7.1237, 42.39101], [-7.12355, 42.3911], [-7.12336, 42.39121], [-7.12302, 42.39142], [-7.12276, 42.3916], [-7.12261, 42.3917], [-7.12244, 42.3918], [-7.12231, 42.39187], [-7.12221, 42.39191], [-7.12064, 42.39252], [-7.1203, 42.39265], [-7.12007, 42.39274], [-7.11989, 42.39281], [-7.11975, 42.39286], [-7.11873, 42.39326], [-7.1186, 42.39331], [-7.11748, 42.39374], [-7.1172, 42.39384], [-7.11689, 42.39396], [-7.11626, 42.39421], [-7.11617, 42.39424], [-7.11591, 42.39435], [-7.11571, 42.39444], [-7.11556, 42.39451], [-7.11542, 42.39458], [-7.11524, 42.39469], [-7.1149, 42.3949], [-7.11479, 42.39498], [-7.11471, 42.39503], [-7.11463, 42.39509], [-7.11452, 42.39515], [-7.11441, 42.39519], [-7.11427, 42.39523], [-7.11418, 42.39537], [-7.11415, 42.39533]]}}, {"type": "Feature", "properties": {"id": "pradorramisquedo", "nombre": "Pradorramisquedo", "destino": "A Rúa", "pct_track": 0}, "geometry": {"type": "LineString", "coordinates": [[-6.96614, 42.14724], [-6.96589, 42.147], [-6.96591, 42.14693], [-6.966, 42.14678], [-6.96611, 42.14669], [-6.96622, 42.14663], [-6.96627, 42.14656], [-6.96633, 42.1465], [-6.96643, 42.14643], [-6.96647, 42.14637], [-6.96652, 42.14625], [-6.96654, 42.1461], [-6.96658, 42.14596], [-6.96662, 42.1458], [-6.9667, 42.14556], [-6.96672, 42.14542], [-6.96671, 42.14537], [-6.96669, 42.14534], [-6.96666, 42.1453], [-6.96659, 42.14526], [-6.96653, 42.14523], [-6.96647, 42.14522], [-6.96636, 42.14524], [-6.96614, 42.14527], [-6.96597, 42.14529], [-6.96581, 42.14528], [-6.9656, 42.14527], [-6.96547, 42.14523], [-6.96527, 42.14514], [-6.9652, 42.1451], [-6.96516, 42.14505], [-6.96514, 42.14499], [-6.96516, 42.14494], [-6.96522, 42.14488], [-6.96532, 42.14483], [-6.96555, 42.14473], [-6.96562, 42.14469], [-6.96565, 42.14465], [-6.96565, 42.1446], [-6.96563, 42.14454], [-6.96554, 42.14444], [-6.96548, 42.14434], [-6.96545, 42.14426], [-6.96544, 42.14411], [-6.96544, 42.14395], [-6.96539, 42.14382], [-6.9653, 42.14373], [-6.96521, 42.14369], [-6.96502, 42.14366], [-6.96491, 42.14362], [-6.96486, 42.14358], [-6.96487, 42.14348], [-6.96488, 42.14343], [-6.965, 42.14328], [-6.96505, 42.14321], [-6.96503, 42.14319], [-6.96501, 42.14316], [-6.96518, 42.14302], [-6.9658, 42.14244], [-6.96593, 42.14232], [-6.96603, 42.14225], [-6.96612, 42.1422], [-6.96623, 42.14215], [-6.96666, 42.14202], [-6.96684, 42.14196], [-6.96698, 42.1419], [-6.96712, 42.14182], [-6.96763, 42.14146], [-6.96778, 42.14137], [-6.96791, 42.14131], [-6.96802, 42.14129], [-6.96817, 42.14125], [-6.9683, 42.14124], [-6.96846, 42.14124], [-6.96864, 42.14124], [-6.96877, 42.14126], [-6.96949, 42.14144], [-6.96977, 42.14152], [-6.9702, 42.14166], [-6.97093, 42.14191], [-6.97111, 42.14198], [-6.97125, 42.14205], [-6.97157, 42.14225], [-6.97169, 42.14232], [-6.97185, 42.14238], [-6.972, 42.14241], [-6.9722, 42.14242], [-6.97244, 42.1424], [-6.97299, 42.14231], [-6.97317, 42.14229], [-6.97335, 42.14228], [-6.97352, 42.14229], [-6.97389, 42.14233], [-6.9742, 42.14239], [-6.97444, 42.14245], [-6.97496, 42.1426], [-6.97514, 42.14264], [-6.97547, 42.1427], [-6.97554, 42.14271], [-6.97603, 42.14279], [-6.97653, 42.14286], [-6.97675, 42.14289], [-6.97693, 42.14289], [-6.97748, 42.14285], [-6.97824, 42.1428], [-6.97849, 42.14278], [-6.97861, 42.14278], [-6.97872, 42.1428], [-6.97884, 42.14284], [-6.97895, 42.14292], [-6.97903, 42.14301], [-6.97922, 42.1433], [-6.97928, 42.14338], [-6.97934, 42.14345], [-6.97944, 42.14352], [-6.97963, 42.1436], [-6.97993, 42.1437], [-6.98008, 42.14374], [-6.98027, 42.14375], [-6.98069, 42.14372], [-6.98108, 42.1437], [-6.98121, 42.1437], [-6.98139, 42.14371], [-6.98261, 42.14387], [-6.98299, 42.14392], [-6.98324, 42.14394], [-6.98353, 42.14393], [-6.98402, 42.1439], [-6.98421, 42.14389], [-6.98438, 42.14385], [-6.98455, 42.14377], [-6.98498, 42.14352], [-6.98518, 42.14337], [-6.98585, 42.1427], [-6.98614, 42.14242], [-6.98627, 42.14232], [-6.98662, 42.14205], [-6.98675, 42.14194], [-6.98697, 42.14166], [-6.98746, 42.141], [-6.98759, 42.14075], [-6.98767, 42.14055], [-6.98768, 42.14046], [-6.98765, 42.14039], [-6.98756, 42.14031], [-6.98721, 42.14012], [-6.98705, 42.14001], [-6.98694, 42.1399], [-6.98683, 42.13982], [-6.98632, 42.13956], [-6.98619, 42.13948], [-6.98615, 42.13943], [-6.98612, 42.13936], [-6.98613, 42.13927], [-6.98623, 42.13908], [-6.98646, 42.13872], [-6.98662, 42.13842], [-6.98672, 42.13827], [-6.98683, 42.13814], [-6.98695, 42.13802], [-6.98719, 42.13782], [-6.98762, 42.13751], [-6.98786, 42.13732], [-6.98797, 42.13719], [-6.98835, 42.13649], [-6.98845, 42.13627], [-6.98848, 42.1361], [-6.98848, 42.13594], [-6.98843, 42.13575], [-6.98839, 42.13552], [-6.98836, 42.13537], [-6.98821, 42.13511], [-6.98811, 42.13491], [-6.98808, 42.13479], [-6.98805, 42.1345], [-6.98801, 42.13444], [-6.98793, 42.13437], [-6.98778, 42.1343], [-6.98668, 42.13408], [-6.98634, 42.13402], [-6.98619, 42.13402], [-6.98595, 42.13403], [-6.98582, 42.13402], [-6.9857, 42.13397], [-6.98558, 42.13389], [-6.98528, 42.13366], [-6.98517, 42.13354], [-6.98512, 42.13343], [-6.98509, 42.13331], [-6.98511, 42.13255], [-6.98514, 42.13179], [-6.98516, 42.13169], [-6.98519, 42.13161], [-6.98529, 42.1314], [-6.98544, 42.13114], [-6.98546, 42.13105], [-6.98545, 42.13094], [-6.98534, 42.13074], [-6.98524, 42.13055], [-6.98518, 42.13036], [-6.98514, 42.13019], [-6.98512, 42.13004], [-6.98512, 42.12981], [-6.98512, 42.12966], [-6.98509, 42.12956], [-6.98501, 42.12938], [-6.98498, 42.12934], [-6.98478, 42.12901], [-6.98472, 42.12888], [-6.98472, 42.12875], [-6.98477, 42.12863], [-6.98487, 42.12851], [-6.98491, 42.12847], [-6.985, 42.12835], [-6.98505, 42.12828], [-6.98511, 42.12816], [-6.98513, 42.12805], [-6.98513, 42.12794], [-6.98508, 42.1278], [-6.98485, 42.12726], [-6.98481, 42.12711], [-6.9848, 42.12705], [-6.98478, 42.12685], [-6.98478, 42.1267], [-6.98477, 42.12643], [-6.98477, 42.12638], [-6.98475, 42.12608], [-6.98477, 42.12596], [-6.9848, 42.12586], [-6.98484, 42.12573], [-6.98494, 42.12556], [-6.98502, 42.12545], [-6.98504, 42.12542], [-6.9853, 42.12507], [-6.98536, 42.12498], [-6.98542, 42.12488], [-6.98545, 42.12479], [-6.98549, 42.12463], [-6.98554, 42.12445], [-6.98563, 42.12419], [-6.98567, 42.12413], [-6.98572, 42.12407], [-6.98603, 42.12388], [-6.98612, 42.12381], [-6.98622, 42.12368], [-6.98638, 42.12337], [-6.98648, 42.12321], [-6.98673, 42.12291], [-6.9868, 42.12282], [-6.98691, 42.12267], [-6.98744, 42.12181], [-6.98809, 42.12073], [-6.98817, 42.12061], [-6.98827, 42.12042], [-6.98828, 42.12035], [-6.98828, 42.1197], [-6.98828, 42.1194], [-6.98825, 42.1193], [-6.98805, 42.119], [-6.98773, 42.11859], [-6.98766, 42.11848], [-6.98763, 42.11838], [-6.98764, 42.11828], [-6.98773, 42.11797], [-6.98783, 42.1176], [-6.98782, 42.1175], [-6.9878, 42.11742], [-6.98772, 42.11733], [-6.9876, 42.11727], [-6.98747, 42.11722], [-6.9865, 42.11701], [-6.9852, 42.11674], [-6.9848, 42.11666], [-6.98464, 42.11662], [-6.98454, 42.11656], [-6.98446, 42.11649], [-6.98439, 42.11637], [-6.98424, 42.11598], [-6.98419, 42.11583], [-6.9842, 42.11568], [-6.98425, 42.1155], [-6.98433, 42.11525], [-6.9844, 42.11507], [-6.98447, 42.11495], [-6.98478, 42.11455], [-6.98512, 42.11409], [-6.9852, 42.11395], [-6.98526, 42.11379], [-6.98533, 42.11357], [-6.98544, 42.11317], [-6.9855, 42.11293], [-6.98551, 42.11278], [-6.98548, 42.11253], [-6.98547, 42.11235], [-6.98553, 42.11211], [-6.98564, 42.11165], [-6.98566, 42.11155], [-6.9857, 42.11143], [-6.98574, 42.11135], [-6.98599, 42.11096], [-6.98632, 42.11043], [-6.9865, 42.11008], [-6.98655, 42.10999], [-6.98698, 42.10946], [-6.98716, 42.1092], [-6.98724, 42.10901], [-6.98753, 42.10834], [-6.9876, 42.10817], [-6.98768, 42.10776], [-6.98774, 42.1075], [-6.98778, 42.10734], [-6.98803, 42.10664], [-6.9881, 42.10644], [-6.98816, 42.10634], [-6.98822, 42.10625], [-6.98838, 42.10609], [-6.98878, 42.1057], [-6.98895, 42.10555], [-6.98928, 42.1053], [-6.98934, 42.10523], [-6.98941, 42.10515], [-6.98944, 42.10506], [-6.98944, 42.10498], [-6.9894, 42.10487], [-6.98925, 42.10463], [-6.98907, 42.10432], [-6.98897, 42.10413], [-6.9889, 42.10399], [-6.98882, 42.1038], [-6.98874, 42.10345], [-6.98862, 42.10304], [-6.98854, 42.10286], [-6.9883, 42.10238], [-6.98827, 42.10229], [-6.98831, 42.10228], [-6.9884, 42.10227], [-6.99129, 42.10179], [-6.99133, 42.10179], [-6.99137, 42.10179], [-6.9914, 42.1018], [-6.99142, 42.1018], [-6.99143, 42.10182], [-6.99148, 42.10191], [-6.99155, 42.10198], [-6.99167, 42.10206], [-6.99188, 42.10216], [-6.99206, 42.10221], [-6.99219, 42.10224], [-6.99222, 42.10227], [-6.99234, 42.1025], [-6.99238, 42.10256], [-6.99241, 42.10259], [-6.99247, 42.10267], [-6.99255, 42.10281], [-6.99264, 42.10295], [-6.99277, 42.10305], [-6.99287, 42.10314], [-6.99298, 42.10326], [-6.99306, 42.10337], [-6.99312, 42.10344], [-6.99322, 42.10355], [-6.99336, 42.10366], [-6.99348, 42.10376], [-6.99352, 42.10384], [-6.99352, 42.10395], [-6.99355, 42.10403], [-6.99361, 42.10407], [-6.99372, 42.10408], [-6.99395, 42.10409], [-6.99407, 42.10411], [-6.99413, 42.10417], [-6.99419, 42.10425], [-6.9942, 42.10435], [-6.99415, 42.10448], [-6.99402, 42.10466], [-6.99368, 42.10498], [-6.99364, 42.10506], [-6.99365, 42.10511], [-6.99369, 42.10516], [-6.99377, 42.10518], [-6.99387, 42.10516], [-6.99399, 42.10512], [-6.99418, 42.10507], [-6.99432, 42.10505], [-6.9944, 42.10508], [-6.99445, 42.10515], [-6.99446, 42.10526], [-6.99441, 42.10544], [-6.99436, 42.10549], [-6.99423, 42.10556], [-6.99399, 42.10568], [-6.99391, 42.10574], [-6.99386, 42.10581], [-6.99385, 42.10589], [-6.99387, 42.10607], [-6.9939, 42.10621], [-6.99396, 42.10631], [-6.99403, 42.10636], [-6.99416, 42.10641], [-6.99427, 42.10648], [-6.99436, 42.10655], [-6.99448, 42.10667], [-6.99457, 42.10672], [-6.99471, 42.10678], [-6.99483, 42.10683], [-6.99491, 42.10686], [-6.99498, 42.10694], [-6.99507, 42.10703], [-6.9952, 42.10713], [-6.99532, 42.10717], [-6.99545, 42.10717], [-6.99552, 42.10715], [-6.9956, 42.10712], [-6.99568, 42.10706], [-6.99578, 42.10697], [-6.99594, 42.1068], [-6.99609, 42.10663], [-6.99617, 42.10657], [-6.99624, 42.10656], [-6.99632, 42.10656], [-6.99643, 42.10659], [-6.99665, 42.10665], [-6.99677, 42.10665], [-6.99687, 42.10664], [-6.99695, 42.10661], [-6.99708, 42.10654], [-6.99729, 42.1064], [-6.9976, 42.10616], [-6.99786, 42.10597], [-6.99794, 42.10594], [-6.99806, 42.10591], [-6.99849, 42.10581], [-6.99858, 42.1058], [-6.99868, 42.10579], [-6.99879, 42.1058], [-6.99903, 42.10583], [-6.99934, 42.10587], [-6.99957, 42.1059], [-6.99977, 42.10594], [-6.99993, 42.10595], [-7.00026, 42.10593], [-7.00056, 42.10592], [-7.00071, 42.10594], [-7.00083, 42.10596], [-7.00091, 42.10598], [-7.00098, 42.10602], [-7.00107, 42.1061], [-7.00116, 42.10622], [-7.00144, 42.10666], [-7.00149, 42.10681], [-7.00152, 42.10691], [-7.0015, 42.10703], [-7.00157, 42.1073], [-7.00161, 42.10745], [-7.00165, 42.10771], [-7.00166, 42.10786], [-7.00165, 42.10805], [-7.00165, 42.10825], [-7.00166, 42.10834], [-7.00171, 42.10848], [-7.0018, 42.10874], [-7.00194, 42.10904], [-7.00211, 42.10936], [-7.00228, 42.10972], [-7.00242, 42.11006], [-7.00247, 42.11023], [-7.00252, 42.11031], [-7.00265, 42.11044], [-7.00286, 42.11064], [-7.00299, 42.11073], [-7.00315, 42.11083], [-7.00327, 42.11089], [-7.00342, 42.11097], [-7.00366, 42.11104], [-7.00387, 42.11111], [-7.00401, 42.11116], [-7.00407, 42.1112], [-7.00411, 42.11125], [-7.00411, 42.1113], [-7.00411, 42.11135], [-7.00408, 42.1114], [-7.00401, 42.11145], [-7.00395, 42.11145], [-7.00389, 42.11146], [-7.00379, 42.11142], [-7.00366, 42.11134], [-7.0035, 42.11126], [-7.00333, 42.1112], [-7.00305, 42.11112], [-7.00273, 42.11102], [-7.00247, 42.11093], [-7.00217, 42.11082], [-7.00204, 42.11079], [-7.00187, 42.11076], [-7.00165, 42.11075], [-7.0015, 42.11072], [-7.00142, 42.11069], [-7.00137, 42.11064], [-7.00133, 42.11057], [-7.00128, 42.11046], [-7.00122, 42.11039], [-7.00115, 42.11032], [-7.00105, 42.11023], [-7.00092, 42.11011], [-7.0008, 42.11], [-7.00068, 42.10987], [-7.0006, 42.10981], [-7.0005, 42.10975], [-7.00038, 42.10969], [-7.00026, 42.10962], [-7.00017, 42.10955], [-7.0001, 42.10946], [-7.00001, 42.10935], [-6.99992, 42.10927], [-6.99985, 42.10924], [-6.99978, 42.10923], [-6.99971, 42.10924], [-6.99964, 42.10926], [-6.99958, 42.10931], [-6.99952, 42.10941], [-6.99948, 42.10947], [-6.99942, 42.10951], [-6.99936, 42.10954], [-6.99925, 42.10957], [-6.99918, 42.10962], [-6.99912, 42.10969], [-6.9991, 42.10975], [-6.99909, 42.10985], [-6.99909, 42.11006], [-6.99909, 42.11017], [-6.99912, 42.11021], [-6.99917, 42.11024], [-6.99928, 42.11026], [-6.99953, 42.11029], [-6.9997, 42.11031], [-6.99979, 42.11033], [-6.99984, 42.11036], [-6.9999, 42.1104], [-6.99995, 42.11047], [-7.00015, 42.11078], [-7.00037, 42.11116], [-7.00039, 42.11121], [-7.00041, 42.11131], [-7.00043, 42.11141], [-7.00047, 42.11146], [-7.00054, 42.11152], [-7.00069, 42.11164], [-7.00086, 42.11183], [-7.00098, 42.11196], [-7.00109, 42.11212], [-7.00124, 42.11234], [-7.0013, 42.11246], [-7.00135, 42.11262], [-7.0014, 42.11279], [-7.00143, 42.1129], [-7.00143, 42.11295], [-7.0014, 42.11307], [-7.00139, 42.11316], [-7.00139, 42.11321], [-7.00141, 42.11325], [-7.00145, 42.11333], [-7.00149, 42.11342], [-7.00151, 42.1135], [-7.00151, 42.1136], [-7.0015, 42.11378], [-7.0015, 42.11403], [-7.0015, 42.11414], [-7.00154, 42.11425], [-7.00161, 42.11439], [-7.00171, 42.11455], [-7.00173, 42.11461], [-7.00174, 42.11473], [-7.00174, 42.1149], [-7.00175, 42.11499], [-7.00178, 42.11507], [-7.00182, 42.11513], [-7.00207, 42.11542], [-7.00218, 42.11557], [-7.00232, 42.11577], [-7.00248, 42.11599], [-7.00264, 42.1162], [-7.00269, 42.1163], [-7.00272, 42.11636], [-7.00273, 42.11641], [-7.00271, 42.11646], [-7.00265, 42.11658], [-7.00262, 42.11666], [-7.00261, 42.11674], [-7.00262, 42.11685], [-7.00267, 42.11707], [-7.00271, 42.11728], [-7.00275, 42.11737], [-7.0028, 42.11747], [-7.00292, 42.11767], [-7.00297, 42.11781], [-7.003, 42.11791], [-7.003, 42.11807], [-7.00302, 42.11827], [-7.00306, 42.11844], [-7.00313, 42.11871], [-7.00319, 42.1189], [-7.00328, 42.11921], [-7.00337, 42.11946], [-7.00342, 42.11968], [-7.00348, 42.11992], [-7.00352, 42.12004], [-7.00362, 42.12023], [-7.00373, 42.12042], [-7.00374, 42.1205], [-7.00371, 42.12057], [-7.00364, 42.1207], [-7.00359, 42.1208], [-7.00358, 42.12088], [-7.00358, 42.12095], [-7.00362, 42.12106], [-7.0037, 42.12116], [-7.00381, 42.12129], [-7.00389, 42.12139], [-7.00394, 42.12148], [-7.00398, 42.12159], [-7.004, 42.12171], [-7.00399, 42.12179], [-7.00395, 42.12202], [-7.00393, 42.12223], [-7.00393, 42.12234], [-7.00395, 42.12244], [-7.00403, 42.12259], [-7.00412, 42.12273], [-7.0042, 42.12281], [-7.00431, 42.12288], [-7.00437, 42.12292], [-7.00451, 42.12296], [-7.00466, 42.12305], [-7.00482, 42.12322], [-7.00505, 42.12344], [-7.00535, 42.12376], [-7.00538, 42.12381], [-7.0054, 42.12386], [-7.00543, 42.12395], [-7.00546, 42.12422], [-7.00545, 42.12432], [-7.00542, 42.12441], [-7.00535, 42.12458], [-7.00534, 42.12468], [-7.00536, 42.1248], [-7.00539, 42.12494], [-7.00539, 42.12507], [-7.00542, 42.12522], [-7.00545, 42.12531], [-7.00553, 42.12547], [-7.0056, 42.12557], [-7.00577, 42.12571], [-7.00605, 42.12594], [-7.00615, 42.12599], [-7.00633, 42.12604], [-7.0067, 42.12614], [-7.00687, 42.12619], [-7.00708, 42.12627], [-7.00753, 42.12651], [-7.00757, 42.12653], [-7.00772, 42.12664], [-7.00793, 42.12686], [-7.00795, 42.12687], [-7.00831, 42.1272], [-7.00868, 42.12754], [-7.00895, 42.12774], [-7.00917, 42.12788], [-7.00932, 42.12796], [-7.00948, 42.12801], [-7.00968, 42.12807], [-7.00982, 42.12814], [-7.01003, 42.12833], [-7.0102, 42.12845], [-7.0106, 42.12875], [-7.01072, 42.12886], [-7.0108, 42.12897], [-7.01098, 42.12929], [-7.01116, 42.12949], [-7.01118, 42.12952], [-7.01167, 42.13007], [-7.01182, 42.13022], [-7.01211, 42.13046], [-7.0122, 42.13057], [-7.01225, 42.13071], [-7.01224, 42.13086], [-7.01219, 42.13105], [-7.01215, 42.1312], [-7.01215, 42.13132], [-7.01216, 42.13169], [-7.01219, 42.13181], [-7.01223, 42.13189], [-7.01234, 42.13203], [-7.01262, 42.13232], [-7.01286, 42.13253], [-7.01302, 42.13266], [-7.01317, 42.13282], [-7.01336, 42.13301], [-7.01367, 42.13325], [-7.01381, 42.13333], [-7.01397, 42.13341], [-7.01418, 42.13349], [-7.01439, 42.13354], [-7.01472, 42.13364], [-7.01502, 42.13376], [-7.01527, 42.13388], [-7.01554, 42.13405], [-7.01568, 42.13415], [-7.01577, 42.13421], [-7.01593, 42.13432], [-7.01608, 42.13444], [-7.01629, 42.13462], [-7.01664, 42.13494], [-7.01701, 42.13536], [-7.01738, 42.13578], [-7.01746, 42.13587], [-7.01756, 42.13605], [-7.01767, 42.13641], [-7.01771, 42.13654], [-7.01777, 42.13663], [-7.01787, 42.13673], [-7.01796, 42.1368], [-7.01809, 42.13687], [-7.01822, 42.13691], [-7.01833, 42.13692], [-7.01845, 42.13692], [-7.0186, 42.13689], [-7.01887, 42.13681], [-7.01928, 42.13667], [-7.01937, 42.13665], [-7.01944, 42.13665], [-7.01952, 42.13664], [-7.0196, 42.13666], [-7.01981, 42.13671], [-7.02055, 42.13684], [-7.0211, 42.13694], [-7.0216, 42.13699], [-7.02215, 42.13706], [-7.02276, 42.13711], [-7.02316, 42.13716], [-7.02339, 42.13721], [-7.02354, 42.13725], [-7.02363, 42.13729], [-7.02366, 42.13733], [-7.02368, 42.13739], [-7.02365, 42.13749], [-7.02354, 42.13777], [-7.02351, 42.13794], [-7.02345, 42.13827], [-7.02334, 42.13855], [-7.02332, 42.13863], [-7.02331, 42.13869], [-7.02333, 42.13876], [-7.02336, 42.13882], [-7.02341, 42.1389], [-7.02349, 42.13899], [-7.02363, 42.13913], [-7.02379, 42.13926], [-7.02398, 42.13938], [-7.02419, 42.13951], [-7.02457, 42.13971], [-7.02478, 42.13985], [-7.02499, 42.14004], [-7.02525, 42.14037], [-7.02544, 42.14056], [-7.02578, 42.14098], [-7.02595, 42.14122], [-7.02616, 42.14159], [-7.02622, 42.14167], [-7.02634, 42.14179], [-7.02647, 42.14187], [-7.02665, 42.14194], [-7.02693, 42.142], [-7.02718, 42.14203], [-7.02735, 42.14207], [-7.02745, 42.14212], [-7.02753, 42.14215], [-7.02806, 42.14233], [-7.02825, 42.1424], [-7.02842, 42.14243], [-7.02857, 42.14246], [-7.02868, 42.14247], [-7.02881, 42.14246], [-7.02893, 42.14245], [-7.02908, 42.14242], [-7.02925, 42.14236], [-7.02937, 42.14232], [-7.02952, 42.14224], [-7.02964, 42.14215], [-7.02971, 42.14207], [-7.02984, 42.1419], [-7.02993, 42.14182], [-7.03, 42.14178], [-7.03012, 42.14174], [-7.03022, 42.14172], [-7.03031, 42.14171], [-7.0304, 42.14172], [-7.03046, 42.14173], [-7.03053, 42.14176], [-7.0306, 42.1418], [-7.03069, 42.14187], [-7.03083, 42.14198], [-7.03092, 42.14202], [-7.03102, 42.14207], [-7.03114, 42.1421], [-7.0315, 42.14212], [-7.0319, 42.14215], [-7.03236, 42.14215], [-7.03358, 42.14207], [-7.03371, 42.14207], [-7.03385, 42.14207], [-7.03394, 42.14209], [-7.03403, 42.14212], [-7.03424, 42.14221], [-7.03464, 42.14239], [-7.03473, 42.14245], [-7.0348, 42.1425], [-7.03484, 42.14255], [-7.03488, 42.14262], [-7.03488, 42.14268], [-7.03485, 42.14273], [-7.03481, 42.14278], [-7.03469, 42.14281], [-7.03444, 42.14289], [-7.03429, 42.14295], [-7.03418, 42.14302], [-7.03403, 42.14315], [-7.03391, 42.14328], [-7.03388, 42.14334], [-7.03388, 42.14338], [-7.03391, 42.14343], [-7.03396, 42.14347], [-7.03412, 42.14355], [-7.03433, 42.14369], [-7.03448, 42.1438], [-7.03462, 42.14398], [-7.03475, 42.14418], [-7.03482, 42.14427], [-7.03485, 42.14434], [-7.03486, 42.1444], [-7.03484, 42.1445], [-7.03476, 42.1447], [-7.03469, 42.14501], [-7.03469, 42.14515], [-7.03473, 42.14529], [-7.0348, 42.14549], [-7.0349, 42.1457], [-7.03496, 42.14576], [-7.03501, 42.1458], [-7.03506, 42.14581], [-7.03513, 42.14582], [-7.03522, 42.14579], [-7.03535, 42.14572], [-7.03547, 42.14568], [-7.03562, 42.14564], [-7.0358, 42.14563], [-7.03607, 42.14563], [-7.03649, 42.14566], [-7.0372, 42.14575], [-7.03752, 42.1458], [-7.03788, 42.14582], [-7.03806, 42.1458], [-7.0382, 42.14576], [-7.03831, 42.14572], [-7.03839, 42.14565], [-7.03845, 42.14554], [-7.03851, 42.14538], [-7.03858, 42.14518], [-7.0386, 42.14503], [-7.03857, 42.14491], [-7.03852, 42.14479], [-7.03841, 42.14466], [-7.03824, 42.14449], [-7.03821, 42.14441], [-7.03823, 42.14434], [-7.03828, 42.14431], [-7.03838, 42.14429], [-7.03861, 42.14427], [-7.03875, 42.14425], [-7.03888, 42.1442], [-7.03905, 42.14413], [-7.03954, 42.14389], [-7.04025, 42.14353], [-7.04043, 42.14347], [-7.04067, 42.14341], [-7.04121, 42.14331], [-7.04144, 42.14325], [-7.04156, 42.1432], [-7.04189, 42.14306], [-7.04215, 42.14294], [-7.0424, 42.14286], [-7.04253, 42.14282], [-7.04262, 42.14276], [-7.04272, 42.14268], [-7.04286, 42.14251], [-7.04299, 42.14239], [-7.04314, 42.14231], [-7.04342, 42.14218], [-7.04368, 42.14208], [-7.04388, 42.14203], [-7.0444, 42.14194], [-7.04466, 42.14189], [-7.04493, 42.14182], [-7.04527, 42.14173], [-7.04538, 42.14172], [-7.04546, 42.14174], [-7.04553, 42.14177], [-7.04561, 42.14183], [-7.0457, 42.14194], [-7.04577, 42.14203], [-7.04579, 42.1421], [-7.04582, 42.14228], [-7.04587, 42.14244], [-7.04593, 42.14254], [-7.04598, 42.14262], [-7.04606, 42.14269], [-7.04616, 42.14273], [-7.04631, 42.14276], [-7.04661, 42.14279], [-7.04685, 42.14283], [-7.04729, 42.14293], [-7.04772, 42.14301], [-7.0481, 42.14307], [-7.0484, 42.1431], [-7.04855, 42.14314], [-7.04863, 42.14317], [-7.04872, 42.14323], [-7.04904, 42.14348], [-7.04916, 42.14356], [-7.04941, 42.14367], [-7.04966, 42.14375], [-7.04979, 42.14377], [-7.0499, 42.14377], [-7.05003, 42.14373], [-7.0503, 42.14363], [-7.05045, 42.14361], [-7.05059, 42.14361], [-7.05078, 42.14365], [-7.05099, 42.1437], [-7.05116, 42.14378], [-7.0513, 42.14388], [-7.05139, 42.14398], [-7.05145, 42.14409], [-7.05149, 42.14421], [-7.05152, 42.14443], [-7.05158, 42.14461], [-7.05167, 42.14489], [-7.05167, 42.14497], [-7.05164, 42.14504], [-7.05148, 42.14524], [-7.05143, 42.14537], [-7.0514, 42.14553], [-7.05138, 42.14565], [-7.05132, 42.14591], [-7.05131, 42.14603], [-7.05133, 42.14616], [-7.05133, 42.14634], [-7.05128, 42.14652], [-7.05122, 42.14662], [-7.05109, 42.14679], [-7.05102, 42.14691], [-7.05096, 42.1471], [-7.05088, 42.14745], [-7.0509, 42.14756], [-7.05093, 42.14765], [-7.05102, 42.14777], [-7.05118, 42.14791], [-7.05123, 42.14797], [-7.05135, 42.14824], [-7.05143, 42.14845], [-7.05144, 42.14857], [-7.05141, 42.1489], [-7.0514, 42.14919], [-7.05146, 42.14936], [-7.0516, 42.14959], [-7.05172, 42.14972], [-7.05184, 42.14978], [-7.05212, 42.14984], [-7.05249, 42.1499], [-7.05277, 42.14995], [-7.05294, 42.14999], [-7.05308, 42.1501], [-7.0532, 42.15022], [-7.05333, 42.15038], [-7.05333, 42.15047], [-7.05334, 42.15071], [-7.05336, 42.15098], [-7.05333, 42.15119], [-7.05326, 42.1516], [-7.05325, 42.15188], [-7.05323, 42.15205], [-7.05317, 42.15215], [-7.05303, 42.15224], [-7.0529, 42.15233], [-7.05302, 42.15251], [-7.05312, 42.15264], [-7.05322, 42.15274], [-7.05332, 42.1528], [-7.0534, 42.15283], [-7.05351, 42.15287], [-7.05372, 42.15289], [-7.05389, 42.1529], [-7.05403, 42.15294], [-7.05415, 42.15299], [-7.05421, 42.15306], [-7.05426, 42.15312], [-7.05438, 42.1534], [-7.05454, 42.15375], [-7.05466, 42.15397], [-7.05483, 42.15435], [-7.05495, 42.15454], [-7.05503, 42.15465], [-7.05513, 42.15472], [-7.05536, 42.15484], [-7.05573, 42.15502], [-7.0561, 42.15521], [-7.05625, 42.15527], [-7.05642, 42.15531], [-7.05651, 42.15535], [-7.05659, 42.15541], [-7.05679, 42.15557], [-7.05695, 42.15575], [-7.05704, 42.1559], [-7.05705, 42.15605], [-7.05701, 42.15625], [-7.05698, 42.15643], [-7.05701, 42.15661], [-7.05712, 42.15691], [-7.05724, 42.15721], [-7.05737, 42.15741], [-7.05745, 42.15757], [-7.05747, 42.15769], [-7.05747, 42.15787], [-7.05744, 42.15796], [-7.0574, 42.15802], [-7.05728, 42.15814], [-7.05716, 42.1582], [-7.05703, 42.15825], [-7.05687, 42.15827], [-7.05675, 42.15827], [-7.05664, 42.15825], [-7.05655, 42.15822], [-7.0564, 42.15817], [-7.05624, 42.15814], [-7.0561, 42.15812], [-7.0559, 42.15812], [-7.05569, 42.15813], [-7.05533, 42.15815], [-7.05481, 42.15818], [-7.0545, 42.1582], [-7.05436, 42.15819], [-7.05422, 42.15815], [-7.05394, 42.15806], [-7.05379, 42.15802], [-7.05368, 42.15801], [-7.05357, 42.15803], [-7.0534, 42.1581], [-7.05321, 42.15821], [-7.05299, 42.15834], [-7.0529, 42.15837], [-7.05281, 42.15836], [-7.05273, 42.15832], [-7.05268, 42.15826], [-7.05264, 42.15813], [-7.05258, 42.15797], [-7.05252, 42.15789], [-7.0524, 42.15779], [-7.05224, 42.15769], [-7.05206, 42.15758], [-7.05191, 42.15752], [-7.05176, 42.1575], [-7.0516, 42.1575], [-7.05141, 42.15753], [-7.05128, 42.15756], [-7.05115, 42.15761], [-7.05105, 42.15769], [-7.05098, 42.1578], [-7.05097, 42.15789], [-7.05098, 42.15798], [-7.05103, 42.15805], [-7.05119, 42.15817], [-7.05126, 42.15823], [-7.05131, 42.15831], [-7.05134, 42.1584], [-7.05138, 42.15858], [-7.05144, 42.15867], [-7.05156, 42.15879], [-7.05178, 42.15899], [-7.05196, 42.15915], [-7.05207, 42.15921], [-7.05222, 42.15924], [-7.0524, 42.15925], [-7.05265, 42.15923], [-7.05281, 42.15925], [-7.0529, 42.15929], [-7.05295, 42.15935], [-7.05302, 42.1595], [-7.05307, 42.15966], [-7.05315, 42.15985], [-7.05328, 42.16004], [-7.05346, 42.16036], [-7.05374, 42.16083], [-7.05393, 42.16114], [-7.05424, 42.16168], [-7.05438, 42.16188], [-7.05446, 42.16195], [-7.05469, 42.1621], [-7.05499, 42.16228], [-7.05505, 42.16234], [-7.05509, 42.16239], [-7.05511, 42.16244], [-7.05511, 42.16248], [-7.05509, 42.16253], [-7.05501, 42.16262], [-7.05488, 42.16279], [-7.05487, 42.16283], [-7.05486, 42.16292], [-7.05492, 42.163], [-7.05499, 42.16304], [-7.05513, 42.16307], [-7.0553, 42.16312], [-7.05542, 42.16318], [-7.0555, 42.16326], [-7.05557, 42.16337], [-7.05564, 42.1635], [-7.05577, 42.16371], [-7.05595, 42.16394], [-7.05611, 42.16412], [-7.05633, 42.16434], [-7.05645, 42.16451], [-7.05653, 42.16466], [-7.05654, 42.16489], [-7.05648, 42.16513], [-7.05638, 42.16552], [-7.05632, 42.16574], [-7.05615, 42.16606], [-7.05605, 42.16628], [-7.05598, 42.16657], [-7.05595, 42.16687], [-7.05596, 42.167], [-7.05602, 42.16712], [-7.05616, 42.16728], [-7.0562, 42.16736], [-7.0562, 42.16744], [-7.05616, 42.16754], [-7.05601, 42.16777], [-7.05597, 42.16783], [-7.05584, 42.16803], [-7.0557, 42.16818], [-7.05542, 42.16837], [-7.055, 42.16863], [-7.05461, 42.16886], [-7.05452, 42.16894], [-7.05443, 42.16904], [-7.05427, 42.16927], [-7.0541, 42.16945], [-7.05396, 42.1695], [-7.05382, 42.16959], [-7.05377, 42.16966], [-7.05375, 42.16975], [-7.05373, 42.16994], [-7.0537, 42.17001], [-7.05355, 42.17014], [-7.05308, 42.17042], [-7.05278, 42.17063], [-7.05271, 42.17074], [-7.05258, 42.17089], [-7.05245, 42.17101], [-7.05212, 42.17125], [-7.05182, 42.17146], [-7.05163, 42.17156], [-7.05142, 42.17162], [-7.05129, 42.17165], [-7.05098, 42.17165], [-7.0505, 42.17163], [-7.05026, 42.17163], [-7.0501, 42.17165], [-7.04998, 42.17169], [-7.04973, 42.17183], [-7.04963, 42.17192], [-7.04961, 42.172], [-7.04962, 42.17206], [-7.04966, 42.17213], [-7.04975, 42.17219], [-7.04995, 42.17221], [-7.05011, 42.17223], [-7.05024, 42.17227], [-7.05053, 42.17243], [-7.05071, 42.17253], [-7.05088, 42.1726], [-7.05104, 42.17266], [-7.05122, 42.17268], [-7.05145, 42.17271], [-7.05154, 42.17275], [-7.05158, 42.17281], [-7.05157, 42.17288], [-7.0515, 42.17293], [-7.05131, 42.17302], [-7.05116, 42.1731], [-7.05107, 42.17321], [-7.05104, 42.17332], [-7.05105, 42.1734], [-7.05112, 42.17348], [-7.0512, 42.17352], [-7.05133, 42.17356], [-7.05152, 42.17357], [-7.05205, 42.17354], [-7.0523, 42.17353], [-7.05242, 42.1735], [-7.05254, 42.17343], [-7.05265, 42.17334], [-7.0528, 42.17321], [-7.05291, 42.17313], [-7.05311, 42.1731], [-7.05345, 42.17308], [-7.0538, 42.17308], [-7.05401, 42.17311], [-7.05423, 42.17317], [-7.05459, 42.17325], [-7.05481, 42.17326], [-7.05507, 42.17326], [-7.0553, 42.1732], [-7.05549, 42.17309], [-7.05583, 42.17286], [-7.05634, 42.17247], [-7.05655, 42.17232], [-7.05684, 42.17218], [-7.05723, 42.17201], [-7.05751, 42.17193], [-7.05806, 42.17178], [-7.05822, 42.17175], [-7.05869, 42.17166], [-7.05884, 42.17158], [-7.059, 42.17149], [-7.05924, 42.17145], [-7.05942, 42.17142], [-7.05969, 42.17138], [-7.05983, 42.17137], [-7.06007, 42.17139], [-7.06021, 42.17142], [-7.06052, 42.17153], [-7.06079, 42.17162], [-7.06097, 42.17165], [-7.0613, 42.17165], [-7.06186, 42.17162], [-7.06197, 42.17164], [-7.06211, 42.17168], [-7.06242, 42.17183], [-7.06272, 42.17198], [-7.06283, 42.17199], [-7.06294, 42.17197], [-7.06304, 42.17191], [-7.06313, 42.17182], [-7.06326, 42.17161], [-7.06339, 42.17146], [-7.06354, 42.17135], [-7.06369, 42.17128], [-7.06391, 42.17121], [-7.06411, 42.17118], [-7.0644, 42.17118], [-7.06488, 42.17119], [-7.06507, 42.17117], [-7.06522, 42.17112], [-7.06553, 42.17103], [-7.06566, 42.17101], [-7.0658, 42.17101], [-7.06594, 42.17103], [-7.06633, 42.17112], [-7.06664, 42.17116], [-7.06705, 42.17117], [-7.0676, 42.17118], [-7.06769, 42.17116], [-7.0678, 42.17112], [-7.06795, 42.17103], [-7.06816, 42.17089], [-7.0683, 42.1708], [-7.0684, 42.17076], [-7.06854, 42.17075], [-7.06886, 42.17077], [-7.06907, 42.17077], [-7.06925, 42.17074], [-7.06948, 42.17071], [-7.06961, 42.17071], [-7.06971, 42.17073], [-7.06985, 42.17078], [-7.07012, 42.17092], [-7.0705, 42.17113], [-7.07104, 42.17141], [-7.07117, 42.17144], [-7.07134, 42.17145], [-7.07157, 42.17144], [-7.07191, 42.17142], [-7.07202, 42.17138], [-7.07211, 42.17132], [-7.0722, 42.17122], [-7.07244, 42.17088], [-7.07275, 42.17047], [-7.07287, 42.17031], [-7.07297, 42.17024], [-7.07305, 42.17023], [-7.07316, 42.17024], [-7.07323, 42.1703], [-7.07339, 42.17054], [-7.07367, 42.17098], [-7.07379, 42.17111], [-7.07391, 42.17119], [-7.07443, 42.17154], [-7.07511, 42.17197], [-7.07556, 42.17227], [-7.07576, 42.17236], [-7.07588, 42.17238], [-7.0761, 42.17239], [-7.07647, 42.17236], [-7.07665, 42.17238], [-7.07679, 42.17243], [-7.07693, 42.17251], [-7.07701, 42.17262], [-7.07711, 42.17286], [-7.0772, 42.17295], [-7.07752, 42.17315], [-7.07784, 42.17336], [-7.0781, 42.1735], [-7.07845, 42.17369], [-7.07863, 42.17385], [-7.07881, 42.17399], [-7.07895, 42.17405], [-7.07912, 42.1741], [-7.07948, 42.17419], [-7.07966, 42.17426], [-7.07983, 42.17436], [-7.08008, 42.17456], [-7.08023, 42.17467], [-7.08053, 42.17491], [-7.08068, 42.17503], [-7.08082, 42.17511], [-7.08091, 42.17516], [-7.08124, 42.17541], [-7.08165, 42.17574], [-7.08175, 42.1758], [-7.08184, 42.17581], [-7.08193, 42.17577], [-7.08197, 42.17571], [-7.08208, 42.17548], [-7.0822, 42.17523], [-7.08227, 42.17502], [-7.08243, 42.17443], [-7.08248, 42.17428], [-7.08256, 42.17416], [-7.08272, 42.17398], [-7.08295, 42.17376], [-7.08309, 42.17367], [-7.08323, 42.17363], [-7.08338, 42.1736], [-7.08356, 42.17359], [-7.08374, 42.17361], [-7.08397, 42.17366], [-7.08419, 42.17373], [-7.08434, 42.17382], [-7.08451, 42.17396], [-7.08469, 42.17408], [-7.08499, 42.17425], [-7.08583, 42.17465], [-7.08629, 42.17487], [-7.08666, 42.17509], [-7.08739, 42.17551], [-7.08761, 42.17563], [-7.08796, 42.17583], [-7.08812, 42.17588], [-7.08823, 42.17589], [-7.08837, 42.17586], [-7.08853, 42.17578], [-7.08871, 42.17568], [-7.08893, 42.1756], [-7.08943, 42.17546], [-7.0897, 42.17539], [-7.0898, 42.17537], [-7.08994, 42.17537], [-7.09004, 42.1754], [-7.0904, 42.17554], [-7.0909, 42.17574], [-7.0912, 42.17586], [-7.09133, 42.17595], [-7.09158, 42.17617], [-7.09178, 42.17632], [-7.09204, 42.17648], [-7.0922, 42.17655], [-7.09253, 42.17664], [-7.09277, 42.17668], [-7.09289, 42.1767], [-7.09346, 42.17679], [-7.09367, 42.17683], [-7.0938, 42.17686], [-7.09392, 42.17691], [-7.0942, 42.17705], [-7.09452, 42.1772], [-7.09466, 42.17726], [-7.09485, 42.17729], [-7.09502, 42.17731], [-7.09514, 42.17731], [-7.0953, 42.17729], [-7.09568, 42.17721], [-7.09633, 42.17703], [-7.09648, 42.177], [-7.09659, 42.177], [-7.09669, 42.17702], [-7.09678, 42.17705], [-7.0969, 42.17711], [-7.09699, 42.17719], [-7.0972, 42.17734], [-7.0975, 42.17758], [-7.09762, 42.17766], [-7.09775, 42.17773], [-7.09798, 42.17782], [-7.09874, 42.17806], [-7.09901, 42.17814], [-7.09914, 42.17816], [-7.09923, 42.17816], [-7.09944, 42.17815], [-7.10026, 42.1781], [-7.10049, 42.17809], [-7.10059, 42.17811], [-7.1007, 42.17814], [-7.10084, 42.17823], [-7.10114, 42.17848], [-7.10121, 42.17852], [-7.10153, 42.17873], [-7.10219, 42.17915], [-7.10242, 42.17929], [-7.10273, 42.17946], [-7.10356, 42.17993], [-7.10376, 42.18006], [-7.10386, 42.18019], [-7.1039, 42.18029], [-7.10393, 42.1804], [-7.10391, 42.1806], [-7.10385, 42.18088], [-7.10373, 42.1813], [-7.10368, 42.18148], [-7.10367, 42.18158], [-7.10368, 42.18171], [-7.10373, 42.18211], [-7.10374, 42.18216], [-7.10374, 42.18228], [-7.10371, 42.18237], [-7.10364, 42.18245], [-7.10352, 42.18252], [-7.10289, 42.18277], [-7.10262, 42.18286], [-7.10247, 42.18291], [-7.10231, 42.18293], [-7.1019, 42.18297], [-7.10172, 42.18301], [-7.10165, 42.18303], [-7.1016, 42.18308], [-7.10157, 42.18314], [-7.10155, 42.18321], [-7.10156, 42.18327], [-7.10157, 42.1833], [-7.10158, 42.18332], [-7.10163, 42.18337], [-7.10168, 42.1834], [-7.10176, 42.18343], [-7.10188, 42.18345], [-7.10227, 42.1835], [-7.10276, 42.18356], [-7.10349, 42.18365], [-7.10417, 42.18373], [-7.10436, 42.18375], [-7.10451, 42.18378], [-7.10465, 42.18382], [-7.10496, 42.18391], [-7.10511, 42.18392], [-7.1053, 42.18392], [-7.10572, 42.18386], [-7.10613, 42.18381], [-7.10624, 42.18379], [-7.10636, 42.18375], [-7.10645, 42.18369], [-7.10654, 42.18363], [-7.10664, 42.18351], [-7.10686, 42.18327], [-7.10696, 42.1832], [-7.10706, 42.18315], [-7.10723, 42.1831], [-7.10783, 42.18293], [-7.10805, 42.18286], [-7.10806, 42.18288], [-7.10809, 42.1829], [-7.10813, 42.18291], [-7.10817, 42.1829], [-7.1082, 42.18288], [-7.10825, 42.18292], [-7.10845, 42.18308], [-7.10868, 42.18334], [-7.10877, 42.18345], [-7.10837, 42.18373], [-7.10822, 42.18385], [-7.10813, 42.18394], [-7.10805, 42.18404], [-7.10798, 42.18416], [-7.10794, 42.18429], [-7.1079, 42.18449], [-7.10786, 42.18477], [-7.10785, 42.18493], [-7.10787, 42.18509], [-7.10791, 42.18527], [-7.10814, 42.18598], [-7.10823, 42.18628], [-7.10831, 42.18652], [-7.10834, 42.18663], [-7.10834, 42.18673], [-7.10834, 42.18683], [-7.10831, 42.1869], [-7.10827, 42.18698], [-7.10821, 42.18705], [-7.10814, 42.1871], [-7.10806, 42.18715], [-7.10797, 42.18719], [-7.10786, 42.18722], [-7.10775, 42.18724], [-7.10758, 42.18723], [-7.10745, 42.18722], [-7.10736, 42.18721], [-7.10708, 42.18719], [-7.10689, 42.18719], [-7.10671, 42.18719], [-7.10649, 42.18723], [-7.10627, 42.18728], [-7.10595, 42.18737], [-7.10591, 42.18738], [-7.10566, 42.18746], [-7.10565, 42.18746], [-7.10538, 42.18755], [-7.10518, 42.18761], [-7.10436, 42.18789], [-7.10432, 42.18791], [-7.1039, 42.18808], [-7.10368, 42.18819], [-7.10328, 42.1884], [-7.10286, 42.18862], [-7.10262, 42.1887], [-7.10237, 42.18875], [-7.10202, 42.18879], [-7.10189, 42.18879], [-7.10165, 42.1888], [-7.1014, 42.18879], [-7.10128, 42.18877], [-7.10009, 42.18859], [-7.09997, 42.18857], [-7.09976, 42.18857], [-7.09972, 42.18857], [-7.09948, 42.1886], [-7.09927, 42.18865], [-7.09896, 42.18876], [-7.09773, 42.18923], [-7.09709, 42.18947], [-7.0968, 42.18961], [-7.09659, 42.18974], [-7.09641, 42.18989], [-7.09627, 42.19005], [-7.09621, 42.1902], [-7.09615, 42.19039], [-7.09614, 42.19058], [-7.09619, 42.19078], [-7.09626, 42.19099], [-7.09651, 42.19146], [-7.09661, 42.19165], [-7.09669, 42.19189], [-7.09671, 42.19206], [-7.09671, 42.19222], [-7.09669, 42.19244], [-7.09665, 42.1926], [-7.09656, 42.19278], [-7.09645, 42.19298], [-7.09621, 42.19329], [-7.09603, 42.19344], [-7.09585, 42.19356], [-7.0956, 42.19369], [-7.09522, 42.19386], [-7.09321, 42.19475], [-7.09317, 42.19477], [-7.09305, 42.19485], [-7.09288, 42.19496], [-7.09275, 42.1951], [-7.09266, 42.19523], [-7.09258, 42.19539], [-7.09254, 42.19558], [-7.09254, 42.1957], [-7.09257, 42.19594], [-7.0927, 42.19621], [-7.09341, 42.1973], [-7.09398, 42.19817], [-7.0944, 42.19877], [-7.09453, 42.19892], [-7.09473, 42.1991], [-7.09489, 42.19923], [-7.09531, 42.19956], [-7.09549, 42.1997], [-7.09572, 42.19991], [-7.09585, 42.20004], [-7.09588, 42.20007], [-7.09592, 42.20015], [-7.09598, 42.20023], [-7.09603, 42.20035], [-7.09606, 42.20047], [-7.09607, 42.20058], [-7.09605, 42.20076], [-7.09599, 42.20102], [-7.0957, 42.20182], [-7.0956, 42.20211], [-7.09559, 42.20214], [-7.09549, 42.2024], [-7.09524, 42.20308], [-7.09515, 42.2034], [-7.09509, 42.20378], [-7.0951, 42.20421], [-7.09579, 42.20742], [-7.09585, 42.20764], [-7.09592, 42.20781], [-7.09602, 42.20799], [-7.0962, 42.20821], [-7.09636, 42.20836], [-7.0967, 42.20862], [-7.09719, 42.20891], [-7.09741, 42.20907], [-7.0976, 42.20923], [-7.09773, 42.20937], [-7.09783, 42.20952], [-7.09794, 42.20969], [-7.098, 42.20985], [-7.09806, 42.21007], [-7.0981, 42.21078], [-7.09809, 42.21195], [-7.09808, 42.21223], [-7.09811, 42.21237], [-7.09812, 42.21245], [-7.09819, 42.21264], [-7.09824, 42.21273], [-7.09838, 42.21289], [-7.09852, 42.21301], [-7.09872, 42.21315], [-7.09894, 42.21322], [-7.0992, 42.21329], [-7.09949, 42.21332], [-7.10001, 42.21334], [-7.10033, 42.21336], [-7.10057, 42.2134], [-7.10069, 42.21344], [-7.1009, 42.21353], [-7.1009, 42.21354], [-7.10107, 42.21367], [-7.10116, 42.21379], [-7.10142, 42.2143], [-7.1015, 42.21448], [-7.10154, 42.21465], [-7.10156, 42.21475], [-7.10158, 42.21487], [-7.10158, 42.21552], [-7.10155, 42.21678], [-7.10155, 42.21704], [-7.10149, 42.21744], [-7.10141, 42.21775], [-7.10117, 42.21835], [-7.09914, 42.2223], [-7.09899, 42.22254], [-7.09884, 42.22276], [-7.09826, 42.22332], [-7.09816, 42.22344], [-7.09812, 42.22349], [-7.09805, 42.22359], [-7.09799, 42.22377], [-7.09797, 42.22395], [-7.09798, 42.22413], [-7.09803, 42.22428], [-7.09811, 42.22445], [-7.09827, 42.22463], [-7.0984, 42.22476], [-7.09862, 42.22487], [-7.09867, 42.22489], [-7.09885, 42.22496], [-7.09913, 42.22504], [-7.09942, 42.22509], [-7.09976, 42.22515], [-7.10016, 42.22516], [-7.10046, 42.22514], [-7.10072, 42.22509], [-7.10102, 42.22501], [-7.10132, 42.2249], [-7.10285, 42.22422], [-7.10308, 42.22415], [-7.10325, 42.2241], [-7.10346, 42.22408], [-7.10368, 42.22408], [-7.10388, 42.2241], [-7.10409, 42.22414], [-7.10445, 42.22429], [-7.10469, 42.2244], [-7.10505, 42.22457], [-7.10531, 42.22464], [-7.10562, 42.22469], [-7.10585, 42.22469], [-7.10672, 42.22463], [-7.10707, 42.22466], [-7.10729, 42.22472], [-7.10746, 42.22477], [-7.10761, 42.22486], [-7.10775, 42.22495], [-7.10789, 42.22507], [-7.108, 42.2252], [-7.10808, 42.22532], [-7.10812, 42.2254], [-7.10814, 42.22545], [-7.10819, 42.22558], [-7.10829, 42.22606], [-7.10831, 42.22611], [-7.10834, 42.22625], [-7.10835, 42.22641], [-7.10836, 42.22646], [-7.10836, 42.22651], [-7.10833, 42.22677], [-7.10829, 42.2269], [-7.10829, 42.22691], [-7.10825, 42.22701], [-7.10815, 42.22723], [-7.10794, 42.22755], [-7.1065, 42.22961], [-7.10646, 42.22973], [-7.10642, 42.22993], [-7.10642, 42.23012], [-7.10646, 42.23029], [-7.10653, 42.23044], [-7.10668, 42.23063], [-7.10681, 42.23075], [-7.10698, 42.23087], [-7.10719, 42.23096], [-7.10742, 42.23102], [-7.1075, 42.23104], [-7.10766, 42.23107], [-7.10793, 42.2311], [-7.10849, 42.23112], [-7.10875, 42.23116], [-7.10892, 42.23121], [-7.1091, 42.23129], [-7.10928, 42.23138], [-7.11003, 42.23189], [-7.11025, 42.23206], [-7.11048, 42.23228], [-7.11055, 42.23238], [-7.11062, 42.23248], [-7.11068, 42.23264], [-7.11072, 42.23279], [-7.11073, 42.2329], [-7.11073, 42.23301], [-7.11073, 42.23305], [-7.11067, 42.23325], [-7.11062, 42.2334], [-7.11017, 42.23405], [-7.11007, 42.23425], [-7.11003, 42.23441], [-7.11005, 42.23463], [-7.11008, 42.23477], [-7.11012, 42.23487], [-7.11018, 42.235], [-7.11033, 42.23519], [-7.11057, 42.23547], [-7.11086, 42.2358], [-7.11101, 42.23597], [-7.11111, 42.23611], [-7.11121, 42.23627], [-7.11127, 42.23639], [-7.11128, 42.23642], [-7.11131, 42.23652], [-7.11133, 42.2366], [-7.11134, 42.23673], [-7.11134, 42.23683], [-7.11133, 42.23699], [-7.1113, 42.23712], [-7.11126, 42.23725], [-7.1112, 42.23735], [-7.11113, 42.23747], [-7.11102, 42.23762], [-7.11046, 42.23828], [-7.11036, 42.23842], [-7.1103, 42.23855], [-7.11026, 42.23866], [-7.11024, 42.23875], [-7.11023, 42.23885], [-7.11024, 42.23895], [-7.11025, 42.23905], [-7.11026, 42.23913], [-7.11031, 42.23934], [-7.11038, 42.23963], [-7.1104, 42.23977], [-7.11041, 42.23992], [-7.1104, 42.24005], [-7.11038, 42.2402], [-7.11034, 42.24032], [-7.11029, 42.24046], [-7.11023, 42.24058], [-7.11015, 42.24071], [-7.10992, 42.24103], [-7.10961, 42.24147], [-7.1095, 42.24164], [-7.10943, 42.24175], [-7.1093, 42.24199], [-7.10918, 42.24228], [-7.10827, 42.24499], [-7.10822, 42.2452], [-7.1082, 42.24535], [-7.1082, 42.24552], [-7.10822, 42.24566], [-7.10825, 42.24581], [-7.10829, 42.24593], [-7.10834, 42.24606], [-7.10843, 42.24622], [-7.10853, 42.24636], [-7.10864, 42.24649], [-7.10875, 42.2466], [-7.10886, 42.24669], [-7.109, 42.24679], [-7.10916, 42.24689], [-7.10922, 42.24692], [-7.10934, 42.24698], [-7.10958, 42.24709], [-7.11031, 42.24737], [-7.11057, 42.24748], [-7.1108, 42.2476], [-7.11099, 42.24771], [-7.11121, 42.24784], [-7.11135, 42.24794], [-7.1115, 42.24806], [-7.11167, 42.24821], [-7.11183, 42.24836], [-7.11272, 42.24925], [-7.11307, 42.2496], [-7.11324, 42.24976], [-7.11343, 42.24992], [-7.11357, 42.25002], [-7.11366, 42.25008], [-7.11377, 42.25015], [-7.11402, 42.25029], [-7.11454, 42.25054], [-7.11498, 42.25076], [-7.11522, 42.25089], [-7.11549, 42.25104], [-7.11565, 42.25115], [-7.11592, 42.25132], [-7.11617, 42.25152], [-7.11648, 42.25178], [-7.11674, 42.25203], [-7.11693, 42.25224], [-7.11712, 42.25246], [-7.11727, 42.25267], [-7.11745, 42.25295], [-7.11758, 42.25316], [-7.11772, 42.25345], [-7.11785, 42.25376], [-7.11795, 42.25406], [-7.11802, 42.25439], [-7.11807, 42.25473], [-7.11809, 42.25512], [-7.11808, 42.2555], [-7.11804, 42.25581], [-7.11798, 42.25608], [-7.11789, 42.25642], [-7.11776, 42.2568], [-7.11751, 42.25755], [-7.1175, 42.2576], [-7.11737, 42.25801], [-7.11727, 42.25832], [-7.11724, 42.25842], [-7.1172, 42.25855], [-7.11708, 42.25891], [-7.117, 42.2591], [-7.11693, 42.25928], [-7.11686, 42.25941], [-7.11674, 42.25959], [-7.11657, 42.25982], [-7.11643, 42.25996], [-7.11628, 42.26011], [-7.11606, 42.26029], [-7.11578, 42.26047], [-7.11504, 42.2609], [-7.11475, 42.26109], [-7.11455, 42.26126], [-7.11434, 42.26147], [-7.11413, 42.26176], [-7.11397, 42.26198], [-7.11383, 42.26222], [-7.11378, 42.26235], [-7.11375, 42.26248], [-7.11374, 42.26261], [-7.11376, 42.26278], [-7.1138, 42.26296], [-7.11418, 42.26447], [-7.11448, 42.26568], [-7.11458, 42.26601], [-7.11466, 42.26622], [-7.11479, 42.26648], [-7.11491, 42.2667], [-7.11509, 42.26695], [-7.11526, 42.26716], [-7.11549, 42.26741], [-7.11578, 42.26771], [-7.11615, 42.26809], [-7.11661, 42.26855], [-7.1168, 42.26873], [-7.11691, 42.26882], [-7.11703, 42.26891], [-7.11714, 42.26899], [-7.11727, 42.26906], [-7.11744, 42.26913], [-7.11765, 42.26922], [-7.11822, 42.26943], [-7.11848, 42.26953], [-7.1187, 42.26963], [-7.11892, 42.26975], [-7.11907, 42.26985], [-7.1192, 42.26996], [-7.11934, 42.27009], [-7.11951, 42.27025], [-7.11981, 42.27054], [-7.11995, 42.27067], [-7.12008, 42.27079], [-7.12014, 42.27085], [-7.12027, 42.27098], [-7.12062, 42.27131], [-7.12128, 42.27193], [-7.1219, 42.27253], [-7.12306, 42.27364], [-7.12315, 42.27373], [-7.12357, 42.27414], [-7.12382, 42.27439], [-7.12404, 42.27464], [-7.12423, 42.27486], [-7.12439, 42.27506], [-7.12455, 42.27529], [-7.1247, 42.27554], [-7.12483, 42.27578], [-7.12495, 42.27604], [-7.12504, 42.27625], [-7.12514, 42.27651], [-7.12556, 42.27784], [-7.12566, 42.27809], [-7.12576, 42.27829], [-7.12588, 42.27849], [-7.12598, 42.27864], [-7.12607, 42.27875], [-7.12618, 42.27889], [-7.12648, 42.27924], [-7.12698, 42.27983], [-7.12746, 42.28039], [-7.12848, 42.28158], [-7.12857, 42.28171], [-7.12865, 42.28184], [-7.12871, 42.28195], [-7.12876, 42.28208], [-7.1288, 42.28222], [-7.12882, 42.28237], [-7.12882, 42.28253], [-7.12881, 42.28267], [-7.12877, 42.28283], [-7.1287, 42.28301], [-7.12859, 42.28322], [-7.12798, 42.28433], [-7.12751, 42.28521], [-7.12685, 42.28639], [-7.12595, 42.28802], [-7.1254, 42.28905], [-7.12533, 42.28918], [-7.12531, 42.28924], [-7.12529, 42.28931], [-7.12526, 42.28943], [-7.12523, 42.28959], [-7.12523, 42.28971], [-7.12524, 42.28985], [-7.12527, 42.28997], [-7.12533, 42.29014], [-7.12539, 42.29026], [-7.12547, 42.2904], [-7.12556, 42.29051], [-7.12566, 42.29062], [-7.12578, 42.29072], [-7.12588, 42.2908], [-7.12602, 42.29089], [-7.1262, 42.29098], [-7.12636, 42.29106], [-7.12658, 42.29115], [-7.12805, 42.29168], [-7.12832, 42.29179], [-7.12853, 42.2919], [-7.12871, 42.292], [-7.12885, 42.2921], [-7.12902, 42.29224], [-7.12917, 42.29238], [-7.1293, 42.29253], [-7.12941, 42.29266], [-7.1295, 42.29281], [-7.12958, 42.29296], [-7.12965, 42.29313], [-7.12971, 42.29329], [-7.12975, 42.29343], [-7.13047, 42.29589], [-7.13055, 42.29616], [-7.13056, 42.29619], [-7.13065, 42.29648], [-7.13068, 42.29659], [-7.13071, 42.2967], [-7.13072, 42.29675], [-7.13076, 42.2969], [-7.13077, 42.29697], [-7.1308, 42.29712], [-7.13081, 42.29724], [-7.13081, 42.29752], [-7.13077, 42.29774], [-7.13073, 42.29791], [-7.13065, 42.29812], [-7.13051, 42.29837], [-7.13028, 42.29869], [-7.12907, 42.30028], [-7.12843, 42.3011], [-7.12834, 42.30123], [-7.12828, 42.30132], [-7.12816, 42.30153], [-7.1281, 42.3017], [-7.12805, 42.30187], [-7.12803, 42.30204], [-7.12803, 42.30221], [-7.12806, 42.30239], [-7.1281, 42.30255], [-7.12817, 42.30274], [-7.12826, 42.30288], [-7.12838, 42.30306], [-7.12861, 42.30335], [-7.12868, 42.30345], [-7.129, 42.30385], [-7.12921, 42.30411], [-7.1293, 42.30422], [-7.12941, 42.30436], [-7.12953, 42.30454], [-7.12962, 42.3047], [-7.12964, 42.30474], [-7.12969, 42.30484], [-7.12975, 42.30499], [-7.12981, 42.30522], [-7.12983, 42.30539], [-7.12983, 42.30552], [-7.12981, 42.30572], [-7.12975, 42.30597], [-7.12969, 42.30617], [-7.12957, 42.30638], [-7.12943, 42.30656], [-7.12923, 42.30678], [-7.12898, 42.30698], [-7.12873, 42.30715], [-7.12833, 42.30734], [-7.12584, 42.30818], [-7.12535, 42.30839], [-7.125, 42.30859], [-7.12475, 42.30879], [-7.12453, 42.30899], [-7.12438, 42.30918], [-7.12416, 42.30957], [-7.12406, 42.30983], [-7.12244, 42.31528], [-7.12232, 42.31562], [-7.12223, 42.31585], [-7.12207, 42.31611], [-7.1219, 42.31631], [-7.12173, 42.31647], [-7.12137, 42.31677], [-7.12007, 42.31773], [-7.11998, 42.31782], [-7.1196, 42.31809], [-7.1191, 42.31845], [-7.11884, 42.31868], [-7.11845, 42.31899], [-7.11834, 42.31908], [-7.11815, 42.31925], [-7.11811, 42.3193], [-7.118, 42.31941], [-7.11792, 42.3195], [-7.1178, 42.31967], [-7.11771, 42.31979], [-7.11764, 42.31993], [-7.11757, 42.32004], [-7.11746, 42.32034], [-7.11742, 42.32046], [-7.11731, 42.32075], [-7.11695, 42.32201], [-7.11689, 42.32225], [-7.11688, 42.32253], [-7.11691, 42.32268], [-7.11697, 42.32282], [-7.1171, 42.32302], [-7.11728, 42.32318], [-7.11742, 42.32328], [-7.11756, 42.32336], [-7.11775, 42.32344], [-7.11804, 42.32352], [-7.11836, 42.32354], [-7.11862, 42.32353], [-7.11885, 42.32348], [-7.11904, 42.32343], [-7.11933, 42.32334], [-7.11957, 42.32326], [-7.11983, 42.32317], [-7.12011, 42.32311], [-7.12024, 42.32309], [-7.12047, 42.32307], [-7.12078, 42.32305], [-7.12094, 42.32306], [-7.12107, 42.32306], [-7.12128, 42.32308], [-7.12149, 42.32312], [-7.12158, 42.32314], [-7.12182, 42.32321], [-7.12207, 42.32329], [-7.12231, 42.32339], [-7.12245, 42.32347], [-7.12272, 42.32364], [-7.12298, 42.32387], [-7.12322, 42.32413], [-7.12337, 42.32441], [-7.12347, 42.32469], [-7.12354, 42.32498], [-7.12354, 42.32528], [-7.12347, 42.32556], [-7.12337, 42.32581], [-7.12323, 42.32604], [-7.12289, 42.32655], [-7.1225, 42.32712], [-7.1219, 42.32799], [-7.12179, 42.32823], [-7.12172, 42.32854], [-7.12171, 42.32864], [-7.12171, 42.32887], [-7.12172, 42.32903], [-7.12175, 42.32919], [-7.12176, 42.32924], [-7.12184, 42.32945], [-7.12202, 42.32977], [-7.12226, 42.33008], [-7.12251, 42.33031], [-7.123, 42.33058], [-7.1234, 42.33074], [-7.12391, 42.33085], [-7.12429, 42.33089], [-7.1247, 42.33089], [-7.12506, 42.33085], [-7.12543, 42.33077], [-7.12568, 42.33068], [-7.12602, 42.33053], [-7.1263, 42.33038], [-7.1264, 42.3303], [-7.12665, 42.33011], [-7.12704, 42.32974], [-7.12707, 42.32973], [-7.12716, 42.32967], [-7.12733, 42.32951], [-7.12746, 42.32939], [-7.12763, 42.32929], [-7.12773, 42.3292], [-7.12826, 42.32875], [-7.12855, 42.32856], [-7.12881, 42.32843], [-7.12913, 42.32829], [-7.12948, 42.3282], [-7.12965, 42.32816], [-7.12983, 42.32812], [-7.1302, 42.32806], [-7.13055, 42.32803], [-7.13071, 42.32803], [-7.1308, 42.32803], [-7.13098, 42.32804], [-7.13103, 42.32804], [-7.1314, 42.32806], [-7.13165, 42.3281], [-7.13202, 42.32818], [-7.13251, 42.32831], [-7.13277, 42.32843], [-7.13294, 42.3285], [-7.13476, 42.32946], [-7.13537, 42.32978], [-7.13566, 42.32994], [-7.13583, 42.33005], [-7.13596, 42.33017], [-7.13605, 42.33027], [-7.13612, 42.33038], [-7.1362, 42.33054], [-7.13623, 42.33066], [-7.13624, 42.33079], [-7.13624, 42.33093], [-7.13621, 42.33106], [-7.13616, 42.33118], [-7.13608, 42.33131], [-7.13601, 42.33141], [-7.13591, 42.33151], [-7.13576, 42.33163], [-7.1356, 42.33172], [-7.13537, 42.33184], [-7.13465, 42.33219], [-7.1342, 42.33241], [-7.13389, 42.33257], [-7.13368, 42.33269], [-7.13347, 42.33284], [-7.13332, 42.33296], [-7.13315, 42.33311], [-7.13303, 42.33325], [-7.1329, 42.33342], [-7.13281, 42.33356], [-7.13272, 42.33372], [-7.13265, 42.33388], [-7.13259, 42.33407], [-7.13255, 42.33422], [-7.13254, 42.33441], [-7.13253, 42.33454], [-7.13255, 42.33479], [-7.13259, 42.335], [-7.13266, 42.33523], [-7.13274, 42.33542], [-7.13284, 42.33561], [-7.13295, 42.33579], [-7.13302, 42.33588], [-7.13326, 42.33617], [-7.13458, 42.33774], [-7.13472, 42.33793], [-7.13477, 42.338], [-7.13547, 42.33882], [-7.13643, 42.33996], [-7.1371, 42.34074], [-7.13728, 42.34097], [-7.13744, 42.34119], [-7.13757, 42.34144], [-7.13768, 42.3417], [-7.13772, 42.34192], [-7.13775, 42.34209], [-7.13776, 42.34231], [-7.13775, 42.34253], [-7.13773, 42.34271], [-7.13768, 42.34291], [-7.13758, 42.34317], [-7.13748, 42.34338], [-7.13736, 42.34359], [-7.13732, 42.34366], [-7.13722, 42.34384], [-7.13697, 42.34426], [-7.13646, 42.34513], [-7.13621, 42.34556], [-7.13612, 42.34571], [-7.13604, 42.34587], [-7.1356, 42.34657], [-7.13533, 42.34706], [-7.13515, 42.34737], [-7.13509, 42.34746], [-7.13503, 42.34762], [-7.1349, 42.34804], [-7.13485, 42.34829], [-7.13485, 42.34857], [-7.13489, 42.34882], [-7.13494, 42.34903], [-7.13501, 42.34922], [-7.13508, 42.34936], [-7.1352, 42.34958], [-7.13528, 42.34969], [-7.13537, 42.34982], [-7.13546, 42.34993], [-7.1357, 42.35018], [-7.13601, 42.35051], [-7.13612, 42.35063], [-7.13622, 42.35075], [-7.13634, 42.35092], [-7.13643, 42.35107], [-7.1365, 42.3512], [-7.13657, 42.35139], [-7.13665, 42.3516], [-7.13672, 42.35181], [-7.13676, 42.3519], [-7.13687, 42.35213], [-7.1369, 42.35219], [-7.13697, 42.35232], [-7.13707, 42.35247], [-7.13719, 42.35263], [-7.13732, 42.35277], [-7.13771, 42.35313], [-7.13786, 42.35328], [-7.13804, 42.35348], [-7.13816, 42.35362], [-7.13817, 42.35365], [-7.1382, 42.3537], [-7.1383, 42.35383], [-7.13839, 42.35397], [-7.13846, 42.35407], [-7.13856, 42.35428], [-7.13864, 42.35445], [-7.13869, 42.35458], [-7.1387, 42.35468], [-7.13877, 42.35493], [-7.13885, 42.35534], [-7.13887, 42.35559], [-7.13887, 42.35571], [-7.13887, 42.35591], [-7.13885, 42.3561], [-7.13881, 42.35625], [-7.13875, 42.35647], [-7.13864, 42.35674], [-7.13855, 42.3569], [-7.13841, 42.35713], [-7.13823, 42.35739], [-7.13801, 42.35768], [-7.13776, 42.358], [-7.13737, 42.35855], [-7.13718, 42.35885], [-7.13704, 42.35913], [-7.13687, 42.3595], [-7.13675, 42.35979], [-7.13664, 42.36013], [-7.13656, 42.36043], [-7.1365, 42.36076], [-7.13645, 42.36111], [-7.13644, 42.3614], [-7.13644, 42.36172], [-7.13646, 42.3621], [-7.1365, 42.36241], [-7.13654, 42.36264], [-7.13661, 42.36295], [-7.13668, 42.36318], [-7.13685, 42.3637], [-7.13762, 42.366], [-7.13771, 42.36624], [-7.13773, 42.36629], [-7.13775, 42.36633], [-7.13786, 42.36659], [-7.13794, 42.36673], [-7.13809, 42.36701], [-7.13831, 42.36735], [-7.13852, 42.36764], [-7.13884, 42.36807], [-7.13904, 42.36835], [-7.13919, 42.36859], [-7.13929, 42.36879], [-7.13935, 42.36893], [-7.13938, 42.369], [-7.13944, 42.36916], [-7.13952, 42.36944], [-7.13956, 42.36964], [-7.13958, 42.36979], [-7.13956, 42.36987], [-7.13955, 42.36999], [-7.13955, 42.37015], [-7.13951, 42.37042], [-7.13946, 42.37074], [-7.13945, 42.37081], [-7.1394, 42.37096], [-7.13933, 42.37116], [-7.13919, 42.37146], [-7.13902, 42.37177], [-7.13884, 42.37203], [-7.13864, 42.37226], [-7.13833, 42.3726], [-7.1381, 42.37281], [-7.13792, 42.373], [-7.13777, 42.37316], [-7.13762, 42.37334], [-7.13747, 42.37354], [-7.13739, 42.37366], [-7.13734, 42.37375], [-7.13712, 42.37409], [-7.13698, 42.37434], [-7.13693, 42.37446], [-7.13686, 42.37461], [-7.13683, 42.3748], [-7.13682, 42.37484], [-7.13674, 42.37522], [-7.13672, 42.37537], [-7.13669, 42.37564], [-7.13666, 42.3759], [-7.13665, 42.37605], [-7.13665, 42.37617], [-7.13663, 42.37668], [-7.1366, 42.37707], [-7.13655, 42.37732], [-7.13653, 42.37758], [-7.13649, 42.3778], [-7.13645, 42.37803], [-7.1364, 42.37826], [-7.13631, 42.37858], [-7.13623, 42.37885], [-7.13608, 42.37933], [-7.13603, 42.37956], [-7.136, 42.37975], [-7.136, 42.37997], [-7.13601, 42.38007], [-7.13601, 42.38016], [-7.13605, 42.38038], [-7.13629, 42.38136], [-7.13633, 42.38162], [-7.13638, 42.38206], [-7.13638, 42.38221], [-7.13638, 42.38253], [-7.13636, 42.38281], [-7.13634, 42.38302], [-7.1363, 42.38323], [-7.13625, 42.38342], [-7.13619, 42.38362], [-7.13612, 42.38377], [-7.13601, 42.38399], [-7.13586, 42.38419], [-7.1357, 42.3844], [-7.13554, 42.38456], [-7.13534, 42.38473], [-7.13508, 42.38492], [-7.13478, 42.3851], [-7.13456, 42.38522], [-7.13422, 42.38534], [-7.13383, 42.38548], [-7.13339, 42.38561], [-7.13279, 42.38579], [-7.1326, 42.38585], [-7.13233, 42.38594], [-7.13225, 42.38598], [-7.13215, 42.38602], [-7.13204, 42.38607], [-7.13167, 42.38627], [-7.13135, 42.38648], [-7.1313, 42.38651], [-7.13122, 42.38657], [-7.13105, 42.3867], [-7.13094, 42.38679], [-7.13079, 42.38692], [-7.13065, 42.38705], [-7.13053, 42.38719], [-7.13041, 42.3873], [-7.1303, 42.3874], [-7.13024, 42.38746], [-7.13019, 42.38754], [-7.13017, 42.38759], [-7.13014, 42.38763], [-7.1301, 42.38769], [-7.12994, 42.38796], [-7.12977, 42.38825], [-7.12968, 42.3884], [-7.12959, 42.3885], [-7.12956, 42.38854], [-7.12947, 42.38862], [-7.12936, 42.38869], [-7.12925, 42.38875], [-7.12913, 42.3888], [-7.12901, 42.38884], [-7.12886, 42.38887], [-7.12868, 42.38889], [-7.12814, 42.38892], [-7.12793, 42.38893], [-7.12784, 42.38893], [-7.12765, 42.38894], [-7.12726, 42.38896], [-7.12696, 42.38899], [-7.12681, 42.38902], [-7.12669, 42.38905], [-7.12656, 42.3891], [-7.12647, 42.38915], [-7.12638, 42.38921], [-7.12619, 42.38934], [-7.12609, 42.38942], [-7.12595, 42.38953], [-7.12588, 42.38959], [-7.12585, 42.38962], [-7.12584, 42.38964], [-7.12584, 42.38965], [-7.12585, 42.38966], [-7.12585, 42.38969], [-7.12585, 42.38972], [-7.12584, 42.38974], [-7.12582, 42.38977], [-7.12579, 42.38979], [-7.12577, 42.3898], [-7.12574, 42.38981], [-7.12571, 42.38982], [-7.12568, 42.38982], [-7.12563, 42.38983], [-7.1256, 42.38984], [-7.12556, 42.38986], [-7.12544, 42.38993], [-7.12524, 42.39007], [-7.12513, 42.39015], [-7.12505, 42.39021], [-7.12498, 42.39025], [-7.12487, 42.39032], [-7.12479, 42.39037], [-7.12459, 42.39049], [-7.1237, 42.39101], [-7.12355, 42.3911], [-7.12336, 42.39121], [-7.12302, 42.39142], [-7.12276, 42.3916], [-7.12261, 42.3917], [-7.12244, 42.3918], [-7.12231, 42.39187], [-7.12221, 42.39191], [-7.12064, 42.39252], [-7.1203, 42.39265], [-7.12007, 42.39274], [-7.11989, 42.39281], [-7.11975, 42.39286], [-7.11873, 42.39326], [-7.1186, 42.39331], [-7.11748, 42.39374], [-7.1172, 42.39384], [-7.11689, 42.39396], [-7.11626, 42.39421], [-7.11617, 42.39424], [-7.11591, 42.39435], [-7.11571, 42.39444], [-7.11556, 42.39451], [-7.11542, 42.39458], [-7.11524, 42.39469], [-7.1149, 42.3949], [-7.11479, 42.39498], [-7.11471, 42.39503], [-7.11463, 42.39509], [-7.11452, 42.39515], [-7.11441, 42.39519], [-7.11427, 42.39523], [-7.11418, 42.39537], [-7.11415, 42.39533]]}}, {"type": "Feature", "properties": {"id": "portomourisco", "nombre": "Portomourisco", "destino": "A Rúa", "pct_track": 0}, "geometry": {"type": "LineString", "coordinates": [[-7.12882, 42.33796], [-7.12902, 42.33787], [-7.12915, 42.33783], [-7.12922, 42.33781], [-7.12933, 42.33775], [-7.12945, 42.33771], [-7.12968, 42.33768], [-7.12981, 42.33768], [-7.12974, 42.33782], [-7.12973, 42.3379], [-7.12973, 42.33797], [-7.12972, 42.33822], [-7.12971, 42.33827], [-7.12963, 42.33837], [-7.12956, 42.33841], [-7.12953, 42.33845], [-7.12959, 42.33845], [-7.12968, 42.33848], [-7.1298, 42.33854], [-7.12988, 42.33861], [-7.12995, 42.3387], [-7.13013, 42.33898], [-7.1302, 42.33913], [-7.13023, 42.33922], [-7.13025, 42.3393], [-7.13037, 42.34004], [-7.13042, 42.34035], [-7.13051, 42.34099], [-7.13056, 42.34148], [-7.1306, 42.34163], [-7.13066, 42.34175], [-7.1308, 42.3419], [-7.13091, 42.34202], [-7.13097, 42.34213], [-7.13102, 42.34222], [-7.13113, 42.34254], [-7.13119, 42.34274], [-7.13132, 42.34311], [-7.13147, 42.34355], [-7.1315, 42.34365], [-7.13159, 42.34391], [-7.13161, 42.34398], [-7.13164, 42.34406], [-7.1317, 42.34422], [-7.13173, 42.34431], [-7.13178, 42.34446], [-7.13179, 42.34453], [-7.13181, 42.3446], [-7.13183, 42.34469], [-7.1319, 42.34482], [-7.13203, 42.34494], [-7.13222, 42.34502], [-7.13241, 42.34506], [-7.13265, 42.34508], [-7.13291, 42.34509], [-7.13305, 42.34507], [-7.13328, 42.345], [-7.13348, 42.34495], [-7.13358, 42.34493], [-7.13371, 42.34493], [-7.13386, 42.34497], [-7.13391, 42.34499], [-7.13404, 42.34503], [-7.13453, 42.34517], [-7.13467, 42.34522], [-7.13472, 42.34526], [-7.13477, 42.34532], [-7.13481, 42.34538], [-7.13485, 42.34548], [-7.13488, 42.34559], [-7.13488, 42.34571], [-7.13483, 42.34587], [-7.13479, 42.346], [-7.13478, 42.3461], [-7.13478, 42.34617], [-7.13478, 42.34625], [-7.13479, 42.34629], [-7.13483, 42.34641], [-7.13492, 42.3466], [-7.13498, 42.34674], [-7.135, 42.34683], [-7.13505, 42.34704], [-7.13505, 42.34712], [-7.13504, 42.34721], [-7.13499, 42.34736], [-7.13494, 42.3475], [-7.1349, 42.34769], [-7.13485, 42.34785], [-7.13482, 42.34801], [-7.13482, 42.3481], [-7.13485, 42.34829], [-7.13485, 42.34857], [-7.13489, 42.34882], [-7.13494, 42.34903], [-7.13501, 42.34922], [-7.13508, 42.34936], [-7.1352, 42.34958], [-7.13528, 42.34969], [-7.13537, 42.34982], [-7.13546, 42.34993], [-7.1357, 42.35018], [-7.13601, 42.35051], [-7.13612, 42.35063], [-7.13622, 42.35075], [-7.13634, 42.35092], [-7.13643, 42.35107], [-7.1365, 42.3512], [-7.13657, 42.35139], [-7.13665, 42.3516], [-7.13672, 42.35181], [-7.13676, 42.3519], [-7.13687, 42.35213], [-7.1369, 42.35219], [-7.13697, 42.35232], [-7.13707, 42.35247], [-7.13719, 42.35263], [-7.13732, 42.35277], [-7.13771, 42.35313], [-7.13786, 42.35328], [-7.13804, 42.35348], [-7.13816, 42.35362], [-7.13817, 42.35365], [-7.1382, 42.3537], [-7.1383, 42.35383], [-7.13839, 42.35397], [-7.13846, 42.35407], [-7.13856, 42.35428], [-7.13864, 42.35445], [-7.13869, 42.35458], [-7.1387, 42.35468], [-7.13877, 42.35493], [-7.13885, 42.35534], [-7.13887, 42.35559], [-7.13887, 42.35571], [-7.13887, 42.35591], [-7.13885, 42.3561], [-7.13881, 42.35625], [-7.13875, 42.35647], [-7.13864, 42.35674], [-7.13855, 42.3569], [-7.13841, 42.35713], [-7.13823, 42.35739], [-7.13801, 42.35768], [-7.13776, 42.358], [-7.13737, 42.35855], [-7.13718, 42.35885], [-7.13704, 42.35913], [-7.13687, 42.3595], [-7.13675, 42.35979], [-7.13664, 42.36013], [-7.13656, 42.36043], [-7.1365, 42.36076], [-7.13645, 42.36111], [-7.13644, 42.3614], [-7.13644, 42.36172], [-7.13646, 42.3621], [-7.1365, 42.36241], [-7.13654, 42.36264], [-7.13661, 42.36295], [-7.13668, 42.36318], [-7.13685, 42.3637], [-7.13762, 42.366], [-7.13771, 42.36624], [-7.13773, 42.36629], [-7.13775, 42.36633], [-7.13786, 42.36659], [-7.13794, 42.36673], [-7.13809, 42.36701], [-7.13831, 42.36735], [-7.13852, 42.36764], [-7.13884, 42.36807], [-7.13904, 42.36835], [-7.13919, 42.36859], [-7.13929, 42.36879], [-7.13935, 42.36893], [-7.13938, 42.369], [-7.13944, 42.36916], [-7.13952, 42.36944], [-7.13956, 42.36964], [-7.13958, 42.36979], [-7.13956, 42.36987], [-7.13955, 42.36999], [-7.13955, 42.37015], [-7.13951, 42.37042], [-7.13946, 42.37074], [-7.13945, 42.37081], [-7.1394, 42.37096], [-7.13933, 42.37116], [-7.13919, 42.37146], [-7.13902, 42.37177], [-7.13884, 42.37203], [-7.13864, 42.37226], [-7.13833, 42.3726], [-7.1381, 42.37281], [-7.13792, 42.373], [-7.13777, 42.37316], [-7.13762, 42.37334], [-7.13747, 42.37354], [-7.13739, 42.37366], [-7.13734, 42.37375], [-7.13712, 42.37409], [-7.13698, 42.37434], [-7.13693, 42.37446], [-7.13686, 42.37461], [-7.13683, 42.3748], [-7.13682, 42.37484], [-7.13674, 42.37522], [-7.13672, 42.37537], [-7.13669, 42.37564], [-7.13666, 42.3759], [-7.13665, 42.37605], [-7.13665, 42.37617], [-7.13663, 42.37668], [-7.1366, 42.37707], [-7.13655, 42.37732], [-7.13653, 42.37758], [-7.13649, 42.3778], [-7.13645, 42.37803], [-7.1364, 42.37826], [-7.13631, 42.37858], [-7.13623, 42.37885], [-7.13608, 42.37933], [-7.13603, 42.37956], [-7.136, 42.37975], [-7.136, 42.37997], [-7.13601, 42.38007], [-7.13601, 42.38016], [-7.13605, 42.38038], [-7.13629, 42.38136], [-7.13633, 42.38162], [-7.13638, 42.38206], [-7.13638, 42.38221], [-7.13638, 42.38253], [-7.13636, 42.38281], [-7.13634, 42.38302], [-7.1363, 42.38323], [-7.13625, 42.38342], [-7.13619, 42.38362], [-7.13612, 42.38377], [-7.13601, 42.38399], [-7.13586, 42.38419], [-7.1357, 42.3844], [-7.13554, 42.38456], [-7.13534, 42.38473], [-7.13508, 42.38492], [-7.13478, 42.3851], [-7.13456, 42.38522], [-7.13422, 42.38534], [-7.13383, 42.38548], [-7.13339, 42.38561], [-7.13279, 42.38579], [-7.1326, 42.38585], [-7.13233, 42.38594], [-7.13225, 42.38598], [-7.13215, 42.38602], [-7.13204, 42.38607], [-7.13167, 42.38627], [-7.13135, 42.38648], [-7.1313, 42.38651], [-7.13122, 42.38657], [-7.13105, 42.3867], [-7.13094, 42.38679], [-7.13079, 42.38692], [-7.13065, 42.38705], [-7.13053, 42.38719], [-7.13041, 42.3873], [-7.1303, 42.3874], [-7.13024, 42.38746], [-7.13019, 42.38754], [-7.13017, 42.38759], [-7.13014, 42.38763], [-7.1301, 42.38769], [-7.12994, 42.38796], [-7.12977, 42.38825], [-7.12968, 42.3884], [-7.12959, 42.3885], [-7.12956, 42.38854], [-7.12947, 42.38862], [-7.12936, 42.38869], [-7.12925, 42.38875], [-7.12913, 42.3888], [-7.12901, 42.38884], [-7.12886, 42.38887], [-7.12868, 42.38889], [-7.12814, 42.38892], [-7.12793, 42.38893], [-7.12784, 42.38893], [-7.12765, 42.38894], [-7.12726, 42.38896], [-7.12696, 42.38899], [-7.12681, 42.38902], [-7.12669, 42.38905], [-7.12656, 42.3891], [-7.12647, 42.38915], [-7.12638, 42.38921], [-7.12619, 42.38934], [-7.12609, 42.38942], [-7.12595, 42.38953], [-7.12588, 42.38959], [-7.12585, 42.38962], [-7.12584, 42.38964], [-7.12584, 42.38965], [-7.12585, 42.38966], [-7.12585, 42.38969], [-7.12585, 42.38972], [-7.12584, 42.38974], [-7.12582, 42.38977], [-7.12579, 42.38979], [-7.12577, 42.3898], [-7.12574, 42.38981], [-7.12571, 42.38982], [-7.12568, 42.38982], [-7.12563, 42.38983], [-7.1256, 42.38984], [-7.12556, 42.38986], [-7.12544, 42.38993], [-7.12524, 42.39007], [-7.12513, 42.39015], [-7.12505, 42.39021], [-7.12498, 42.39025], [-7.12487, 42.39032], [-7.12479, 42.39037], [-7.12459, 42.39049], [-7.1237, 42.39101], [-7.12355, 42.3911], [-7.12336, 42.39121], [-7.12302, 42.39142], [-7.12276, 42.3916], [-7.12261, 42.3917], [-7.12244, 42.3918], [-7.12231, 42.39187], [-7.12221, 42.39191], [-7.12064, 42.39252], [-7.1203, 42.39265], [-7.12007, 42.39274], [-7.11989, 42.39281], [-7.11975, 42.39286], [-7.11873, 42.39326], [-7.1186, 42.39331], [-7.11748, 42.39374], [-7.1172, 42.39384], [-7.11689, 42.39396], [-7.11626, 42.39421], [-7.11617, 42.39424], [-7.11591, 42.39435], [-7.11571, 42.39444], [-7.11556, 42.39451], [-7.11542, 42.39458], [-7.11524, 42.39469], [-7.1149, 42.3949], [-7.11479, 42.39498], [-7.11471, 42.39503], [-7.11463, 42.39509], [-7.11452, 42.39515], [-7.11441, 42.39519], [-7.11427, 42.39523], [-7.11418, 42.39537], [-7.11415, 42.39533]]}}, {"type": "Feature", "properties": {"id": "petin", "nombre": "Petín", "destino": "A Rúa", "pct_track": 0}, "geometry": {"type": "LineString", "coordinates": [[-7.12629, 42.38224], [-7.12624, 42.38229], [-7.12619, 42.38236], [-7.12617, 42.38239], [-7.12617, 42.38243], [-7.12617, 42.38245], [-7.12618, 42.38247], [-7.1262, 42.3825], [-7.1263, 42.3827], [-7.12634, 42.38277], [-7.12646, 42.38296], [-7.1266, 42.38308], [-7.12663, 42.38312], [-7.12667, 42.3832], [-7.12672, 42.38332], [-7.12675, 42.38345], [-7.12676, 42.38349], [-7.12676, 42.38355], [-7.1268, 42.38376], [-7.12688, 42.38413], [-7.12695, 42.38442], [-7.12697, 42.3845], [-7.12701, 42.38476], [-7.12704, 42.38498], [-7.12709, 42.38515], [-7.12716, 42.38531], [-7.12727, 42.38554], [-7.12729, 42.38558], [-7.12749, 42.38596], [-7.12753, 42.38606], [-7.12764, 42.38621], [-7.12774, 42.38635], [-7.1278, 42.38642], [-7.12823, 42.38696], [-7.12839, 42.38715], [-7.12847, 42.38726], [-7.12852, 42.38732], [-7.12865, 42.38746], [-7.12873, 42.38751], [-7.12879, 42.38753], [-7.12886, 42.38754], [-7.12896, 42.38751], [-7.12915, 42.38741], [-7.12923, 42.38737], [-7.12934, 42.38731], [-7.12967, 42.38713], [-7.13005, 42.38693], [-7.13046, 42.38676], [-7.13052, 42.38674], [-7.13058, 42.38673], [-7.13063, 42.38672], [-7.13068, 42.38671], [-7.13072, 42.38672], [-7.13074, 42.38673], [-7.13076, 42.38675], [-7.13077, 42.38677], [-7.13076, 42.3868], [-7.13076, 42.38685], [-7.13063, 42.38698], [-7.13049, 42.38711], [-7.13036, 42.38727], [-7.13028, 42.38737], [-7.13024, 42.38746], [-7.13019, 42.38754], [-7.13017, 42.38759], [-7.13014, 42.38763], [-7.1301, 42.38769], [-7.12994, 42.38796], [-7.12977, 42.38825], [-7.12968, 42.3884], [-7.12959, 42.3885], [-7.12956, 42.38854], [-7.12947, 42.38862], [-7.12936, 42.38869], [-7.12925, 42.38875], [-7.12913, 42.3888], [-7.12901, 42.38884], [-7.12886, 42.38887], [-7.12868, 42.38889], [-7.12814, 42.38892], [-7.12793, 42.38893], [-7.12784, 42.38893], [-7.12765, 42.38894], [-7.12726, 42.38896], [-7.12696, 42.38899], [-7.12681, 42.38902], [-7.12669, 42.38905], [-7.12656, 42.3891], [-7.12647, 42.38915], [-7.12638, 42.38921], [-7.12619, 42.38934], [-7.12609, 42.38942], [-7.12595, 42.38953], [-7.12588, 42.38959], [-7.12585, 42.38962], [-7.12584, 42.38964], [-7.12584, 42.38965], [-7.12585, 42.38966], [-7.12585, 42.38969], [-7.12585, 42.38972], [-7.12584, 42.38974], [-7.12582, 42.38977], [-7.12579, 42.38979], [-7.12577, 42.3898], [-7.12574, 42.38981], [-7.12571, 42.38982], [-7.12568, 42.38982], [-7.12563, 42.38983], [-7.1256, 42.38984], [-7.12556, 42.38986], [-7.12544, 42.38993], [-7.12524, 42.39007], [-7.12513, 42.39015], [-7.12505, 42.39021], [-7.12498, 42.39025], [-7.12487, 42.39032], [-7.12479, 42.39037], [-7.12459, 42.39049], [-7.1237, 42.39101], [-7.12355, 42.3911], [-7.12336, 42.39121], [-7.12302, 42.39142], [-7.12276, 42.3916], [-7.12261, 42.3917], [-7.12244, 42.3918], [-7.12231, 42.39187], [-7.12221, 42.39191], [-7.12064, 42.39252], [-7.1203, 42.39265], [-7.12007, 42.39274], [-7.11989, 42.39281], [-7.11975, 42.39286], [-7.11873, 42.39326], [-7.1186, 42.39331], [-7.11748, 42.39374], [-7.1172, 42.39384], [-7.11689, 42.39396], [-7.11626, 42.39421], [-7.11617, 42.39424], [-7.11591, 42.39435], [-7.11571, 42.39444], [-7.11556, 42.39451], [-7.11542, 42.39458], [-7.11524, 42.39469], [-7.1149, 42.3949], [-7.11479, 42.39498], [-7.11471, 42.39503], [-7.11463, 42.39509], [-7.11452, 42.39515], [-7.11441, 42.39519], [-7.11427, 42.39523], [-7.11418, 42.39537], [-7.11415, 42.39533]]}}, {"type": "Feature", "properties": {"id": "vilardesilva", "nombre": "Vilardesilva", "destino": "O Barco de Valdeorras", "pct_track": 0}, "geometry": {"type": "LineString", "coordinates": [[-6.82989, 42.46156], [-6.82999, 42.46159], [-6.8302, 42.46163], [-6.83037, 42.46165], [-6.83037, 42.46169], [-6.83036, 42.46172], [-6.83035, 42.46175], [-6.83044, 42.46172], [-6.83064, 42.46175], [-6.83077, 42.46178], [-6.83101, 42.46186], [-6.83115, 42.46192], [-6.8313, 42.46199], [-6.83139, 42.46208], [-6.83145, 42.46217], [-6.83153, 42.46232], [-6.83156, 42.46241], [-6.83161, 42.46255], [-6.83164, 42.46262], [-6.83165, 42.46266], [-6.83165, 42.46272], [-6.83163, 42.4628], [-6.83158, 42.46288], [-6.83151, 42.46296], [-6.83136, 42.46309], [-6.83124, 42.4632], [-6.83119, 42.46325], [-6.83119, 42.46329], [-6.83122, 42.46333], [-6.83127, 42.46334], [-6.83132, 42.46335], [-6.83138, 42.46334], [-6.83163, 42.4633], [-6.83175, 42.46329], [-6.83211, 42.46327], [-6.83226, 42.46327], [-6.83235, 42.46327], [-6.83239, 42.46328], [-6.83276, 42.46331], [-6.83298, 42.46332], [-6.83311, 42.46333], [-6.83337, 42.46336], [-6.8336, 42.46339], [-6.83371, 42.46341], [-6.8338, 42.46343], [-6.83388, 42.46347], [-6.83397, 42.46351], [-6.83404, 42.46355], [-6.83415, 42.46361], [-6.83426, 42.46368], [-6.83432, 42.46373], [-6.83437, 42.46377], [-6.83443, 42.46384], [-6.8345, 42.46392], [-6.83459, 42.46399], [-6.8347, 42.46407], [-6.83486, 42.46418], [-6.83502, 42.46432], [-6.83511, 42.4644], [-6.83516, 42.46445], [-6.83519, 42.46451], [-6.83522, 42.4646], [-6.83524, 42.46475], [-6.83528, 42.46484], [-6.83533, 42.46492], [-6.83539, 42.46498], [-6.83548, 42.46505], [-6.83563, 42.46514], [-6.83582, 42.46525], [-6.83596, 42.46534], [-6.83611, 42.46545], [-6.83622, 42.46552], [-6.83631, 42.46557], [-6.83639, 42.46561], [-6.83652, 42.46564], [-6.83665, 42.46567], [-6.83677, 42.46569], [-6.83685, 42.46571], [-6.83693, 42.46573], [-6.83707, 42.46579], [-6.83721, 42.46586], [-6.8373, 42.46589], [-6.8374, 42.46591], [-6.83753, 42.46593], [-6.83782, 42.46595], [-6.8381, 42.46595], [-6.83825, 42.46596], [-6.83838, 42.46595], [-6.83847, 42.46594], [-6.83856, 42.46594], [-6.83862, 42.46594], [-6.83872, 42.46596], [-6.83904, 42.46602], [-6.83919, 42.46604], [-6.83934, 42.46605], [-6.83945, 42.46605], [-6.83975, 42.46605], [-6.83985, 42.46605], [-6.83995, 42.46606], [-6.84004, 42.46608], [-6.84014, 42.46611], [-6.84022, 42.46613], [-6.84032, 42.46617], [-6.84038, 42.4662], [-6.84043, 42.46623], [-6.84051, 42.46628], [-6.84059, 42.46634], [-6.84068, 42.46644], [-6.84077, 42.46653], [-6.84084, 42.46657], [-6.84092, 42.4666], [-6.841, 42.46662], [-6.84115, 42.46662], [-6.84167, 42.46665], [-6.84191, 42.46665], [-6.84213, 42.46665], [-6.84236, 42.46664], [-6.84259, 42.46662], [-6.84283, 42.46659], [-6.84295, 42.46657], [-6.84315, 42.46654], [-6.8433, 42.46651], [-6.84343, 42.46649], [-6.84357, 42.46649], [-6.84377, 42.46649], [-6.84402, 42.4665], [-6.84412, 42.4665], [-6.84451, 42.46652], [-6.84464, 42.46654], [-6.8449, 42.46656], [-6.84512, 42.46657], [-6.84555, 42.46656], [-6.84607, 42.46657], [-6.84635, 42.46656], [-6.84656, 42.46653], [-6.8467, 42.46651], [-6.84682, 42.46649], [-6.84692, 42.46646], [-6.8471, 42.46641], [-6.84718, 42.46639], [-6.84724, 42.46639], [-6.84729, 42.4664], [-6.84791, 42.46656], [-6.84813, 42.46662], [-6.84845, 42.46672], [-6.84869, 42.46677], [-6.84881, 42.4668], [-6.84893, 42.46681], [-6.84905, 42.4668], [-6.84918, 42.46677], [-6.84933, 42.46674], [-6.84956, 42.46666], [-6.8498, 42.46656], [-6.84993, 42.46652], [-6.85021, 42.46642], [-6.85055, 42.46627], [-6.85078, 42.46616], [-6.85087, 42.46614], [-6.85093, 42.46614], [-6.85098, 42.46616], [-6.85101, 42.46621], [-6.85106, 42.46631], [-6.8511, 42.46643], [-6.85115, 42.46652], [-6.85132, 42.46676], [-6.85138, 42.46686], [-6.8514, 42.46692], [-6.85141, 42.46695], [-6.85142, 42.46708], [-6.85142, 42.46716], [-6.85145, 42.46723], [-6.8515, 42.46728], [-6.85158, 42.46733], [-6.85166, 42.46737], [-6.85176, 42.46742], [-6.85185, 42.46747], [-6.85194, 42.46752], [-6.852, 42.46754], [-6.85207, 42.46756], [-6.85223, 42.46755], [-6.85247, 42.46754], [-6.85262, 42.46753], [-6.85277, 42.4675], [-6.85297, 42.46745], [-6.85314, 42.46741], [-6.8533, 42.46739], [-6.8534, 42.46739], [-6.85349, 42.46739], [-6.85364, 42.46742], [-6.85372, 42.46744], [-6.85379, 42.46747], [-6.85384, 42.46751], [-6.85388, 42.46756], [-6.85392, 42.46768], [-6.85395, 42.46778], [-6.85395, 42.46784], [-6.85397, 42.46794], [-6.854, 42.46801], [-6.85405, 42.46808], [-6.85416, 42.4682], [-6.85428, 42.46831], [-6.85442, 42.46843], [-6.85456, 42.46849], [-6.85513, 42.46876], [-6.85529, 42.46885], [-6.85543, 42.46896], [-6.85554, 42.46908], [-6.85563, 42.46917], [-6.85537, 42.46972], [-6.85533, 42.46984], [-6.85532, 42.47003], [-6.85534, 42.47019], [-6.85535, 42.47031], [-6.85533, 42.47061], [-6.85542, 42.47056], [-6.85554, 42.4705], [-6.8557, 42.47039], [-6.85611, 42.47006], [-6.85625, 42.46997], [-6.85637, 42.46995], [-6.85694, 42.4688], [-6.8572, 42.46841], [-6.8575, 42.46806], [-6.85779, 42.46783], [-6.85823, 42.46755], [-6.85859, 42.4674], [-6.85898, 42.46729], [-6.85943, 42.4672], [-6.8599, 42.46718], [-6.86035, 42.46721], [-6.86074, 42.46728], [-6.86108, 42.46738], [-6.86144, 42.46752], [-6.86176, 42.4677], [-6.86211, 42.46793], [-6.86277, 42.4685], [-6.86317, 42.46881], [-6.86361, 42.46906], [-6.86399, 42.46923], [-6.86444, 42.46938], [-6.86485, 42.46947], [-6.86534, 42.46955], [-6.8657, 42.46958], [-6.86949, 42.46985], [-6.87119, 42.46999], [-6.87171, 42.47001], [-6.87241, 42.47004], [-6.87364, 42.47005], [-6.87429, 42.47002], [-6.875, 42.46997], [-6.87622, 42.46983], [-6.87711, 42.4697], [-6.8776, 42.46964], [-6.8781, 42.46964], [-6.87852, 42.46966], [-6.87881, 42.4697], [-6.87916, 42.46977], [-6.87952, 42.46987], [-6.8801, 42.47012], [-6.88058, 42.47034], [-6.88098, 42.4705], [-6.8812, 42.47058], [-6.88162, 42.47068], [-6.88187, 42.47074], [-6.88219, 42.47077], [-6.88264, 42.47077], [-6.88304, 42.47075], [-6.88355, 42.47066], [-6.8839, 42.47056], [-6.88429, 42.47043], [-6.88451, 42.47033], [-6.88466, 42.47027], [-6.88492, 42.47013], [-6.88504, 42.47006], [-6.88529, 42.46991], [-6.88553, 42.46973], [-6.88586, 42.46946], [-6.88614, 42.46919], [-6.88707, 42.46802], [-6.88733, 42.46775], [-6.88759, 42.46752], [-6.88787, 42.46727], [-6.88826, 42.467], [-6.88867, 42.46674], [-6.88949, 42.46628], [-6.88998, 42.46597], [-6.89014, 42.46587], [-6.8904, 42.46567], [-6.89072, 42.46537], [-6.89107, 42.46497], [-6.89123, 42.46476], [-6.89141, 42.4645], [-6.89164, 42.46405], [-6.89207, 42.46313], [-6.89226, 42.46283], [-6.89238, 42.46267], [-6.89251, 42.46253], [-6.89267, 42.46234], [-6.89293, 42.46203], [-6.89321, 42.46178], [-6.89345, 42.4616], [-6.89372, 42.46147], [-6.89399, 42.46138], [-6.89418, 42.46132], [-6.89443, 42.46125], [-6.8949, 42.4611], [-6.89519, 42.46099], [-6.89553, 42.46083], [-6.89571, 42.46078], [-6.89604, 42.46054], [-6.89621, 42.46039], [-6.89641, 42.46016], [-6.89657, 42.45991], [-6.89687, 42.45926], [-6.89783, 42.45721], [-6.89803, 42.45684], [-6.89825, 42.45651], [-6.89852, 42.45618], [-6.89924, 42.45537], [-6.89949, 42.45512], [-6.89969, 42.45496], [-6.89987, 42.45481], [-6.90012, 42.45466], [-6.90051, 42.45448], [-6.90075, 42.45438], [-6.90104, 42.45428], [-6.90149, 42.45414], [-6.90271, 42.45384], [-6.90323, 42.45374], [-6.90377, 42.45368], [-6.90418, 42.45367], [-6.90483, 42.45366], [-6.90539, 42.45364], [-6.90584, 42.45363], [-6.9065, 42.45371], [-6.90677, 42.45374], [-6.90735, 42.45387], [-6.90779, 42.45402], [-6.9086, 42.45435], [-6.90898, 42.4545], [-6.90938, 42.45466], [-6.90986, 42.45482], [-6.91102, 42.45508], [-6.91175, 42.45521], [-6.91218, 42.45525], [-6.91261, 42.45526], [-6.913, 42.45525], [-6.91342, 42.45522], [-6.91376, 42.45518], [-6.91421, 42.45512], [-6.91465, 42.45503], [-6.91506, 42.45495], [-6.91546, 42.45482], [-6.916, 42.45465], [-6.91644, 42.45451], [-6.91707, 42.4543], [-6.91743, 42.4542], [-6.91785, 42.45409], [-6.91868, 42.45394], [-6.9191, 42.45388], [-6.91956, 42.45383], [-6.9201, 42.45381], [-6.92073, 42.4538], [-6.92147, 42.45382], [-6.92241, 42.45385], [-6.92292, 42.45386], [-6.92343, 42.45388], [-6.92358, 42.45389], [-6.92435, 42.45391], [-6.92614, 42.45397], [-6.92698, 42.45395], [-6.92756, 42.45391], [-6.92812, 42.4538], [-6.92849, 42.45371], [-6.92895, 42.45354], [-6.92942, 42.45336], [-6.9298, 42.45312], [-6.93016, 42.45285], [-6.93056, 42.45248], [-6.93101, 42.45209], [-6.93141, 42.45175], [-6.93168, 42.45154], [-6.93222, 42.45115], [-6.93239, 42.45105], [-6.93279, 42.45081], [-6.93312, 42.45064], [-6.93348, 42.45047], [-6.9337, 42.45037], [-6.93408, 42.45021], [-6.93463, 42.45003], [-6.93502, 42.44992], [-6.9355, 42.44979], [-6.93602, 42.44969], [-6.93652, 42.44964], [-6.93691, 42.44958], [-6.93735, 42.44952], [-6.93797, 42.44943], [-6.93869, 42.4493], [-6.93934, 42.44919], [-6.9398, 42.44908], [-6.93997, 42.44902], [-6.94016, 42.44896], [-6.94055, 42.44879], [-6.9409, 42.4486], [-6.94116, 42.44843], [-6.94126, 42.44832], [-6.94139, 42.44822], [-6.94161, 42.44802], [-6.94175, 42.44787], [-6.94201, 42.44761], [-6.94214, 42.44739], [-6.94233, 42.44697], [-6.94244, 42.44658], [-6.94285, 42.44525], [-6.94314, 42.44456], [-6.94348, 42.44396], [-6.944, 42.44332], [-6.94426, 42.44303], [-6.94476, 42.44257], [-6.94535, 42.4421], [-6.94593, 42.4417], [-6.94651, 42.4414], [-6.94722, 42.44106], [-6.94783, 42.44084], [-6.94852, 42.44059], [-6.94978, 42.44017], [-6.95014, 42.44005], [-6.95065, 42.43986], [-6.95114, 42.43964], [-6.95336, 42.43843], [-6.95381, 42.43822], [-6.9543, 42.43802], [-6.95485, 42.43782], [-6.9555, 42.4377], [-6.95605, 42.43757], [-6.95681, 42.43745], [-6.95773, 42.43735], [-6.95912, 42.43722], [-6.96008, 42.43717], [-6.96101, 42.43711], [-6.96142, 42.43709], [-6.96183, 42.43705], [-6.96217, 42.43701], [-6.96251, 42.43696], [-6.96279, 42.43691], [-6.96305, 42.43686], [-6.96332, 42.43681], [-6.96357, 42.43674], [-6.96395, 42.43664], [-6.9643, 42.43654], [-6.96463, 42.43643], [-6.96494, 42.43631], [-6.96529, 42.43618], [-6.9656, 42.43604], [-6.96584, 42.43592], [-6.96607, 42.4358], [-6.96631, 42.43568], [-6.96652, 42.43556], [-6.96666, 42.43548], [-6.96679, 42.4354], [-6.96704, 42.43523], [-6.96729, 42.43506], [-6.96752, 42.43489], [-6.96776, 42.4347], [-6.96798, 42.4345], [-6.96824, 42.43425], [-6.96848, 42.434], [-6.96863, 42.43383], [-6.96872, 42.43373], [-6.96894, 42.43346], [-6.96943, 42.43277], [-6.96992, 42.43206], [-6.97109, 42.43054], [-6.97136, 42.43021], [-6.97164, 42.4299], [-6.97204, 42.42948], [-6.97245, 42.42908], [-6.97263, 42.4289], [-6.97279, 42.42876], [-6.97286, 42.42869], [-6.97319, 42.42831], [-6.97346, 42.42809], [-6.97374, 42.42784], [-6.97391, 42.42769], [-6.97407, 42.42753], [-6.97423, 42.42736], [-6.97438, 42.42719], [-6.97457, 42.42697], [-6.97477, 42.42669], [-6.97491, 42.42647], [-6.97502, 42.42626], [-6.97509, 42.4261], [-6.97511, 42.42607], [-6.97516, 42.42597], [-6.97517, 42.42593], [-6.97527, 42.4257], [-6.97535, 42.42549], [-6.97582, 42.42422], [-6.97591, 42.42403], [-6.97604, 42.42384], [-6.97624, 42.42364], [-6.97642, 42.42347], [-6.97647, 42.4234], [-6.97656, 42.4233], [-6.97671, 42.42312], [-6.97683, 42.42294], [-6.97698, 42.42261], [-6.97705, 42.42247], [-6.97716, 42.42226], [-6.97728, 42.42209], [-6.9775, 42.42182], [-6.97768, 42.42161], [-6.97788, 42.42143], [-6.97833, 42.42107], [-6.9784, 42.42101], [-6.97927, 42.42031], [-6.97937, 42.42023], [-6.97962, 42.42004], [-6.98039, 42.41943], [-6.98062, 42.41925], [-6.98078, 42.41912], [-6.98092, 42.419], [-6.98103, 42.41891], [-6.98106, 42.41886], [-6.98108, 42.41883], [-6.98111, 42.41872], [-6.98109, 42.41865], [-6.98105, 42.41858], [-6.98098, 42.41847], [-6.98087, 42.4183], [-6.9808, 42.41817], [-6.98079, 42.41811], [-6.98078, 42.41805], [-6.98078, 42.41797], [-6.98079, 42.41789], [-6.9808, 42.41772], [-6.98087, 42.41695], [-6.98093, 42.41627], [-6.98095, 42.41606], [-6.98095, 42.416], [-6.98099, 42.416], [-6.98104, 42.416], [-6.98123, 42.41602], [-6.98137, 42.41603], [-6.98217, 42.4161], [-6.98239, 42.41611], [-6.98259, 42.41613], [-6.9827, 42.41613], [-6.98353, 42.41619], [-6.98362, 42.4162], [-6.98369, 42.41621], [-6.98443, 42.41628], [-6.98441, 42.41635]]}}, {"type": "Feature", "properties": {"id": "casaio", "nombre": "Casaio", "destino": "O Barco de Valdeorras", "pct_track": 0}, "geometry": {"type": "LineString", "coordinates": [[-6.80545, 42.33997], [-6.80551, 42.33998], [-6.80573, 42.34003], [-6.80584, 42.34006], [-6.80595, 42.34009], [-6.80616, 42.34012], [-6.80639, 42.34012], [-6.80651, 42.34015], [-6.80668, 42.34017], [-6.8068, 42.34018], [-6.80691, 42.34021], [-6.80699, 42.34023], [-6.80706, 42.34026], [-6.8073, 42.34038], [-6.80738, 42.34044], [-6.80752, 42.34056], [-6.80765, 42.3407], [-6.80774, 42.34081], [-6.80778, 42.34087], [-6.80783, 42.34096], [-6.80786, 42.34106], [-6.80785, 42.34112], [-6.80784, 42.34125], [-6.80783, 42.3413], [-6.8078, 42.34148], [-6.80778, 42.34165], [-6.80777, 42.3418], [-6.80778, 42.34186], [-6.8078, 42.34192], [-6.80816, 42.34252], [-6.80823, 42.34262], [-6.80832, 42.3427], [-6.80911, 42.34326], [-6.80952, 42.34356], [-6.80972, 42.34367], [-6.80998, 42.3438], [-6.81112, 42.34432], [-6.81123, 42.34439], [-6.81129, 42.34442], [-6.81138, 42.3445], [-6.81146, 42.34461], [-6.81157, 42.34482], [-6.81175, 42.34519], [-6.8119, 42.3455], [-6.81207, 42.34586], [-6.81252, 42.34676], [-6.81258, 42.34685], [-6.81269, 42.34696], [-6.81319, 42.34734], [-6.81398, 42.34802], [-6.81413, 42.34816], [-6.81418, 42.34824], [-6.8142, 42.34834], [-6.81418, 42.34843], [-6.81414, 42.34852], [-6.81413, 42.34862], [-6.8141, 42.3487], [-6.81405, 42.34878], [-6.814, 42.34886], [-6.8139, 42.34897], [-6.81366, 42.34919], [-6.81361, 42.34925], [-6.81357, 42.34931], [-6.81356, 42.34938], [-6.81356, 42.34944], [-6.81357, 42.3495], [-6.81359, 42.34954], [-6.81363, 42.34959], [-6.81367, 42.34962], [-6.81379, 42.3497], [-6.81386, 42.34976], [-6.81393, 42.34983], [-6.81398, 42.3499], [-6.81403, 42.34998], [-6.81413, 42.35022], [-6.8142, 42.35037], [-6.81434, 42.35059], [-6.81475, 42.35119], [-6.8149, 42.35137], [-6.81503, 42.3515], [-6.81516, 42.3516], [-6.81528, 42.35168], [-6.81538, 42.35173], [-6.81555, 42.3518], [-6.81596, 42.35195], [-6.81617, 42.35203], [-6.81636, 42.35212], [-6.8165, 42.35221], [-6.81667, 42.35233], [-6.8169, 42.35249], [-6.81739, 42.35285], [-6.8176, 42.35298], [-6.81777, 42.35307], [-6.81794, 42.35313], [-6.81811, 42.35318], [-6.81825, 42.3532], [-6.81838, 42.35321], [-6.81851, 42.35321], [-6.81864, 42.35321], [-6.8188, 42.35319], [-6.81915, 42.35314], [-6.81962, 42.35308], [-6.8199, 42.35305], [-6.8201, 42.35304], [-6.8204, 42.35303], [-6.82107, 42.35303], [-6.82119, 42.35304], [-6.82129, 42.35305], [-6.82138, 42.35308], [-6.82146, 42.35312], [-6.82153, 42.35317], [-6.82159, 42.35323], [-6.82163, 42.3533], [-6.82166, 42.35336], [-6.82168, 42.35344], [-6.82167, 42.35352], [-6.82166, 42.35363], [-6.82158, 42.35387], [-6.82153, 42.354], [-6.82148, 42.35407], [-6.82141, 42.35416], [-6.82131, 42.35424], [-6.82119, 42.35433], [-6.82105, 42.35444], [-6.82066, 42.35475], [-6.82051, 42.35485], [-6.82042, 42.35491], [-6.82033, 42.35496], [-6.82022, 42.35501], [-6.81986, 42.35515], [-6.81973, 42.35521], [-6.81964, 42.35526], [-6.81957, 42.35531], [-6.81951, 42.35538], [-6.81946, 42.35545], [-6.81941, 42.35555], [-6.81926, 42.35587], [-6.8192, 42.356], [-6.81915, 42.35608], [-6.81907, 42.35616], [-6.81898, 42.35623], [-6.81888, 42.3563], [-6.81877, 42.35635], [-6.81862, 42.35641], [-6.81847, 42.35646], [-6.81833, 42.3565], [-6.81812, 42.35655], [-6.81788, 42.35658], [-6.81753, 42.35663], [-6.81742, 42.35666], [-6.81733, 42.35668], [-6.81722, 42.35672], [-6.8171, 42.35678], [-6.81683, 42.35694], [-6.81674, 42.35698], [-6.81662, 42.35704], [-6.81651, 42.35708], [-6.81616, 42.35718], [-6.81573, 42.3573], [-6.81559, 42.35735], [-6.8155, 42.35739], [-6.81544, 42.35744], [-6.81539, 42.3575], [-6.81535, 42.35756], [-6.81534, 42.35764], [-6.81534, 42.3577], [-6.81536, 42.35777], [-6.8154, 42.35784], [-6.81546, 42.3579], [-6.81554, 42.35796], [-6.81656, 42.35857], [-6.81716, 42.35894], [-6.81779, 42.35932], [-6.81801, 42.35943], [-6.81817, 42.35949], [-6.81832, 42.35952], [-6.81847, 42.35955], [-6.81859, 42.35956], [-6.81938, 42.35957], [-6.81981, 42.35957], [-6.82041, 42.35956], [-6.82083, 42.35954], [-6.82111, 42.35952], [-6.82135, 42.35951], [-6.82147, 42.3595], [-6.82157, 42.35951], [-6.82164, 42.35952], [-6.8217, 42.35954], [-6.82176, 42.35957], [-6.82181, 42.35961], [-6.82186, 42.35965], [-6.82189, 42.3597], [-6.82192, 42.35974], [-6.82194, 42.35979], [-6.82211, 42.36039], [-6.82214, 42.36046], [-6.82219, 42.36056], [-6.82253, 42.36117], [-6.82258, 42.36127], [-6.82262, 42.36136], [-6.82263, 42.36142], [-6.82265, 42.3615], [-6.82265, 42.36156], [-6.82264, 42.36162], [-6.82262, 42.36167], [-6.82259, 42.36172], [-6.82254, 42.36179], [-6.82243, 42.36191], [-6.8221, 42.36223], [-6.82203, 42.36231], [-6.82197, 42.36239], [-6.82192, 42.36248], [-6.82188, 42.36255], [-6.82182, 42.36269], [-6.82178, 42.36278], [-6.82172, 42.36286], [-6.82166, 42.36292], [-6.82159, 42.36298], [-6.82151, 42.36302], [-6.82141, 42.36307], [-6.82119, 42.36315], [-6.82078, 42.36333], [-6.82069, 42.36335], [-6.82058, 42.36338], [-6.82047, 42.3634], [-6.82038, 42.36341], [-6.82022, 42.36341], [-6.81961, 42.36342], [-6.81935, 42.36342], [-6.81915, 42.36343], [-6.81903, 42.36343], [-6.81887, 42.36345], [-6.81864, 42.36349], [-6.81849, 42.36352], [-6.81839, 42.36355], [-6.81831, 42.36358], [-6.81823, 42.36363], [-6.81818, 42.36367], [-6.81812, 42.36374], [-6.81808, 42.3638], [-6.81806, 42.36385], [-6.81805, 42.36391], [-6.81804, 42.36396], [-6.81805, 42.36403], [-6.81807, 42.3641], [-6.81811, 42.36416], [-6.81816, 42.36423], [-6.81822, 42.3643], [-6.81848, 42.36454], [-6.81857, 42.36463], [-6.81862, 42.3647], [-6.81866, 42.36476], [-6.81869, 42.36483], [-6.8187, 42.36489], [-6.81872, 42.36495], [-6.81871, 42.36558], [-6.81872, 42.36563], [-6.81874, 42.36569], [-6.81878, 42.36574], [-6.81883, 42.36577], [-6.81888, 42.36581], [-6.81895, 42.36583], [-6.819, 42.36584], [-6.81906, 42.36585], [-6.81912, 42.36585], [-6.81918, 42.36584], [-6.81925, 42.36583], [-6.81961, 42.36572], [-6.81974, 42.36569], [-6.81981, 42.36567], [-6.81989, 42.36567], [-6.81994, 42.36567], [-6.81999, 42.36568], [-6.82004, 42.3657], [-6.82009, 42.36572], [-6.82022, 42.3658], [-6.82029, 42.36584], [-6.82036, 42.36587], [-6.82042, 42.36588], [-6.8205, 42.36588], [-6.82056, 42.36587], [-6.82064, 42.36585], [-6.82073, 42.36581], [-6.82094, 42.36569], [-6.82118, 42.36556], [-6.82136, 42.36547], [-6.82147, 42.36543], [-6.82161, 42.36538], [-6.82182, 42.36532], [-6.82202, 42.36528], [-6.82221, 42.36526], [-6.82239, 42.36525], [-6.82256, 42.36525], [-6.82272, 42.36526], [-6.82283, 42.36527], [-6.82315, 42.36532], [-6.82324, 42.36532], [-6.82336, 42.36531], [-6.82347, 42.36528], [-6.82358, 42.36524], [-6.82371, 42.36517], [-6.82389, 42.36507], [-6.82408, 42.36497], [-6.82421, 42.36491], [-6.82436, 42.36485], [-6.82451, 42.36481], [-6.82515, 42.36465], [-6.82691, 42.36421], [-6.82717, 42.36413], [-6.82734, 42.36406], [-6.82752, 42.36399], [-6.82765, 42.36391], [-6.8278, 42.36383], [-6.82792, 42.36375], [-6.82806, 42.36364], [-6.82819, 42.36352], [-6.82832, 42.36339], [-6.82859, 42.3631], [-6.8287, 42.36297], [-6.8288, 42.36289], [-6.82886, 42.36285], [-6.82891, 42.36283], [-6.82897, 42.36281], [-6.82902, 42.3628], [-6.82908, 42.36279], [-6.82914, 42.3628], [-6.82919, 42.36281], [-6.82926, 42.36283], [-6.82931, 42.36286], [-6.82936, 42.36289], [-6.8294, 42.36292], [-6.82944, 42.36297], [-6.82949, 42.36303], [-6.82956, 42.36314], [-6.82969, 42.36341], [-6.82974, 42.36352], [-6.82976, 42.36363], [-6.82978, 42.36375], [-6.82977, 42.36388], [-6.82975, 42.36404], [-6.82971, 42.36422], [-6.82968, 42.36435], [-6.82964, 42.36446], [-6.82959, 42.36455], [-6.82954, 42.36463], [-6.82946, 42.36473], [-6.82924, 42.36498], [-6.82918, 42.36505], [-6.82914, 42.36513], [-6.82907, 42.36523], [-6.82842, 42.36643], [-6.82833, 42.36661], [-6.82826, 42.36679], [-6.82823, 42.3669], [-6.82821, 42.36704], [-6.82819, 42.36717], [-6.82819, 42.36747], [-6.82818, 42.36757], [-6.82817, 42.36768], [-6.82814, 42.36777], [-6.82811, 42.36786], [-6.82805, 42.36797], [-6.8279, 42.3682], [-6.82785, 42.3683], [-6.82781, 42.3684], [-6.82779, 42.36848], [-6.82777, 42.36858], [-6.82775, 42.36873], [-6.82774, 42.36885], [-6.82772, 42.3689], [-6.8277, 42.36894], [-6.82766, 42.36898], [-6.8276, 42.36903], [-6.82743, 42.36914], [-6.82735, 42.3692], [-6.82729, 42.36924], [-6.82725, 42.3693], [-6.82722, 42.36935], [-6.8272, 42.3694], [-6.8272, 42.36946], [-6.8272, 42.36951], [-6.82721, 42.36956], [-6.82723, 42.36962], [-6.8273, 42.36979], [-6.82732, 42.36985], [-6.82732, 42.36991], [-6.82732, 42.36998], [-6.82731, 42.37004], [-6.82728, 42.37013], [-6.82701, 42.37088], [-6.82698, 42.37098], [-6.82697, 42.37105], [-6.82697, 42.37112], [-6.82698, 42.37118], [-6.827, 42.37123], [-6.82703, 42.37127], [-6.82708, 42.37133], [-6.82717, 42.37139], [-6.82727, 42.37143], [-6.82737, 42.37146], [-6.82745, 42.37148], [-6.82757, 42.37149], [-6.82784, 42.37149], [-6.82841, 42.3715], [-6.82875, 42.3715], [-6.82896, 42.37149], [-6.82914, 42.37148], [-6.82932, 42.37146], [-6.82954, 42.37142], [-6.82973, 42.37138], [-6.82991, 42.37133], [-6.83027, 42.37123], [-6.83047, 42.37118], [-6.83063, 42.37115], [-6.83082, 42.37113], [-6.83123, 42.37108], [-6.83144, 42.37106], [-6.83162, 42.37105], [-6.83183, 42.37105], [-6.83202, 42.37106], [-6.83226, 42.37109], [-6.83248, 42.37112], [-6.83262, 42.37114], [-6.83272, 42.37117], [-6.83281, 42.3712], [-6.83288, 42.37123], [-6.83295, 42.37129], [-6.833, 42.37135], [-6.83304, 42.37141], [-6.83307, 42.37149], [-6.83307, 42.37155], [-6.83306, 42.37161], [-6.83304, 42.37168], [-6.83301, 42.37172], [-6.83295, 42.37179], [-6.83286, 42.37188], [-6.83273, 42.37199], [-6.83244, 42.3722], [-6.83238, 42.37226], [-6.83234, 42.37232], [-6.83231, 42.37239], [-6.83208, 42.37295], [-6.83205, 42.37305], [-6.83205, 42.37316], [-6.83206, 42.37328], [-6.83216, 42.37387], [-6.83223, 42.37426], [-6.83228, 42.37444], [-6.83233, 42.37451], [-6.83237, 42.37456], [-6.83244, 42.3746], [-6.83252, 42.37463], [-6.83265, 42.37466], [-6.83293, 42.37469], [-6.83325, 42.37473], [-6.83358, 42.37475], [-6.83385, 42.37477], [-6.83421, 42.37481], [-6.8344, 42.37484], [-6.83456, 42.37487], [-6.83473, 42.37494], [-6.83488, 42.37501], [-6.83503, 42.3751], [-6.8352, 42.37521], [-6.83538, 42.37536], [-6.83573, 42.37569], [-6.83625, 42.37618], [-6.83638, 42.37632], [-6.83652, 42.37651], [-6.83671, 42.37677], [-6.83715, 42.37738], [-6.83718, 42.37742], [-6.83721, 42.37746], [-6.83727, 42.37757], [-6.83735, 42.37774], [-6.8374, 42.37787], [-6.83744, 42.37805], [-6.8375, 42.37831], [-6.83753, 42.37845], [-6.83759, 42.37862], [-6.83768, 42.37876], [-6.83779, 42.37893], [-6.83789, 42.37905], [-6.838, 42.37917], [-6.8381, 42.37926], [-6.83821, 42.37934], [-6.83833, 42.37944], [-6.83847, 42.37952], [-6.83869, 42.37965], [-6.83883, 42.37974], [-6.83898, 42.37986], [-6.83918, 42.38003], [-6.83938, 42.38021], [-6.83964, 42.38043], [-6.84001, 42.38077], [-6.84025, 42.38099], [-6.84043, 42.38118], [-6.8406, 42.38138], [-6.84088, 42.38173], [-6.84101, 42.3819], [-6.84108, 42.38203], [-6.84112, 42.38215], [-6.84114, 42.38229], [-6.84116, 42.38247], [-6.84117, 42.38272], [-6.84118, 42.38281], [-6.8412, 42.38295], [-6.84123, 42.38307], [-6.84128, 42.38318], [-6.84136, 42.38332], [-6.84143, 42.38342], [-6.84153, 42.38353], [-6.84165, 42.38365], [-6.8418, 42.38378], [-6.84232, 42.38424], [-6.84247, 42.38438], [-6.84256, 42.38449], [-6.84264, 42.38462], [-6.84269, 42.38472], [-6.84274, 42.38483], [-6.84276, 42.38493], [-6.84277, 42.38505], [-6.8428, 42.3854], [-6.84283, 42.38562], [-6.84286, 42.38577], [-6.84291, 42.38591], [-6.84296, 42.38603], [-6.84302, 42.38615], [-6.84307, 42.38623], [-6.84316, 42.38637], [-6.84334, 42.38665], [-6.8436, 42.38705], [-6.84383, 42.3874], [-6.84401, 42.38769], [-6.84409, 42.38783], [-6.84415, 42.38795], [-6.84419, 42.38808], [-6.84421, 42.38819], [-6.84422, 42.3883], [-6.84421, 42.38842], [-6.84418, 42.38858], [-6.84413, 42.38881], [-6.84408, 42.389], [-6.84405, 42.3891], [-6.84406, 42.38915], [-6.84407, 42.38918], [-6.84411, 42.38924], [-6.84417, 42.38928], [-6.84425, 42.38932], [-6.84432, 42.38933], [-6.8444, 42.38933], [-6.84446, 42.38932], [-6.84453, 42.3893], [-6.84458, 42.38926], [-6.84462, 42.38921], [-6.84464, 42.38915], [-6.84481, 42.38842], [-6.84506, 42.38726], [-6.84511, 42.38709], [-6.84518, 42.38692], [-6.84535, 42.38656], [-6.84552, 42.3862], [-6.84561, 42.38602], [-6.84565, 42.38596], [-6.84573, 42.3859], [-6.84585, 42.38584], [-6.84598, 42.38579], [-6.84611, 42.38576], [-6.84621, 42.38575], [-6.84632, 42.38575], [-6.84642, 42.38577], [-6.84653, 42.38581], [-6.84661, 42.38586], [-6.84672, 42.38596], [-6.84692, 42.3862], [-6.8471, 42.38639], [-6.84725, 42.38651], [-6.84747, 42.38667], [-6.84764, 42.38678], [-6.84779, 42.38685], [-6.84799, 42.38691], [-6.84819, 42.38696], [-6.84839, 42.38699], [-6.84853, 42.387], [-6.84871, 42.387], [-6.84895, 42.38698], [-6.84922, 42.38694], [-6.84954, 42.38688], [-6.85017, 42.38675], [-6.85037, 42.38671], [-6.85053, 42.38669], [-6.85067, 42.38669], [-6.85083, 42.38671], [-6.85107, 42.38675], [-6.85162, 42.38684], [-6.85185, 42.38686], [-6.85221, 42.38689], [-6.85267, 42.3869], [-6.85383, 42.38691], [-6.85562, 42.38693], [-6.85683, 42.38692], [-6.85723, 42.38691], [-6.85752, 42.38693], [-6.85777, 42.38697], [-6.85799, 42.38701], [-6.85818, 42.38706], [-6.85833, 42.38712], [-6.85846, 42.38717], [-6.85863, 42.38725], [-6.86005, 42.38795], [-6.86031, 42.38807], [-6.86045, 42.38812], [-6.86066, 42.38817], [-6.86082, 42.3882], [-6.86109, 42.38823], [-6.86173, 42.38828], [-6.86226, 42.38832], [-6.86258, 42.38835], [-6.86299, 42.38838], [-6.8631, 42.38839], [-6.86333, 42.3884], [-6.86346, 42.38841], [-6.86359, 42.38841], [-6.86377, 42.3884], [-6.86433, 42.38835], [-6.8646, 42.38834], [-6.86484, 42.38833], [-6.86516, 42.38834], [-6.86546, 42.38836], [-6.86573, 42.38839], [-6.86608, 42.38845], [-6.86669, 42.38858], [-6.86792, 42.38885], [-6.87, 42.3893], [-6.87023, 42.38935], [-6.87039, 42.38937], [-6.87055, 42.38938], [-6.87074, 42.38939], [-6.87088, 42.38938], [-6.87105, 42.38936], [-6.87135, 42.38931], [-6.87238, 42.38914], [-6.87273, 42.38908], [-6.87294, 42.38903], [-6.87311, 42.38898], [-6.87331, 42.38892], [-6.87509, 42.38826], [-6.8754, 42.38814], [-6.87566, 42.38806], [-6.87611, 42.38787], [-6.87641, 42.38774], [-6.87694, 42.3875], [-6.87728, 42.38734], [-6.87748, 42.38727], [-6.87765, 42.38722], [-6.87782, 42.38719], [-6.878, 42.38718], [-6.87816, 42.38719], [-6.8783, 42.3872], [-6.87842, 42.38721], [-6.87856, 42.38724], [-6.87867, 42.38727], [-6.87879, 42.38732], [-6.8789, 42.38737], [-6.87902, 42.38743], [-6.87915, 42.38752], [-6.87932, 42.38765], [-6.88019, 42.38839], [-6.88033, 42.3885], [-6.88044, 42.38858], [-6.88054, 42.38864], [-6.88063, 42.38869], [-6.88071, 42.38872], [-6.88081, 42.38875], [-6.88092, 42.38876], [-6.88103, 42.38878], [-6.88111, 42.38878], [-6.8812, 42.38878], [-6.88129, 42.38876], [-6.88142, 42.38874], [-6.88154, 42.38871], [-6.88169, 42.38867], [-6.88182, 42.38864], [-6.88269, 42.38833], [-6.8828, 42.3883], [-6.88289, 42.38829], [-6.88297, 42.38828], [-6.88306, 42.38828], [-6.88312, 42.38829], [-6.88318, 42.38831], [-6.88324, 42.38833], [-6.8833, 42.38837], [-6.88336, 42.38843], [-6.88341, 42.38849], [-6.88347, 42.38859], [-6.88352, 42.38867], [-6.88358, 42.38872], [-6.88365, 42.38876], [-6.88372, 42.38879], [-6.8838, 42.38881], [-6.88392, 42.38883], [-6.88402, 42.38883], [-6.88411, 42.38883], [-6.88421, 42.38882], [-6.88431, 42.3888], [-6.88444, 42.38877], [-6.88459, 42.38872], [-6.88481, 42.38864], [-6.88494, 42.3886], [-6.88503, 42.38858], [-6.88513, 42.38857], [-6.88521, 42.38856], [-6.88532, 42.38858], [-6.88574, 42.38866], [-6.88584, 42.38868], [-6.88599, 42.38871], [-6.8864, 42.38879], [-6.88662, 42.38885], [-6.88689, 42.38892], [-6.88754, 42.38912], [-6.88789, 42.38922], [-6.88799, 42.38923], [-6.88809, 42.38924], [-6.88819, 42.38924], [-6.88827, 42.38922], [-6.88835, 42.3892], [-6.88843, 42.38916], [-6.8885, 42.3891], [-6.88861, 42.38897], [-6.88886, 42.38866], [-6.88896, 42.38855], [-6.88903, 42.3885], [-6.8891, 42.38847], [-6.88917, 42.38845], [-6.88924, 42.38845], [-6.88932, 42.38846], [-6.88941, 42.38847], [-6.88949, 42.38851], [-6.88959, 42.38857], [-6.88976, 42.38869], [-6.89013, 42.38896], [-6.89023, 42.38904], [-6.89075, 42.38952], [-6.8909, 42.38965], [-6.89104, 42.38975], [-6.89118, 42.38982], [-6.89137, 42.38991], [-6.89157, 42.39001], [-6.89178, 42.39012], [-6.89204, 42.39026], [-6.8924, 42.39043], [-6.89296, 42.39069], [-6.89384, 42.39107], [-6.89461, 42.39141], [-6.8949, 42.39156], [-6.8951, 42.39164], [-6.89518, 42.39166], [-6.89526, 42.39166], [-6.89537, 42.39166], [-6.89555, 42.39164], [-6.89572, 42.39163], [-6.89583, 42.39163], [-6.89594, 42.39164], [-6.89604, 42.39167], [-6.89614, 42.39172], [-6.89623, 42.39177], [-6.89632, 42.39186], [-6.89644, 42.39201], [-6.89677, 42.39248], [-6.89688, 42.39259], [-6.89695, 42.39265], [-6.89708, 42.39273], [-6.89719, 42.39279], [-6.89732, 42.39284], [-6.89743, 42.39286], [-6.89757, 42.39287], [-6.89771, 42.39288], [-6.89798, 42.39288], [-6.89816, 42.39288], [-6.89827, 42.3929], [-6.89836, 42.39292], [-6.89846, 42.39296], [-6.89854, 42.39303], [-6.89865, 42.39313], [-6.89894, 42.39346], [-6.89909, 42.39363], [-6.89916, 42.39375], [-6.89921, 42.39386], [-6.89924, 42.39398], [-6.89925, 42.3941], [-6.89923, 42.39443], [-6.89918, 42.39494], [-6.89918, 42.3951], [-6.89919, 42.39521], [-6.89921, 42.39532], [-6.89926, 42.39544], [-6.89931, 42.39554], [-6.89941, 42.39566], [-6.89952, 42.39577], [-6.89967, 42.39588], [-6.8998, 42.39595], [-6.89993, 42.396], [-6.90005, 42.39604], [-6.90019, 42.39608], [-6.90043, 42.39612], [-6.90073, 42.39616], [-6.90089, 42.39619], [-6.90103, 42.39622], [-6.90119, 42.39627], [-6.90134, 42.39633], [-6.90147, 42.3964], [-6.90167, 42.39651], [-6.90175, 42.39657], [-6.90182, 42.39663], [-6.9019, 42.39671], [-6.90205, 42.39687], [-6.90215, 42.39694], [-6.90228, 42.39702], [-6.90287, 42.39736], [-6.90366, 42.39783], [-6.90383, 42.39792], [-6.9039, 42.39798], [-6.90395, 42.39804], [-6.90398, 42.39809], [-6.904, 42.39817], [-6.904, 42.39825], [-6.90398, 42.39832], [-6.90393, 42.39839], [-6.90386, 42.39845], [-6.9038, 42.39848], [-6.90365, 42.39856], [-6.90357, 42.3986], [-6.90352, 42.39864], [-6.90349, 42.39868], [-6.90346, 42.39873], [-6.90345, 42.39878], [-6.90346, 42.39885], [-6.90349, 42.39891], [-6.90352, 42.39896], [-6.90358, 42.39901], [-6.90372, 42.39911], [-6.90379, 42.39917], [-6.90381, 42.3992], [-6.90384, 42.39924], [-6.90388, 42.3993], [-6.90389, 42.39936], [-6.9039, 42.39944], [-6.90394, 42.40027], [-6.90398, 42.40085], [-6.904, 42.40093], [-6.90404, 42.40099], [-6.90409, 42.40106], [-6.90414, 42.40111], [-6.90443, 42.40134], [-6.90488, 42.40169], [-6.90499, 42.40176], [-6.90508, 42.40183], [-6.90519, 42.40188], [-6.90527, 42.4019], [-6.90542, 42.40194], [-6.90561, 42.40197], [-6.90599, 42.40201], [-6.90622, 42.40204], [-6.90638, 42.40207], [-6.90652, 42.40212], [-6.90668, 42.40218], [-6.90681, 42.40227], [-6.90695, 42.40237], [-6.90715, 42.40257], [-6.90732, 42.40274], [-6.9074, 42.40285], [-6.90746, 42.40293], [-6.90748, 42.403], [-6.9075, 42.40309], [-6.90749, 42.40319], [-6.90746, 42.40329], [-6.90742, 42.40338], [-6.90733, 42.40351], [-6.90727, 42.40361], [-6.90724, 42.4037], [-6.90721, 42.4038], [-6.90718, 42.40404], [-6.90716, 42.40414], [-6.90713, 42.40424], [-6.90708, 42.40432], [-6.90703, 42.40439], [-6.90695, 42.40447], [-6.90654, 42.40478], [-6.90643, 42.40487], [-6.90637, 42.40494], [-6.90632, 42.405], [-6.90627, 42.4051], [-6.90623, 42.40517], [-6.90621, 42.40528], [-6.9062, 42.40536], [-6.90621, 42.40545], [-6.90622, 42.40553], [-6.90627, 42.40566], [-6.90635, 42.40582], [-6.90642, 42.40593], [-6.90649, 42.406], [-6.90658, 42.40607], [-6.90668, 42.40613], [-6.90684, 42.4062], [-6.90697, 42.40625], [-6.9071, 42.40629], [-6.90726, 42.40635], [-6.90733, 42.40638], [-6.90739, 42.40642], [-6.90743, 42.40647], [-6.90746, 42.40652], [-6.90748, 42.40658], [-6.90748, 42.40664], [-6.90747, 42.40671], [-6.90744, 42.40681], [-6.90731, 42.40711], [-6.90726, 42.40724], [-6.90725, 42.40733], [-6.90725, 42.40742], [-6.90727, 42.40755], [-6.90746, 42.40821], [-6.90748, 42.40828], [-6.90753, 42.40836], [-6.90757, 42.40841], [-6.90762, 42.40846], [-6.90776, 42.4086], [-6.90781, 42.40866], [-6.90786, 42.40872], [-6.9079, 42.40877], [-6.90795, 42.40887], [-6.90802, 42.409], [-6.90807, 42.40907], [-6.90813, 42.40915], [-6.9082, 42.40921], [-6.90829, 42.40928], [-6.90842, 42.40935], [-6.90854, 42.4094], [-6.90868, 42.40944], [-6.90885, 42.40947], [-6.90905, 42.40951], [-6.90922, 42.40956], [-6.9094, 42.40964], [-6.90953, 42.40971], [-6.90964, 42.40979], [-6.90973, 42.40987], [-6.90998, 42.41011], [-6.91051, 42.41063], [-6.91104, 42.41117], [-6.91127, 42.41138], [-6.91141, 42.41152], [-6.91156, 42.41164], [-6.91167, 42.41172], [-6.91179, 42.4118], [-6.91214, 42.412], [-6.91238, 42.41212], [-6.9126, 42.41224], [-6.91279, 42.41235], [-6.91295, 42.41245], [-6.91308, 42.41255], [-6.9132, 42.41267], [-6.91333, 42.41283], [-6.91337, 42.41288], [-6.91342, 42.41297], [-6.91345, 42.41305], [-6.91346, 42.41309], [-6.91361, 42.41301], [-6.9138, 42.41296], [-6.91384, 42.41296], [-6.91388, 42.41296], [-6.91394, 42.41298], [-6.91401, 42.413], [-6.91412, 42.41304], [-6.91427, 42.41307], [-6.91438, 42.41309], [-6.91446, 42.41309], [-6.91459, 42.4131], [-6.91473, 42.4131], [-6.91485, 42.41309], [-6.91514, 42.41308], [-6.91561, 42.41306], [-6.9161, 42.41303], [-6.91638, 42.41302], [-6.91655, 42.41304], [-6.91681, 42.41306], [-6.91722, 42.41312], [-6.91752, 42.41316], [-6.91778, 42.41321], [-6.91799, 42.41326], [-6.91832, 42.41338], [-6.91861, 42.41349], [-6.91886, 42.41358], [-6.91919, 42.4137], [-6.92062, 42.41424], [-6.92117, 42.41445], [-6.92142, 42.41454], [-6.92153, 42.41459], [-6.92189, 42.41472], [-6.9221, 42.4148], [-6.92242, 42.41492], [-6.92291, 42.41507], [-6.92332, 42.41518], [-6.9236, 42.41526], [-6.92383, 42.41533], [-6.92403, 42.41543], [-6.92426, 42.41557], [-6.92463, 42.41578], [-6.92499, 42.41599], [-6.92526, 42.41615], [-6.92545, 42.41623], [-6.92564, 42.41627], [-6.92582, 42.41629], [-6.92608, 42.41629], [-6.92678, 42.41627], [-6.92691, 42.41627], [-6.92724, 42.41626], [-6.92751, 42.41624], [-6.92767, 42.41623], [-6.92778, 42.41622], [-6.92789, 42.4162], [-6.92817, 42.41612], [-6.92974, 42.41572], [-6.9306, 42.41549], [-6.93147, 42.41528], [-6.93161, 42.41524], [-6.9317, 42.41519], [-6.93183, 42.41516], [-6.93191, 42.41515], [-6.932, 42.41515], [-6.93217, 42.41517], [-6.93251, 42.4153], [-6.93265, 42.41534], [-6.93276, 42.41537], [-6.93291, 42.4154], [-6.93315, 42.41542], [-6.93377, 42.41544], [-6.93419, 42.41545], [-6.93441, 42.41544], [-6.93456, 42.41543], [-6.93482, 42.4154], [-6.93519, 42.41534], [-6.93542, 42.41531], [-6.93566, 42.41528], [-6.93596, 42.41528], [-6.93632, 42.41529], [-6.93693, 42.41531], [-6.93774, 42.4153], [-6.93862, 42.4153], [-6.93921, 42.41529], [-6.93972, 42.41528], [-6.94044, 42.41526], [-6.94103, 42.41524], [-6.94137, 42.41525], [-6.94157, 42.41527], [-6.94186, 42.4153], [-6.94212, 42.41533], [-6.94227, 42.41533], [-6.94238, 42.41533], [-6.94278, 42.41526], [-6.94338, 42.41514], [-6.94366, 42.4151], [-6.94437, 42.41496], [-6.94466, 42.4149], [-6.94487, 42.41485], [-6.94497, 42.41483], [-6.94509, 42.41482], [-6.94522, 42.41482], [-6.94545, 42.41483], [-6.94557, 42.41483], [-6.94567, 42.41483], [-6.94573, 42.41481], [-6.9458, 42.41478], [-6.94588, 42.41473], [-6.94595, 42.41469], [-6.94601, 42.41466], [-6.94609, 42.41463], [-6.94616, 42.41462], [-6.94645, 42.41462], [-6.94676, 42.41464], [-6.94695, 42.41464], [-6.94713, 42.41461], [-6.94726, 42.41457], [-6.94737, 42.41454], [-6.94748, 42.41452], [-6.94756, 42.41452], [-6.94766, 42.41454], [-6.94772, 42.41456], [-6.94783, 42.41458], [-6.94796, 42.41458], [-6.94807, 42.41458], [-6.94814, 42.41457], [-6.94836, 42.41451], [-6.94846, 42.41448], [-6.9486, 42.41444], [-6.94871, 42.41443], [-6.9488, 42.41442], [-6.94889, 42.41444], [-6.94914, 42.41448], [-6.94932, 42.41451], [-6.94946, 42.41454], [-6.94967, 42.4146], [-6.94977, 42.41464], [-6.94994, 42.41472], [-6.95014, 42.41481], [-6.9503, 42.41486], [-6.95042, 42.4149], [-6.95067, 42.41496], [-6.95077, 42.41499], [-6.95086, 42.41503], [-6.95098, 42.4151], [-6.9511, 42.41517], [-6.9512, 42.41521], [-6.95135, 42.41524], [-6.95142, 42.41525], [-6.95181, 42.41528], [-6.95199, 42.4153], [-6.95235, 42.41533], [-6.95264, 42.41535], [-6.95279, 42.41535], [-6.95289, 42.41533], [-6.95309, 42.41525], [-6.95328, 42.41517], [-6.9535, 42.41506], [-6.9537, 42.41494], [-6.95388, 42.41482], [-6.954, 42.41472], [-6.95427, 42.41452], [-6.95435, 42.41445], [-6.95447, 42.41435], [-6.95459, 42.41422], [-6.95467, 42.41412], [-6.95476, 42.414], [-6.955, 42.41367], [-6.95509, 42.41356], [-6.95514, 42.41352], [-6.95519, 42.41349], [-6.95525, 42.41348], [-6.95534, 42.41347], [-6.95544, 42.41348], [-6.9556, 42.41352], [-6.95577, 42.41357], [-6.95592, 42.41361], [-6.95603, 42.41364], [-6.95633, 42.41364], [-6.95663, 42.41363], [-6.9568, 42.41361], [-6.95704, 42.41359], [-6.95715, 42.41356], [-6.95725, 42.41353], [-6.95735, 42.41348], [-6.95746, 42.4134], [-6.95753, 42.41334], [-6.95758, 42.41328], [-6.9577, 42.41313], [-6.95776, 42.41306], [-6.95782, 42.41302], [-6.95788, 42.41298], [-6.95795, 42.41295], [-6.95803, 42.41295], [-6.95814, 42.41295], [-6.95819, 42.41295], [-6.95834, 42.41297], [-6.9585, 42.41298], [-6.95868, 42.41301], [-6.95885, 42.41306], [-6.95924, 42.41325], [-6.95941, 42.41333], [-6.95953, 42.41341], [-6.95965, 42.41352], [-6.95974, 42.41364], [-6.95982, 42.41376], [-6.96001, 42.41408], [-6.9601, 42.41422], [-6.96017, 42.41432], [-6.96028, 42.41444], [-6.96043, 42.41455], [-6.96071, 42.4147], [-6.96093, 42.41477], [-6.96147, 42.41493], [-6.96174, 42.41501], [-6.96203, 42.4151], [-6.96226, 42.41516], [-6.96259, 42.41519], [-6.96272, 42.4152], [-6.96311, 42.41521], [-6.96328, 42.4152], [-6.96343, 42.41517], [-6.96354, 42.41512], [-6.96363, 42.41503], [-6.96378, 42.41482], [-6.96388, 42.41468], [-6.96394, 42.41459], [-6.96407, 42.41443], [-6.96414, 42.4143], [-6.96422, 42.41415], [-6.96425, 42.41402], [-6.96428, 42.41386], [-6.9643, 42.41372], [-6.9643, 42.41363], [-6.96421, 42.41332], [-6.96411, 42.413], [-6.96402, 42.4127], [-6.964, 42.41259], [-6.96398, 42.41248], [-6.96394, 42.41226], [-6.96393, 42.41215], [-6.96395, 42.41205], [-6.96398, 42.41197], [-6.96404, 42.41185], [-6.96422, 42.41155], [-6.96436, 42.41132], [-6.96453, 42.41103], [-6.96456, 42.41099], [-6.96462, 42.41088], [-6.9647, 42.41075], [-6.96492, 42.41039], [-6.9651, 42.41006], [-6.9652, 42.40989], [-6.96527, 42.4098], [-6.96535, 42.40973], [-6.96559, 42.40955], [-6.96602, 42.40927], [-6.96615, 42.40918], [-6.96623, 42.40914], [-6.96638, 42.40908], [-6.9668, 42.40893], [-6.96717, 42.40881], [-6.96748, 42.4087], [-6.96776, 42.40861], [-6.96797, 42.40853], [-6.9681, 42.40847], [-6.96821, 42.40841], [-6.96827, 42.40837], [-6.96834, 42.40833], [-6.9684, 42.4083], [-6.96843, 42.40829], [-6.96868, 42.40822], [-6.96873, 42.40821], [-6.96878, 42.4082], [-6.96891, 42.4082], [-6.96902, 42.40822], [-6.96913, 42.40827], [-6.96928, 42.40833], [-6.96941, 42.40837], [-6.96953, 42.40838], [-6.96972, 42.4084], [-6.96989, 42.4084], [-6.97001, 42.40842], [-6.97017, 42.40845], [-6.97028, 42.40848], [-6.97038, 42.40852], [-6.97077, 42.40868], [-6.97113, 42.40879], [-6.97139, 42.40888], [-6.97174, 42.40897], [-6.97213, 42.40905], [-6.9723, 42.40908], [-6.97277, 42.40917], [-6.97308, 42.40923], [-6.97358, 42.40936], [-6.97424, 42.4095], [-6.97449, 42.40956], [-6.97495, 42.40972], [-6.97528, 42.40983], [-6.97562, 42.40994], [-6.97586, 42.41003], [-6.97599, 42.41008], [-6.9761, 42.41013], [-6.97629, 42.41022], [-6.97643, 42.41029], [-6.97655, 42.41034], [-6.97693, 42.41059], [-6.97721, 42.41089], [-6.97732, 42.41106], [-6.97741, 42.41124], [-6.97749, 42.41149], [-6.97752, 42.41172], [-6.9775, 42.41191], [-6.97749, 42.41196], [-6.97745, 42.41209], [-6.97741, 42.41226], [-6.97738, 42.41237], [-6.97736, 42.41243], [-6.97694, 42.41347], [-6.97683, 42.41376], [-6.97676, 42.4139], [-6.97674, 42.41394], [-6.97672, 42.41399], [-6.97667, 42.41419], [-6.97668, 42.41427], [-6.97673, 42.41435], [-6.97682, 42.41442], [-6.97727, 42.41466], [-6.97755, 42.41483], [-6.97756, 42.41484], [-6.97836, 42.41532], [-6.97855, 42.41544], [-6.97899, 42.4157], [-6.97902, 42.41572], [-6.97915, 42.4158], [-6.97937, 42.41586], [-6.97956, 42.41587], [-6.98079, 42.41599], [-6.98088, 42.41599], [-6.98095, 42.416], [-6.98099, 42.416], [-6.98104, 42.416], [-6.98123, 42.41602], [-6.98137, 42.41603], [-6.98217, 42.4161], [-6.98239, 42.41611], [-6.98259, 42.41613], [-6.9827, 42.41613], [-6.98353, 42.41619], [-6.98362, 42.4162], [-6.98369, 42.41621], [-6.98443, 42.41628], [-6.98441, 42.41635]]}}, {"type": "Feature", "properties": {"id": "a-medua", "nombre": "A Medua", "destino": "O Barco de Valdeorras", "pct_track": 6}, "geometry": {"type": "LineString", "coordinates": [[-6.87162, 42.39896], [-6.87183, 42.39902], [-6.87195, 42.39907], [-6.87202, 42.3991], [-6.87212, 42.39912], [-6.87224, 42.39915], [-6.87228, 42.39918], [-6.87235, 42.39922], [-6.87245, 42.39926], [-6.87251, 42.39928], [-6.87258, 42.3993], [-6.87266, 42.39932], [-6.87273, 42.39933], [-6.87279, 42.39937], [-6.87283, 42.3994], [-6.87289, 42.39948], [-6.87295, 42.3995], [-6.87301, 42.39952], [-6.8731, 42.39959], [-6.87322, 42.3997], [-6.87331, 42.39976], [-6.87348, 42.39985], [-6.87359, 42.39991], [-6.87373, 42.39996], [-6.87398, 42.40002], [-6.87412, 42.40007], [-6.87444, 42.40021], [-6.87452, 42.40026], [-6.8746, 42.40031], [-6.87485, 42.40048], [-6.87502, 42.40058], [-6.87534, 42.40081], [-6.87564, 42.401], [-6.87582, 42.40113], [-6.87592, 42.40121], [-6.87607, 42.40138], [-6.87626, 42.40161], [-6.87635, 42.4017], [-6.87643, 42.40178], [-6.87649, 42.40185], [-6.87658, 42.40201], [-6.87664, 42.40207], [-6.87673, 42.40216], [-6.87675, 42.4022], [-6.87675, 42.40224], [-6.87673, 42.40226], [-6.87668, 42.4023], [-6.87657, 42.40236], [-6.8765, 42.40238], [-6.87644, 42.40239], [-6.87627, 42.40238], [-6.8761, 42.40236], [-6.87601, 42.40234], [-6.87588, 42.40228], [-6.87572, 42.40218], [-6.87561, 42.4021], [-6.87549, 42.402], [-6.87541, 42.40194], [-6.87532, 42.40188], [-6.87517, 42.40178], [-6.875, 42.40166], [-6.87496, 42.40164], [-6.87492, 42.40163], [-6.87487, 42.40163], [-6.8748, 42.40163], [-6.87471, 42.40164], [-6.8746, 42.40166], [-6.8744, 42.4017], [-6.87436, 42.4017], [-6.87431, 42.4017], [-6.87426, 42.40169], [-6.87404, 42.40164], [-6.87398, 42.40164], [-6.87394, 42.40164], [-6.8739, 42.40165], [-6.87387, 42.40167], [-6.87386, 42.4017], [-6.87385, 42.40174], [-6.87385, 42.40179], [-6.87383, 42.40184], [-6.87375, 42.40195], [-6.87373, 42.40199], [-6.87372, 42.40203], [-6.87371, 42.40209], [-6.87372, 42.40213], [-6.87372, 42.40216], [-6.87382, 42.40223], [-6.87397, 42.40235], [-6.87407, 42.40245], [-6.8741, 42.40249], [-6.87412, 42.40253], [-6.87414, 42.40305], [-6.87413, 42.40312], [-6.8741, 42.40317], [-6.87406, 42.40319], [-6.874, 42.4032], [-6.87384, 42.4032], [-6.87309, 42.40326], [-6.8729, 42.40326], [-6.87271, 42.40326], [-6.87246, 42.40331], [-6.87219, 42.40334], [-6.87201, 42.40336], [-6.87192, 42.40338], [-6.87184, 42.40341], [-6.87174, 42.40347], [-6.87159, 42.40355], [-6.87152, 42.40359], [-6.87143, 42.40361], [-6.87133, 42.40362], [-6.87121, 42.40362], [-6.871, 42.40359], [-6.87094, 42.40361], [-6.87083, 42.40363], [-6.87076, 42.40366], [-6.87071, 42.4037], [-6.87053, 42.40388], [-6.87048, 42.40392], [-6.87025, 42.4041], [-6.87044, 42.40412], [-6.87063, 42.40413], [-6.87089, 42.40413], [-6.8713, 42.40415], [-6.87147, 42.40416], [-6.87199, 42.40419], [-6.87225, 42.40419], [-6.87254, 42.4042], [-6.87287, 42.40421], [-6.87315, 42.4042], [-6.87342, 42.40416], [-6.87367, 42.40412], [-6.87393, 42.40406], [-6.87411, 42.40403], [-6.8743, 42.404], [-6.8745, 42.40401], [-6.87469, 42.40401], [-6.87484, 42.40402], [-6.87502, 42.40403], [-6.87536, 42.40405], [-6.8757, 42.40407], [-6.87603, 42.40407], [-6.87622, 42.40409], [-6.87639, 42.40412], [-6.8768, 42.40425], [-6.87729, 42.40441], [-6.87767, 42.40453], [-6.87793, 42.40459], [-6.87824, 42.40465], [-6.87882, 42.40476], [-6.8792, 42.40482], [-6.87938, 42.40486], [-6.87971, 42.40493], [-6.87996, 42.40501], [-6.8813, 42.40548], [-6.88194, 42.40571], [-6.88216, 42.40579], [-6.8826, 42.40594], [-6.88277, 42.406], [-6.88288, 42.40603], [-6.88305, 42.40608], [-6.8834, 42.40614], [-6.88363, 42.40618], [-6.88406, 42.40627], [-6.88426, 42.40629], [-6.88443, 42.40633], [-6.88467, 42.40639], [-6.8849, 42.40643], [-6.88518, 42.40649], [-6.88535, 42.40652], [-6.88559, 42.40657], [-6.88609, 42.40666], [-6.88629, 42.4067], [-6.88636, 42.40672], [-6.88645, 42.40674], [-6.88663, 42.40677], [-6.88748, 42.40694], [-6.88778, 42.407], [-6.88792, 42.40703], [-6.88857, 42.40705], [-6.88898, 42.40705], [-6.88925, 42.40706], [-6.88935, 42.40705], [-6.88953, 42.40705], [-6.8897, 42.40703], [-6.88988, 42.40701], [-6.89005, 42.40699], [-6.89024, 42.40697], [-6.89058, 42.40694], [-6.89095, 42.40689], [-6.89136, 42.40685], [-6.892, 42.40679], [-6.89206, 42.40678], [-6.89211, 42.40678], [-6.89231, 42.40677], [-6.89241, 42.40677], [-6.89257, 42.40677], [-6.89271, 42.40679], [-6.89294, 42.40682], [-6.89319, 42.40688], [-6.89336, 42.40691], [-6.89351, 42.40694], [-6.89363, 42.40696], [-6.89376, 42.40699], [-6.89395, 42.40706], [-6.89413, 42.40713], [-6.8944, 42.40724], [-6.89466, 42.40735], [-6.8948, 42.4074], [-6.89489, 42.40744], [-6.895, 42.4075], [-6.89515, 42.40758], [-6.89528, 42.40768], [-6.89549, 42.40784], [-6.89567, 42.40798], [-6.89579, 42.40807], [-6.89585, 42.40811], [-6.89597, 42.40818], [-6.89606, 42.40823], [-6.89615, 42.40829], [-6.89628, 42.40838], [-6.89648, 42.40856], [-6.89661, 42.40866], [-6.89678, 42.4088], [-6.89722, 42.40916], [-6.89737, 42.40929], [-6.89757, 42.40946], [-6.89791, 42.40974], [-6.89827, 42.41004], [-6.89835, 42.41011], [-6.89861, 42.41032], [-6.89887, 42.41053], [-6.899, 42.41064], [-6.89911, 42.41074], [-6.8993, 42.41089], [-6.89962, 42.41117], [-6.89982, 42.41133], [-6.9001, 42.41157], [-6.90029, 42.41174], [-6.90045, 42.41188], [-6.90078, 42.41216], [-6.90114, 42.41248], [-6.90126, 42.41258], [-6.9014, 42.4127], [-6.90178, 42.41304], [-6.90203, 42.41326], [-6.90221, 42.41342], [-6.90236, 42.41355], [-6.90248, 42.41364], [-6.90261, 42.41377], [-6.90269, 42.41388], [-6.90276, 42.41398], [-6.90282, 42.41411], [-6.9029, 42.41424], [-6.90301, 42.41433], [-6.90307, 42.41438], [-6.90313, 42.41442], [-6.9033, 42.41451], [-6.90338, 42.41456], [-6.90346, 42.4146], [-6.90354, 42.41463], [-6.90367, 42.41467], [-6.90383, 42.41472], [-6.90417, 42.41475], [-6.90429, 42.41475], [-6.90468, 42.41478], [-6.90534, 42.41482], [-6.90584, 42.41485], [-6.90609, 42.41487], [-6.90628, 42.41487], [-6.90643, 42.41484], [-6.90652, 42.41481], [-6.90661, 42.41476], [-6.90668, 42.4147], [-6.90676, 42.41463], [-6.90689, 42.41451], [-6.907, 42.41443], [-6.9071, 42.41438], [-6.90722, 42.41434], [-6.90743, 42.41428], [-6.90758, 42.41423], [-6.90794, 42.41414], [-6.90803, 42.41412], [-6.90826, 42.41407], [-6.90844, 42.41404], [-6.9087, 42.41397], [-6.90882, 42.41394], [-6.90909, 42.41387], [-6.90934, 42.41384], [-6.91006, 42.41375], [-6.91018, 42.41374], [-6.91035, 42.41371], [-6.91054, 42.4137], [-6.91072, 42.41369], [-6.9111, 42.4137], [-6.9112, 42.41369], [-6.91131, 42.41366], [-6.91138, 42.41364], [-6.91151, 42.4136], [-6.91182, 42.41352], [-6.91218, 42.41342], [-6.91233, 42.41338], [-6.91244, 42.41336], [-6.91256, 42.41333], [-6.91262, 42.41332], [-6.91264, 42.41332], [-6.91268, 42.41331], [-6.91282, 42.41331], [-6.91284, 42.4133], [-6.91295, 42.41329], [-6.91316, 42.41324], [-6.91328, 42.41319], [-6.91336, 42.41314], [-6.9134, 42.41312], [-6.91346, 42.41309], [-6.91361, 42.41301], [-6.9138, 42.41296], [-6.91384, 42.41296], [-6.91388, 42.41296], [-6.91394, 42.41298], [-6.91401, 42.413], [-6.91412, 42.41304], [-6.91427, 42.41307], [-6.91438, 42.41309], [-6.91446, 42.41309], [-6.91459, 42.4131], [-6.91473, 42.4131], [-6.91485, 42.41309], [-6.91514, 42.41308], [-6.91561, 42.41306], [-6.9161, 42.41303], [-6.91638, 42.41302], [-6.91655, 42.41304], [-6.91681, 42.41306], [-6.91722, 42.41312], [-6.91752, 42.41316], [-6.91778, 42.41321], [-6.91799, 42.41326], [-6.91832, 42.41338], [-6.91861, 42.41349], [-6.91886, 42.41358], [-6.91919, 42.4137], [-6.92062, 42.41424], [-6.92117, 42.41445], [-6.92142, 42.41454], [-6.92153, 42.41459], [-6.92189, 42.41472], [-6.9221, 42.4148], [-6.92242, 42.41492], [-6.92291, 42.41507], [-6.92332, 42.41518], [-6.9236, 42.41526], [-6.92383, 42.41533], [-6.92403, 42.41543], [-6.92426, 42.41557], [-6.92463, 42.41578], [-6.92499, 42.41599], [-6.92526, 42.41615], [-6.92545, 42.41623], [-6.92564, 42.41627], [-6.92582, 42.41629], [-6.92608, 42.41629], [-6.92678, 42.41627], [-6.92691, 42.41627], [-6.92724, 42.41626], [-6.92751, 42.41624], [-6.92767, 42.41623], [-6.92778, 42.41622], [-6.92789, 42.4162], [-6.92817, 42.41612], [-6.92974, 42.41572], [-6.9306, 42.41549], [-6.93147, 42.41528], [-6.93161, 42.41524], [-6.9317, 42.41519], [-6.93183, 42.41516], [-6.93191, 42.41515], [-6.932, 42.41515], [-6.93217, 42.41517], [-6.93251, 42.4153], [-6.93265, 42.41534], [-6.93276, 42.41537], [-6.93291, 42.4154], [-6.93315, 42.41542], [-6.93377, 42.41544], [-6.93419, 42.41545], [-6.93441, 42.41544], [-6.93456, 42.41543], [-6.93482, 42.4154], [-6.93519, 42.41534], [-6.93542, 42.41531], [-6.93566, 42.41528], [-6.93596, 42.41528], [-6.93632, 42.41529], [-6.93693, 42.41531], [-6.93774, 42.4153], [-6.93862, 42.4153], [-6.93921, 42.41529], [-6.93972, 42.41528], [-6.94044, 42.41526], [-6.94103, 42.41524], [-6.94137, 42.41525], [-6.94157, 42.41527], [-6.94186, 42.4153], [-6.94212, 42.41533], [-6.94227, 42.41533], [-6.94238, 42.41533], [-6.94278, 42.41526], [-6.94338, 42.41514], [-6.94366, 42.4151], [-6.94437, 42.41496], [-6.94466, 42.4149], [-6.94487, 42.41485], [-6.94497, 42.41483], [-6.94509, 42.41482], [-6.94522, 42.41482], [-6.94545, 42.41483], [-6.94557, 42.41483], [-6.94567, 42.41483], [-6.94573, 42.41481], [-6.9458, 42.41478], [-6.94588, 42.41473], [-6.94595, 42.41469], [-6.94601, 42.41466], [-6.94609, 42.41463], [-6.94616, 42.41462], [-6.94645, 42.41462], [-6.94676, 42.41464], [-6.94695, 42.41464], [-6.94713, 42.41461], [-6.94726, 42.41457], [-6.94737, 42.41454], [-6.94748, 42.41452], [-6.94756, 42.41452], [-6.94766, 42.41454], [-6.94772, 42.41456], [-6.94783, 42.41458], [-6.94796, 42.41458], [-6.94807, 42.41458], [-6.94814, 42.41457], [-6.94836, 42.41451], [-6.94846, 42.41448], [-6.9486, 42.41444], [-6.94871, 42.41443], [-6.9488, 42.41442], [-6.94889, 42.41444], [-6.94914, 42.41448], [-6.94932, 42.41451], [-6.94946, 42.41454], [-6.94967, 42.4146], [-6.94977, 42.41464], [-6.94994, 42.41472], [-6.95014, 42.41481], [-6.9503, 42.41486], [-6.95042, 42.4149], [-6.95067, 42.41496], [-6.95077, 42.41499], [-6.95086, 42.41503], [-6.95098, 42.4151], [-6.9511, 42.41517], [-6.9512, 42.41521], [-6.95135, 42.41524], [-6.95142, 42.41525], [-6.95181, 42.41528], [-6.95199, 42.4153], [-6.95235, 42.41533], [-6.95264, 42.41535], [-6.95279, 42.41535], [-6.95289, 42.41533], [-6.95309, 42.41525], [-6.95328, 42.41517], [-6.9535, 42.41506], [-6.9537, 42.41494], [-6.95388, 42.41482], [-6.954, 42.41472], [-6.95427, 42.41452], [-6.95435, 42.41445], [-6.95447, 42.41435], [-6.95459, 42.41422], [-6.95467, 42.41412], [-6.95476, 42.414], [-6.955, 42.41367], [-6.95509, 42.41356], [-6.95514, 42.41352], [-6.95519, 42.41349], [-6.95525, 42.41348], [-6.95534, 42.41347], [-6.95544, 42.41348], [-6.9556, 42.41352], [-6.95577, 42.41357], [-6.95592, 42.41361], [-6.95603, 42.41364], [-6.95633, 42.41364], [-6.95663, 42.41363], [-6.9568, 42.41361], [-6.95704, 42.41359], [-6.95715, 42.41356], [-6.95725, 42.41353], [-6.95735, 42.41348], [-6.95746, 42.4134], [-6.95753, 42.41334], [-6.95758, 42.41328], [-6.9577, 42.41313], [-6.95776, 42.41306], [-6.95782, 42.41302], [-6.95788, 42.41298], [-6.95795, 42.41295], [-6.95803, 42.41295], [-6.95814, 42.41295], [-6.95819, 42.41295], [-6.95834, 42.41297], [-6.9585, 42.41298], [-6.95868, 42.41301], [-6.95885, 42.41306], [-6.95924, 42.41325], [-6.95941, 42.41333], [-6.95953, 42.41341], [-6.95965, 42.41352], [-6.95974, 42.41364], [-6.95982, 42.41376], [-6.96001, 42.41408], [-6.9601, 42.41422], [-6.96017, 42.41432], [-6.96028, 42.41444], [-6.96043, 42.41455], [-6.96071, 42.4147], [-6.96093, 42.41477], [-6.96147, 42.41493], [-6.96174, 42.41501], [-6.96203, 42.4151], [-6.96226, 42.41516], [-6.96259, 42.41519], [-6.96272, 42.4152], [-6.96311, 42.41521], [-6.96328, 42.4152], [-6.96343, 42.41517], [-6.96354, 42.41512], [-6.96363, 42.41503], [-6.96378, 42.41482], [-6.96388, 42.41468], [-6.96394, 42.41459], [-6.96407, 42.41443], [-6.96414, 42.4143], [-6.96422, 42.41415], [-6.96425, 42.41402], [-6.96428, 42.41386], [-6.9643, 42.41372], [-6.9643, 42.41363], [-6.96421, 42.41332], [-6.96411, 42.413], [-6.96402, 42.4127], [-6.964, 42.41259], [-6.96398, 42.41248], [-6.96394, 42.41226], [-6.96393, 42.41215], [-6.96395, 42.41205], [-6.96398, 42.41197], [-6.96404, 42.41185], [-6.96422, 42.41155], [-6.96436, 42.41132], [-6.96453, 42.41103], [-6.96456, 42.41099], [-6.96462, 42.41088], [-6.9647, 42.41075], [-6.96492, 42.41039], [-6.9651, 42.41006], [-6.9652, 42.40989], [-6.96527, 42.4098], [-6.96535, 42.40973], [-6.96559, 42.40955], [-6.96602, 42.40927], [-6.96615, 42.40918], [-6.96623, 42.40914], [-6.96638, 42.40908], [-6.9668, 42.40893], [-6.96717, 42.40881], [-6.96748, 42.4087], [-6.96776, 42.40861], [-6.96797, 42.40853], [-6.9681, 42.40847], [-6.96821, 42.40841], [-6.96827, 42.40837], [-6.96834, 42.40833], [-6.9684, 42.4083], [-6.96843, 42.40829], [-6.96868, 42.40822], [-6.96873, 42.40821], [-6.96878, 42.4082], [-6.96891, 42.4082], [-6.96902, 42.40822], [-6.96913, 42.40827], [-6.96928, 42.40833], [-6.96941, 42.40837], [-6.96953, 42.40838], [-6.96972, 42.4084], [-6.96989, 42.4084], [-6.97001, 42.40842], [-6.97017, 42.40845], [-6.97028, 42.40848], [-6.97038, 42.40852], [-6.97077, 42.40868], [-6.97113, 42.40879], [-6.97139, 42.40888], [-6.97174, 42.40897], [-6.97213, 42.40905], [-6.9723, 42.40908], [-6.97277, 42.40917], [-6.97308, 42.40923], [-6.97358, 42.40936], [-6.97424, 42.4095], [-6.97449, 42.40956], [-6.97495, 42.40972], [-6.97528, 42.40983], [-6.97562, 42.40994], [-6.97586, 42.41003], [-6.97599, 42.41008], [-6.9761, 42.41013], [-6.97629, 42.41022], [-6.97643, 42.41029], [-6.97655, 42.41034], [-6.97693, 42.41059], [-6.97721, 42.41089], [-6.97732, 42.41106], [-6.97741, 42.41124], [-6.97749, 42.41149], [-6.97752, 42.41172], [-6.9775, 42.41191], [-6.97749, 42.41196], [-6.97745, 42.41209], [-6.97741, 42.41226], [-6.97738, 42.41237], [-6.97736, 42.41243], [-6.97694, 42.41347], [-6.97683, 42.41376], [-6.97676, 42.4139], [-6.97674, 42.41394], [-6.97672, 42.41399], [-6.97667, 42.41419], [-6.97668, 42.41427], [-6.97673, 42.41435], [-6.97682, 42.41442], [-6.97727, 42.41466], [-6.97755, 42.41483], [-6.97756, 42.41484], [-6.97836, 42.41532], [-6.97855, 42.41544], [-6.97899, 42.4157], [-6.97902, 42.41572], [-6.97915, 42.4158], [-6.97937, 42.41586], [-6.97956, 42.41587], [-6.98079, 42.41599], [-6.98088, 42.41599], [-6.98095, 42.416], [-6.98099, 42.416], [-6.98104, 42.416], [-6.98123, 42.41602], [-6.98137, 42.41603], [-6.98217, 42.4161], [-6.98239, 42.41611], [-6.98259, 42.41613], [-6.9827, 42.41613], [-6.98353, 42.41619], [-6.98362, 42.4162], [-6.98369, 42.41621], [-6.98443, 42.41628], [-6.98441, 42.41635]]}}, {"type": "Feature", "properties": {"id": "vilamartin", "nombre": "Vilamartín de Valdeorras", "destino": "A Rúa", "pct_track": 0}, "geometry": {"type": "LineString", "coordinates": [[-7.0625, 42.41417], [-7.0622, 42.41416], [-7.0619, 42.41417], [-7.06184, 42.41417], [-7.06169, 42.41417], [-7.06164, 42.41417], [-7.06134, 42.41419], [-7.06112, 42.41422], [-7.061, 42.41423], [-7.06075, 42.41427], [-7.06058, 42.4143], [-7.06058, 42.41425], [-7.0606, 42.4139], [-7.0605, 42.41349], [-7.06048, 42.41341], [-7.06046, 42.41336], [-7.06045, 42.41332], [-7.06045, 42.41329], [-7.06036, 42.41327], [-7.06039, 42.41326], [-7.06043, 42.41324], [-7.06045, 42.41322], [-7.06049, 42.41317], [-7.06132, 42.4125], [-7.06145, 42.41234], [-7.06171, 42.41214], [-7.0619, 42.41198], [-7.06225, 42.41173], [-7.06253, 42.41155], [-7.0629, 42.41134], [-7.06324, 42.41117], [-7.0636, 42.41102], [-7.06416, 42.4108], [-7.06483, 42.41055], [-7.06536, 42.41035], [-7.06564, 42.41025], [-7.06759, 42.40954], [-7.07256, 42.40774], [-7.07311, 42.40752], [-7.0737, 42.4073], [-7.07484, 42.40689], [-7.07557, 42.40664], [-7.07595, 42.40648], [-7.0763, 42.40633], [-7.07702, 42.40599], [-7.07734, 42.40583], [-7.0776, 42.40569], [-7.07857, 42.40517], [-7.07886, 42.40502], [-7.07914, 42.40489], [-7.07949, 42.40473], [-7.07966, 42.40467], [-7.07985, 42.4046], [-7.08017, 42.40453], [-7.08042, 42.40449], [-7.08069, 42.40446], [-7.08135, 42.40443], [-7.08177, 42.40441], [-7.08202, 42.40438], [-7.08227, 42.40434], [-7.08258, 42.40428], [-7.08289, 42.40418], [-7.08312, 42.40408], [-7.08333, 42.40399], [-7.08357, 42.40385], [-7.0838, 42.40371], [-7.08435, 42.40333], [-7.08487, 42.40293], [-7.08524, 42.40263], [-7.08563, 42.40228], [-7.08604, 42.40189], [-7.08644, 42.40149], [-7.08683, 42.40104], [-7.0872, 42.40059], [-7.08737, 42.40038], [-7.08748, 42.40025], [-7.08776, 42.39991], [-7.088, 42.39963], [-7.08829, 42.39934], [-7.08867, 42.39899], [-7.08891, 42.39881], [-7.08914, 42.39863], [-7.08934, 42.39849], [-7.08956, 42.39836], [-7.08982, 42.39821], [-7.09002, 42.39811], [-7.09021, 42.39803], [-7.09042, 42.39796], [-7.0906, 42.39791], [-7.09077, 42.39787], [-7.09096, 42.39778], [-7.09119, 42.39773], [-7.09137, 42.3977], [-7.09149, 42.39769], [-7.0916, 42.39768], [-7.0918, 42.39767], [-7.09204, 42.39766], [-7.09233, 42.39768], [-7.09257, 42.39773], [-7.09273, 42.39777], [-7.09319, 42.39791], [-7.09316, 42.3976], [-7.09318, 42.39752], [-7.09327, 42.39727], [-7.09334, 42.39708], [-7.09339, 42.39692], [-7.09341, 42.39682], [-7.09342, 42.39667], [-7.09361, 42.39666], [-7.09396, 42.39663], [-7.09423, 42.39661], [-7.09428, 42.3966], [-7.09439, 42.39659], [-7.09561, 42.39651], [-7.09597, 42.39648], [-7.09624, 42.39646], [-7.09638, 42.39645], [-7.0967, 42.39644], [-7.09696, 42.39642], [-7.09721, 42.3964], [-7.09745, 42.39638], [-7.09797, 42.39635], [-7.09806, 42.39634], [-7.09909, 42.39627], [-7.10162, 42.39609], [-7.10177, 42.39608], [-7.1038, 42.39593], [-7.10391, 42.39593], [-7.104, 42.39592], [-7.10502, 42.39585], [-7.10612, 42.39578], [-7.10633, 42.39577], [-7.10813, 42.39565], [-7.10823, 42.39564], [-7.1091, 42.39558], [-7.10938, 42.39557], [-7.10993, 42.39553], [-7.11012, 42.39552], [-7.11042, 42.3955], [-7.11062, 42.39548], [-7.1108, 42.39546], [-7.11087, 42.39545], [-7.11089, 42.39547], [-7.11092, 42.39549], [-7.11095, 42.3955], [-7.11099, 42.39551], [-7.11102, 42.3955], [-7.11106, 42.39549], [-7.11108, 42.39547], [-7.11113, 42.39547], [-7.11121, 42.39545], [-7.11131, 42.39544], [-7.11284, 42.39533], [-7.11387, 42.39526], [-7.114, 42.39525], [-7.11409, 42.39529], [-7.11415, 42.39533]]}}]}